CdS 50sec ex310,,CdS 50sec em375,,CdS 50sec em385,,CdS 50sec em380,,CdS 50sec em375,,CdS 50sec ex300,,CdS 60sec ex300,,CdS 60sec em380,,CdS 60sec em390,,CdS 60sec ex325,,
Wavelength (nm),Intensity (a.u.),Wavelength (nm),Intensity (a.u.),Wavelength (nm),Intensity (a.u.),Wavelength (nm),Intensity (a.u.),Wavelength (nm),Intensity (a.u.),Wavelength (nm),Intensity (a.u.),Wavelength (nm),Intensity (a.u.),Wavelength (nm),Intensity (a.u.),Wavelength (nm),Intensity (a.u.),Wavelength (nm),Intensity (a.u.),
320,-0.5664386749,240,-1.026256561,240,-0.2188529968,240,0.9796686172,240,-0.6370429993,320,-0.8308763504,320,-0.7999567986,240,0.09223937988,240,-0.0554189682,334.9200134,0.2336206436,
320.9299927,-0.3135490417,240.9299927,-0.232878685,240.9299927,0.6521272659,240.9299927,0.6234827042,240.9299927,-0.7787885666,320.9299927,-0.08065223694,320.9299927,-0.3375301361,240.9299927,0.3781194687,240.9299927,0.1400356293,335.8399963,1.584197044,
322.0299988,0.6386651993,242.0299988,1.154191971,242.0299988,1.842889786,242.0299988,2.030345917,242.0299988,1.1501894,322.0299988,1.975419998,322.0299988,-0.05810642242,242.0299988,2.079334259,242.0299988,1.275799751,336.9200134,3.352730751,
322.9599915,2.438957214,242.9600067,1.752594948,242.9600067,3.877729416,242.9600067,3.535307884,242.9600067,2.121458054,322.9599915,3.43475914,322.9599915,1.015014648,242.9600067,1.964903831,242.9600067,2.539886475,337.8399963,5.882293701,
324.0599976,2.999339104,244.0599976,3.878232002,244.0599976,5.953859329,244.0599976,5.557752609,244.0599976,4.273649216,324.0599976,5.662929535,324.0599976,2.118192673,244.0599976,3.200810432,244.0599976,3.57406044,338.9200134,8.638820648,
325,4.214623451,245,6.035984993,245,8.441114426,245,8.070253372,245,6.070637703,325,7.855844498,325,2.597878456,245,3.925130844,245,5.665450096,339.8399963,11.77548599,
325.9299927,4.987298012,245.9299927,8.008013725,245.9299927,10.06329155,245.9299927,9.244354248,245.9299927,8.010575294,325.9299927,9.286882401,325.9299927,3.480179787,245.9299927,5.440612793,245.9299927,6.659090996,340.9200134,14.56911469,
327.0299988,6.334737778,247.0299988,11.09138393,247.0299988,12.56650352,247.0299988,13.03974342,247.0299988,10.61467648,327.0299988,11.81115341,327.0299988,4.340177536,247.0299988,6.475470543,247.0299988,7.880532265,341.8399963,15.53728485,
327.9599915,7.949668884,247.9600067,12.03006649,247.9600067,14.15060806,247.9600067,14.2300148,247.9600067,12.08139133,327.9599915,14.20750427,327.9599915,5.624844551,247.9600067,6.826399803,247.9600067,7.97928524,342.9200134,19.42165184,
329.0599976,8.7114048,249.0599976,11.98459721,249.0599976,17.43157196,249.0599976,16.10083771,249.0599976,13.78132534,329.0599976,15.54019165,329.0599976,6.074589729,249.0599976,6.752264977,249.0599976,8.763464928,343.8399963,22.29293442,
330,10.38405609,250,14.35186672,250,18.86705208,250,18.05037117,250,16.21043777,330,18.04377937,330,7.053829193,250,7.256901741,250,9.234913826,344.9200134,24.22803497,
331.0700073,11.14155197,250.9299927,16.17512512,250.9299927,20.3407917,250.9299927,19.68515968,250.9299927,17.67673492,331.0700073,17.48117256,331.0700073,7.11819458,250.9299927,7.204808235,250.9299927,9.326788902,345.8399963,28.82476044,
332,13.69814491,252.0299988,17.69637299,252.0299988,22.95040894,252.0299988,22.43462753,252.0299988,20.2101326,332,19.26083565,332,8.278040886,252.0299988,7.780907631,252.0299988,10.9295969,346.9200134,31.3354187,
333.0700073,15.74816895,252.9600067,19.95222473,252.9600067,25.06946564,252.9600067,25.20603943,252.9600067,23.31663513,333.0700073,20.39696693,333.0700073,9.439406395,252.9600067,8.52997303,252.9600067,10.67745495,347.8399963,31.50231934,
334,18.3968811,254.0599976,21.30197906,254.0599976,28.43979263,254.0599976,28.90754318,254.0599976,24.98913574,334,21.78502083,334,9.631924629,254.0599976,9.15551281,254.0599976,11.11085415,348.9200134,36.7264595,
335.0700073,21.07029915,255,24.47127533,255,29.3504715,255,28.74646759,255,25.90069199,335.0700073,23.93959236,335.0700073,10.67676449,255,9.247776985,255,9.992295265,349.8399963,37.85552979,
336,23.59277725,255.9299927,26.0382576,255.9299927,31.85642242,255.9299927,31.87750244,255.9299927,29.97957993,336,25.57418251,336,11.77963543,255.9299927,8.807108879,255.9299927,11.14275265,350.9200134,41.379673,
337.0700073,28.47133255,257.0299988,27.84189606,257.0299988,34.03715515,257.0299988,34.20423889,257.0299988,30.85575104,337.0700073,27.71321678,337.0700073,13.8320055,257.0299988,9.557623863,257.0299988,12.03203487,351.8399963,42.46022034,
338,32.45948792,257.9599915,30.30160904,257.9599915,36.14201355,257.9599915,35.8387413,257.9599915,33.57427597,338,29.35577965,338,15.59350109,257.9599915,8.989722252,257.9599915,10.90927982,352.9200134,44.22095108,
339.0700073,38.22693253,259.0599976,30.49888992,259.0599976,36.44435883,259.0599976,35.30406952,259.0599976,33.47926331,339.0700073,35.2838974,339.0700073,17.00491333,259.0599976,8.830187798,259.0599976,10.79358578,353.8399963,48.91550064,
340,40.42539978,260,29.90420914,260,36.74811935,260,34.26453018,260,32.930336,340,36.56537628,340,19.21333694,260,8.240553856,260,10.14753246,354.9200134,53.38879395,
341.0700073,47.59103012,260.9299927,30.3998642,260.9299927,35.06570435,260.9299927,35.41143036,260.9299927,34.0366745,341.0700073,40.84579468,341.0700073,20.88156509,260.9299927,7.297013283,260.9299927,9.520535469,355.8399963,58.42306519,
342,49.91421127,262.0299988,31.6599884,262.0299988,35.80562973,262.0299988,34.78264236,262.0299988,33.62317657,342,42.39372253,342,21.99306488,262.0299988,7.738877296,262.0299988,8.511136055,356.9200134,60.75850677,
343.0700073,54.42003632,262.9599915,31.99767303,262.9599915,33.93633652,262.9599915,34.15261459,262.9599915,34.47394943,343.0700073,45.29072571,343.0700073,23.99066925,262.9599915,7.805365562,262.9599915,8.442141533,357.8399963,62.91374207,
344,55.17116547,264.0599976,33.33124924,264.0599976,36.47774506,264.0599976,36.34854507,264.0599976,32.62787628,344,48.57674408,344,25.1912117,264.0599976,7.437748909,264.0599976,8.280112267,358.9200134,70.35868835,
345.0700073,60.48350525,265,35.65398788,265,36.74935913,265,37.09429169,265,35.21276474,345.0700073,52.27568817,345.0700073,26.99927521,265,6.46707058,265,8.458521843,359.8399963,71.84731293,
346,64.72555542,265.9299927,36.77090836,265.9299927,39.28354645,265.9299927,37.69810104,265.9299927,37.08926773,346,54.22471619,346,28.75723267,265.9299927,7.18525219,265.9299927,8.665680885,360.9200134,75.43677521,
347.0700073,67.30001068,267.0299988,38.55059433,267.0299988,40.09017944,267.0299988,39.99671936,267.0299988,37.41106415,347.0700073,55.05549622,347.0700073,30.4883194,267.0299988,7.112099648,267.0299988,8.280604362,361.8399963,78.29006958,
348,70.23052979,267.9599915,41.08261871,267.9599915,41.11435699,267.9599915,39.99637985,267.9599915,38.43511581,348,59.97193909,348,32.49753571,267.9599915,6.890246391,267.9599915,7.231095314,362.9200134,79.43666077,
349.0700073,73.73801422,269.0599976,42.67099762,269.0599976,41.03988266,269.0599976,42.08269882,269.0599976,40.72071075,349.0700073,59.82250977,349.0700073,32.90852356,269.0599976,6.71819973,269.0599976,7.394656181,363.8399963,79.63471985,
350,76.22899628,270,44.79777145,270,44.96031189,270,43.32158661,270,41.75094986,350,62.09378815,350,35.16477203,270,7.266646385,270,8.277226448,364.9200134,85.74213409,
351.0700073,77.57241058,271.0700073,48.16611862,271.0700073,46.04215622,271.0700073,45.92072678,271.0700073,44.98241043,351.0700073,64.91225433,351.0700073,35.8496666,271.0700073,7.271983147,271.0700073,7.698275566,365.8399963,88.17781067,
352,81.6233139,272,52.21628189,272,47.70630646,272,47.31044006,272,46.15003967,352,67.13435364,352,35.83304596,272,8.144963264,272,8.438290596,366.9200134,89.97177124,
353.0700073,84.09552765,273.0700073,52.3948555,273.0700073,48.16332245,273.0700073,48.46349335,273.0700073,47.98342133,353.0700073,68.81188965,353.0700073,38.67325211,273.0700073,7.380835533,273.0700073,8.833901405,367.8399963,89.9369278,
354,88.04030609,274,54.78521347,274,50.30991364,274,51.40126801,274,51.61307907,354,71.77668762,354,38.50866699,274,8.61717701,274,8.545775414,368.9200134,93.56500244,
355.0700073,92.04306793,275.0700073,59.48548508,275.0700073,52.40538406,275.0700073,52.64329529,275.0700073,51.00509644,355.0700073,71.99414825,355.0700073,41.59955215,275.0700073,8.529171944,275.0700073,8.587422371,369.8399963,95.060112,
356,93.1082077,276,61.38856888,276,50.0479126,276,54.27684021,276,53.68870926,356,74.74185944,356,43.69557953,276,9.240746498,276,9.588440895,370.9200134,96.68170166,
357.0700073,96.81725311,277.0700073,64.94461823,277.0700073,54.6645813,277.0700073,54.94189453,277.0700073,54.58214188,357.0700073,77.04706573,357.0700073,45.08512878,277.0700073,10.31204128,277.0700073,9.728089333,371.8399963,97.09299469,
358,99.36611938,278,67.83018494,278,55.51986694,278,57.77109528,278,58.04450607,358,79.78982544,358,45.06090164,278,10.15511036,278,9.913498878,372.9200134,96.75179291,
359.0700073,102.2521973,279.0700073,69.66228485,279.0700073,58.78926086,279.0700073,60.40174103,279.0700073,59.67061996,359.0700073,81.89032745,359.0700073,47.00700378,279.0700073,11.24020863,279.0700073,11.17471981,373.8399963,101.5814133,
360,105.045517,280,72.47225952,280,59.16499329,280,58.37446594,280,61.72056961,360,84.39377594,360,47.84600449,280,10.71135044,280,9.985650063,374.9200134,101.4752731,
361.0700073,112.7521973,280.9299927,74.94126129,280.9299927,60.47389221,280.9299927,62.12371063,280.9299927,63.34997177,361.0700073,86.4833374,361.0700073,49.94110107,280.9299927,11.4148531,280.9299927,11.35780621,375.8399963,102.167244,
362,112.1188126,282.0299988,76.77835083,282.0299988,64.40192413,282.0299988,64.14748383,282.0299988,64.57809448,362,88.35018158,362,51.60775757,282.0299988,12.94811726,282.0299988,12.15108013,376.9200134,102.6009293,
363.0700073,116.1126938,282.9599915,79.48023224,282.9599915,63.97621155,282.9599915,64.41950226,282.9599915,66.84490204,363.0700073,90.25012207,363.0700073,51.01209259,282.9599915,13.12541676,282.9599915,11.94713116,377.8399963,105.8150253,
364,116.5479126,284.0599976,82.61947632,284.0599976,65.54264832,284.0599976,68.99645996,284.0599976,69.40770721,364,92.08982849,364,52.23696136,284.0599976,14.57233334,284.0599976,14.01072598,378.9200134,106.2689056,
365.0700073,120.4371643,285,86.03894806,285,69.31819153,285,69.54407501,285,70.4931488,365.0700073,89.83073425,365.0700073,52.77303314,285,15.46820545,285,15.0496397,379.8399963,108.0218811,
366,119.7129517,285.9299927,87.91039276,285.9299927,70.7302475,285.9299927,71.82769775,285.9299927,74.10849762,366,92.50197601,366,54.13941193,285.9299927,15.94167233,285.9299927,14.90590954,380.9200134,110.1179352,
367.0700073,122.809433,287.0299988,91.67597961,287.0299988,71.70929718,287.0299988,74.28701782,287.0299988,75.95759583,367.0700073,90.02098846,367.0700073,53.19194031,287.0299988,17.3189621,287.0299988,17.05432129,381.8399963,112.2280121,
368,120.6832275,287.9599915,92.69069672,287.9599915,74.06983185,287.9599915,73.97203827,287.9599915,77.83073425,368,93.73480988,368,54.83575821,287.9599915,18.57169724,287.9599915,16.22690201,382.9200134,111.7747345,
369.0700073,124.4559479,289.0599976,96.40673828,289.0599976,74.82794189,289.0599976,77.60688782,289.0599976,77.5328064,369.0700073,93.7199707,369.0700073,54.12644577,289.0599976,20.41511154,289.0599976,18.47266769,383.8399963,117.0102615,
370,124.3414154,290,96.74480438,290,76.29296112,290,80.7231369,290,82.05013275,370,91.3055954,370,53.74981308,290,21.39279938,290,20.33892441,384.9200134,114.2912827,
371.0700073,122.9231873,290.9299927,98.0907135,290.9299927,78.66532898,290.9299927,81.07106018,290.9299927,82.5701828,371.0700073,93.6943512,371.0700073,54.59536743,290.9299927,22.94107437,290.9299927,21.17969513,385.8399963,115.4038315,
372,126.0162354,292.0299988,104.0452576,292.0299988,79.81311035,292.0299988,82.97331238,292.0299988,85.11209869,372,92.4378891,372,55.04967117,292.0299988,24.51587296,292.0299988,23.48141479,386.9200134,117.8195114,
373.0700073,123.9117889,292.9599915,103.8507614,292.9599915,81.54582977,292.9599915,83.89250946,292.9599915,85.36342621,373.0700073,93.56655121,373.0700073,53.1390152,292.9599915,26.86767578,292.9599915,25.43113327,387.8399963,118.1020432,
374,121.3912659,294.0599976,108.5588913,294.0599976,84.80463409,294.0599976,85.76456451,294.0599976,87.22838593,374,91.9044342,374,54.70142746,294.0599976,29.05091095,294.0599976,27.73727798,388.9200134,120.1542587,
375.0700073,123.1579895,295,110.8848724,295,83.81984711,295,89.10220337,295,90.91957855,375.0700073,88.54689789,375.0700073,56.16859818,295,30.91008759,295,29.33317947,389.8399963,117.5743637,
376,123.2317963,295.9299927,111.8628998,295.9299927,87.36062622,295.9299927,91.59191895,295.9299927,90.9159317,376,93.17285156,376,54.41403961,295.9299927,33.08917999,295.9299927,32.63254166,390.9200134,115.7290802,
377.0700073,123.2994995,297.0299988,111.3773422,297.0299988,90.40547943,297.0299988,90.51947021,297.0299988,93.30052948,377.0700073,91.84217072,377.0700073,55.16984558,297.0299988,35.03889084,297.0299988,32.89148331,391.8399963,118.868248,
378,124.1419373,297.9599915,117.6083984,297.9599915,90.51416779,297.9599915,91.14619446,297.9599915,93.28536987,378,91.04529572,378,54.32627106,297.9599915,36.63303375,297.9599915,36.39793396,392.9200134,119.2002792,
379.0700073,125.8597412,299.0599976,117.7506104,299.0599976,89.65930176,299.0599976,90.8377533,299.0599976,92.60840607,379.0700073,91.64506531,379.0700073,54.79339981,299.0599976,38.9902916,299.0599976,39.61291885,393.8399963,121.1607895,
380,124.538559,300,114.6167068,300,91.85848236,300,93.43159485,300,93.8961792,380,92.74662781,380,56.63955307,300,42.30462646,300,41.35337448,394.9200134,117.5277939,
381.0700073,125.2955933,301.0700073,117.5295258,301.0700073,89.99247742,301.0700073,95.56615448,301.0700073,92.97616577,381.0700073,91.67191315,381.0700073,54.47610092,301.0700073,46.23731232,301.0700073,42.8677597,395.8399963,119.0545273,
382,122.8776703,302,117.4329987,302,93.56119537,302,93.78022766,302,92.88460541,382,92.84492493,382,54.19851685,302,46.21439743,302,45.84123611,396.9200134,119.422142,
383.0700073,124.3597717,303.0700073,115.598381,303.0700073,91.64377594,303.0700073,93.08032227,303.0700073,94.04653168,383.0700073,89.92395782,383.0700073,53.40136337,303.0700073,51.09938812,303.0700073,49.62769318,397.8399963,117.0441971,
384,125.5060883,304,116.7034454,304,93.37927246,304,94.65132904,304,93.23495483,384,93.00040436,384,52.96250534,304,55.04698181,304,51.72415543,398.9200134,116.800499,
385.0700073,120.8172302,305.0700073,119.4072113,305.0700073,95.13196564,305.0700073,94.25721741,305.0700073,96.11721802,385.0700073,90.39084625,385.0700073,55.29499054,305.0700073,58.64038086,305.0700073,58.09931946,399.8399963,117.7810745,
386,124.9237518,306,119.7419128,306,93.51117706,306,95.44921112,306,94.82103729,386,91.36500549,386,54.95826721,306,64.04362488,306,62.36360168,400.9200134,116.658638,
387.0700073,124.4255829,307.0700073,121.1981201,307.0700073,97.4914856,307.0700073,97.75540924,307.0700073,97.33557129,387.0700073,91.06075287,387.0700073,54.4215126,307.0700073,69.13468933,307.0700073,67.00984192,401.8399963,116.6445084,
388,120.5807037,308,121.9511566,308,95.56165314,308,97.87355042,308,97.11286163,388,90.72254944,388,55.30078125,308,71.69889069,308,69.91972351,402.9200134,115.9889908,
389.0700073,122.2430115,309.0700073,121.2050476,309.0700073,97.08309174,309.0700073,97.53048706,309.0700073,97.04699707,389.0700073,91.33231354,389.0700073,54.28710556,309.0700073,75.41329956,309.0700073,77.09309387,403.8399963,113.6369324,
390,121.4687958,310,125.5217743,310,96.64739227,310,97.35644531,310,98.94429779,390,89.71935272,390,53.10111237,310,81.71207428,310,80.09249878,404.9200134,115.4525299,
391.0700073,119.6273346,311.0700073,122.3161926,311.0700073,97.55503082,311.0700073,97.36974335,311.0700073,96.0434494,391.0700073,87.63593292,391.0700073,53.10933304,311.0700073,86.9503479,311.0700073,87.64671326,405.8399963,112.8190613,
392,120.303009,312,121.0392303,312,98.44698334,312,97.57411957,312,97.14693451,392,86.7550354,392,52.16792679,312,89.30820465,312,88.08069611,406.9200134,111.152626,
393.0700073,114.2735825,313.0700073,119.1441956,313.0700073,98.43867493,313.0700073,95.63567352,313.0700073,93.77497101,393.0700073,84.67444611,393.0700073,54.17713547,313.0700073,94.41444397,313.0700073,93.30133057,407.8399963,112.9689865,
394,113.2895355,314,117.3277435,314,97.08345795,314,93.46509552,314,93.45574188,394,84.2137146,394,51.72436905,314,93.00283051,314,93.96904755,408.9200134,110.9642868,
395.0700073,112.4295578,315.0700073,115.1922302,315.0700073,94.78407288,315.0700073,93.39778137,315.0700073,89.90563965,395.0700073,82.58161926,395.0700073,51.96590042,315.0700073,100.0149689,315.0700073,97.16249084,409.8399963,106.0415802,
396,112.5137558,316,112.0462036,316,94.0896759,316,91.80461121,316,90.19223022,396,82.08380127,396,51.47356415,316,100.204628,316,103.4108734,410.8999939,105.3627625,
397.0700073,108.3447952,317.0700073,106.020668,317.0700073,94.58364105,317.0700073,89.88946533,317.0700073,88.11142731,397.0700073,82.26679993,397.0700073,51.12286377,317.0700073,102.4915924,317.0700073,107.9036407,411.9599915,107.5943832,
398,108.4892044,318,106.2931442,318,92.70396423,318,88.10975647,318,85.11076355,398,78.69158936,398,49.79430771,318,106.8955688,318,107.7648926,412.8699951,106.3222656,
399.0700073,106.5084457,319.0700073,107.1105728,319.0700073,89.3187561,319.0700073,87.50184631,319.0700073,85.06700897,399.0700073,79.06629181,399.0700073,47.39227676,319.0700073,107.1247482,319.0700073,109.6234512,413.9299927,103.2311554,
400,107.3473587,320,102.2084122,320,89.43911743,320,84.59066772,320,82.81820679,400,77.19664001,400,49.46195984,320,107.0262604,320,109.2046204,414.8399963,103.6541138,
401.0700073,104.5443039,320.9299927,97.7394104,320.9299927,89.64653015,320.9299927,84.368927,320.9299927,83.21420288,401.0700073,77.1997757,401.0700073,48.21822357,320.9299927,108.7114868,320.9299927,115.1102142,415.8999939,101.2096329,
402,101.8292847,322.0299988,98.84975433,322.0299988,88.18686676,322.0299988,83.54885864,322.0299988,79.8660202,402,74.39917755,402,46.88624573,322.0299988,110.7182007,322.0299988,117.6890564,416.9599915,98.35386658,
403.0700073,100.0606232,322.9599915,94.67679596,322.9599915,85.12827301,322.9599915,82.34880829,322.9599915,76.56509399,403.0700073,72.747612,403.0700073,46.65301132,322.9599915,112.5042725,322.9599915,118.2246704,417.8699951,97.62094879,
404,98.19974518,324.0599976,91.2334137,324.0599976,86.8646698,324.0599976,83.35411835,324.0599976,78.1489563,404,71.84552002,404,47.50726318,324.0599976,112.0510406,324.0599976,117.6556549,418.9299927,96.67230988,
405.0700073,96.01156616,325,90.30661011,325,85.50782013,325,81.71366882,325,73.81056976,405.0700073,70.58000946,405.0700073,46.0523262,325,109.6291428,325,117.2789612,419.8399963,94.69420624,
406,95.56507111,325.9299927,86.7457962,325.9299927,82.85381317,325.9299927,79.18838501,325.9299927,71.52912903,406,69.71611023,406,46.38026428,325.9299927,109.3633194,325.9299927,116.5997314,420.9200134,94.04181671,
407.0700073,96.6940155,327.0299988,83.87863922,327.0299988,79.06977081,327.0299988,75.97689819,327.0299988,69.57426453,407.0700073,69.34585571,407.0700073,44.55634308,327.0299988,109.2423935,327.0299988,117.4450378,421.8399963,93.03281403,
408,91.75685883,327.9599915,82.38478851,327.9599915,80.08647919,327.9599915,72.87425995,327.9599915,67.91194916,408,69.11356354,408,43.37442017,327.9599915,107.8997955,327.9599915,115.8993378,422.9200134,90.70799255,
409.0700073,90.74147797,329.0599976,78.76408386,329.0599976,77.92761993,329.0599976,72.77989197,329.0599976,66.85936737,409.0700073,66.89592743,409.0700073,43.90664673,329.0599976,101.6512299,329.0599976,113.7979279,423.8399963,88.17276001,
410,89.24607849,330,74.30537415,330,75.39385986,330,69.26568604,330,62.7362175,410,64.69264984,410,42.49789047,330,102.8785095,330,115.2895203,424.9200134,82.77155304,
411.0599976,87.5242157,331.0700073,72.12230682,331.0700073,74.88143158,331.0700073,69.25145721,331.0700073,60.61648178,411.0599976,64.46875763,411.0599976,42.81872559,331.0700073,95.04880524,331.0700073,107.7411804,425.8399963,86.44799805,
411.9599915,86.77799225,332,65.39598083,332,72.42644501,332,64.02583313,332,57.5218544,411.9599915,63.37863159,411.9599915,42.83996201,332,92.86140442,332,108.7744446,426.9200134,85.55001831,
413.0299988,82.89977264,333.0700073,62.00150681,333.0700073,68.20085907,333.0700073,61.93024445,333.0700073,55.13653946,413.0299988,63.47179413,413.0299988,39.96677399,333.0700073,90.32120514,333.0700073,105.1678772,427.8399963,84.0326004,
413.9299927,84.0967865,334,61.06361771,334,66.30989838,334,61.09954071,334,52.04288101,413.9299927,60.80711365,413.9299927,39.34384537,334,86.2693634,334,102.5996017,428.9200134,81.18796539,
415,82.07652283,335.0700073,56.82633591,335.0700073,66.35507202,335.0700073,57.53942108,335.0700073,50.66213989,415,60.97290039,415,37.71557236,335.0700073,81.18920135,335.0700073,97.3473587,429.8399963,78.65135956,
416.0599976,79.1460495,336,51.82659531,336,60.40419006,336,53.78340912,336,47.35935974,416.0599976,58.40247345,416.0599976,38.50304794,336,80.64546967,336,90.87496948,430.8999939,75.1687088,
416.9599915,79.28394318,337.0700073,48.10563278,337.0700073,59.03669739,337.0700073,51.96129227,337.0700073,43.93272781,416.9599915,59.5644455,416.9599915,38.29567337,337.0700073,72.73441315,337.0700073,87.54425049,431.9599915,76.03829193,
418.0299988,77.23054504,338,45.34534073,338,56.71826172,338,48.0164032,338,42.03858566,418.0299988,56.41924286,418.0299988,36.81475449,338,68.05799866,338,86.87747955,432.8699951,75.34933472,
418.9299927,77.42970276,339.0700073,40.11890411,339.0700073,53.17456055,339.0700073,47.46328354,339.0700073,39.09061813,418.9299927,54.25090027,418.9299927,36.72779846,339.0700073,65.09471893,339.0700073,81.61720276,433.9299927,70.80919647,
420,74.16544342,340,35.69496536,340,50.46904755,340,47.24179077,340,34.53846741,420,53.71945953,420,35.80348587,340,61.62016296,340,78.4533844,434.8399963,70.6180191,
421.0700073,72.38682556,341.0700073,31.5743866,341.0700073,50.11166382,341.0700073,43.03710556,341.0700073,31.34194565,421.0700073,53.68002319,421.0700073,35.14813232,341.0700073,58.30541229,341.0700073,77.62628174,435.8999939,68.6348877,
422,71.23743439,342,28.61513901,342,48.49267197,342,41.18919754,342,28.87527084,422,53.42683411,422,34.26047134,342,57.1971817,342,72.03126526,436.9599915,67.22476959,
423.0700073,69.98597717,343.0700073,25.28930283,343.0700073,45.78042603,343.0700073,39.108078,343.0700073,27.65887833,423.0700073,50.79568481,423.0700073,34.11933136,343.0700073,52.41385269,343.0700073,72.17650604,437.8699951,66.57141113,
424,68.67010498,344,24.63222122,344,46.3744812,344,36.95998383,344,24.87163162,424,50.87898254,424,33.40397644,344,48.93375778,344,68.92041779,438.9299927,64.50495148,
425.0700073,67.44446564,345.0700073,21.23809433,345.0700073,44.57751083,345.0700073,32.76962662,345.0700073,22.01940918,425.0700073,48.70423126,425.0700073,31.56451416,345.0700073,45.28273392,345.0700073,67.20565033,439.8399963,62.85593414,
426,65.24031067,346,18.98709488,346,43.1913147,346,31.29692841,346,21.1713829,426,47.97251129,426,31.37591934,346,42.84066391,346,66.07305145,440.8999939,63.25297546,
427.0700073,63.68780518,347.0700073,19.51984024,347.0700073,41.40729523,347.0700073,29.80670929,347.0700073,19.23939514,427.0700073,47.26303101,427.0700073,31.49396896,347.0700073,39.86795807,347.0700073,61.79799652,441.9599915,61.95346832,
428,62.76212311,348,17.30731964,348,40.19913483,348,28.14070511,348,19.03462219,428,47.83747864,428,30.25923538,348,37.50481033,348,60.99626923,442.8699951,61.41307068,
429.0700073,61.58724213,349.0700073,15.16405582,349.0700073,36.93200302,349.0700073,26.40294266,349.0700073,17.24343109,429.0700073,47.15640259,429.0700073,29.36450958,349.0700073,36.75111389,349.0700073,59.1647644,443.9299927,59.49593353,
430,59.72931671,350,14.55000401,350,34.18273926,350,25.74750137,350,15.56132221,430,44.54141235,430,29.62406158,350,34.2609787,350,56.59388733,444.8399963,56.27559662,
431.0599976,59.30474091,351.0700073,13.81102848,351.0700073,31.65458679,351.0700073,23.24380112,351.0700073,13.86718082,431.0599976,43.68203735,431.0599976,28.18397903,351.0700073,33.09654617,351.0700073,55.84998322,445.8999939,57.80487823,
431.9599915,57.56491852,352,12.39681721,352,30.98983002,352,23.22103882,352,14.66076565,431.9599915,43.44291687,431.9599915,27.92950821,352,31.15180588,352,54.0160675,446.9599915,56.22597504,
433.0299988,55.86705017,353.0700073,10.38832951,353.0700073,29.96965027,353.0700073,21.71046448,353.0700073,12.75139332,433.0299988,42.42260742,433.0299988,26.85142517,353.0700073,27.73728943,353.0700073,48.73496628,447.8699951,54.05139923,
433.9299927,55.08440399,354,10.7120409,354,28.24213409,354,19.69597816,354,11.76748943,433.9299927,41.29174805,433.9299927,26.15080643,354,26.70586395,354,45.882061,448.9299927,53.11027527,
435,52.98292542,355.0700073,8.702017784,355.0700073,27.34392166,355.0700073,19.32716942,355.0700073,10.64291096,435,40.65837097,435,25.77474976,355.0700073,25.32612228,355.0700073,44.30326462,449.8399963,53.18757629,
436.0599976,51.3857193,356,8.034703255,356,25.2223053,356,16.90913963,356,9.269228935,436.0599976,41.43737793,436.0599976,25.46570969,356,23.90815735,356,42.49128342,450.8999939,52.44732666,
436.9599915,50.60897064,357.0700073,6.153489113,357.0700073,22.52453232,357.0700073,16.53315926,357.0700073,8.399991035,436.9599915,40.52213287,436.9599915,23.96357727,357.0700073,22.06487656,357.0700073,40.60458374,451.9599915,52.27645874,
438.0299988,50.36434937,358,5.418978691,358,22.05905151,358,15.42682648,358,7.206635475,438.0299988,37.65014648,438.0299988,24.82740784,358,21.18165588,358,37.41327667,452.8699951,49.08816528,
438.9299927,48.40207672,359.0700073,4.761151314,359.0700073,20.44647789,359.0700073,13.99915504,359.0700073,5.553742409,438.9299927,38.2586441,438.9299927,24.1776886,359.0700073,19.56165695,359.0700073,35.51646423,453.9299927,49.46140671,
440,48.56804276,360,3.564653397,360,19.14692307,360,11.98581505,360,4.930491447,440,36.14720917,440,23.36845779,360,17.97969055,360,33.41125107,454.8399963,51.04301453,
441.0599976,47.82241821,,,,,,,,,441.0599976,36.58652496,441.0599976,22.91989899,,,361.0700073,33.21834564,455.8999939,47.47468948,
441.9599915,45.48594284,,,,,,,,,441.9599915,36.05291748,441.9599915,23.59389496,,,362,30.46669769,456.9599915,46.51987839,
443.0299988,46.07100677,,,,,,,,,443.0299988,34.50608826,443.0299988,21.51235199,,,363.0700073,28.90261459,457.8699951,46.65306854,
443.9299927,44.21646881,,,,,,,,,443.9299927,33.77835083,443.9299927,21.64804459,,,364,27.13131332,458.9299927,45.43733978,
445,43.41459656,,,,,,,,,445,33.50961304,445,22.88198471,,,365.0700073,25.31588364,459.8399963,45.33352661,
446.0599976,44.05779648,,,,,,,,,446.0599976,32.06679535,446.0599976,20.35546494,,,366,25.52179337,460.8999939,43.8192749,
446.9599915,42.52469635,,,,,,,,,446.9599915,33.57091522,446.9599915,21.06606674,,,367.0700073,21.76399231,461.9599915,44.2765274,
448.0299988,41.28322983,,,,,,,,,448.0299988,31.54395103,448.0299988,20.28997421,,,368,20.85097885,462.8699951,43.26134109,
448.9299927,40.65616226,,,,,,,,,448.9299927,31.02720833,448.9299927,19.32181168,,,369.0700073,19.93821335,463.9299927,41.5749054,
450,40.94345093,,,,,,,,,450,30.2996273,450,19.49790573,,,370,18.16150284,464.8399963,40.8923912,
451.0599976,39.73860931,,,,,,,,,451.0599976,29.86362648,451.0599976,18.14659882,,,371.0700073,16.73015976,465.8999939,41.31176376,
451.9599915,38.21536636,,,,,,,,,451.9599915,30.64822578,451.9599915,19.61742783,,,372,15.55293751,466.9599915,38.67229843,
453.0299988,38.38853455,,,,,,,,,453.0299988,30.91152,453.0299988,18.97893524,,,373.0700073,13.54220867,467.8699951,38.76021576,
453.9299927,37.14194107,,,,,,,,,453.9299927,28.33111,453.9299927,19.00781631,,,374,12.64355946,468.9299927,37.57069397,
455,38.22159958,,,,,,,,,455,29.26697731,455,18.48318863,,,375.0700073,11.73161983,469.8399963,37.448349,
456.0599976,37.1257019,,,,,,,,,456.0599976,27.54486275,456.0599976,17.47417068,,,376,9.845822334,470.8999939,36.53053284,
456.9599915,36.27251816,,,,,,,,,456.9599915,28.85963249,456.9599915,17.5318222,,,377.0700073,9.284947395,471.9599915,36.19426346,
458.0299988,35.57584381,,,,,,,,,458.0299988,28.29332542,458.0299988,17.90074539,,,378,8.127966881,472.8699951,35.28557205,
458.9299927,34.92411423,,,,,,,,,458.9299927,26.84542656,458.9299927,16.98029709,,,379.0700073,7.801123619,473.9299927,34.76122665,
460,35.88383865,,,,,,,,,460,26.90730095,460,16.33853531,,,380,7.976588249,474.8399963,34.61607361,
461.0599976,34.38436508,,,,,,,,,461.0599976,26.54652977,461.0599976,16.0447464,,,,,475.8999939,31.87150955,
461.9599915,33.87487411,,,,,,,,,461.9599915,26.47255898,461.9599915,15.22587872,,,,,476.9599915,31.58150101,
463.0299988,33.61937714,,,,,,,,,463.0299988,26.36102104,463.0299988,14.6700201,,,,,477.8699951,31.59008026,
463.9299927,32.40792847,,,,,,,,,463.9299927,25.95028877,463.9299927,15.58782673,,,,,478.9299927,31.5196228,
465,31.86660004,,,,,,,,,465,24.92288399,465,15.45397091,,,,,479.8399963,29.89568329,
466.0599976,32.01081467,,,,,,,,,466.0599976,24.73095894,466.0599976,14.64454174,,,,,480.8999939,28.29250717,
466.9599915,30.82321548,,,,,,,,,466.9599915,23.82608986,466.9599915,15.24449253,,,,,481.9599915,27.25728607,
468.0299988,31.04344177,,,,,,,,,468.0299988,22.89097404,468.0299988,14.93806362,,,,,482.8699951,28.54693222,
468.9299927,30.50159454,,,,,,,,,468.9299927,23.30648232,468.9299927,13.73667049,,,,,483.9299927,28.05181503,
470,30.58268738,,,,,,,,,470,22.8101368,470,14.0141592,,,,,484.8399963,26.74691391,
471.0599976,30.45820618,,,,,,,,,471.0599976,22.86519051,471.0599976,13.9421587,,,,,485.8999939,27.2813797,
471.9599915,29.20392227,,,,,,,,,471.9599915,22.20263481,471.9599915,13.09976101,,,,,486.9599915,26.30723953,
473.0299988,27.65066147,,,,,,,,,473.0299988,22.0988636,473.0299988,12.40416813,,,,,487.8699951,25.2205658,
473.9299927,28.70340729,,,,,,,,,473.9299927,21.31089211,473.9299927,12.89450359,,,,,488.9299927,24.52761459,
475,27.41477966,,,,,,,,,475,20.54014397,475,12.52250576,,,,,489.8399963,22.93416977,
476.0599976,27.27711868,,,,,,,,,476.0599976,20.70307732,476.0599976,12.24054813,,,,,490.8900146,24.03134918,
476.9599915,26.68742371,,,,,,,,,476.9599915,20.07739449,476.9599915,12.00868511,,,,,491.9400024,21.79946136,
478.0299988,25.49327469,,,,,,,,,478.0299988,18.40420723,478.0299988,12.20044231,,,,,492.980011,23.28165817,
478.9299927,25.59082413,,,,,,,,,478.9299927,19.89574242,478.9299927,11.08861446,,,,,493.8800049,21.82546616,
480,25.14839554,,,,,,,,,480,18.87867928,480,11.1370306,,,,,494.9200134,21.05515289,
481.0599976,25.65330887,,,,,,,,,481.0599976,18.26293755,481.0599976,11.12430477,,,,,495.9700012,20.50954819,
481.9599915,24.44364548,,,,,,,,,481.9599915,17.97280693,481.9599915,10.98657322,,,,,496.8599854,19.25684738,
483.0299988,23.37464523,,,,,,,,,483.0299988,16.55701256,483.0299988,10.45208836,,,,,497.9100037,20.88925934,
483.9299927,24.62074661,,,,,,,,,483.9299927,18.36066628,483.9299927,9.558545113,,,,,498.9500122,20.28394318,
485,23.64062119,,,,,,,,,485,16.31321526,485,9.824839592,,,,,499.8500061,18.42619705,
486.0599976,23.76787186,,,,,,,,,486.0599976,16.43802452,486.0599976,9.637654305,,,,,500.8900146,18.45066452,
486.9599915,21.89060783,,,,,,,,,486.9599915,15.13359451,486.9599915,9.220305443,,,,,501.9400024,17.4600563,
488.0299988,22.05889702,,,,,,,,,488.0299988,15.71173286,488.0299988,9.760084152,,,,,502.980011,16.96153831,
488.9299927,21.45476532,,,,,,,,,488.9299927,14.53944588,488.9299927,9.285605431,,,,,503.8800049,16.8474617,
490,20.98193169,,,,,,,,,490,14.80981255,490,8.71186924,,,,,504.9200134,15.71613503,
491.0400085,20.77593422,,,,,,,,,491.0400085,14.57538223,491.0400085,8.846711159,,,,,505.9700012,15.02967072,
491.9400024,20.53939629,,,,,,,,,491.9400024,13.82966042,491.9400024,7.938262939,,,,,506.8599854,16.83924484,
492.980011,19.74645996,,,,,,,,,492.980011,13.31860352,492.980011,8.002220154,,,,,507.9100037,13.56861305,
494.019989,19.45396996,,,,,,,,,494.019989,14.34076309,494.019989,8.212750435,,,,,508.9500122,15.38611984,
495.0700073,18.9680481,,,,,,,,,495.0700073,13.4449482,495.0700073,7.827393532,,,,,509.8500061,13.77995872,
495.9700012,19.29846954,,,,,,,,,495.9700012,13.33724403,495.9700012,7.683966637,,,,,510.8999939,13.89612961,
497.0100098,17.72102356,,,,,,,,,497.0100098,13.14788818,497.0100098,8.182592392,,,,,511.9599915,13.74956131,
498.0499878,18.29878235,,,,,,,,,498.0499878,12.9925518,498.0499878,6.626164436,,,,,512.8699951,12.95137215,
498.9500122,17.82569885,,,,,,,,,498.9500122,12.01656151,498.9500122,6.813504219,,,,,513.9299927,12.64059448,
500,17.06432533,,,,,,,,,500,11.95424652,500,7.256930351,,,,,514.8400269,11.37063408,
501.0400085,17.80538559,,,,,,,,,501.0400085,11.32174492,501.0400085,6.99933815,,,,,515.9000244,11.96883202,
501.9400024,17.10720825,,,,,,,,,501.9400024,11.11029434,501.9400024,6.478126526,,,,,516.960022,11.45853996,
502.980011,16.36785126,,,,,,,,,502.980011,10.64330864,502.980011,6.895176888,,,,,517.8699951,11.91677094,
504.019989,16.80886078,,,,,,,,,504.019989,10.59315681,504.019989,6.200182915,,,,,518.9299927,10.73389244,
505.0700073,16.21821976,,,,,,,,,505.0700073,10.90753937,505.0700073,5.886726379,,,,,519.8400269,12.23691177,
505.9700012,14.93785858,,,,,,,,,505.9700012,9.302440643,505.9700012,6.091970444,,,,,520.8900146,9.989862442,
507.0100098,15.10416603,,,,,,,,,507.0100098,9.379558563,507.0100098,6.02488327,,,,,521.9400024,9.729034424,
508.0499878,14.64929771,,,,,,,,,508.0499878,9.471952438,508.0499878,6.005848885,,,,,522.9799805,9.697317123,
508.9500122,14.26917076,,,,,,,,,508.9500122,9.316947937,508.9500122,6.044820786,,,,,523.8800049,10.2689209,
510,13.61856461,,,,,,,,,510,8.181009293,510,5.331163406,,,,,524.9199829,9.911371231,
511.0599976,14.52787018,,,,,,,,,511.0599976,8.587209702,511.0599976,5.038756371,,,,,525.9699707,8.552360535,
511.9599915,13.2074337,,,,,,,,,511.9599915,7.81439209,511.9599915,5.289037704,,,,,526.8599854,9.046504974,
513.0300293,12.95705414,,,,,,,,,513.0300293,6.666751862,513.0300293,4.648200989,,,,,527.9099731,8.916381836,
513.9299927,12.4462986,,,,,,,,,513.9299927,7.874004364,513.9299927,4.968612671,,,,,528.9500122,8.307527542,
515,12.02698708,,,,,,,,,515,7.507612228,515,4.633861542,,,,,529.8499756,7.171548843,
516.0599976,13.3174324,,,,,,,,,516.0599976,6.482370377,516.0599976,4.313511848,,,,,530.8900146,8.135734558,
516.960022,11.75068855,,,,,,,,,516.960022,7.0090065,516.960022,4.275004387,,,,,531.9400024,6.03360939,
518.0300293,11.59615517,,,,,,,,,518.0300293,6.632112503,518.0300293,3.570948601,,,,,532.9799805,7.356266022,
518.9299927,12.00525093,,,,,,,,,518.9299927,6.192918777,518.9299927,4.078318596,,,,,533.8800049,7.343196869,
520,12.42129898,,,,,,,,,520,5.526319504,520,4.074541092,,,,,534.9199829,6.238082886,
521.039978,11.26761246,,,,,,,,,521.039978,5.50494194,521.039978,3.390130997,,,,,535.9699707,5.897754669,
521.9400024,11.11654091,,,,,,,,,521.9400024,6.011201859,521.9400024,3.636095047,,,,,536.8599854,6.537857056,
522.9799805,10.66720772,,,,,,,,,522.9799805,4.949901581,522.9799805,2.920937538,,,,,537.9099731,6.044359207,
524.0200195,10.53316689,,,,,,,,,524.0200195,4.525873184,524.0200195,3.369884491,,,,,538.9500122,5.076608658,
525.0700073,9.844732285,,,,,,,,,525.0700073,4.679485321,525.0700073,3.121973038,,,,,539.8499756,6.095849991,
525.9699707,9.881235123,,,,,,,,,525.9699707,4.626192093,525.9699707,2.99495697,,,,,540.8800049,4.925693512,
527.0100098,10.24105453,,,,,,,,,527.0100098,3.938676834,527.0100098,2.970523834,,,,,541.9099731,5.100393295,
528.0499878,9.814487457,,,,,,,,,528.0499878,3.611103058,528.0499878,3.028833389,,,,,542.9400024,4.876106262,
528.9500122,9.545583725,,,,,,,,,528.9500122,3.667665482,528.9500122,2.205477715,,,,,543.9699707,4.773294449,
530,10.52906227,,,,,,,,,530,3.813613892,530,2.52044487,,,,,544.8499756,4.031312943,
531.039978,8.781225204,,,,,,,,,531.039978,2.668598175,531.039978,2.299573898,,,,,545.8800049,3.568517685,
531.9400024,8.497440338,,,,,,,,,531.9400024,2.796230316,531.9400024,2.212943077,,,,,546.9099731,2.446551323,
532.9799805,8.582508087,,,,,,,,,532.9799805,3.289039612,532.9799805,2.065965652,,,,,547.9400024,3.629340172,
534.0200195,8.236103058,,,,,,,,,534.0200195,2.830684662,534.0200195,2.611194611,,,,,548.9699707,3.09010601,
535.0700073,8.021081924,,,,,,,,,535.0700073,1.683383942,535.0700073,1.79020977,,,,,549.8499756,2.419570923,
535.9699707,7.687610626,,,,,,,,,535.9699707,1.510721207,535.9699707,1.814000607,,,,,550.8900146,3.16667366,
537.0100098,8.024051666,,,,,,,,,537.0100098,1.784816742,537.0100098,1.912899017,,,,,551.9400024,2.238974571,
538.0499878,7.261264801,,,,,,,,,538.0499878,1.37399292,538.0499878,1.91222477,,,,,552.9799805,2.36774826,
538.9500122,7.174385071,,,,,,,,,538.9500122,2.168607712,538.9500122,1.58494997,,,,,553.8800049,1.614109993,
540,7.183111191,,,,,,,,,540,1.094732285,540,1.706790447,,,,,554.9199829,2.142244339,
541.0200195,6.720220566,,,,,,,,,541.0200195,1.338703156,541.0200195,1.722303391,,,,,555.9699707,1.407691002,
542.0499878,6.726819992,,,,,,,,,542.0499878,0.05317115784,542.0499878,1.504826069,,,,,556.8599854,2.14299202,
542.9400024,6.472919464,,,,,,,,,542.9400024,0.7676696777,542.9400024,1.32459116,,,,,557.9099731,0.9911766052,
543.9699707,5.713274002,,,,,,,,,543.9699707,0.8110103607,543.9699707,0.6332807541,,,,,558.9500122,1.366035461,
545,6.527603149,,,,,,,,,545,-0.02885437012,545,1.038039684,,,,,559.8499756,1.538498878,
546.0200195,6.24785614,,,,,,,,,546.0200195,0.2296028137,546.0200195,0.5625009537,,,,,560.8900146,0.78997612,
547.0499878,5.533112526,,,,,,,,,547.0499878,0.2324752808,547.0499878,1.07402277,,,,,561.9400024,0.9163064957,
547.9400024,5.373311043,,,,,,,,,547.9400024,-0.02956581116,547.9400024,0.505926609,,,,,562.9799805,0.5141601563,
548.9699707,5.621435165,,,,,,,,,548.9699707,-1.079223633,548.9699707,1.09557724,,,,,563.8800049,0.1892461777,
550,5.140555382,,,,,,,,,550,-1.238909721,550,0.6374154091,,,,,564.9199829,0.5392398834,
551.039978,4.518478394,,,,,,,,,,,,,,,,,565.9699707,-0.1989536285,
551.9400024,4.192522049,,,,,,,,,,,,,,,,,566.8599854,-0.2766942978,
552.9799805,4.968377113,,,,,,,,,,,,,,,,,567.9099731,-0.1463823318,
554.0200195,4.569177628,,,,,,,,,,,,,,,,,568.9500122,-0.6276378632,
555.0700073,4.547013283,,,,,,,,,,,,,,,,,569.8499756,-0.4317674637,
555.9699707,4.598841667,,,,,,,,,,,,,,,,,570.8800049,0.05229187012,
557.0100098,3.768226624,,,,,,,,,,,,,,,,,571.9099731,-0.2286510468,
558.0499878,3.377513885,,,,,,,,,,,,,,,,,572.9400024,0.08408737183,
558.9500122,3.401107788,,,,,,,,,,,,,,,,,573.9699707,-1.29080677,
560,3.424075127,,,,,,,,,,,,,,,,,574.8499756,-1.226207733,
561.039978,2.794528008,,,,,,,,,,,,,,,,,575.8800049,-1.705778122,
561.9400024,3.195206642,,,,,,,,,,,,,,,,,576.9099731,-1.090667725,
562.9799805,2.824856758,,,,,,,,,,,,,,,,,577.9400024,-2.098217964,
564.0200195,2.174221039,,,,,,,,,,,,,,,,,578.9699707,-1.241405487,
565.0700073,3.099386215,,,,,,,,,,,,,,,,,579.8499756,-2.32896328,
565.9699707,2.287018776,,,,,,,,,,,,,,,,,580.8800049,-1.556239128,
567.0100098,2.23746109,,,,,,,,,,,,,,,,,581.9099731,-1.978211403,
568.0499878,2.651114464,,,,,,,,,,,,,,,,,582.9400024,-2.261737823,
568.9500122,2.045722961,,,,,,,,,,,,,,,,,583.9699707,-1.760954857,
570,1.852987289,,,,,,,,,,,,,,,,,584.8499756,-2.255376816,
571.0200195,1.972985268,,,,,,,,,,,,,,,,,585.8800049,-2.137859344,
572.0499878,1.220350266,,,,,,,,,,,,,,,,,586.9099731,-2.923129082,
572.9400024,1.856133461,,,,,,,,,,,,,,,,,587.9400024,-3.132843971,
573.9699707,0.3695831299,,,,,,,,,,,,,,,,,588.9699707,-2.9851408,
575,1.65514946,,,,,,,,,,,,,,,,,589.8499756,-3.016527176,
576.0200195,1.042171478,,,,,,,,,,,,,,,,,590.8800049,-3.107748032,
577.0499878,1.070031166,,,,,,,,,,,,,,,,,591.9099731,-3.186859131,
577.9400024,0.3637647629,,,,,,,,,,,,,,,,,592.9400024,-2.797966957,
578.9699707,0.594669342,,,,,,,,,,,,,,,,,593.9699707,-3.747739792,
580,0.182311058,,,,,,,,,,,,,,,,,594.8499756,-3.323238373,
581.0200195,0.3600568771,,,,,,,,,,,,,,,,,595.8800049,-3.741027832,
582.0499878,-0.2897605896,,,,,,,,,,,,,,,,,596.9099731,-3.943950653,
582.9400024,0.2511863708,,,,,,,,,,,,,,,,,597.9400024,-3.937756062,
583.9699707,-0.2529506683,,,,,,,,,,,,,,,,,598.9699707,-4.145402908,
585,-0.5080738068,,,,,,,,,,,,,,,,,599.8499756,-4.195053577,
586.0200195,-1.003836632,,,,,,,,,,,,,,,,,600.8800049,-4.170463562,
587.0499878,-0.4593286514,,,,,,,,,,,,,,,,,,,
587.9400024,-0.3534393311,,,,,,,,,,,,,,,,,,,
588.9699707,-0.3950157166,,,,,,,,,,,,,,,,,,,
590,-1.223009109,,,,,,,,,,,,,,,,,,,
591.0200195,-1.204517365,,,,,,,,,,,,,,,,,,,
592.0499878,-1.342829704,,,,,,,,,,,,,,,,,,,
592.9400024,-1.259313583,,,,,,,,,,,,,,,,,,,
593.9699707,-1.460469246,,,,,,,,,,,,,,,,,,,
595,-1.352918625,,,,,,,,,,,,,,,,,,,
596.0200195,-1.566617012,,,,,,,,,,,,,,,,,,,
597.0499878,-1.66012764,,,,,,,,,,,,,,,,,,,
597.9400024,-0.9384403229,,,,,,,,,,,,,,,,,,,
598.9699707,-1.225471497,,,,,,,,,,,,,,,,,,,
600,-2.040918827,,,,,,,,,,,,,,,,,,,

CdS 50sec ex310,
CdS 50sec ex310
Collection Time: 8/19/2022 12:55:03 PM
Operator Name  :
Scan Software Version: 1.1(132)
Parameter List :
Instrument                        Cary Eclipse
Instrument Serial Number          E08013467
Data mode                         Fluorescence
Scan mode                         Emission
X Mode                            Wavelength (nm)
Start (nm)                        320.00
Stop (nm)                         600.00
Ex. Wavelength (nm)               310.00
Ex. Slit (nm)                     5
Em. Slit (nm)                     5
Scan rate (nm/min)                600.00
Data interval (nm)                1.0000
Averaging Time (s)                0.1000
Excitation filter                 Auto
Emission filter                   Open
PMT voltage (V)                   Medium
Corrected spectra                 OFF
Method Log     :
Method Name    : Default
Date/Time stamp: 8/19/2022 12:24:03 PM
Method Modifications:
Scan mode: Changed: 8/19/2022 12:26:51 PM, Old:Emission, New:Excitation
Excitation Wavelength Changed: 8/19/2022 12:26:51 PM, Old: 350.00, New: 240.00
Emission Wavelength Changed: 8/19/2022 12:26:51 PM, Old: 400.00, New: 375.00
Stop Wavelength Changed: 8/19/2022 12:26:51 PM, Old: 600.00, New: 360.00
Zero Mode Changed: 8/19/2022 12:27:17 PM, Old:OFF, New:Reading
Zero Mode Changed: 8/19/2022 12:27:17 PM, Old:Reading, New:ON
Overlayed Graphs Changed: 8/19/2022 12:28:28 PM, Old:OFF, New:ON
Scan mode: Changed: 8/19/2022 12:28:47 PM, Old:Excitation, New:Emission
Excitation Wavelength Changed: 8/19/2022 12:28:47 PM, Old: 240.00, New: 310.00
Emission Wavelength Changed: 8/19/2022 12:28:47 PM, Old: 375.00, New: 320.00
Stop Wavelength Changed: 8/19/2022 12:28:47 PM, Old: 360.00, New: 600.00
Zero Mode Changed: 8/19/2022 12:28:52 PM, Old:ON, New:Reading
Zero Mode Changed: 8/19/2022 12:28:52 PM, Old:Reading, New:ON
Scan mode: Changed: 8/19/2022 12:30:14 PM, Old:Emission, New:Excitation
Excitation Wavelength Changed: 8/19/2022 12:30:14 PM, Old: 310.00, New: 240.00
Emission Wavelength Changed: 8/19/2022 12:30:14 PM, Old: 320.00, New: 380.00
Stop Wavelength Changed: 8/19/2022 12:30:14 PM, Old: 600.00, New: 370.00
Zero Mode Changed: 8/19/2022 12:30:18 PM, Old:ON, New:Reading
Zero Mode Changed: 8/19/2022 12:30:18 PM, Old:Reading, New:ON
Emission Wavelength Changed: 8/19/2022 12:31:06 PM, Old: 380.00, New: 385.00
Zero Mode Changed: 8/19/2022 12:31:08 PM, Old:ON, New:Reading
Zero Mode Changed: 8/19/2022 12:31:08 PM, Old:Reading, New:ON
Scan mode: Changed: 8/19/2022 12:32:05 PM, Old:Excitation, New:Emission
Excitation Wavelength Changed: 8/19/2022 12:32:05 PM, Old: 240.00, New: 315.00
Emission Wavelength Changed: 8/19/2022 12:32:05 PM, Old: 385.00, New: 325.00
Stop Wavelength Changed: 8/19/2022 12:32:05 PM, Old: 370.00, New: 600.00
Zero Mode Changed: 8/19/2022 12:32:08 PM, Old:ON, New:Reading
Zero Mode Changed: 8/19/2022 12:32:09 PM, Old:Reading, New:ON
Excitation Wavelength Changed: 8/19/2022 12:33:42 PM, Old: 315.00, New: 260.00
Emission Wavelength Changed: 8/19/2022 12:33:42 PM, Old: 325.00, New: 270.00
Stop Wavelength Changed: 8/19/2022 12:33:42 PM, Old: 600.00, New: 500.00
Zero Mode Changed: 8/19/2022 12:33:46 PM, Old:ON, New:Reading
Zero Mode Changed: 8/19/2022 12:33:46 PM, Old:Reading, New:ON
Scan mode: Changed: 8/19/2022 12:35:08 PM, Old:Emission, New:Excitation
Excitation Wavelength Changed: 8/19/2022 12:35:08 PM, Old: 260.00, New: 220.00
Emission Wavelength Changed: 8/19/2022 12:35:08 PM, Old: 270.00, New: 285.00
Stop Wavelength Changed: 8/19/2022 12:35:08 PM, Old: 500.00, New: 275.00
Zero Mode Changed: 8/19/2022 12:35:11 PM, Old:ON, New:Reading
Zero Mode Changed: 8/19/2022 12:35:11 PM, Old:Reading, New:ON
Cursor Peak Style Changed: 8/19/2022 12:39:15 PM, Old:Choice 0, New:Choice 1
Cursor Peak Style Changed: 8/19/2022 12:39:15 PM, Old:Valleys, New:Choice 2
Cursor Peak Style Changed: 8/19/2022 12:39:15 PM, Old:Peaks Valleys, New:Choice 0
Scan mode: Changed: 8/19/2022 12:54:32 PM, Old:Excitation, New:Emission
Excitation Wavelength Changed: 8/19/2022 12:54:32 PM, Old: 220.00, New: 310.00
Emission Wavelength Changed: 8/19/2022 12:54:32 PM, Old: 285.00, New: 320.00
Stop Wavelength Changed: 8/19/2022 12:54:32 PM, Old: 275.00, New: 600.00
Zero Mode Changed: 8/19/2022 12:54:35 PM, Old:ON, New:Reading
Zero Mode Changed: 8/19/2022 12:54:35 PM, Old:Reading, New:ON
End Method Modifications

CdS 50sec em375,
CdS 50sec em375
Collection Time: 8/19/2022 12:58:39 PM
Operator Name  :
Scan Software Version: 1.1(132)
Parameter List :
Instrument                        Cary Eclipse
Instrument Serial Number          E08013467
Data mode                         Fluorescence
Scan mode                         Excitation
X Mode                            Wavelength (nm)
Start (nm)                        240.00
Stop (nm)                         360.00
Em. Wavelength (nm)               375.00
Ex. Slit (nm)                     5
Em. Slit (nm)                     5
Scan rate (nm/min)                600.00
Data interval (nm)                1.0000
Averaging Time (s)                0.1000
Excitation filter                 Auto
Emission filter                   Open
PMT voltage (V)                   Medium
Corrected spectra                 OFF
Method Log     :
Method Name    : Default
Date/Time stamp: 8/19/2022 12:24:03 PM
Method Modifications:
Scan mode: Changed: 8/19/2022 12:26:51 PM, Old:Emission, New:Excitation
Excitation Wavelength Changed: 8/19/2022 12:26:51 PM, Old: 350.00, New: 240.00
Emission Wavelength Changed: 8/19/2022 12:26:51 PM, Old: 400.00, New: 375.00
Stop Wavelength Changed: 8/19/2022 12:26:51 PM, Old: 600.00, New: 360.00
Zero Mode Changed: 8/19/2022 12:27:17 PM, Old:OFF, New:Reading
Zero Mode Changed: 8/19/2022 12:27:17 PM, Old:Reading, New:ON
Overlayed Graphs Changed: 8/19/2022 12:28:28 PM, Old:OFF, New:ON
Scan mode: Changed: 8/19/2022 12:28:47 PM, Old:Excitation, New:Emission
Excitation Wavelength Changed: 8/19/2022 12:28:47 PM, Old: 240.00, New: 310.00
Emission Wavelength Changed: 8/19/2022 12:28:47 PM, Old: 375.00, New: 320.00
Stop Wavelength Changed: 8/19/2022 12:28:47 PM, Old: 360.00, New: 600.00
Zero Mode Changed: 8/19/2022 12:28:52 PM, Old:ON, New:Reading
Zero Mode Changed: 8/19/2022 12:28:52 PM, Old:Reading, New:ON
Scan mode: Changed: 8/19/2022 12:30:14 PM, Old:Emission, New:Excitation
Excitation Wavelength Changed: 8/19/2022 12:30:14 PM, Old: 310.00, New: 240.00
Emission Wavelength Changed: 8/19/2022 12:30:14 PM, Old: 320.00, New: 380.00
Stop Wavelength Changed: 8/19/2022 12:30:14 PM, Old: 600.00, New: 370.00
Zero Mode Changed: 8/19/2022 12:30:18 PM, Old:ON, New:Reading
Zero Mode Changed: 8/19/2022 12:30:18 PM, Old:Reading, New:ON
Emission Wavelength Changed: 8/19/2022 12:31:06 PM, Old: 380.00, New: 385.00
Zero Mode Changed: 8/19/2022 12:31:08 PM, Old:ON, New:Reading
Zero Mode Changed: 8/19/2022 12:31:08 PM, Old:Reading, New:ON
Scan mode: Changed: 8/19/2022 12:32:05 PM, Old:Excitation, New:Emission
Excitation Wavelength Changed: 8/19/2022 12:32:05 PM, Old: 240.00, New: 315.00
Emission Wavelength Changed: 8/19/2022 12:32:05 PM, Old: 385.00, New: 325.00
Stop Wavelength Changed: 8/19/2022 12:32:05 PM, Old: 370.00, New: 600.00
Zero Mode Changed: 8/19/2022 12:32:08 PM, Old:ON, New:Reading
Zero Mode Changed: 8/19/2022 12:32:09 PM, Old:Reading, New:ON
Excitation Wavelength Changed: 8/19/2022 12:33:42 PM, Old: 315.00, New: 260.00
Emission Wavelength Changed: 8/19/2022 12:33:42 PM, Old: 325.00, New: 270.00
Stop Wavelength Changed: 8/19/2022 12:33:42 PM, Old: 600.00, New: 500.00
Zero Mode Changed: 8/19/2022 12:33:46 PM, Old:ON, New:Reading
Zero Mode Changed: 8/19/2022 12:33:46 PM, Old:Reading, New:ON
Scan mode: Changed: 8/19/2022 12:35:08 PM, Old:Emission, New:Excitation
Excitation Wavelength Changed: 8/19/2022 12:35:08 PM, Old: 260.00, New: 220.00
Emission Wavelength Changed: 8/19/2022 12:35:08 PM, Old: 270.00, New: 285.00
Stop Wavelength Changed: 8/19/2022 12:35:08 PM, Old: 500.00, New: 275.00
Zero Mode Changed: 8/19/2022 12:35:11 PM, Old:ON, New:Reading
Zero Mode Changed: 8/19/2022 12:35:11 PM, Old:Reading, New:ON
Cursor Peak Style Changed: 8/19/2022 12:39:15 PM, Old:Choice 0, New:Choice 1
Cursor Peak Style Changed: 8/19/2022 12:39:15 PM, Old:Valleys, New:Choice 2
Cursor Peak Style Changed: 8/19/2022 12:39:15 PM, Old:Peaks Valleys, New:Choice 0
Scan mode: Changed: 8/19/2022 12:54:32 PM, Old:Excitation, New:Emission
Excitation Wavelength Changed: 8/19/2022 12:54:32 PM, Old: 220.00, New: 310.00
Emission Wavelength Changed: 8/19/2022 12:54:32 PM, Old: 285.00, New: 320.00
Stop Wavelength Changed: 8/19/2022 12:54:32 PM, Old: 275.00, New: 600.00
Zero Mode Changed: 8/19/2022 12:54:35 PM, Old:ON, New:Reading
Zero Mode Changed: 8/19/2022 12:54:35 PM, Old:Reading, New:ON
Scan mode: Changed: 8/19/2022 12:58:24 PM, Old:Emission, New:Excitation
Excitation Wavelength Changed: 8/19/2022 12:58:24 PM, Old: 310.00, New: 240.00
Emission Wavelength Changed: 8/19/2022 12:58:24 PM, Old: 320.00, New: 375.00
Stop Wavelength Changed: 8/19/2022 12:58:24 PM, Old: 600.00, New: 360.00
Zero Mode Changed: 8/19/2022 12:58:28 PM, Old:ON, New:Reading
Zero Mode Changed: 8/19/2022 12:58:28 PM, Old:Reading, New:ON
End Method Modifications

CdS 50sec em385,
CdS 50sec em385
Collection Time: 8/19/2022 1:04:01 PM
Operator Name  :
Scan Software Version: 1.1(132)
Parameter List :
Instrument                        Cary Eclipse
Instrument Serial Number          E08013467
Data mode                         Fluorescence
Scan mode                         Excitation
X Mode                            Wavelength (nm)
Start (nm)                        240.00
Stop (nm)                         360.00
Em. Wavelength (nm)               385.00
Ex. Slit (nm)                     5
Em. Slit (nm)                     5
Scan rate (nm/min)                600.00
Data interval (nm)                1.0000
Averaging Time (s)                0.1000
Excitation filter                 Auto
Emission filter                   Open
PMT voltage (V)                   Medium
Corrected spectra                 OFF
Method Log     :
Method Name    : Default
Date/Time stamp: 8/19/2022 12:24:03 PM
Method Modifications:
Scan mode: Changed: 8/19/2022 12:26:51 PM, Old:Emission, New:Excitation
Excitation Wavelength Changed: 8/19/2022 12:26:51 PM, Old: 350.00, New: 240.00
Emission Wavelength Changed: 8/19/2022 12:26:51 PM, Old: 400.00, New: 375.00
Stop Wavelength Changed: 8/19/2022 12:26:51 PM, Old: 600.00, New: 360.00
Zero Mode Changed: 8/19/2022 12:27:17 PM, Old:OFF, New:Reading
Zero Mode Changed: 8/19/2022 12:27:17 PM, Old:Reading, New:ON
Overlayed Graphs Changed: 8/19/2022 12:28:28 PM, Old:OFF, New:ON
Scan mode: Changed: 8/19/2022 12:28:47 PM, Old:Excitation, New:Emission
Excitation Wavelength Changed: 8/19/2022 12:28:47 PM, Old: 240.00, New: 310.00
Emission Wavelength Changed: 8/19/2022 12:28:47 PM, Old: 375.00, New: 320.00
Stop Wavelength Changed: 8/19/2022 12:28:47 PM, Old: 360.00, New: 600.00
Zero Mode Changed: 8/19/2022 12:28:52 PM, Old:ON, New:Reading
Zero Mode Changed: 8/19/2022 12:28:52 PM, Old:Reading, New:ON
Scan mode: Changed: 8/19/2022 12:30:14 PM, Old:Emission, New:Excitation
Excitation Wavelength Changed: 8/19/2022 12:30:14 PM, Old: 310.00, New: 240.00
Emission Wavelength Changed: 8/19/2022 12:30:14 PM, Old: 320.00, New: 380.00
Stop Wavelength Changed: 8/19/2022 12:30:14 PM, Old: 600.00, New: 370.00
Zero Mode Changed: 8/19/2022 12:30:18 PM, Old:ON, New:Reading
Zero Mode Changed: 8/19/2022 12:30:18 PM, Old:Reading, New:ON
Emission Wavelength Changed: 8/19/2022 12:31:06 PM, Old: 380.00, New: 385.00
Zero Mode Changed: 8/19/2022 12:31:08 PM, Old:ON, New:Reading
Zero Mode Changed: 8/19/2022 12:31:08 PM, Old:Reading, New:ON
Scan mode: Changed: 8/19/2022 12:32:05 PM, Old:Excitation, New:Emission
Excitation Wavelength Changed: 8/19/2022 12:32:05 PM, Old: 240.00, New: 315.00
Emission Wavelength Changed: 8/19/2022 12:32:05 PM, Old: 385.00, New: 325.00
Stop Wavelength Changed: 8/19/2022 12:32:05 PM, Old: 370.00, New: 600.00
Zero Mode Changed: 8/19/2022 12:32:08 PM, Old:ON, New:Reading
Zero Mode Changed: 8/19/2022 12:32:09 PM, Old:Reading, New:ON
Excitation Wavelength Changed: 8/19/2022 12:33:42 PM, Old: 315.00, New: 260.00
Emission Wavelength Changed: 8/19/2022 12:33:42 PM, Old: 325.00, New: 270.00
Stop Wavelength Changed: 8/19/2022 12:33:42 PM, Old: 600.00, New: 500.00
Zero Mode Changed: 8/19/2022 12:33:46 PM, Old:ON, New:Reading
Zero Mode Changed: 8/19/2022 12:33:46 PM, Old:Reading, New:ON
Scan mode: Changed: 8/19/2022 12:35:08 PM, Old:Emission, New:Excitation
Excitation Wavelength Changed: 8/19/2022 12:35:08 PM, Old: 260.00, New: 220.00
Emission Wavelength Changed: 8/19/2022 12:35:08 PM, Old: 270.00, New: 285.00
Stop Wavelength Changed: 8/19/2022 12:35:08 PM, Old: 500.00, New: 275.00
Zero Mode Changed: 8/19/2022 12:35:11 PM, Old:ON, New:Reading
Zero Mode Changed: 8/19/2022 12:35:11 PM, Old:Reading, New:ON
Cursor Peak Style Changed: 8/19/2022 12:39:15 PM, Old:Choice 0, New:Choice 1
Cursor Peak Style Changed: 8/19/2022 12:39:15 PM, Old:Valleys, New:Choice 2
Cursor Peak Style Changed: 8/19/2022 12:39:15 PM, Old:Peaks Valleys, New:Choice 0
Scan mode: Changed: 8/19/2022 12:54:32 PM, Old:Excitation, New:Emission
Excitation Wavelength Changed: 8/19/2022 12:54:32 PM, Old: 220.00, New: 310.00
Emission Wavelength Changed: 8/19/2022 12:54:32 PM, Old: 285.00, New: 320.00
Stop Wavelength Changed: 8/19/2022 12:54:32 PM, Old: 275.00, New: 600.00
Zero Mode Changed: 8/19/2022 12:54:35 PM, Old:ON, New:Reading
Zero Mode Changed: 8/19/2022 12:54:35 PM, Old:Reading, New:ON
Scan mode: Changed: 8/19/2022 12:58:24 PM, Old:Emission, New:Excitation
Excitation Wavelength Changed: 8/19/2022 12:58:24 PM, Old: 310.00, New: 240.00
Emission Wavelength Changed: 8/19/2022 12:58:24 PM, Old: 320.00, New: 375.00
Stop Wavelength Changed: 8/19/2022 12:58:24 PM, Old: 600.00, New: 360.00
Zero Mode Changed: 8/19/2022 12:58:28 PM, Old:ON, New:Reading
Zero Mode Changed: 8/19/2022 12:58:28 PM, Old:Reading, New:ON
Scan Control Changed: 8/19/2022 12:59:15 PM, Old:Medium, New:Slow
Ave. time (s): Changed: 8/19/2022 12:59:15 PM, Old:0.10000, New:0.50000
Zero Mode Changed: 8/19/2022 12:59:18 PM, Old:ON, New:Reading
Zero Mode Changed: 8/19/2022 12:59:18 PM, Old:Reading, New:ON
Scan mode: Changed: 8/19/2022 1:01:06 PM, Old:Excitation, New:Emission
Excitation Wavelength Changed: 8/19/2022 1:01:06 PM, Old: 240.00, New: 300.00
Emission Wavelength Changed: 8/19/2022 1:01:06 PM, Old: 375.00, New: 320.00
Stop Wavelength Changed: 8/19/2022 1:01:06 PM, Old: 360.00, New: 500.00
Zero Mode Changed: 8/19/2022 1:01:09 PM, Old:ON, New:Reading
Zero Mode Changed: 8/19/2022 1:01:10 PM, Old:Reading, New:ON
Scan mode: Changed: 8/19/2022 1:03:44 PM, Old:Emission, New:Excitation
Scan Control Changed: 8/19/2022 1:03:44 PM, Old:Slow, New:Medium
Ave. time (s): Changed: 8/19/2022 1:03:44 PM, Old:0.50000, New:0.10000
Excitation Wavelength Changed: 8/19/2022 1:03:44 PM, Old: 300.00, New: 240.00
Emission Wavelength Changed: 8/19/2022 1:03:44 PM, Old: 320.00, New: 385.00
Stop Wavelength Changed: 8/19/2022 1:03:44 PM, Old: 500.00, New: 360.00
Zero Mode Changed: 8/19/2022 1:03:48 PM, Old:ON, New:Reading
Zero Mode Changed: 8/19/2022 1:03:48 PM, Old:Reading, New:ON
End Method Modifications

CdS 50sec em380,
CdS 50sec em380
Collection Time: 8/19/2022 1:04:33 PM
Operator Name  :
Scan Software Version: 1.1(132)
Parameter List :
Instrument                        Cary Eclipse
Instrument Serial Number          E08013467
Data mode                         Fluorescence
Scan mode                         Excitation
X Mode                            Wavelength (nm)
Start (nm)                        240.00
Stop (nm)                         360.00
Em. Wavelength (nm)               380.00
Ex. Slit (nm)                     5
Em. Slit (nm)                     5
Scan rate (nm/min)                600.00
Data interval (nm)                1.0000
Averaging Time (s)                0.1000
Excitation filter                 Auto
Emission filter                   Open
PMT voltage (V)                   Medium
Corrected spectra                 OFF
Method Log     :
Method Name    : Default
Date/Time stamp: 8/19/2022 12:24:03 PM
Method Modifications:
Scan mode: Changed: 8/19/2022 12:26:51 PM, Old:Emission, New:Excitation
Excitation Wavelength Changed: 8/19/2022 12:26:51 PM, Old: 350.00, New: 240.00
Emission Wavelength Changed: 8/19/2022 12:26:51 PM, Old: 400.00, New: 375.00
Stop Wavelength Changed: 8/19/2022 12:26:51 PM, Old: 600.00, New: 360.00
Zero Mode Changed: 8/19/2022 12:27:17 PM, Old:OFF, New:Reading
Zero Mode Changed: 8/19/2022 12:27:17 PM, Old:Reading, New:ON
Overlayed Graphs Changed: 8/19/2022 12:28:28 PM, Old:OFF, New:ON
Scan mode: Changed: 8/19/2022 12:28:47 PM, Old:Excitation, New:Emission
Excitation Wavelength Changed: 8/19/2022 12:28:47 PM, Old: 240.00, New: 310.00
Emission Wavelength Changed: 8/19/2022 12:28:47 PM, Old: 375.00, New: 320.00
Stop Wavelength Changed: 8/19/2022 12:28:47 PM, Old: 360.00, New: 600.00
Zero Mode Changed: 8/19/2022 12:28:52 PM, Old:ON, New:Reading
Zero Mode Changed: 8/19/2022 12:28:52 PM, Old:Reading, New:ON
Scan mode: Changed: 8/19/2022 12:30:14 PM, Old:Emission, New:Excitation
Excitation Wavelength Changed: 8/19/2022 12:30:14 PM, Old: 310.00, New: 240.00
Emission Wavelength Changed: 8/19/2022 12:30:14 PM, Old: 320.00, New: 380.00
Stop Wavelength Changed: 8/19/2022 12:30:14 PM, Old: 600.00, New: 370.00
Zero Mode Changed: 8/19/2022 12:30:18 PM, Old:ON, New:Reading
Zero Mode Changed: 8/19/2022 12:30:18 PM, Old:Reading, New:ON
Emission Wavelength Changed: 8/19/2022 12:31:06 PM, Old: 380.00, New: 385.00
Zero Mode Changed: 8/19/2022 12:31:08 PM, Old:ON, New:Reading
Zero Mode Changed: 8/19/2022 12:31:08 PM, Old:Reading, New:ON
Scan mode: Changed: 8/19/2022 12:32:05 PM, Old:Excitation, New:Emission
Excitation Wavelength Changed: 8/19/2022 12:32:05 PM, Old: 240.00, New: 315.00
Emission Wavelength Changed: 8/19/2022 12:32:05 PM, Old: 385.00, New: 325.00
Stop Wavelength Changed: 8/19/2022 12:32:05 PM, Old: 370.00, New: 600.00
Zero Mode Changed: 8/19/2022 12:32:08 PM, Old:ON, New:Reading
Zero Mode Changed: 8/19/2022 12:32:09 PM, Old:Reading, New:ON
Excitation Wavelength Changed: 8/19/2022 12:33:42 PM, Old: 315.00, New: 260.00
Emission Wavelength Changed: 8/19/2022 12:33:42 PM, Old: 325.00, New: 270.00
Stop Wavelength Changed: 8/19/2022 12:33:42 PM, Old: 600.00, New: 500.00
Zero Mode Changed: 8/19/2022 12:33:46 PM, Old:ON, New:Reading
Zero Mode Changed: 8/19/2022 12:33:46 PM, Old:Reading, New:ON
Scan mode: Changed: 8/19/2022 12:35:08 PM, Old:Emission, New:Excitation
Excitation Wavelength Changed: 8/19/2022 12:35:08 PM, Old: 260.00, New: 220.00
Emission Wavelength Changed: 8/19/2022 12:35:08 PM, Old: 270.00, New: 285.00
Stop Wavelength Changed: 8/19/2022 12:35:08 PM, Old: 500.00, New: 275.00
Zero Mode Changed: 8/19/2022 12:35:11 PM, Old:ON, New:Reading
Zero Mode Changed: 8/19/2022 12:35:11 PM, Old:Reading, New:ON
Cursor Peak Style Changed: 8/19/2022 12:39:15 PM, Old:Choice 0, New:Choice 1
Cursor Peak Style Changed: 8/19/2022 12:39:15 PM, Old:Valleys, New:Choice 2
Cursor Peak Style Changed: 8/19/2022 12:39:15 PM, Old:Peaks Valleys, New:Choice 0
Scan mode: Changed: 8/19/2022 12:54:32 PM, Old:Excitation, New:Emission
Excitation Wavelength Changed: 8/19/2022 12:54:32 PM, Old: 220.00, New: 310.00
Emission Wavelength Changed: 8/19/2022 12:54:32 PM, Old: 285.00, New: 320.00
Stop Wavelength Changed: 8/19/2022 12:54:32 PM, Old: 275.00, New: 600.00
Zero Mode Changed: 8/19/2022 12:54:35 PM, Old:ON, New:Reading
Zero Mode Changed: 8/19/2022 12:54:35 PM, Old:Reading, New:ON
Scan mode: Changed: 8/19/2022 12:58:24 PM, Old:Emission, New:Excitation
Excitation Wavelength Changed: 8/19/2022 12:58:24 PM, Old: 310.00, New: 240.00
Emission Wavelength Changed: 8/19/2022 12:58:24 PM, Old: 320.00, New: 375.00
Stop Wavelength Changed: 8/19/2022 12:58:24 PM, Old: 600.00, New: 360.00
Zero Mode Changed: 8/19/2022 12:58:28 PM, Old:ON, New:Reading
Zero Mode Changed: 8/19/2022 12:58:28 PM, Old:Reading, New:ON
Scan Control Changed: 8/19/2022 12:59:15 PM, Old:Medium, New:Slow
Ave. time (s): Changed: 8/19/2022 12:59:15 PM, Old:0.10000, New:0.50000
Zero Mode Changed: 8/19/2022 12:59:18 PM, Old:ON, New:Reading
Zero Mode Changed: 8/19/2022 12:59:18 PM, Old:Reading, New:ON
Scan mode: Changed: 8/19/2022 1:01:06 PM, Old:Excitation, New:Emission
Excitation Wavelength Changed: 8/19/2022 1:01:06 PM, Old: 240.00, New: 300.00
Emission Wavelength Changed: 8/19/2022 1:01:06 PM, Old: 375.00, New: 320.00
Stop Wavelength Changed: 8/19/2022 1:01:06 PM, Old: 360.00, New: 500.00
Zero Mode Changed: 8/19/2022 1:01:09 PM, Old:ON, New:Reading
Zero Mode Changed: 8/19/2022 1:01:10 PM, Old:Reading, New:ON
Scan mode: Changed: 8/19/2022 1:03:44 PM, Old:Emission, New:Excitation
Scan Control Changed: 8/19/2022 1:03:44 PM, Old:Slow, New:Medium
Ave. time (s): Changed: 8/19/2022 1:03:44 PM, Old:0.50000, New:0.10000
Excitation Wavelength Changed: 8/19/2022 1:03:44 PM, Old: 300.00, New: 240.00
Emission Wavelength Changed: 8/19/2022 1:03:44 PM, Old: 320.00, New: 385.00
Stop Wavelength Changed: 8/19/2022 1:03:44 PM, Old: 500.00, New: 360.00
Zero Mode Changed: 8/19/2022 1:03:48 PM, Old:ON, New:Reading
Zero Mode Changed: 8/19/2022 1:03:48 PM, Old:Reading, New:ON
Emission Wavelength Changed: 8/19/2022 1:04:23 PM, Old: 385.00, New: 380.00
Zero Mode Changed: 8/19/2022 1:04:25 PM, Old:ON, New:Reading
Zero Mode Changed: 8/19/2022 1:04:25 PM, Old:Reading, New:ON
End Method Modifications

CdS 50sec em375,
CdS 50sec em375
Collection Time: 8/19/2022 1:05:33 PM
Operator Name  :
Scan Software Version: 1.1(132)
Parameter List :
Instrument                        Cary Eclipse
Instrument Serial Number          E08013467
Data mode                         Fluorescence
Scan mode                         Excitation
X Mode                            Wavelength (nm)
Start (nm)                        240.00
Stop (nm)                         360.00
Em. Wavelength (nm)               375.00
Ex. Slit (nm)                     5
Em. Slit (nm)                     5
Scan rate (nm/min)                600.00
Data interval (nm)                1.0000
Averaging Time (s)                0.1000
Excitation filter                 Auto
Emission filter                   Open
PMT voltage (V)                   Medium
Corrected spectra                 OFF
Method Log     :
Method Name    : Default
Date/Time stamp: 8/19/2022 12:24:03 PM
Method Modifications:
Scan mode: Changed: 8/19/2022 12:26:51 PM, Old:Emission, New:Excitation
Excitation Wavelength Changed: 8/19/2022 12:26:51 PM, Old: 350.00, New: 240.00
Emission Wavelength Changed: 8/19/2022 12:26:51 PM, Old: 400.00, New: 375.00
Stop Wavelength Changed: 8/19/2022 12:26:51 PM, Old: 600.00, New: 360.00
Zero Mode Changed: 8/19/2022 12:27:17 PM, Old:OFF, New:Reading
Zero Mode Changed: 8/19/2022 12:27:17 PM, Old:Reading, New:ON
Overlayed Graphs Changed: 8/19/2022 12:28:28 PM, Old:OFF, New:ON
Scan mode: Changed: 8/19/2022 12:28:47 PM, Old:Excitation, New:Emission
Excitation Wavelength Changed: 8/19/2022 12:28:47 PM, Old: 240.00, New: 310.00
Emission Wavelength Changed: 8/19/2022 12:28:47 PM, Old: 375.00, New: 320.00
Stop Wavelength Changed: 8/19/2022 12:28:47 PM, Old: 360.00, New: 600.00
Zero Mode Changed: 8/19/2022 12:28:52 PM, Old:ON, New:Reading
Zero Mode Changed: 8/19/2022 12:28:52 PM, Old:Reading, New:ON
Scan mode: Changed: 8/19/2022 12:30:14 PM, Old:Emission, New:Excitation
Excitation Wavelength Changed: 8/19/2022 12:30:14 PM, Old: 310.00, New: 240.00
Emission Wavelength Changed: 8/19/2022 12:30:14 PM, Old: 320.00, New: 380.00
Stop Wavelength Changed: 8/19/2022 12:30:14 PM, Old: 600.00, New: 370.00
Zero Mode Changed: 8/19/2022 12:30:18 PM, Old:ON, New:Reading
Zero Mode Changed: 8/19/2022 12:30:18 PM, Old:Reading, New:ON
Emission Wavelength Changed: 8/19/2022 12:31:06 PM, Old: 380.00, New: 385.00
Zero Mode Changed: 8/19/2022 12:31:08 PM, Old:ON, New:Reading
Zero Mode Changed: 8/19/2022 12:31:08 PM, Old:Reading, New:ON
Scan mode: Changed: 8/19/2022 12:32:05 PM, Old:Excitation, New:Emission
Excitation Wavelength Changed: 8/19/2022 12:32:05 PM, Old: 240.00, New: 315.00
Emission Wavelength Changed: 8/19/2022 12:32:05 PM, Old: 385.00, New: 325.00
Stop Wavelength Changed: 8/19/2022 12:32:05 PM, Old: 370.00, New: 600.00
Zero Mode Changed: 8/19/2022 12:32:08 PM, Old:ON, New:Reading
Zero Mode Changed: 8/19/2022 12:32:09 PM, Old:Reading, New:ON
Excitation Wavelength Changed: 8/19/2022 12:33:42 PM, Old: 315.00, New: 260.00
Emission Wavelength Changed: 8/19/2022 12:33:42 PM, Old: 325.00, New: 270.00
Stop Wavelength Changed: 8/19/2022 12:33:42 PM, Old: 600.00, New: 500.00
Zero Mode Changed: 8/19/2022 12:33:46 PM, Old:ON, New:Reading
Zero Mode Changed: 8/19/2022 12:33:46 PM, Old:Reading, New:ON
Scan mode: Changed: 8/19/2022 12:35:08 PM, Old:Emission, New:Excitation
Excitation Wavelength Changed: 8/19/2022 12:35:08 PM, Old: 260.00, New: 220.00
Emission Wavelength Changed: 8/19/2022 12:35:08 PM, Old: 270.00, New: 285.00
Stop Wavelength Changed: 8/19/2022 12:35:08 PM, Old: 500.00, New: 275.00
Zero Mode Changed: 8/19/2022 12:35:11 PM, Old:ON, New:Reading
Zero Mode Changed: 8/19/2022 12:35:11 PM, Old:Reading, New:ON
Cursor Peak Style Changed: 8/19/2022 12:39:15 PM, Old:Choice 0, New:Choice 1
Cursor Peak Style Changed: 8/19/2022 12:39:15 PM, Old:Valleys, New:Choice 2
Cursor Peak Style Changed: 8/19/2022 12:39:15 PM, Old:Peaks Valleys, New:Choice 0
Scan mode: Changed: 8/19/2022 12:54:32 PM, Old:Excitation, New:Emission
Excitation Wavelength Changed: 8/19/2022 12:54:32 PM, Old: 220.00, New: 310.00
Emission Wavelength Changed: 8/19/2022 12:54:32 PM, Old: 285.00, New: 320.00
Stop Wavelength Changed: 8/19/2022 12:54:32 PM, Old: 275.00, New: 600.00
Zero Mode Changed: 8/19/2022 12:54:35 PM, Old:ON, New:Reading
Zero Mode Changed: 8/19/2022 12:54:35 PM, Old:Reading, New:ON
Scan mode: Changed: 8/19/2022 12:58:24 PM, Old:Emission, New:Excitation
Excitation Wavelength Changed: 8/19/2022 12:58:24 PM, Old: 310.00, New: 240.00
Emission Wavelength Changed: 8/19/2022 12:58:24 PM, Old: 320.00, New: 375.00
Stop Wavelength Changed: 8/19/2022 12:58:24 PM, Old: 600.00, New: 360.00
Zero Mode Changed: 8/19/2022 12:58:28 PM, Old:ON, New:Reading
Zero Mode Changed: 8/19/2022 12:58:28 PM, Old:Reading, New:ON
Scan Control Changed: 8/19/2022 12:59:15 PM, Old:Medium, New:Slow
Ave. time (s): Changed: 8/19/2022 12:59:15 PM, Old:0.10000, New:0.50000
Zero Mode Changed: 8/19/2022 12:59:18 PM, Old:ON, New:Reading
Zero Mode Changed: 8/19/2022 12:59:18 PM, Old:Reading, New:ON
Scan mode: Changed: 8/19/2022 1:01:06 PM, Old:Excitation, New:Emission
Excitation Wavelength Changed: 8/19/2022 1:01:06 PM, Old: 240.00, New: 300.00
Emission Wavelength Changed: 8/19/2022 1:01:06 PM, Old: 375.00, New: 320.00
Stop Wavelength Changed: 8/19/2022 1:01:06 PM, Old: 360.00, New: 500.00
Zero Mode Changed: 8/19/2022 1:01:09 PM, Old:ON, New:Reading
Zero Mode Changed: 8/19/2022 1:01:10 PM, Old:Reading, New:ON
Scan mode: Changed: 8/19/2022 1:03:44 PM, Old:Emission, New:Excitation
Scan Control Changed: 8/19/2022 1:03:44 PM, Old:Slow, New:Medium
Ave. time (s): Changed: 8/19/2022 1:03:44 PM, Old:0.50000, New:0.10000
Excitation Wavelength Changed: 8/19/2022 1:03:44 PM, Old: 300.00, New: 240.00
Emission Wavelength Changed: 8/19/2022 1:03:44 PM, Old: 320.00, New: 385.00
Stop Wavelength Changed: 8/19/2022 1:03:44 PM, Old: 500.00, New: 360.00
Zero Mode Changed: 8/19/2022 1:03:48 PM, Old:ON, New:Reading
Zero Mode Changed: 8/19/2022 1:03:48 PM, Old:Reading, New:ON
Emission Wavelength Changed: 8/19/2022 1:04:23 PM, Old: 385.00, New: 380.00
Zero Mode Changed: 8/19/2022 1:04:25 PM, Old:ON, New:Reading
Zero Mode Changed: 8/19/2022 1:04:25 PM, Old:Reading, New:ON
Emission Wavelength Changed: 8/19/2022 1:04:58 PM, Old: 380.00, New: 375.00
Zero Mode Changed: 8/19/2022 1:05:00 PM, Old:ON, New:Reading
Zero Mode Changed: 8/19/2022 1:05:00 PM, Old:Reading, New:ON
Zero Mode Changed: 8/19/2022 1:05:27 PM, Old:ON, New:Reading
Zero Mode Changed: 8/19/2022 1:05:27 PM, Old:Reading, New:ON
End Method Modifications

CdS 50sec ex300,
CdS 50sec ex300
Collection Time: 8/19/2022 1:07:30 PM
Operator Name  :
Scan Software Version: 1.1(132)
Parameter List :
Instrument                        Cary Eclipse
Instrument Serial Number          E08013467
Data mode                         Fluorescence
Scan mode                         Emission
X Mode                            Wavelength (nm)
Start (nm)                        320.00
Stop (nm)                         550.00
Ex. Wavelength (nm)               300.00
Ex. Slit (nm)                     5
Em. Slit (nm)                     5
Scan rate (nm/min)                600.00
Data interval (nm)                1.0000
Averaging Time (s)                0.1000
Excitation filter                 Auto
Emission filter                   Open
PMT voltage (V)                   Medium
Corrected spectra                 OFF
Method Log     :
Method Name    : Default
Date/Time stamp: 8/19/2022 12:24:03 PM
Method Modifications:
Scan mode: Changed: 8/19/2022 12:26:51 PM, Old:Emission, New:Excitation
Excitation Wavelength Changed: 8/19/2022 12:26:51 PM, Old: 350.00, New: 240.00
Emission Wavelength Changed: 8/19/2022 12:26:51 PM, Old: 400.00, New: 375.00
Stop Wavelength Changed: 8/19/2022 12:26:51 PM, Old: 600.00, New: 360.00
Zero Mode Changed: 8/19/2022 12:27:17 PM, Old:OFF, New:Reading
Zero Mode Changed: 8/19/2022 12:27:17 PM, Old:Reading, New:ON
Overlayed Graphs Changed: 8/19/2022 12:28:28 PM, Old:OFF, New:ON
Scan mode: Changed: 8/19/2022 12:28:47 PM, Old:Excitation, New:Emission
Excitation Wavelength Changed: 8/19/2022 12:28:47 PM, Old: 240.00, New: 310.00
Emission Wavelength Changed: 8/19/2022 12:28:47 PM, Old: 375.00, New: 320.00
Stop Wavelength Changed: 8/19/2022 12:28:47 PM, Old: 360.00, New: 600.00
Zero Mode Changed: 8/19/2022 12:28:52 PM, Old:ON, New:Reading
Zero Mode Changed: 8/19/2022 12:28:52 PM, Old:Reading, New:ON
Scan mode: Changed: 8/19/2022 12:30:14 PM, Old:Emission, New:Excitation
Excitation Wavelength Changed: 8/19/2022 12:30:14 PM, Old: 310.00, New: 240.00
Emission Wavelength Changed: 8/19/2022 12:30:14 PM, Old: 320.00, New: 380.00
Stop Wavelength Changed: 8/19/2022 12:30:14 PM, Old: 600.00, New: 370.00
Zero Mode Changed: 8/19/2022 12:30:18 PM, Old:ON, New:Reading
Zero Mode Changed: 8/19/2022 12:30:18 PM, Old:Reading, New:ON
Emission Wavelength Changed: 8/19/2022 12:31:06 PM, Old: 380.00, New: 385.00
Zero Mode Changed: 8/19/2022 12:31:08 PM, Old:ON, New:Reading
Zero Mode Changed: 8/19/2022 12:31:08 PM, Old:Reading, New:ON
Scan mode: Changed: 8/19/2022 12:32:05 PM, Old:Excitation, New:Emission
Excitation Wavelength Changed: 8/19/2022 12:32:05 PM, Old: 240.00, New: 315.00
Emission Wavelength Changed: 8/19/2022 12:32:05 PM, Old: 385.00, New: 325.00
Stop Wavelength Changed: 8/19/2022 12:32:05 PM, Old: 370.00, New: 600.00
Zero Mode Changed: 8/19/2022 12:32:08 PM, Old:ON, New:Reading
Zero Mode Changed: 8/19/2022 12:32:09 PM, Old:Reading, New:ON
Excitation Wavelength Changed: 8/19/2022 12:33:42 PM, Old: 315.00, New: 260.00
Emission Wavelength Changed: 8/19/2022 12:33:42 PM, Old: 325.00, New: 270.00
Stop Wavelength Changed: 8/19/2022 12:33:42 PM, Old: 600.00, New: 500.00
Zero Mode Changed: 8/19/2022 12:33:46 PM, Old:ON, New:Reading
Zero Mode Changed: 8/19/2022 12:33:46 PM, Old:Reading, New:ON
Scan mode: Changed: 8/19/2022 12:35:08 PM, Old:Emission, New:Excitation
Excitation Wavelength Changed: 8/19/2022 12:35:08 PM, Old: 260.00, New: 220.00
Emission Wavelength Changed: 8/19/2022 12:35:08 PM, Old: 270.00, New: 285.00
Stop Wavelength Changed: 8/19/2022 12:35:08 PM, Old: 500.00, New: 275.00
Zero Mode Changed: 8/19/2022 12:35:11 PM, Old:ON, New:Reading
Zero Mode Changed: 8/19/2022 12:35:11 PM, Old:Reading, New:ON
Cursor Peak Style Changed: 8/19/2022 12:39:15 PM, Old:Choice 0, New:Choice 1
Cursor Peak Style Changed: 8/19/2022 12:39:15 PM, Old:Valleys, New:Choice 2
Cursor Peak Style Changed: 8/19/2022 12:39:15 PM, Old:Peaks Valleys, New:Choice 0
Scan mode: Changed: 8/19/2022 12:54:32 PM, Old:Excitation, New:Emission
Excitation Wavelength Changed: 8/19/2022 12:54:32 PM, Old: 220.00, New: 310.00
Emission Wavelength Changed: 8/19/2022 12:54:32 PM, Old: 285.00, New: 320.00
Stop Wavelength Changed: 8/19/2022 12:54:32 PM, Old: 275.00, New: 600.00
Zero Mode Changed: 8/19/2022 12:54:35 PM, Old:ON, New:Reading
Zero Mode Changed: 8/19/2022 12:54:35 PM, Old:Reading, New:ON
Scan mode: Changed: 8/19/2022 12:58:24 PM, Old:Emission, New:Excitation
Excitation Wavelength Changed: 8/19/2022 12:58:24 PM, Old: 310.00, New: 240.00
Emission Wavelength Changed: 8/19/2022 12:58:24 PM, Old: 320.00, New: 375.00
Stop Wavelength Changed: 8/19/2022 12:58:24 PM, Old: 600.00, New: 360.00
Zero Mode Changed: 8/19/2022 12:58:28 PM, Old:ON, New:Reading
Zero Mode Changed: 8/19/2022 12:58:28 PM, Old:Reading, New:ON
Scan Control Changed: 8/19/2022 12:59:15 PM, Old:Medium, New:Slow
Ave. time (s): Changed: 8/19/2022 12:59:15 PM, Old:0.10000, New:0.50000
Zero Mode Changed: 8/19/2022 12:59:18 PM, Old:ON, New:Reading
Zero Mode Changed: 8/19/2022 12:59:18 PM, Old:Reading, New:ON
Scan mode: Changed: 8/19/2022 1:01:06 PM, Old:Excitation, New:Emission
Excitation Wavelength Changed: 8/19/2022 1:01:06 PM, Old: 240.00, New: 300.00
Emission Wavelength Changed: 8/19/2022 1:01:06 PM, Old: 375.00, New: 320.00
Stop Wavelength Changed: 8/19/2022 1:01:06 PM, Old: 360.00, New: 500.00
Zero Mode Changed: 8/19/2022 1:01:09 PM, Old:ON, New:Reading
Zero Mode Changed: 8/19/2022 1:01:10 PM, Old:Reading, New:ON
Scan mode: Changed: 8/19/2022 1:03:44 PM, Old:Emission, New:Excitation
Scan Control Changed: 8/19/2022 1:03:44 PM, Old:Slow, New:Medium
Ave. time (s): Changed: 8/19/2022 1:03:44 PM, Old:0.50000, New:0.10000
Excitation Wavelength Changed: 8/19/2022 1:03:44 PM, Old: 300.00, New: 240.00
Emission Wavelength Changed: 8/19/2022 1:03:44 PM, Old: 320.00, New: 385.00
Stop Wavelength Changed: 8/19/2022 1:03:44 PM, Old: 500.00, New: 360.00
Zero Mode Changed: 8/19/2022 1:03:48 PM, Old:ON, New:Reading
Zero Mode Changed: 8/19/2022 1:03:48 PM, Old:Reading, New:ON
Emission Wavelength Changed: 8/19/2022 1:04:23 PM, Old: 385.00, New: 380.00
Zero Mode Changed: 8/19/2022 1:04:25 PM, Old:ON, New:Reading
Zero Mode Changed: 8/19/2022 1:04:25 PM, Old:Reading, New:ON
Emission Wavelength Changed: 8/19/2022 1:04:58 PM, Old: 380.00, New: 375.00
Zero Mode Changed: 8/19/2022 1:05:00 PM, Old:ON, New:Reading
Zero Mode Changed: 8/19/2022 1:05:00 PM, Old:Reading, New:ON
Zero Mode Changed: 8/19/2022 1:05:27 PM, Old:ON, New:Reading
Zero Mode Changed: 8/19/2022 1:05:27 PM, Old:Reading, New:ON
Scan mode: Changed: 8/19/2022 1:07:14 PM, Old:Excitation, New:Emission
Excitation Wavelength Changed: 8/19/2022 1:07:14 PM, Old: 240.00, New: 300.00
Emission Wavelength Changed: 8/19/2022 1:07:14 PM, Old: 375.00, New: 320.00
Stop Wavelength Changed: 8/19/2022 1:07:14 PM, Old: 360.00, New: 550.00
Zero Mode Changed: 8/19/2022 1:07:16 PM, Old:ON, New:Reading
Zero Mode Changed: 8/19/2022 1:07:16 PM, Old:Reading, New:ON
End Method Modifications

CdS 60sec ex300,
CdS 60sec ex300
Collection Time: 8/19/2022 12:25:56 PM
Operator Name  :
Scan Software Version: 1.1(132)
Parameter List :
Instrument                        Cary Eclipse
Instrument Serial Number          E08013467
Data mode                         Fluorescence
Scan mode                         Emission
X Mode                            Wavelength (nm)
Start (nm)                        320.00
Stop (nm)                         550.00
Ex. Wavelength (nm)               300.00
Ex. Slit (nm)                     5
Em. Slit (nm)                     5
Scan rate (nm/min)                600.00
Data interval (nm)                1.0000
Averaging Time (s)                0.1000
Excitation filter                 Auto
Emission filter                   Open
PMT voltage (V)                   Medium
Corrected spectra                 OFF
Method Log     :
Method Name    : Default
Date/Time stamp: 8/19/2022 12:24:03 PM
Method Modifications:
Scan mode: Changed: 8/19/2022 12:26:51 PM, Old:Emission, New:Excitation
Excitation Wavelength Changed: 8/19/2022 12:26:51 PM, Old: 350.00, New: 240.00
Emission Wavelength Changed: 8/19/2022 12:26:51 PM, Old: 400.00, New: 375.00
Stop Wavelength Changed: 8/19/2022 12:26:51 PM, Old: 600.00, New: 360.00
Zero Mode Changed: 8/19/2022 12:27:17 PM, Old:OFF, New:Reading
Zero Mode Changed: 8/19/2022 12:27:17 PM, Old:Reading, New:ON
Overlayed Graphs Changed: 8/19/2022 12:28:28 PM, Old:OFF, New:ON
Scan mode: Changed: 8/19/2022 12:28:47 PM, Old:Excitation, New:Emission
Excitation Wavelength Changed: 8/19/2022 12:28:47 PM, Old: 240.00, New: 310.00
Emission Wavelength Changed: 8/19/2022 12:28:47 PM, Old: 375.00, New: 320.00
Stop Wavelength Changed: 8/19/2022 12:28:47 PM, Old: 360.00, New: 600.00
Zero Mode Changed: 8/19/2022 12:28:52 PM, Old:ON, New:Reading
Zero Mode Changed: 8/19/2022 12:28:52 PM, Old:Reading, New:ON
Scan mode: Changed: 8/19/2022 12:30:14 PM, Old:Emission, New:Excitation
Excitation Wavelength Changed: 8/19/2022 12:30:14 PM, Old: 310.00, New: 240.00
Emission Wavelength Changed: 8/19/2022 12:30:14 PM, Old: 320.00, New: 380.00
Stop Wavelength Changed: 8/19/2022 12:30:14 PM, Old: 600.00, New: 370.00
Zero Mode Changed: 8/19/2022 12:30:18 PM, Old:ON, New:Reading
Zero Mode Changed: 8/19/2022 12:30:18 PM, Old:Reading, New:ON
Emission Wavelength Changed: 8/19/2022 12:31:06 PM, Old: 380.00, New: 385.00
Zero Mode Changed: 8/19/2022 12:31:08 PM, Old:ON, New:Reading
Zero Mode Changed: 8/19/2022 12:31:08 PM, Old:Reading, New:ON
Scan mode: Changed: 8/19/2022 12:32:05 PM, Old:Excitation, New:Emission
Excitation Wavelength Changed: 8/19/2022 12:32:05 PM, Old: 240.00, New: 315.00
Emission Wavelength Changed: 8/19/2022 12:32:05 PM, Old: 385.00, New: 325.00
Stop Wavelength Changed: 8/19/2022 12:32:05 PM, Old: 370.00, New: 600.00
Zero Mode Changed: 8/19/2022 12:32:08 PM, Old:ON, New:Reading
Zero Mode Changed: 8/19/2022 12:32:09 PM, Old:Reading, New:ON
Excitation Wavelength Changed: 8/19/2022 12:33:42 PM, Old: 315.00, New: 260.00
Emission Wavelength Changed: 8/19/2022 12:33:42 PM, Old: 325.00, New: 270.00
Stop Wavelength Changed: 8/19/2022 12:33:42 PM, Old: 600.00, New: 500.00
Zero Mode Changed: 8/19/2022 12:33:46 PM, Old:ON, New:Reading
Zero Mode Changed: 8/19/2022 12:33:46 PM, Old:Reading, New:ON
Scan mode: Changed: 8/19/2022 12:35:08 PM, Old:Emission, New:Excitation
Excitation Wavelength Changed: 8/19/2022 12:35:08 PM, Old: 260.00, New: 220.00
Emission Wavelength Changed: 8/19/2022 12:35:08 PM, Old: 270.00, New: 285.00
Stop Wavelength Changed: 8/19/2022 12:35:08 PM, Old: 500.00, New: 275.00
Zero Mode Changed: 8/19/2022 12:35:11 PM, Old:ON, New:Reading
Zero Mode Changed: 8/19/2022 12:35:11 PM, Old:Reading, New:ON
Cursor Peak Style Changed: 8/19/2022 12:39:15 PM, Old:Choice 0, New:Choice 1
Cursor Peak Style Changed: 8/19/2022 12:39:15 PM, Old:Valleys, New:Choice 2
Cursor Peak Style Changed: 8/19/2022 12:39:15 PM, Old:Peaks Valleys, New:Choice 0
Scan mode: Changed: 8/19/2022 12:54:32 PM, Old:Excitation, New:Emission
Excitation Wavelength Changed: 8/19/2022 12:54:32 PM, Old: 220.00, New: 310.00
Emission Wavelength Changed: 8/19/2022 12:54:32 PM, Old: 285.00, New: 320.00
Stop Wavelength Changed: 8/19/2022 12:54:32 PM, Old: 275.00, New: 600.00
Zero Mode Changed: 8/19/2022 12:54:35 PM, Old:ON, New:Reading
Zero Mode Changed: 8/19/2022 12:54:35 PM, Old:Reading, New:ON
Scan mode: Changed: 8/19/2022 12:58:24 PM, Old:Emission, New:Excitation
Excitation Wavelength Changed: 8/19/2022 12:58:24 PM, Old: 310.00, New: 240.00
Emission Wavelength Changed: 8/19/2022 12:58:24 PM, Old: 320.00, New: 375.00
Stop Wavelength Changed: 8/19/2022 12:58:24 PM, Old: 600.00, New: 360.00
Zero Mode Changed: 8/19/2022 12:58:28 PM, Old:ON, New:Reading
Zero Mode Changed: 8/19/2022 12:58:28 PM, Old:Reading, New:ON
Scan Control Changed: 8/19/2022 12:59:15 PM, Old:Medium, New:Slow
Ave. time (s): Changed: 8/19/2022 12:59:15 PM, Old:0.10000, New:0.50000
Zero Mode Changed: 8/19/2022 12:59:18 PM, Old:ON, New:Reading
Zero Mode Changed: 8/19/2022 12:59:18 PM, Old:Reading, New:ON
Scan mode: Changed: 8/19/2022 1:01:06 PM, Old:Excitation, New:Emission
Excitation Wavelength Changed: 8/19/2022 1:01:06 PM, Old: 240.00, New: 300.00
Emission Wavelength Changed: 8/19/2022 1:01:06 PM, Old: 375.00, New: 320.00
Stop Wavelength Changed: 8/19/2022 1:01:06 PM, Old: 360.00, New: 500.00
Zero Mode Changed: 8/19/2022 1:01:09 PM, Old:ON, New:Reading
Zero Mode Changed: 8/19/2022 1:01:10 PM, Old:Reading, New:ON
Scan mode: Changed: 8/19/2022 1:03:44 PM, Old:Emission, New:Excitation
Scan Control Changed: 8/19/2022 1:03:44 PM, Old:Slow, New:Medium
Ave. time (s): Changed: 8/19/2022 1:03:44 PM, Old:0.50000, New:0.10000
Excitation Wavelength Changed: 8/19/2022 1:03:44 PM, Old: 300.00, New: 240.00
Emission Wavelength Changed: 8/19/2022 1:03:44 PM, Old: 320.00, New: 385.00
Stop Wavelength Changed: 8/19/2022 1:03:44 PM, Old: 500.00, New: 360.00
Zero Mode Changed: 8/19/2022 1:03:48 PM, Old:ON, New:Reading
Zero Mode Changed: 8/19/2022 1:03:48 PM, Old:Reading, New:ON
Emission Wavelength Changed: 8/19/2022 1:04:23 PM, Old: 385.00, New: 380.00
Zero Mode Changed: 8/19/2022 1:04:25 PM, Old:ON, New:Reading
Zero Mode Changed: 8/19/2022 1:04:25 PM, Old:Reading, New:ON
Emission Wavelength Changed: 8/19/2022 1:04:58 PM, Old: 380.00, New: 375.00
Zero Mode Changed: 8/19/2022 1:05:00 PM, Old:ON, New:Reading
Zero Mode Changed: 8/19/2022 1:05:00 PM, Old:Reading, New:ON
Zero Mode Changed: 8/19/2022 1:05:27 PM, Old:ON, New:Reading
Zero Mode Changed: 8/19/2022 1:05:27 PM, Old:Reading, New:ON
Scan mode: Changed: 8/19/2022 1:07:14 PM, Old:Excitation, New:Emission
Excitation Wavelength Changed: 8/19/2022 1:07:14 PM, Old: 240.00, New: 300.00
Emission Wavelength Changed: 8/19/2022 1:07:14 PM, Old: 375.00, New: 320.00
Stop Wavelength Changed: 8/19/2022 1:07:14 PM, Old: 360.00, New: 550.00
Zero Mode Changed: 8/19/2022 1:07:16 PM, Old:ON, New:Reading
Zero Mode Changed: 8/19/2022 1:07:16 PM, Old:Reading, New:ON
Zero Mode Changed: 8/19/2022 1:11:08 PM, Old:ON, New:Reading
Zero Mode Changed: 8/19/2022 1:11:09 PM, Old:Reading, New:ON
Zero Mode Changed: 8/19/2022 1:13:19 PM, Old:ON, New:Reading
Zero Mode Changed: 8/19/2022 1:13:19 PM, Old:Reading, New:ON
Zero Mode Changed: 8/19/2022 12:25:40 PM, Old:ON, New:Reading
Zero Mode Changed: 8/19/2022 12:25:40 PM, Old:Reading, New:ON
End Method Modifications

CdS 60sec em380,
CdS 60sec em380
Collection Time: 8/19/2022 12:27:08 PM
Operator Name  :
Scan Software Version: 1.1(132)
Parameter List :
Instrument                        Cary Eclipse
Instrument Serial Number          E08013467
Data mode                         Fluorescence
Scan mode                         Excitation
X Mode                            Wavelength (nm)
Start (nm)                        240.00
Stop (nm)                         360.00
Em. Wavelength (nm)               380.00
Ex. Slit (nm)                     5
Em. Slit (nm)                     5
Scan rate (nm/min)                600.00
Data interval (nm)                1.0000
Averaging Time (s)                0.1000
Excitation filter                 Auto
Emission filter                   Open
PMT voltage (V)                   Medium
Corrected spectra                 OFF
Method Log     :
Method Name    : Default
Date/Time stamp: 8/19/2022 12:24:03 PM
Method Modifications:
Scan mode: Changed: 8/19/2022 12:26:51 PM, Old:Emission, New:Excitation
Excitation Wavelength Changed: 8/19/2022 12:26:51 PM, Old: 350.00, New: 240.00
Emission Wavelength Changed: 8/19/2022 12:26:51 PM, Old: 400.00, New: 375.00
Stop Wavelength Changed: 8/19/2022 12:26:51 PM, Old: 600.00, New: 360.00
Zero Mode Changed: 8/19/2022 12:27:17 PM, Old:OFF, New:Reading
Zero Mode Changed: 8/19/2022 12:27:17 PM, Old:Reading, New:ON
Overlayed Graphs Changed: 8/19/2022 12:28:28 PM, Old:OFF, New:ON
Scan mode: Changed: 8/19/2022 12:28:47 PM, Old:Excitation, New:Emission
Excitation Wavelength Changed: 8/19/2022 12:28:47 PM, Old: 240.00, New: 310.00
Emission Wavelength Changed: 8/19/2022 12:28:47 PM, Old: 375.00, New: 320.00
Stop Wavelength Changed: 8/19/2022 12:28:47 PM, Old: 360.00, New: 600.00
Zero Mode Changed: 8/19/2022 12:28:52 PM, Old:ON, New:Reading
Zero Mode Changed: 8/19/2022 12:28:52 PM, Old:Reading, New:ON
Scan mode: Changed: 8/19/2022 12:30:14 PM, Old:Emission, New:Excitation
Excitation Wavelength Changed: 8/19/2022 12:30:14 PM, Old: 310.00, New: 240.00
Emission Wavelength Changed: 8/19/2022 12:30:14 PM, Old: 320.00, New: 380.00
Stop Wavelength Changed: 8/19/2022 12:30:14 PM, Old: 600.00, New: 370.00
Zero Mode Changed: 8/19/2022 12:30:18 PM, Old:ON, New:Reading
Zero Mode Changed: 8/19/2022 12:30:18 PM, Old:Reading, New:ON
Emission Wavelength Changed: 8/19/2022 12:31:06 PM, Old: 380.00, New: 385.00
Zero Mode Changed: 8/19/2022 12:31:08 PM, Old:ON, New:Reading
Zero Mode Changed: 8/19/2022 12:31:08 PM, Old:Reading, New:ON
Scan mode: Changed: 8/19/2022 12:32:05 PM, Old:Excitation, New:Emission
Excitation Wavelength Changed: 8/19/2022 12:32:05 PM, Old: 240.00, New: 315.00
Emission Wavelength Changed: 8/19/2022 12:32:05 PM, Old: 385.00, New: 325.00
Stop Wavelength Changed: 8/19/2022 12:32:05 PM, Old: 370.00, New: 600.00
Zero Mode Changed: 8/19/2022 12:32:08 PM, Old:ON, New:Reading
Zero Mode Changed: 8/19/2022 12:32:09 PM, Old:Reading, New:ON
Excitation Wavelength Changed: 8/19/2022 12:33:42 PM, Old: 315.00, New: 260.00
Emission Wavelength Changed: 8/19/2022 12:33:42 PM, Old: 325.00, New: 270.00
Stop Wavelength Changed: 8/19/2022 12:33:42 PM, Old: 600.00, New: 500.00
Zero Mode Changed: 8/19/2022 12:33:46 PM, Old:ON, New:Reading
Zero Mode Changed: 8/19/2022 12:33:46 PM, Old:Reading, New:ON
Scan mode: Changed: 8/19/2022 12:35:08 PM, Old:Emission, New:Excitation
Excitation Wavelength Changed: 8/19/2022 12:35:08 PM, Old: 260.00, New: 220.00
Emission Wavelength Changed: 8/19/2022 12:35:08 PM, Old: 270.00, New: 285.00
Stop Wavelength Changed: 8/19/2022 12:35:08 PM, Old: 500.00, New: 275.00
Zero Mode Changed: 8/19/2022 12:35:11 PM, Old:ON, New:Reading
Zero Mode Changed: 8/19/2022 12:35:11 PM, Old:Reading, New:ON
Cursor Peak Style Changed: 8/19/2022 12:39:15 PM, Old:Choice 0, New:Choice 1
Cursor Peak Style Changed: 8/19/2022 12:39:15 PM, Old:Valleys, New:Choice 2
Cursor Peak Style Changed: 8/19/2022 12:39:15 PM, Old:Peaks Valleys, New:Choice 0
Scan mode: Changed: 8/19/2022 12:54:32 PM, Old:Excitation, New:Emission
Excitation Wavelength Changed: 8/19/2022 12:54:32 PM, Old: 220.00, New: 310.00
Emission Wavelength Changed: 8/19/2022 12:54:32 PM, Old: 285.00, New: 320.00
Stop Wavelength Changed: 8/19/2022 12:54:32 PM, Old: 275.00, New: 600.00
Zero Mode Changed: 8/19/2022 12:54:35 PM, Old:ON, New:Reading
Zero Mode Changed: 8/19/2022 12:54:35 PM, Old:Reading, New:ON
Scan mode: Changed: 8/19/2022 12:58:24 PM, Old:Emission, New:Excitation
Excitation Wavelength Changed: 8/19/2022 12:58:24 PM, Old: 310.00, New: 240.00
Emission Wavelength Changed: 8/19/2022 12:58:24 PM, Old: 320.00, New: 375.00
Stop Wavelength Changed: 8/19/2022 12:58:24 PM, Old: 600.00, New: 360.00
Zero Mode Changed: 8/19/2022 12:58:28 PM, Old:ON, New:Reading
Zero Mode Changed: 8/19/2022 12:58:28 PM, Old:Reading, New:ON
Scan Control Changed: 8/19/2022 12:59:15 PM, Old:Medium, New:Slow
Ave. time (s): Changed: 8/19/2022 12:59:15 PM, Old:0.10000, New:0.50000
Zero Mode Changed: 8/19/2022 12:59:18 PM, Old:ON, New:Reading
Zero Mode Changed: 8/19/2022 12:59:18 PM, Old:Reading, New:ON
Scan mode: Changed: 8/19/2022 1:01:06 PM, Old:Excitation, New:Emission
Excitation Wavelength Changed: 8/19/2022 1:01:06 PM, Old: 240.00, New: 300.00
Emission Wavelength Changed: 8/19/2022 1:01:06 PM, Old: 375.00, New: 320.00
Stop Wavelength Changed: 8/19/2022 1:01:06 PM, Old: 360.00, New: 500.00
Zero Mode Changed: 8/19/2022 1:01:09 PM, Old:ON, New:Reading
Zero Mode Changed: 8/19/2022 1:01:10 PM, Old:Reading, New:ON
Scan mode: Changed: 8/19/2022 1:03:44 PM, Old:Emission, New:Excitation
Scan Control Changed: 8/19/2022 1:03:44 PM, Old:Slow, New:Medium
Ave. time (s): Changed: 8/19/2022 1:03:44 PM, Old:0.50000, New:0.10000
Excitation Wavelength Changed: 8/19/2022 1:03:44 PM, Old: 300.00, New: 240.00
Emission Wavelength Changed: 8/19/2022 1:03:44 PM, Old: 320.00, New: 385.00
Stop Wavelength Changed: 8/19/2022 1:03:44 PM, Old: 500.00, New: 360.00
Zero Mode Changed: 8/19/2022 1:03:48 PM, Old:ON, New:Reading
Zero Mode Changed: 8/19/2022 1:03:48 PM, Old:Reading, New:ON
Emission Wavelength Changed: 8/19/2022 1:04:23 PM, Old: 385.00, New: 380.00
Zero Mode Changed: 8/19/2022 1:04:25 PM, Old:ON, New:Reading
Zero Mode Changed: 8/19/2022 1:04:25 PM, Old:Reading, New:ON
Emission Wavelength Changed: 8/19/2022 1:04:58 PM, Old: 380.00, New: 375.00
Zero Mode Changed: 8/19/2022 1:05:00 PM, Old:ON, New:Reading
Zero Mode Changed: 8/19/2022 1:05:00 PM, Old:Reading, New:ON
Zero Mode Changed: 8/19/2022 1:05:27 PM, Old:ON, New:Reading
Zero Mode Changed: 8/19/2022 1:05:27 PM, Old:Reading, New:ON
Scan mode: Changed: 8/19/2022 1:07:14 PM, Old:Excitation, New:Emission
Excitation Wavelength Changed: 8/19/2022 1:07:14 PM, Old: 240.00, New: 300.00
Emission Wavelength Changed: 8/19/2022 1:07:14 PM, Old: 375.00, New: 320.00
Stop Wavelength Changed: 8/19/2022 1:07:14 PM, Old: 360.00, New: 550.00
Zero Mode Changed: 8/19/2022 1:07:16 PM, Old:ON, New:Reading
Zero Mode Changed: 8/19/2022 1:07:16 PM, Old:Reading, New:ON
Zero Mode Changed: 8/19/2022 1:11:08 PM, Old:ON, New:Reading
Zero Mode Changed: 8/19/2022 1:11:09 PM, Old:Reading, New:ON
Zero Mode Changed: 8/19/2022 1:13:19 PM, Old:ON, New:Reading
Zero Mode Changed: 8/19/2022 1:13:19 PM, Old:Reading, New:ON
Zero Mode Changed: 8/19/2022 12:25:40 PM, Old:ON, New:Reading
Zero Mode Changed: 8/19/2022 12:25:40 PM, Old:Reading, New:ON
Scan mode: Changed: 8/19/2022 12:26:48 PM, Old:Emission, New:Excitation
Excitation Wavelength Changed: 8/19/2022 12:26:48 PM, Old: 300.00, New: 240.00
Emission Wavelength Changed: 8/19/2022 12:26:48 PM, Old: 320.00, New: 380.00
Stop Wavelength Changed: 8/19/2022 12:26:48 PM, Old: 550.00, New: 360.00
Zero Mode Changed: 8/19/2022 12:26:51 PM, Old:ON, New:Reading
Zero Mode Changed: 8/19/2022 12:26:51 PM, Old:Reading, New:ON
End Method Modifications

CdS 60sec em390,
CdS 60sec em390
Collection Time: 8/19/2022 12:30:40 PM
Operator Name  :
Scan Software Version: 1.1(132)
Parameter List :
Instrument                        Cary Eclipse
Instrument Serial Number          E08013467
Data mode                         Fluorescence
Scan mode                         Excitation
X Mode                            Wavelength (nm)
Start (nm)                        240.00
Stop (nm)                         380.00
Em. Wavelength (nm)               390.00
Ex. Slit (nm)                     5
Em. Slit (nm)                     5
Scan rate (nm/min)                600.00
Data interval (nm)                1.0000
Averaging Time (s)                0.1000
Excitation filter                 Auto
Emission filter                   Open
PMT voltage (V)                   Medium
Corrected spectra                 OFF
Method Log     :
Method Name    : Default
Date/Time stamp: 8/19/2022 12:24:03 PM
Method Modifications:
Scan mode: Changed: 8/19/2022 12:26:51 PM, Old:Emission, New:Excitation
Excitation Wavelength Changed: 8/19/2022 12:26:51 PM, Old: 350.00, New: 240.00
Emission Wavelength Changed: 8/19/2022 12:26:51 PM, Old: 400.00, New: 375.00
Stop Wavelength Changed: 8/19/2022 12:26:51 PM, Old: 600.00, New: 360.00
Zero Mode Changed: 8/19/2022 12:27:17 PM, Old:OFF, New:Reading
Zero Mode Changed: 8/19/2022 12:27:17 PM, Old:Reading, New:ON
Overlayed Graphs Changed: 8/19/2022 12:28:28 PM, Old:OFF, New:ON
Scan mode: Changed: 8/19/2022 12:28:47 PM, Old:Excitation, New:Emission
Excitation Wavelength Changed: 8/19/2022 12:28:47 PM, Old: 240.00, New: 310.00
Emission Wavelength Changed: 8/19/2022 12:28:47 PM, Old: 375.00, New: 320.00
Stop Wavelength Changed: 8/19/2022 12:28:47 PM, Old: 360.00, New: 600.00
Zero Mode Changed: 8/19/2022 12:28:52 PM, Old:ON, New:Reading
Zero Mode Changed: 8/19/2022 12:28:52 PM, Old:Reading, New:ON
Scan mode: Changed: 8/19/2022 12:30:14 PM, Old:Emission, New:Excitation
Excitation Wavelength Changed: 8/19/2022 12:30:14 PM, Old: 310.00, New: 240.00
Emission Wavelength Changed: 8/19/2022 12:30:14 PM, Old: 320.00, New: 380.00
Stop Wavelength Changed: 8/19/2022 12:30:14 PM, Old: 600.00, New: 370.00
Zero Mode Changed: 8/19/2022 12:30:18 PM, Old:ON, New:Reading
Zero Mode Changed: 8/19/2022 12:30:18 PM, Old:Reading, New:ON
Emission Wavelength Changed: 8/19/2022 12:31:06 PM, Old: 380.00, New: 385.00
Zero Mode Changed: 8/19/2022 12:31:08 PM, Old:ON, New:Reading
Zero Mode Changed: 8/19/2022 12:31:08 PM, Old:Reading, New:ON
Scan mode: Changed: 8/19/2022 12:32:05 PM, Old:Excitation, New:Emission
Excitation Wavelength Changed: 8/19/2022 12:32:05 PM, Old: 240.00, New: 315.00
Emission Wavelength Changed: 8/19/2022 12:32:05 PM, Old: 385.00, New: 325.00
Stop Wavelength Changed: 8/19/2022 12:32:05 PM, Old: 370.00, New: 600.00
Zero Mode Changed: 8/19/2022 12:32:08 PM, Old:ON, New:Reading
Zero Mode Changed: 8/19/2022 12:32:09 PM, Old:Reading, New:ON
Excitation Wavelength Changed: 8/19/2022 12:33:42 PM, Old: 315.00, New: 260.00
Emission Wavelength Changed: 8/19/2022 12:33:42 PM, Old: 325.00, New: 270.00
Stop Wavelength Changed: 8/19/2022 12:33:42 PM, Old: 600.00, New: 500.00
Zero Mode Changed: 8/19/2022 12:33:46 PM, Old:ON, New:Reading
Zero Mode Changed: 8/19/2022 12:33:46 PM, Old:Reading, New:ON
Scan mode: Changed: 8/19/2022 12:35:08 PM, Old:Emission, New:Excitation
Excitation Wavelength Changed: 8/19/2022 12:35:08 PM, Old: 260.00, New: 220.00
Emission Wavelength Changed: 8/19/2022 12:35:08 PM, Old: 270.00, New: 285.00
Stop Wavelength Changed: 8/19/2022 12:35:08 PM, Old: 500.00, New: 275.00
Zero Mode Changed: 8/19/2022 12:35:11 PM, Old:ON, New:Reading
Zero Mode Changed: 8/19/2022 12:35:11 PM, Old:Reading, New:ON
Cursor Peak Style Changed: 8/19/2022 12:39:15 PM, Old:Choice 0, New:Choice 1
Cursor Peak Style Changed: 8/19/2022 12:39:15 PM, Old:Valleys, New:Choice 2
Cursor Peak Style Changed: 8/19/2022 12:39:15 PM, Old:Peaks Valleys, New:Choice 0
Scan mode: Changed: 8/19/2022 12:54:32 PM, Old:Excitation, New:Emission
Excitation Wavelength Changed: 8/19/2022 12:54:32 PM, Old: 220.00, New: 310.00
Emission Wavelength Changed: 8/19/2022 12:54:32 PM, Old: 285.00, New: 320.00
Stop Wavelength Changed: 8/19/2022 12:54:32 PM, Old: 275.00, New: 600.00
Zero Mode Changed: 8/19/2022 12:54:35 PM, Old:ON, New:Reading
Zero Mode Changed: 8/19/2022 12:54:35 PM, Old:Reading, New:ON
Scan mode: Changed: 8/19/2022 12:58:24 PM, Old:Emission, New:Excitation
Excitation Wavelength Changed: 8/19/2022 12:58:24 PM, Old: 310.00, New: 240.00
Emission Wavelength Changed: 8/19/2022 12:58:24 PM, Old: 320.00, New: 375.00
Stop Wavelength Changed: 8/19/2022 12:58:24 PM, Old: 600.00, New: 360.00
Zero Mode Changed: 8/19/2022 12:58:28 PM, Old:ON, New:Reading
Zero Mode Changed: 8/19/2022 12:58:28 PM, Old:Reading, New:ON
Scan Control Changed: 8/19/2022 12:59:15 PM, Old:Medium, New:Slow
Ave. time (s): Changed: 8/19/2022 12:59:15 PM, Old:0.10000, New:0.50000
Zero Mode Changed: 8/19/2022 12:59:18 PM, Old:ON, New:Reading
Zero Mode Changed: 8/19/2022 12:59:18 PM, Old:Reading, New:ON
Scan mode: Changed: 8/19/2022 1:01:06 PM, Old:Excitation, New:Emission
Excitation Wavelength Changed: 8/19/2022 1:01:06 PM, Old: 240.00, New: 300.00
Emission Wavelength Changed: 8/19/2022 1:01:06 PM, Old: 375.00, New: 320.00
Stop Wavelength Changed: 8/19/2022 1:01:06 PM, Old: 360.00, New: 500.00
Zero Mode Changed: 8/19/2022 1:01:09 PM, Old:ON, New:Reading
Zero Mode Changed: 8/19/2022 1:01:10 PM, Old:Reading, New:ON
Scan mode: Changed: 8/19/2022 1:03:44 PM, Old:Emission, New:Excitation
Scan Control Changed: 8/19/2022 1:03:44 PM, Old:Slow, New:Medium
Ave. time (s): Changed: 8/19/2022 1:03:44 PM, Old:0.50000, New:0.10000
Excitation Wavelength Changed: 8/19/2022 1:03:44 PM, Old: 300.00, New: 240.00
Emission Wavelength Changed: 8/19/2022 1:03:44 PM, Old: 320.00, New: 385.00
Stop Wavelength Changed: 8/19/2022 1:03:44 PM, Old: 500.00, New: 360.00
Zero Mode Changed: 8/19/2022 1:03:48 PM, Old:ON, New:Reading
Zero Mode Changed: 8/19/2022 1:03:48 PM, Old:Reading, New:ON
Emission Wavelength Changed: 8/19/2022 1:04:23 PM, Old: 385.00, New: 380.00
Zero Mode Changed: 8/19/2022 1:04:25 PM, Old:ON, New:Reading
Zero Mode Changed: 8/19/2022 1:04:25 PM, Old:Reading, New:ON
Emission Wavelength Changed: 8/19/2022 1:04:58 PM, Old: 380.00, New: 375.00
Zero Mode Changed: 8/19/2022 1:05:00 PM, Old:ON, New:Reading
Zero Mode Changed: 8/19/2022 1:05:00 PM, Old:Reading, New:ON
Zero Mode Changed: 8/19/2022 1:05:27 PM, Old:ON, New:Reading
Zero Mode Changed: 8/19/2022 1:05:27 PM, Old:Reading, New:ON
Scan mode: Changed: 8/19/2022 1:07:14 PM, Old:Excitation, New:Emission
Excitation Wavelength Changed: 8/19/2022 1:07:14 PM, Old: 240.00, New: 300.00
Emission Wavelength Changed: 8/19/2022 1:07:14 PM, Old: 375.00, New: 320.00
Stop Wavelength Changed: 8/19/2022 1:07:14 PM, Old: 360.00, New: 550.00
Zero Mode Changed: 8/19/2022 1:07:16 PM, Old:ON, New:Reading
Zero Mode Changed: 8/19/2022 1:07:16 PM, Old:Reading, New:ON
Zero Mode Changed: 8/19/2022 1:11:08 PM, Old:ON, New:Reading
Zero Mode Changed: 8/19/2022 1:11:09 PM, Old:Reading, New:ON
Zero Mode Changed: 8/19/2022 1:13:19 PM, Old:ON, New:Reading
Zero Mode Changed: 8/19/2022 1:13:19 PM, Old:Reading, New:ON
Zero Mode Changed: 8/19/2022 12:25:40 PM, Old:ON, New:Reading
Zero Mode Changed: 8/19/2022 12:25:40 PM, Old:Reading, New:ON
Scan mode: Changed: 8/19/2022 12:26:48 PM, Old:Emission, New:Excitation
Excitation Wavelength Changed: 8/19/2022 12:26:48 PM, Old: 300.00, New: 240.00
Emission Wavelength Changed: 8/19/2022 12:26:48 PM, Old: 320.00, New: 380.00
Stop Wavelength Changed: 8/19/2022 12:26:48 PM, Old: 550.00, New: 360.00
Zero Mode Changed: 8/19/2022 12:26:51 PM, Old:ON, New:Reading
Zero Mode Changed: 8/19/2022 12:26:51 PM, Old:Reading, New:ON
Scan mode: Changed: 8/19/2022 12:28:04 PM, Old:Excitation, New:Emission
Excitation Wavelength Changed: 8/19/2022 12:28:04 PM, Old: 240.00, New: 320.00
Emission Wavelength Changed: 8/19/2022 12:28:04 PM, Old: 380.00, New: 340.00
Stop Wavelength Changed: 8/19/2022 12:28:04 PM, Old: 360.00, New: 600.00
Zero Mode Changed: 8/19/2022 12:28:07 PM, Old:ON, New:Reading
Zero Mode Changed: 8/19/2022 12:28:07 PM, Old:Reading, New:ON
Emission Wavelength Changed: 8/19/2022 12:28:55 PM, Old: 340.00, New: 330.00
Zero Mode Changed: 8/19/2022 12:28:58 PM, Old:ON, New:Reading
Zero Mode Changed: 8/19/2022 12:28:58 PM, Old:Reading, New:ON
Scan mode: Changed: 8/19/2022 12:30:26 PM, Old:Emission, New:Excitation
Excitation Wavelength Changed: 8/19/2022 12:30:26 PM, Old: 320.00, New: 240.00
Emission Wavelength Changed: 8/19/2022 12:30:26 PM, Old: 330.00, New: 390.00
Stop Wavelength Changed: 8/19/2022 12:30:26 PM, Old: 600.00, New: 380.00
Zero Mode Changed: 8/19/2022 12:30:30 PM, Old:ON, New:Reading
Zero Mode Changed: 8/19/2022 12:30:30 PM, Old:Reading, New:ON
End Method Modifications

CdS 60sec ex325,
CdS 60sec ex325
Collection Time: 8/19/2022 12:31:24 PM
Operator Name  :
Scan Software Version: 1.1(132)
Parameter List :
Instrument                        Cary Eclipse
Instrument Serial Number          E08013467
Data mode                         Fluorescence
Scan mode                         Emission
X Mode                            Wavelength (nm)
Start (nm)                        335.00
Stop (nm)                         600.00
Ex. Wavelength (nm)               325.00
Ex. Slit (nm)                     5
Em. Slit (nm)                     5
Scan rate (nm/min)                600.00
Data interval (nm)                1.0000
Averaging Time (s)                0.1000
Excitation filter                 Auto
Emission filter                   Open
PMT voltage (V)                   Medium
Corrected spectra                 OFF
Method Log     :
Method Name    : Default
Date/Time stamp: 8/19/2022 12:24:03 PM
Method Modifications:
Scan mode: Changed: 8/19/2022 12:26:51 PM, Old:Emission, New:Excitation
Excitation Wavelength Changed: 8/19/2022 12:26:51 PM, Old: 350.00, New: 240.00
Emission Wavelength Changed: 8/19/2022 12:26:51 PM, Old: 400.00, New: 375.00
Stop Wavelength Changed: 8/19/2022 12:26:51 PM, Old: 600.00, New: 360.00
Zero Mode Changed: 8/19/2022 12:27:17 PM, Old:OFF, New:Reading
Zero Mode Changed: 8/19/2022 12:27:17 PM, Old:Reading, New:ON
Overlayed Graphs Changed: 8/19/2022 12:28:28 PM, Old:OFF, New:ON
Scan mode: Changed: 8/19/2022 12:28:47 PM, Old:Excitation, New:Emission
Excitation Wavelength Changed: 8/19/2022 12:28:47 PM, Old: 240.00, New: 310.00
Emission Wavelength Changed: 8/19/2022 12:28:47 PM, Old: 375.00, New: 320.00
Stop Wavelength Changed: 8/19/2022 12:28:47 PM, Old: 360.00, New: 600.00
Zero Mode Changed: 8/19/2022 12:28:52 PM, Old:ON, New:Reading
Zero Mode Changed: 8/19/2022 12:28:52 PM, Old:Reading, New:ON
Scan mode: Changed: 8/19/2022 12:30:14 PM, Old:Emission, New:Excitation
Excitation Wavelength Changed: 8/19/2022 12:30:14 PM, Old: 310.00, New: 240.00
Emission Wavelength Changed: 8/19/2022 12:30:14 PM, Old: 320.00, New: 380.00
Stop Wavelength Changed: 8/19/2022 12:30:14 PM, Old: 600.00, New: 370.00
Zero Mode Changed: 8/19/2022 12:30:18 PM, Old:ON, New:Reading
Zero Mode Changed: 8/19/2022 12:30:18 PM, Old:Reading, New:ON
Emission Wavelength Changed: 8/19/2022 12:31:06 PM, Old: 380.00, New: 385.00
Zero Mode Changed: 8/19/2022 12:31:08 PM, Old:ON, New:Reading
Zero Mode Changed: 8/19/2022 12:31:08 PM, Old:Reading, New:ON
Scan mode: Changed: 8/19/2022 12:32:05 PM, Old:Excitation, New:Emission
Excitation Wavelength Changed: 8/19/2022 12:32:05 PM, Old: 240.00, New: 315.00
Emission Wavelength Changed: 8/19/2022 12:32:05 PM, Old: 385.00, New: 325.00
Stop Wavelength Changed: 8/19/2022 12:32:05 PM, Old: 370.00, New: 600.00
Zero Mode Changed: 8/19/2022 12:32:08 PM, Old:ON, New:Reading
Zero Mode Changed: 8/19/2022 12:32:09 PM, Old:Reading, New:ON
Excitation Wavelength Changed: 8/19/2022 12:33:42 PM, Old: 315.00, New: 260.00
Emission Wavelength Changed: 8/19/2022 12:33:42 PM, Old: 325.00, New: 270.00
Stop Wavelength Changed: 8/19/2022 12:33:42 PM, Old: 600.00, New: 500.00
Zero Mode Changed: 8/19/2022 12:33:46 PM, Old:ON, New:Reading
Zero Mode Changed: 8/19/2022 12:33:46 PM, Old:Reading, New:ON
Scan mode: Changed: 8/19/2022 12:35:08 PM, Old:Emission, New:Excitation
Excitation Wavelength Changed: 8/19/2022 12:35:08 PM, Old: 260.00, New: 220.00
Emission Wavelength Changed: 8/19/2022 12:35:08 PM, Old: 270.00, New: 285.00
Stop Wavelength Changed: 8/19/2022 12:35:08 PM, Old: 500.00, New: 275.00
Zero Mode Changed: 8/19/2022 12:35:11 PM, Old:ON, New:Reading
Zero Mode Changed: 8/19/2022 12:35:11 PM, Old:Reading, New:ON
Cursor Peak Style Changed: 8/19/2022 12:39:15 PM, Old:Choice 0, New:Choice 1
Cursor Peak Style Changed: 8/19/2022 12:39:15 PM, Old:Valleys, New:Choice 2
Cursor Peak Style Changed: 8/19/2022 12:39:15 PM, Old:Peaks Valleys, New:Choice 0
Scan mode: Changed: 8/19/2022 12:54:32 PM, Old:Excitation, New:Emission
Excitation Wavelength Changed: 8/19/2022 12:54:32 PM, Old: 220.00, New: 310.00
Emission Wavelength Changed: 8/19/2022 12:54:32 PM, Old: 285.00, New: 320.00
Stop Wavelength Changed: 8/19/2022 12:54:32 PM, Old: 275.00, New: 600.00
Zero Mode Changed: 8/19/2022 12:54:35 PM, Old:ON, New:Reading
Zero Mode Changed: 8/19/2022 12:54:35 PM, Old:Reading, New:ON
Scan mode: Changed: 8/19/2022 12:58:24 PM, Old:Emission, New:Excitation
Excitation Wavelength Changed: 8/19/2022 12:58:24 PM, Old: 310.00, New: 240.00
Emission Wavelength Changed: 8/19/2022 12:58:24 PM, Old: 320.00, New: 375.00
Stop Wavelength Changed: 8/19/2022 12:58:24 PM, Old: 600.00, New: 360.00
Zero Mode Changed: 8/19/2022 12:58:28 PM, Old:ON, New:Reading
Zero Mode Changed: 8/19/2022 12:58:28 PM, Old:Reading, New:ON
Scan Control Changed: 8/19/2022 12:59:15 PM, Old:Medium, New:Slow
Ave. time (s): Changed: 8/19/2022 12:59:15 PM, Old:0.10000, New:0.50000
Zero Mode Changed: 8/19/2022 12:59:18 PM, Old:ON, New:Reading
Zero Mode Changed: 8/19/2022 12:59:18 PM, Old:Reading, New:ON
Scan mode: Changed: 8/19/2022 1:01:06 PM, Old:Excitation, New:Emission
Excitation Wavelength Changed: 8/19/2022 1:01:06 PM, Old: 240.00, New: 300.00
Emission Wavelength Changed: 8/19/2022 1:01:06 PM, Old: 375.00, New: 320.00
Stop Wavelength Changed: 8/19/2022 1:01:06 PM, Old: 360.00, New: 500.00
Zero Mode Changed: 8/19/2022 1:01:09 PM, Old:ON, New:Reading
Zero Mode Changed: 8/19/2022 1:01:10 PM, Old:Reading, New:ON
Scan mode: Changed: 8/19/2022 1:03:44 PM, Old:Emission, New:Excitation
Scan Control Changed: 8/19/2022 1:03:44 PM, Old:Slow, New:Medium
Ave. time (s): Changed: 8/19/2022 1:03:44 PM, Old:0.50000, New:0.10000
Excitation Wavelength Changed: 8/19/2022 1:03:44 PM, Old: 300.00, New: 240.00
Emission Wavelength Changed: 8/19/2022 1:03:44 PM, Old: 320.00, New: 385.00
Stop Wavelength Changed: 8/19/2022 1:03:44 PM, Old: 500.00, New: 360.00
Zero Mode Changed: 8/19/2022 1:03:48 PM, Old:ON, New:Reading
Zero Mode Changed: 8/19/2022 1:03:48 PM, Old:Reading, New:ON
Emission Wavelength Changed: 8/19/2022 1:04:23 PM, Old: 385.00, New: 380.00
Zero Mode Changed: 8/19/2022 1:04:25 PM, Old:ON, New:Reading
Zero Mode Changed: 8/19/2022 1:04:25 PM, Old:Reading, New:ON
Emission Wavelength Changed: 8/19/2022 1:04:58 PM, Old: 380.00, New: 375.00
Zero Mode Changed: 8/19/2022 1:05:00 PM, Old:ON, New:Reading
Zero Mode Changed: 8/19/2022 1:05:00 PM, Old:Reading, New:ON
Zero Mode Changed: 8/19/2022 1:05:27 PM, Old:ON, New:Reading
Zero Mode Changed: 8/19/2022 1:05:27 PM, Old:Reading, New:ON
Scan mode: Changed: 8/19/2022 1:07:14 PM, Old:Excitation, New:Emission
Excitation Wavelength Changed: 8/19/2022 1:07:14 PM, Old: 240.00, New: 300.00
Emission Wavelength Changed: 8/19/2022 1:07:14 PM, Old: 375.00, New: 320.00
Stop Wavelength Changed: 8/19/2022 1:07:14 PM, Old: 360.00, New: 550.00
Zero Mode Changed: 8/19/2022 1:07:16 PM, Old:ON, New:Reading
Zero Mode Changed: 8/19/2022 1:07:16 PM, Old:Reading, New:ON
Zero Mode Changed: 8/19/2022 1:11:08 PM, Old:ON, New:Reading
Zero Mode Changed: 8/19/2022 1:11:09 PM, Old:Reading, New:ON
Zero Mode Changed: 8/19/2022 1:13:19 PM, Old:ON, New:Reading
Zero Mode Changed: 8/19/2022 1:13:19 PM, Old:Reading, New:ON
Zero Mode Changed: 8/19/2022 12:25:40 PM, Old:ON, New:Reading
Zero Mode Changed: 8/19/2022 12:25:40 PM, Old:Reading, New:ON
Scan mode: Changed: 8/19/2022 12:26:48 PM, Old:Emission, New:Excitation
Excitation Wavelength Changed: 8/19/2022 12:26:48 PM, Old: 300.00, New: 240.00
Emission Wavelength Changed: 8/19/2022 12:26:48 PM, Old: 320.00, New: 380.00
Stop Wavelength Changed: 8/19/2022 12:26:48 PM, Old: 550.00, New: 360.00
Zero Mode Changed: 8/19/2022 12:26:51 PM, Old:ON, New:Reading
Zero Mode Changed: 8/19/2022 12:26:51 PM, Old:Reading, New:ON
Scan mode: Changed: 8/19/2022 12:28:04 PM, Old:Excitation, New:Emission
Excitation Wavelength Changed: 8/19/2022 12:28:04 PM, Old: 240.00, New: 320.00
Emission Wavelength Changed: 8/19/2022 12:28:04 PM, Old: 380.00, New: 340.00
Stop Wavelength Changed: 8/19/2022 12:28:04 PM, Old: 360.00, New: 600.00
Zero Mode Changed: 8/19/2022 12:28:07 PM, Old:ON, New:Reading
Zero Mode Changed: 8/19/2022 12:28:07 PM, Old:Reading, New:ON
Emission Wavelength Changed: 8/19/2022 12:28:55 PM, Old: 340.00, New: 330.00
Zero Mode Changed: 8/19/2022 12:28:58 PM, Old:ON, New:Reading
Zero Mode Changed: 8/19/2022 12:28:58 PM, Old:Reading, New:ON
Scan mode: Changed: 8/19/2022 12:30:26 PM, Old:Emission, New:Excitation
Excitation Wavelength Changed: 8/19/2022 12:30:26 PM, Old: 320.00, New: 240.00
Emission Wavelength Changed: 8/19/2022 12:30:26 PM, Old: 330.00, New: 390.00
Stop Wavelength Changed: 8/19/2022 12:30:26 PM, Old: 600.00, New: 380.00
Zero Mode Changed: 8/19/2022 12:30:30 PM, Old:ON, New:Reading
Zero Mode Changed: 8/19/2022 12:30:30 PM, Old:Reading, New:ON
Scan mode: Changed: 8/19/2022 12:31:14 PM, Old:Excitation, New:Emission
Excitation Wavelength Changed: 8/19/2022 12:31:14 PM, Old: 240.00, New: 325.00
Emission Wavelength Changed: 8/19/2022 12:31:14 PM, Old: 390.00, New: 335.00
Stop Wavelength Changed: 8/19/2022 12:31:14 PM, Old: 380.00, New: 600.00
Zero Mode Changed: 8/19/2022 12:31:16 PM, Old:ON, New:Reading
Zero Mode Changed: 8/19/2022 12:31:16 PM, Old:Reading, New:ON
End Method Modifications

