CdS sonochem 150min em420,,CdS sonochem 150min ex330,,CdS sonochem 150min em470,,CdS sonochem 150min ex355,,CdS sonochem 150min em520,,CdS sonochem 150min ex345,,CdS sonochem 150min ex345 slow,,CdS sonochem 150min em455 slow,,CdS sonochem 150min ex295,,CdS sonochem 150min em350,,
Wavelength (nm),Intensity (a.u.),Wavelength (nm),Intensity (a.u.),Wavelength (nm),Intensity (a.u.),Wavelength (nm),Intensity (a.u.),Wavelength (nm),Intensity (a.u.),Wavelength (nm),Intensity (a.u.),Wavelength (nm),Intensity (a.u.),Wavelength (nm),Intensity (a.u.),Wavelength (nm),Intensity (a.u.),Wavelength (nm),Intensity (a.u.),
240,-0.09719562531,340,-0.5364189148,240,0.6375732422,364.9200134,1.186527252,270,0.06416797638,354.9200134,1.081846237,354.9200134,-0.7624454498,240,0.3595838547,305,-0.1628684998,240,-0.2384591103,
240.9299927,-1.404256821,341.0700073,1.924125671,240.9299927,-0.08001232147,365.8399963,1.633367538,271.0700073,-0.2028608322,355.8399963,2.379861832,355.8399963,0.5904464722,240.9299927,0.09708404541,305.9299927,0.1459579468,240.9299927,-0.308113575,
242.0299988,-0.7900323868,342,5.159725189,242.0299988,-0.9225292206,366.9200134,2.828353882,272,-0.2542982101,356.9200134,3.010467529,356.9200134,1.961503983,242.0299988,-0.6442270279,307.0299988,1.02713871,242.0299988,-0.77283144,
242.9600067,-1.469704628,343.0700073,6.731376648,242.9600067,-1.015826225,367.8399963,3.221214294,273.0700073,-0.2682590485,357.8399963,4.661172867,357.8399963,4.022270203,242.9600067,-0.5932254791,307.9599915,2.813218117,242.9600067,-0.9800505638,
244.0599976,-0.994515419,344,11.24937057,244.0599976,-0.963637352,368.9200134,5.019601822,274,-0.5896999836,358.9200134,7.680633545,358.9200134,5.608997345,244.0599976,-0.559211731,309.0599976,3.925857544,244.0599976,-1.179171562,
245,-0.9290599823,345.0700073,15.3298378,245,-1.140090942,369.8399963,5.99297142,275.0700073,-0.7828075886,359.8399963,8.043701172,359.8399963,7.132169724,245,-0.4613132477,310,5.323760033,245,-0.8044786453,
245.9299927,-0.6428537369,346,16.8421402,245.9299927,-0.5341043472,370.9200134,8.20287323,276,-0.8956503868,360.9200134,10.77968597,360.9200134,8.843645096,245.9299927,-0.6193475723,311.0700073,6.4298563,245.9299927,-0.535466671,
247.0299988,-0.7225589752,347.0700073,22.88805771,247.0299988,-1.031708717,371.8399963,9.089221954,277.0700073,-1.086197853,361.8399963,10.61445427,361.8399963,10.95436859,247.0299988,-0.3751363754,312,7.595947266,247.0299988,-0.6975083351,
247.9600067,-1.252293587,348,24.7581749,247.9600067,-1.124135971,372.9200134,10.83831596,278,-0.5627307892,362.9200134,14.67682648,362.9200134,12.3882122,247.9600067,-0.6916780472,313.0700073,8.831338882,247.9600067,-0.3225045204,
249.0599976,-0.6889238358,349.0700073,30.0749321,249.0599976,-1.003147125,373.8399963,12.81750488,279.0700073,-0.357047081,363.8399963,15.03305817,363.8399963,14.45586205,249.0599976,-0.5901527405,314,9.421890259,249.0599976,0.06635570526,
250,-0.7814912796,350,33.41004562,250,-0.8327550888,374.9200134,14.99846077,280,0.3995437622,364.9200134,17.75246429,364.9200134,16.29871941,250,-0.400138855,315.0700073,11.23847008,250,-0.2054615021,
250.9299927,-0.5775403976,351.0700073,34.14490128,250.9299927,-0.9723596573,375.8399963,15.63787651,280.9299927,2.125071049,365.8399963,19.13067627,365.8399963,19.06259346,250.9299927,-0.3364419937,316,12.36069107,250.9299927,0.2656831741,
252.0299988,0.04738140106,352,38.30569077,252.0299988,-0.5703525543,376.9200134,18.57266617,282.0299988,5.447160244,366.9200134,23.02219391,366.9200134,21.064291,252.0299988,-0.3824291229,317.0700073,14.61322594,252.0299988,0.1793022156,
252.9600067,0.07724285126,353.0700073,41.38948441,252.9600067,-0.1512470245,377.8399963,20.40114212,282.9599915,9.427816391,367.8399963,24.24707413,367.8399963,23.56375313,252.9600067,-0.1188173294,318,16.05003166,252.9600067,0.7461380959,
254.0599976,0.5037374496,354,47.64575577,254.0599976,-0.4168558121,378.9200134,22.28980637,284.0599976,14.38306808,368.9200134,27.35022736,368.9200134,26.07348442,254.0599976,0.312743187,319.0700073,19.11285591,254.0599976,1.271483898,
255,0.8974533081,355.0700073,47.62440872,255,-0.1829385757,379.8399963,24.92751312,285,19.81767845,369.8399963,30.4830513,369.8399963,28.68111992,255,0.2782077789,320,21.19932938,255,1.450342655,
255.9299927,1.736420631,356,52.24074936,255.9299927,-0.2066898346,380.9200134,26.75815582,285.9299927,23.78697014,370.9200134,31.04811478,370.9200134,30.4281826,255.9299927,0.1906652451,320.9299927,25.74507904,255.9299927,1.640620708,
257.0299988,1.895537376,357.0700073,55.47980881,257.0299988,-1.123419762,381.8399963,28.68268585,287.0299988,28.82138824,371.8399963,33.18642426,371.8399963,32.85690308,257.0299988,0.1981658936,322.0299988,31.52290726,257.0299988,0.92445755,
257.9599915,1.543449402,358,57.8960762,257.9599915,-1.241835594,382.9200134,30.75172043,287.9599915,33.65860367,372.9200134,37.79225922,372.9200134,36.02042389,257.9599915,-0.05079650879,322.9599915,36.81142044,257.9599915,1.50303793,
259.0599976,1.035750389,359.0700073,65.80133057,259.0599976,-0.3464612961,383.8399963,32.34776688,289.0599976,38.65126801,373.8399963,38.78381348,373.8399963,37.59514618,259.0599976,-0.3121128082,324.0599976,42.82518005,259.0599976,1.682015896,
260,1.144227982,360,69.59742737,260,-0.6828937531,384.9200134,36.48349762,290,41.58552933,374.9200134,40.87558746,374.9200134,40.96640778,260,-0.7037210464,325,46.70101166,260,2.105201244,
260.9299927,0.6431808472,361.0700073,72.83000183,260.9299927,-1.087859154,385.8399963,37.14066696,290.9299927,46.17092133,375.8399963,44.16010666,375.8399963,43.11122131,260.9299927,-0.6715087891,325.9299927,54.55823517,260.9299927,2.176559925,
262.0299988,1.350240707,362,78.84049988,262.0299988,-1.202314377,386.9200134,41.09253311,292.0299988,49.72235107,376.9200134,45.60911942,376.9200134,45.26826477,262.0299988,-0.6701641083,327.0299988,61.35038376,262.0299988,1.758509159,
262.9599915,0.6736288071,363.0700073,81.73725891,262.9599915,-1.239993095,387.8399963,42.4459343,292.9599915,52.54130936,377.8399963,49.95918655,377.8399963,48.22127533,262.9599915,-0.6386928558,327.9599915,66.69880676,262.9599915,2.042412281,
264.0599976,1.030050278,364,86.66648865,264.0599976,-1.763568878,388.9200134,45.99901581,294.0599976,56.26607513,378.9200134,54.93498611,378.9200134,52.32427979,264.0599976,-0.5298433304,329.0599976,70.68591309,264.0599976,2.008512974,
265,1.684521675,365.0700073,91.16514587,265,-1.647360802,389.8399963,47.24710464,295,59.53551865,379.8399963,56.9308815,379.8399963,55.1936264,265,-0.5115995407,330,74.05342102,265,2.897372723,
265.9299927,0.9734792709,366,92.89067078,265.9299927,-1.950720787,390.9200134,50.89084625,295.9299927,64.48931122,380.9200134,59.64325333,380.9200134,58.37203217,265.9299927,-0.8432540894,331.0700073,77.89680481,265.9299927,3.013086796,
267.0299988,0.7654075623,367.0700073,97.96839905,267.0299988,-1.524958611,391.8399963,54.03968811,297.0299988,64.85042572,381.8399963,62.73109055,381.8399963,61.05187988,267.0299988,-1.274505615,332,80.25640869,267.0299988,2.942371845,
267.9599915,0.9260721207,368,100.3779297,267.9599915,-1.955048561,392.9200134,55.94742584,297.9599915,67.12962341,382.9200134,65.71260071,382.9200134,64.95217133,267.9599915,-1.403873444,333.0700073,84.18008423,267.9599915,2.905546665,
269.0599976,0.4735612869,369.0700073,105.3792419,269.0599976,-2.479076385,393.8399963,58.85040283,299.0599976,70.91275787,383.8399963,69.15917969,383.8399963,67.21609497,269.0599976,-1.889800072,334,88.11698914,269.0599976,2.566358089,
270,-0.3757410049,370,107.5999756,270,-3.329222202,394.9200134,63.48640442,300,70.23783112,384.9200134,73.24067688,384.9200134,71.55274963,270,-2.42227459,335.0700073,89.12266541,270,2.679151058,
271.0700073,-0.7975091934,371.0700073,109.9300232,271.0700073,-3.430184364,395.8399963,66.18068695,301.0700073,75.16478729,385.8399963,74.98077393,385.8399963,72.52698517,271.0700073,-2.886292458,336,90.48286438,271.0700073,2.405043125,
272,-1.282377243,372,113.9539337,272,-4.112683773,396.9200134,68.82215881,302,77.6009903,386.9200134,76.69250488,386.9200134,75.07154083,272,-3.133361816,337.0700073,95.42648315,272,1.761318684,
273.0700073,-1.641551971,373.0700073,116.7003784,273.0700073,-4.327336311,397.8399963,72.32766724,303.0700073,79.68826294,387.8399963,77.56721497,387.8399963,77.97211456,273.0700073,-3.508154869,338,96.45877075,273.0700073,1.483594418,
274,-2.28384304,374,120.2693024,274,-4.748662949,398.9200134,73.2142334,304,79.85269165,388.9200134,80.27217102,388.9200134,78.82096863,274,-3.907264709,339.0700073,100.1549225,274,1.091217518,
275.0700073,-2.831041336,375.0700073,118.848938,275.0700073,-4.634710789,399.8399963,74.8634491,305.0700073,82.58937836,389.8399963,80.42938232,389.8399963,82.01841736,275.0700073,-4.612797737,340,101.2856903,275.0700073,1.121824265,
276,-3.728912354,376,124.125412,276,-5.374631405,400.9200134,78.59799957,306,84.86727142,390.9200134,83.36323547,390.9200134,84.27811432,276,-4.931817055,341.0700073,104.1581116,276,0.7187933922,
277.0700073,-3.921761513,377.0700073,124.5776215,277.0700073,-5.39389801,401.8399963,79.24812317,307.0700073,86.30435181,391.8399963,85.60865784,391.8399963,84.71367645,277.0700073,-5.139162064,342,104.5827484,277.0700073,1.038570881,
278,-4.319420815,378,126.3665009,278,-5.641283035,402.9200134,82.25065613,308,88.15997314,392.9200134,87.7543335,392.9200134,86.9216156,278,-5.520951271,343.0700073,109.6396179,278,1.189479351,
279.0700073,-4.548594475,379.0700073,129.3981476,279.0700073,-5.17198658,403.8399963,85.49412537,309.0700073,88.53915405,393.8399963,92.9881897,393.8399963,88.51248932,279.0700073,-5.381995678,344,112.4871521,279.0700073,3.275016308,
280,-3.968522072,380,131.5596313,280,-4.155797958,404.9200134,85.31557465,310,90.3482132,394.9200134,92.09368896,394.9200134,91.10469055,280,-4.902689934,345.0700073,113.0145569,280,5.082699299,
280.9299927,-3.754070282,381.0700073,133.098938,280.9299927,-3.631563187,405.8399963,87.09841156,311.0700073,93.40563202,395.8399963,95.52778625,395.8399963,92.60248566,280.9299927,-3.429853439,346,114.6427612,280.9299927,10.3198185,
282.0299988,-0.9887886047,382,133.7964935,282.0299988,-0.9809951782,406.9200134,92.67760468,312,93.82597351,396.9200134,97.46940613,396.9200134,95.66107941,282.0299988,-0.9485206604,347.0700073,116.3396606,282.0299988,17.6885891,
282.9599915,2.233683586,383.0700073,133.5773773,282.9599915,2.02421093,407.8399963,92.61869812,313.0700073,95.15354156,397.8399963,96.86528015,397.8399963,97.23536682,282.9599915,2.021055222,348,116.0783081,282.9599915,24.97131538,
284.0599976,6.97733593,384,136.2950134,284.0599976,6.786395073,408.9200134,94.93843079,314,97.25138092,398.9200134,101.2677612,398.9200134,99.45393372,284.0599976,5.953623772,349.0700073,117.2900543,284.0599976,38.47496796,
285,12.25953007,385.0700073,137.6098175,285,10.56202602,409.8399963,98.96361542,315.0700073,97.77874756,399.8399963,105.1515656,399.8399963,101.5699615,285,10.35975552,350,117.8792419,285,47.405159,
285.9299927,16.05847168,386,141.0653992,285.9299927,13.9739542,410.8999939,99.53833771,316,100.9085846,400.9200134,105.1118622,400.9200134,103.8921204,285.9299927,14.11700344,351.0700073,118.6314392,285.9299927,56.49611282,
287.0299988,21.64552307,387.0700073,138.5338898,287.0299988,18.85227585,411.9599915,103.3705978,317.0700073,98.48097229,401.8399963,107.4417114,401.8399963,105.4926071,287.0299988,18.8025589,352,118.9089508,287.0299988,70.82608032,
287.9599915,27.02569199,388,143.3215942,287.9599915,22.1577034,412.8699951,104.7883224,318,101.1782455,402.9200134,109.1869659,402.9200134,106.5220566,287.9599915,23.00269318,353.0700073,121.9454651,287.9599915,78.42115021,
289.0599976,32.56834412,389.0700073,143.006485,289.0599976,27.11991882,413.9299927,106.1930771,319.0700073,102.5534744,403.8399963,109.0015106,403.8399963,107.8646774,289.0599976,27.58468628,354,121.1122894,289.0599976,90.14002991,
290,37.08675003,390,141.8722229,290,29.91521835,414.8399963,107.2742691,320,103.8822556,404.9200134,112.5774384,404.9200134,110.554718,290,30.57555771,355.0700073,120.5161743,290,96.88681793,
290.9299927,39.89910126,391.0700073,143.9536896,290.9299927,33.26657486,415.8999939,111.2511978,320.9299927,104.0931091,405.8399963,114.6197662,405.8399963,113.6570587,290.9299927,33.66015244,356,120.0126953,290.9299927,102.4591904,
292.0299988,47.58298111,392,144.9628906,292.0299988,38.51835251,416.9599915,113.3234787,322.0299988,105.39711,406.9200134,116.6364288,406.9200134,114.1416626,292.0299988,37.80439758,357.0700073,118.8669891,292.0299988,106.2459946,
292.9599915,51.75667953,393.0700073,145.9194489,292.9599915,40.68454361,417.8699951,115.464653,322.9599915,106.0933456,407.8399963,119.7816772,407.8399963,116.1481781,292.9599915,41.85881805,358,120.464325,292.9599915,111.3258438,
294.0599976,57.77556229,394,146.6026764,294.0599976,44.74230194,418.9299927,116.2950211,324.0599976,107.0916443,408.9200134,120.0136261,408.9200134,116.5002899,294.0599976,46.19287872,359.0700073,121.0840454,294.0599976,116.0417786,
295,61.95492172,395.0700073,144.1290894,295,48.61703873,419.8399963,118.549675,325,108.4365234,409.8399963,119.1733246,409.8399963,118.6535034,295,50.17790222,360,121.0876617,295,119.6044998,
295.9299927,65.52083588,396,146.7034302,295.9299927,51.82398224,420.9200134,120.6917496,325.9299927,109.1584396,410.8999939,119.6606903,410.8999939,119.1267395,295.9299927,53.03536606,361.0700073,122.1687775,295.9299927,124.0021362,
297.0299988,72.11492157,397.0700073,143.3145752,297.0299988,54.26215363,421.8399963,120.8886185,327.0299988,107.8454132,411.9599915,121.6768036,411.9599915,120.95755,297.0299988,56.39103317,362,121.5160828,297.0299988,127.9912567,
297.9599915,76.03959656,398,143.0271149,297.9599915,56.41986847,422.9200134,122.5452042,327.9599915,107.8252258,412.8699951,123.3983002,412.8699951,122.8374023,297.9599915,59.11933517,363.0700073,122.9828949,297.9599915,128.3397827,
299.0599976,80.89933014,399.0700073,144.7809448,299.0599976,59.2999115,423.8399963,123.0145798,329.0599976,114.0911636,413.9299927,123.526413,413.9299927,124.3179169,299.0599976,62.28535843,364,121.9211426,299.0599976,132.6715698,
300,82.95025635,400,143.559906,300,61.45767212,424.9200134,124.3222275,330,110.6146545,414.8399963,125.6616669,414.8399963,125.7955475,300,63.48257065,365.0700073,122.9653015,300,131.3226624,
301.0700073,88.23505402,401.0700073,140.6931458,301.0700073,66.14793396,425.8399963,125.1403732,331.0700073,114.8412399,415.8999939,127.0100098,415.8999939,125.9141541,301.0700073,67.65810394,366,122.6825714,301.0700073,133.7960663,
302,93.2305603,402,140.877243,302,66.2467041,426.9200134,126.4366989,332,110.4942474,416.9599915,130.1314545,416.9599915,128.4263153,302,70.44368744,367.0700073,121.6096802,302,131.1394806,
303.0700073,97.25506592,403.0700073,138.9347687,303.0700073,69.41259003,427.8399963,125.7734299,333.0700073,114.0252228,417.8699951,132.1786346,417.8699951,129.3205109,303.0700073,73.64350128,368,119.1372986,303.0700073,131.6564789,
304,100.8921356,404,143.4924927,304,69.91619873,428.9200134,127.129097,334,115.0898361,418.9299927,130.5733337,418.9299927,130.6748199,304,76.84661102,369.0700073,121.2024536,304,131.0732574,
305.0700073,104.6395569,405.0700073,139.406189,305.0700073,74.37568665,429.8399963,127.7248306,335.0700073,117.0547791,419.8399963,132.2501831,419.8399963,130.652298,305.0700073,79.38564301,370,119.5096436,305.0700073,130.5219727,
306,109.2851639,406,141.0635986,306,78.00363922,430.8999939,128.2859802,336,118.7571793,420.9200134,134.122345,420.9200134,131.7642975,306,82.10930634,371.0700073,119.9599152,306,127.4571533,
307.0700073,110.973877,407.0700073,139.1654816,307.0700073,80.3417511,431.9599915,131.5195007,337.0700073,118.1537857,421.8399963,134.9762726,421.8399963,133.4801788,307.0700073,84.21331024,372,116.9415283,307.0700073,124.4541779,
308,114.7598495,408,140.4272308,308,83.2106781,432.8699951,133.3606873,338,117.6847,422.9200134,133.45784,422.9200134,133.1203461,308,87.3311615,373.0700073,116.4085083,308,122.7787476,
309.0700073,119.4914169,409.0700073,137.2717743,309.0700073,84.76848602,433.9299927,131.1128235,339.0700073,121.2166443,423.8399963,136.6414948,423.8399963,133.5616302,309.0700073,88.93680573,374,115.7964935,309.0700073,122.6858673,
310,123.1813583,410,139.0579071,310,85.5100174,434.8399963,131.1163635,340,120.8711319,424.9200134,134.6248322,424.9200134,134.2312164,310,91.68814087,375.0700073,114.9937134,310,119.6567764,
311.0700073,128.5321808,411.0599976,134.923233,311.0700073,88.72036743,435.8999939,130.5876465,341.0700073,121.1193314,425.8399963,135.5874939,425.8399963,134.0110931,311.0700073,92.68679047,376,113.2605591,311.0700073,118.3988342,
312,128.1835632,411.9599915,137.4654694,312,89.9940033,436.9599915,130.1879272,342,120.3861847,426.9200134,132.5096283,426.9200134,135.5856018,312,93.9981308,377.0700073,113.5368652,312,117.3956604,
313.0700073,130.634201,413.0299988,134.1459961,313.0700073,90.31269073,437.8699951,134.1288757,343.0700073,122.2771912,427.8399963,137.4260559,427.8399963,134.7762299,313.0700073,96.47693634,378,112.7518005,313.0700073,113.9936218,
314,133.690979,413.9299927,134.6822205,314,95.20959473,438.9299927,131.741333,344,123.1109467,428.9200134,134.8593597,428.9200134,135.506424,314,97.70639038,379.0700073,112.8655243,314,111.9387817,
315.0700073,135.8862457,415,134.0927887,315.0700073,93.57892609,439.8399963,131.4890747,345.0700073,125.2401276,429.8399963,137.4238129,429.8399963,134.778656,315.0700073,100.2294159,380,108.6469116,315.0700073,108.3918762,
316,134.7917175,416.0599976,133.1064758,316,95.07878113,440.8999939,134.5804138,346,128.105896,430.8999939,137.8483124,430.8999939,134.6330719,316,101.3163147,381.0700073,108.986145,316,103.9702835,
317.0700073,137.2511902,416.9599915,133.7523651,317.0700073,95.66191101,441.9599915,134.5515137,347.0700073,122.6421356,431.9599915,134.2518463,431.9599915,134.2290802,317.0700073,103.8393936,382,106.5674438,317.0700073,100.5065536,
318,139.010437,418.0299988,132.617218,318,99.24505615,442.8699951,134.5982971,348,125.0518341,432.8699951,135.2040405,432.8699951,133.4058685,318,104.4273529,383.0700073,107.8851776,318,96.30793762,
319.0700073,140.8241882,418.9299927,130.1704559,319.0700073,96.54177856,443.9299927,132.1872253,349.0700073,127.2007751,433.9299927,135.2305908,433.9299927,132.9643097,319.0700073,106.3453293,384,105.5823975,319.0700073,91.42823029,
320,142.5028839,420,128.5299377,320,102.5233841,444.8399963,133.5328064,350,124.4959106,434.8399963,136.0565948,434.8399963,134.0058594,320,107.9933548,385.0700073,104.3385925,320,88.87926483,
320.9299927,140.0627594,421.0700073,127.7938232,320.9299927,102.8385086,445.8999939,134.1471863,351.0700073,123.7389832,435.8999939,134.8975983,435.8999939,134.2778015,320.9299927,109.6643219,386,103.0371399,320.9299927,83.47122955,
322.0299988,143.1628265,422,126.7342987,322.0299988,105.8908463,446.9599915,136.6059875,352,124.9016571,436.9599915,133.6764374,436.9599915,134.0848999,322.0299988,110.7219467,387.0700073,103.260025,322.0299988,80.57229614,
322.9599915,146.8652039,423.0700073,123.9696655,322.9599915,104.5673904,447.8699951,136.2723389,353.0700073,123.7262878,437.8699951,134.6669922,437.8699951,134.3396759,322.9599915,111.8223267,388,103.8456116,322.9599915,77.53860474,
324.0599976,144.8048401,424,125.3431244,324.0599976,107.461792,448.9299927,138.0028076,354,125.0437622,438.9299927,135.6927032,438.9299927,133.6590881,324.0599976,113.5888214,389.0700073,99.75700378,324.0599976,77.99324799,
325,146.9176483,425.0700073,124.8734589,325,108.6245193,449.8399963,136.8676453,355.0700073,121.938324,439.8399963,135.6066437,439.8399963,132.978302,325,115.4591217,390,100.7618713,325,75.58228302,
325.9299927,145.0520477,426,123.2303009,325.9299927,111.1522827,450.8999939,136.3100281,356,123.2001572,440.8999939,134.9815063,440.8999939,133.7072754,325.9299927,116.3769379,391.0700073,99.68371582,325.9299927,72.50978088,
327.0299988,147.1309052,427.0700073,122.902298,327.0299988,111.2478638,451.9599915,137.9571228,357.0700073,123.2402878,441.9599915,135.7102814,441.9599915,133.7125854,327.0299988,117.8509674,392,96.5291748,327.0299988,71.11416626,
327.9599915,149.7066956,428,118.747406,327.9599915,111.0344391,452.8699951,137.0522156,358,122.8864899,442.8699951,133.5239105,442.8699951,132.4597778,327.9599915,119.0859375,393.0700073,95.95475769,327.9599915,67.28077698,
329.0599976,150.3535309,429.0700073,119.2404633,329.0599976,110.4663239,453.9299927,141.0749512,359.0700073,120.4945526,443.9299927,134.0422668,443.9299927,132.8106995,329.0599976,119.881012,394,94.27851868,329.0599976,64.97784424,
330,147.3343048,430,116.6054993,330,115.2303467,454.8399963,139.3235168,360,120.6556168,444.8399963,134.381424,444.8399963,133.4731293,330,121.2541656,395.0700073,92.28128052,330,58.47739029,
331.0700073,147.1405334,431.0599976,117.9156189,331.0700073,116.5170746,455.8999939,139.1505127,361.0700073,120.2099991,445.8999939,132.9396667,445.8999939,133.844986,331.0700073,123.3109131,396,92.38357544,331.0700073,52.82690811,
332,149.6234894,431.9599915,114.0523224,332,117.3809662,456.9599915,141.2233276,362,119.6412582,446.9599915,135.0029755,446.9599915,134.1927948,332,124.853302,397.0700073,92.60830688,332,47.32697678,
333.0700073,151.582901,433.0299988,112.1390839,333.0700073,120.798111,457.8699951,138.6978455,363.0700073,118.1469345,447.8699951,135.5570221,447.8699951,133.8712006,333.0700073,125.9972229,398,89.26495361,333.0700073,42.81144333,
334,147.4438934,433.9299927,115.2725983,334,121.8926086,458.9299927,140.432251,364,116.766571,448.9299927,133.6147766,448.9299927,133.5901947,334,126.9107361,399.0700073,89.53735352,334,39.46556091,
335.0700073,147.3649902,435,108.836731,335.0700073,121.4926758,459.8399963,139.2362366,365.0700073,117.3091278,449.8399963,135.534256,449.8399963,133.9394379,335.0700073,128.0017548,400,88.01010132,335.0700073,35.17726898,
336,146.5936279,436.0599976,107.343338,336,121.6782227,460.8999939,138.7793884,366,115.0311356,450.8999939,136.9350281,450.8999939,134.3102264,336,129.1490021,401.0700073,87.04399109,336,28.76589394,
337.0700073,145.6446991,436.9599915,108.6780853,337.0700073,124.5162048,461.9599915,139.8721619,367.0700073,111.6334686,451.9599915,135.5119476,451.9599915,133.2576904,337.0700073,130.7002106,402,86.20977783,337.0700073,25.50322533,
338,146.1437073,438.0299988,110.3835754,338,127.2384491,462.8699951,138.0282288,368,110.8286896,452.8699951,134.1380463,452.8699951,134.6517944,338,131.7976227,403.0700073,83.3021698,338,22.45035362,
339.0700073,141.8773804,438.9299927,106.1261292,339.0700073,126.250824,463.9299927,139.6967773,369.0700073,109.0883484,453.9299927,135.7171021,453.9299927,134.7563324,339.0700073,132.929657,404,83.63516235,339.0700073,18.7659359,
340,140.5434875,440,103.7270355,340,127.6981659,464.8399963,140.371521,370,109.6087265,454.8399963,135.6095123,454.8399963,135.0069427,340,135.0028839,405.0700073,82.15214539,340,15.59924889,
341.0700073,136.8726196,441.0599976,104.0706177,341.0700073,131.236557,465.8999939,137.8779297,371.0700073,108.2828827,455.8999939,135.9098511,455.8999939,133.6605835,341.0700073,136.5279236,406,82.32209778,,,
342,135.1108704,441.9599915,104.5769501,342,132.9376831,466.9599915,137.0170593,372,104.9480133,456.9599915,136.445755,456.9599915,134.7965088,342,137.0385437,407.0700073,80.8822937,,,
343.0700073,137.7003479,443.0299988,103.3200531,343.0700073,134.5699615,467.8699951,135.8208008,373.0700073,103.9206619,457.8699951,134.2033997,457.8699951,134.9456024,343.0700073,139.0813293,408,79.11741638,,,
344,135.9631348,443.9299927,104.0578613,344,135.2710419,468.9299927,137.0301514,374,101.4716492,458.9299927,134.0491486,458.9299927,133.9685974,344,140.2017059,409.0700073,77.15734863,,,
345.0700073,133.4738007,445,103.873764,345.0700073,135.6182709,469.8399963,134.6073303,375.0700073,100.1133194,459.8399963,135.6170959,459.8399963,134.7859802,345.0700073,140.4266968,410,77.75752258,,,
346,132.5331116,446.0599976,103.9302979,346,136.5373383,470.8999939,133.4333191,376,98.94360352,460.8999939,134.7647705,460.8999939,134.8655396,346,141.6389465,411.0599976,77.97412109,,,
347.0700073,131.5570831,446.9599915,100.4057617,347.0700073,136.9581146,471.9599915,132.210083,377.0700073,95.78617859,461.9599915,134.2517853,461.9599915,134.0937958,347.0700073,143.053421,411.9599915,75.82376099,,,
348,130.944931,448.0299988,100.6879883,348,139.5412903,472.8699951,132.0570068,378,96.1160965,462.8699951,135.146698,462.8699951,132.8119659,348,143.2749786,413.0299988,74.86341858,,,
349.0700073,128.2732544,448.9299927,100.6570129,349.0700073,138.2143707,473.9299927,132.7615051,379.0700073,92.76402283,463.9299927,132.5610199,463.9299927,133.0742645,349.0700073,142.7984009,413.9299927,74.83106995,,,
350,125.8530807,450,102.944046,350,138.9502869,474.8399963,132.3909912,380,92.83253479,464.8399963,132.1212158,464.8399963,133.0446472,350,142.3932648,415,72.21304321,,,
351.0700073,126.9437027,451.0599976,99.43760681,351.0700073,139.4623871,475.8999939,129.5580139,381.0700073,87.84527588,465.8999939,132.6206512,465.8999939,131.8308105,351.0700073,144.2733307,416.0599976,73.26765442,,,
352,122.5810776,451.9599915,101.0723267,352,140.4118958,476.9599915,129.259613,382,87.11613464,466.9599915,130.6607208,466.9599915,130.7951813,352,143.3509827,416.9599915,70.83984375,,,
353.0700073,121.4983444,453.0299988,99.2255249,353.0700073,140.1970215,477.8699951,129.594696,383.0700073,85.08004761,467.8699951,132.5214233,467.8699951,129.5046692,353.0700073,142.8059998,418.0299988,70.18862915,,,
354,117.4946671,453.9299927,97.072052,354,139.1033173,478.9299927,129.4627991,384,83.53699493,468.9299927,132.3153839,468.9299927,129.007309,354,141.3790741,418.9299927,69.90245056,,,
355.0700073,119.4237289,455,99.14292908,355.0700073,140.9398499,479.8399963,126.3945999,385.0700073,82.01396179,469.8399963,131.5129395,469.8399963,128.8003387,355.0700073,142.8933258,420,68.5493927,,,
356,114.4341202,456.0599976,99.16943359,356,138.1303711,480.8999939,125.5300674,386,79.3236084,470.8999939,128.0727386,470.8999939,127.1157379,356,141.381546,421.0700073,67.82803345,,,
357.0700073,113.3987122,456.9599915,99.1330719,357.0700073,138.6265259,481.9599915,126.5680923,387.0700073,77.68019104,471.9599915,127.8357239,471.9599915,126.9434052,357.0700073,139.6372681,422,68.01263428,,,
358,110.127739,458.0299988,95.27107239,358,137.3033447,482.8699951,126.5694199,388,76.90810394,472.8699951,128.2601624,472.8699951,127.6540985,358,139.0832825,423.0700073,66.5778656,,,
359.0700073,107.1714249,458.9299927,97.44662476,359.0700073,136.8449402,483.9299927,125.5549393,389.0700073,73.94699097,473.9299927,126.3866272,473.9299927,124.5616913,359.0700073,138.8653259,424,65.93228149,,,
360,108.3253937,460,96.75892639,360,135.6280365,484.8399963,122.097908,390,73.58042145,474.8399963,125.2856445,474.8399963,125.0007629,360,137.9462738,425.0700073,65.2008667,,,
361.0700073,105.5305023,461.0599976,98.63562012,361.0700073,135.5219727,485.8999939,122.7148972,391.0599976,71.31692505,475.8999939,124.3026733,475.8999939,124.0687103,361.0700073,135.8757782,426,64.1680603,,,
362,103.1278381,461.9599915,97.43069458,362,132.2462616,486.9599915,118.2075577,391.9599915,70.27013397,476.9599915,125.9226837,476.9599915,123.4988098,362,135.0289459,427.0700073,64.61564636,,,
363.0700073,100.0317001,463.0299988,94.23474121,363.0700073,134.8198242,487.8699951,119.4258652,393.0299988,69.806427,477.8699951,122.2473145,477.8699951,121.6120605,363.0700073,133.5796661,428,61.71114731,,,
364,98.29026794,463.9299927,93.73815918,364,131.0160522,488.9299927,117.5243759,393.9299927,68.13991547,478.9299927,122.9593811,478.9299927,122.2438812,364,132.1194,429.0700073,62.23813248,,,
365.0700073,95.5358963,465,92.21466064,365.0700073,128.4640808,489.8399963,117.0835495,395,66.70182037,479.8399963,121.6065369,479.8399963,119.9510651,365.0700073,130.0598907,430,60.65673447,,,
366,92.97943878,466.0599976,92.76567078,366,126.780838,490.8900146,116.481102,396.0599976,64.57568359,480.8999939,118.6572876,480.8999939,119.127243,366,126.2108154,431.0599976,59.78422928,,,
367.0700073,90.60530853,466.9599915,93.57989502,367.0700073,124.1439056,491.9400024,115.8226852,396.9599915,63.95719528,481.9599915,119.2966003,481.9599915,118.3804321,367.0700073,124.5278778,431.9599915,61.20978165,,,
368,86.38519287,468.0299988,93.37542725,368,123.0756836,492.980011,113.149353,398.0299988,63.40587997,482.8699951,117.8104858,482.8699951,117.3846283,368,121.6048431,433.0299988,59.53469467,,,
369.0700073,83.64538574,468.9299927,91.43161011,369.0700073,119.4354401,493.8800049,112.7799835,398.9299927,61.61458969,483.9299927,117.389679,483.9299927,115.0038147,369.0700073,119.0757294,433.9299927,58.80326462,,,
370,83.81588745,470,91.14680481,370,121.1213531,494.9200134,114.6765671,400,59.49129105,484.8399963,115.1882629,484.8399963,115.6771698,370,119.603714,435,58.08825302,,,
371.0700073,80.94561768,471.0599976,91.77520752,371.0700073,116.2663651,495.9700012,112.626236,401.0700073,59.16730881,485.8999939,113.9288025,485.8999939,113.6442566,371.0700073,116.6454315,436.0599976,58.02392197,,,
372,78.8216629,471.9599915,87.61656189,372,113.6982346,496.8599854,112.912674,402,57.59202194,486.9599915,116.8548431,486.9599915,114.2431183,372,113.7158051,436.9599915,59.00432205,,,
373.0700073,74.40357208,473.0299988,87.67214966,373.0700073,111.1350632,497.9100037,111.9410019,403.0700073,57.86859512,487.8699951,112.7705841,487.8699951,112.1932526,373.0700073,109.9780884,438.0299988,55.37558746,,,
374,70.83614349,473.9299927,88.32832336,374,109.2199936,498.9500122,110.2971725,404,56.5980072,488.9299927,112.9184265,488.9299927,111.4366455,374,107.195549,438.9299927,56.47111893,,,
375.0700073,66.95524597,475,87.95504761,375.0700073,105.5464401,499.8500061,111.730423,405.0700073,56.13354874,489.8399963,111.8536377,489.8399963,109.6903534,375.0700073,104.4465866,440,56.96519089,,,
376,64.77314758,476.0599976,84.67558289,376,103.4672165,500.8900146,109.0117264,406,55.25965881,490.8900146,108.5007324,490.8900146,108.596611,376,101.9997101,441.0599976,55.28094101,,,
377.0700073,61.94429398,476.9599915,84.51852417,377.0700073,101.1824341,501.9400024,108.2586594,407.0700073,54.99723434,491.9400024,110.1496887,491.9400024,108.6774979,377.0700073,99.60280609,441.9599915,55.51831818,,,
378,60.02917099,478.0299988,84.47581482,378,98.82151031,502.980011,110.6431274,408,53.66960907,492.980011,110.5177002,492.980011,108.3276749,378,96.52313232,443.0299988,55.11008453,,,
379.0700073,55.87532425,478.9299927,83.53868103,379.0700073,95.64645386,503.8800049,110.3633881,409.0700073,52.73639679,493.8800049,109.1233673,493.8800049,107.3888855,379.0700073,93.26799774,443.9299927,54.23263931,,,
380,53.71609116,480,83.93515015,380,93.76973724,504.9200134,110.5961838,410,52.63072586,494.9200134,107.1004639,494.9200134,107.1187286,380,90.50432587,445,54.44462967,,,
381.0700073,50.67026138,481.0599976,81.0874939,381.0700073,90.13322449,505.9700012,109.98629,411.0599976,51.97428513,495.9700012,106.8981934,495.9700012,105.7298737,381.0700073,87.01602173,446.0599976,53.75751114,,,
382,48.27245712,481.9599915,82.64442444,382,86.45231628,506.8599854,109.6964645,411.9599915,51.01918411,496.8599854,106.9519348,496.8599854,106.0965195,382,83.72053528,446.9599915,55.93697739,,,
383.0700073,44.52095032,483.0299988,81.85372925,383.0700073,83.6584549,507.9100037,112.6966705,413.0299988,50.28618622,497.9100037,107.1091766,497.9100037,104.7034454,383.0700073,80.37969971,448.0299988,54.6779213,,,
384,43.39496994,483.9299927,78.59829712,384,80.56164551,508.9500122,111.2061691,413.9299927,50.31849289,498.9500122,104.6228333,498.9500122,104.1600494,384,77.20828247,448.9299927,54.04103088,,,
385.0700073,41.34749985,485,78.9657135,385.0700073,79.05595398,509.8500061,111.9259491,415,49.67399597,499.8500061,105.5014038,499.8500061,104.092865,385.0700073,75.00374603,450,54.0305748,,,
386,39.54551315,486.0599976,76.73414612,386,75.12606049,510.8999939,113.7201004,416.0599976,48.625,500.8900146,104.6564636,500.8900146,104.2818527,386,72.16659546,451.0599976,52.78465652,,,
387.0700073,35.04692078,486.9599915,75.76651001,387.0700073,73.46451569,511.9599915,113.2959061,416.9599915,48.51979446,501.9400024,106.758606,501.9400024,104.5687408,387.0700073,69.25923157,451.9599915,52.8978157,,,
388,33.45087814,488.0299988,75.01274109,388,69.6208725,512.8699951,114.0170364,418.0299988,48.79341125,502.980011,103.2475128,502.980011,103.5733414,388,66.82676697,453.0299988,53.56364441,,,
389.0700073,32.49795914,488.9299927,75.21676636,389.0700073,67.53603363,513.9299927,113.5283279,418.9299927,48.01290512,503.8800049,104.5486603,503.8800049,105.0319824,389.0700073,64.15979767,453.9299927,53.86997223,,,
390,28.36968613,490,72.64717102,390,65.3646698,514.8400269,114.6957169,420,48.2383461,504.9200134,106.38974,504.9200134,102.6043015,390,61.9662056,455,52.75997543,,,
391.0599976,27.69987488,491.0400085,72.94491577,391.0599976,63.21255493,515.9000244,113.7270737,421.0700073,47.91260529,505.9700012,106.1140747,505.9700012,104.173111,391.0599976,59.36316299,456.0599976,53.16636276,,,
391.9599915,26.07896805,491.9400024,75.56370544,391.9599915,60.89511871,516.960022,115.5477982,422,48.03636551,506.8599854,105.411026,506.8599854,104.464592,391.9599915,57.73944473,456.9599915,53.58475113,,,
393.0299988,23.76215363,492.980011,74.78131104,393.0299988,58.74633789,517.8699951,115.2513351,423.0700073,47.64270401,507.9100037,106.7878723,507.9100037,105.2749329,393.0299988,55.58110428,458.0299988,53.54140091,,,
393.9299927,22.83004761,494.019989,72.7318573,393.9299927,56.5322113,518.9299927,112.3865891,424,47.44878006,508.9500122,109.3678131,508.9500122,106.2321548,393.9299927,53.22613907,458.9299927,52.80531693,,,
395,21.26092148,495.0700073,72.74139404,395,55.08055115,519.8400269,115.0601578,425.0700073,46.459198,509.8500061,108.3204498,509.8500061,107.5228195,395,51.57105255,460,50.78733826,,,
396.0599976,18.37773895,495.9700012,70.00862122,396.0599976,52.30825424,520.8900146,114.5270309,426,46.8886795,510.8999939,110.3214722,510.8999939,107.0460587,396.0599976,49.54860306,461.0599976,52.26010895,,,
396.9599915,17.85599899,497.0100098,72.23945618,396.9599915,51.0991478,521.9400024,114.7377701,427.0700073,45.7063446,511.9599915,108.5486755,511.9599915,107.4233246,396.9599915,47.96695709,461.9599915,52.56808472,,,
398.0299988,15.13252354,498.0499878,71.56237793,398.0299988,49.47074509,522.9799805,111.9062958,428,44.78962708,512.8699951,111.9140015,512.8699951,109.3561707,398.0299988,46.10904694,463.0299988,52.44577789,,,
398.9299927,13.89833736,498.9500122,71.22317505,398.9299927,47.20364761,523.8800049,112.1369858,429.0700073,45.54919052,513.9299927,112.9333954,513.9299927,109.4021988,398.9299927,44.6833725,463.9299927,51.43959427,,,
400,13.03821087,500,70.28164673,400,45.59791183,524.9199829,111.4813156,430,45.43554306,514.8400269,110.2252808,514.8400269,109.629364,400,42.66409302,465,51.19707489,,,
401.0700073,10.44892406,501.0400085,71.18925476,401.0700073,43.70999146,525.9699707,108.9530716,431.0599976,43.96188736,515.9000244,111.9053192,515.9000244,110.3128967,401.0700073,40.54006577,466.0599976,51.67133331,,,
402,9.639739037,501.9400024,69.42327881,402,41.85754776,526.8599854,109.3321686,431.9599915,44.10226059,516.960022,111.6295624,516.960022,110.1235352,402,39.29866791,466.9599915,50.8692131,,,
403.0700073,7.733557701,502.980011,71.80297852,403.0700073,41.46403503,527.9099731,108.8019485,433.0299988,43.81433868,517.8699951,112.4624939,517.8699951,109.9168396,403.0700073,37.34542084,468.0299988,51.52975082,,,
404,7.29103756,504.019989,69.89363098,404,39.52074432,528.9500122,106.1537247,433.9299927,43.43518829,518.9299927,113.2788239,518.9299927,111.1313171,404,35.30609131,468.9299927,50.85386658,,,
405.0700073,6.35176754,505.0700073,72.77073669,405.0700073,38.61070251,529.8499756,104.2382584,435,43.12600708,519.8400269,113.4313965,519.8400269,110.9931488,405.0700073,33.66532898,470,51.22200012,,,
406,4.921624184,505.9700012,73.12802124,406,38.31547546,530.8900146,101.7273407,436.0599976,42.87102127,520.8900146,110.9751282,520.8900146,110.2586823,406,32.28984451,471.0599976,48.75867844,,,
407.0700073,4.745013237,507.0100098,72.66549683,407.0700073,36.52493668,531.9400024,99.47314453,436.9599915,42.41112137,521.9400024,111.2358246,521.9400024,110.1634064,407.0700073,30.71735001,471.9599915,49.94785309,,,
408,3.233054161,508.0499878,73.67604065,408,35.98210907,532.9799805,97.42028809,438.0299988,41.90003204,522.9799805,109.2334595,522.9799805,109.1424255,408,29.22941208,473.0299988,49.52125549,,,
409.0700073,2.586367607,508.9500122,75.17652893,409.0700073,34.25666046,533.8800049,94.87828827,438.9299927,41.79792786,523.8800049,112.3527222,523.8800049,109.5437012,409.0700073,27.9003067,473.9299927,49.83064651,,,
410,1.193327904,510,72.69760132,410,33.54454041,534.9199829,94.96333313,440,42.00456238,524.9199829,110.1959381,524.9199829,108.0042572,410,26.52153397,475,48.9788475,,,
,,511.0599976,77.0504303,411.0599976,32.16506958,535.9699707,92.01167297,441.0599976,42.03487015,525.9699707,109.0335388,525.9699707,106.9915314,411.0599976,24.82434464,476.0599976,49.11524963,,,
,,511.9599915,77.44514465,411.9599915,32.44931793,536.8599854,88.38433838,441.9599915,41.56192017,526.8599854,106.7678528,526.8599854,105.3922348,411.9599915,23.70314026,476.9599915,50.51027298,,,
,,513.0300293,77.22058105,413.0299988,29.29083252,537.9099731,86.75808716,443.0299988,41.50110626,527.9099731,107.0549774,527.9099731,103.8454742,413.0299988,22.32883453,478.0299988,48.01305389,,,
,,513.9299927,77.30049133,413.9299927,28.29366302,538.9500122,83.77846527,443.9299927,40.7036438,528.9500122,102.9569855,528.9500122,102.4717255,413.9299927,21.20992279,478.9299927,47.4679985,,,
,,515,77.7819519,415,26.87252808,539.8499756,81.8626709,445,41.02009964,529.8499756,103.4213257,529.8499756,100.5604477,415,19.34720993,480,47.83490372,,,
,,516.0599976,80.51371765,416.0599976,25.14033508,540.8800049,79.52191925,446.0599976,40.8799057,530.8900146,99.0464325,530.8900146,97.88592529,416.0599976,18.18442917,481.0599976,46.48311615,,,
,,516.960022,79.70568848,416.9599915,23.85988617,541.9099731,76.6720047,446.9599915,40.60964203,531.9400024,98.33139038,531.9400024,96.84047699,416.9599915,17.19909668,481.9599915,46.15101242,,,
,,518.0300293,80.77479553,418.0299988,22.92720413,542.9400024,74.60041809,448.0299988,40.29806519,532.9799805,94.62086487,532.9799805,94.470047,418.0299988,15.96852779,483.0299988,46.28049088,,,
,,518.9299927,79.53787231,418.9299927,22.34693527,543.9699707,73.86148071,448.9299927,40.06095123,533.8800049,93.53730774,533.8800049,91.03069305,418.9299927,15.27142048,483.9299927,46.72899628,,,
,,520,81.20323181,420,21.82941437,544.8499756,69.76816559,450,39.90103912,534.9199829,91.63766479,534.9199829,89.13180542,420,14.31698322,485,46.84008789,,,
,,521.039978,81.77183533,421.0700073,21.36781311,545.8800049,66.84028625,451.0599976,40.10725784,535.9699707,88.45875549,535.9699707,87.47846985,421.0700073,13.4217062,486.0599976,46.55994797,,,
,,521.9400024,81.20091248,422,20.32091522,546.9099731,65.7591095,451.9599915,39.3846283,536.8599854,86.22459412,536.8599854,85.43721008,422,12.65892124,486.9599915,47.02602768,,,
,,522.9799805,78.95672607,423.0700073,19.60450363,547.9400024,66.09726715,453.0299988,38.88679504,537.9099731,84.04443359,537.9099731,83.78107452,423.0700073,11.78127193,488.0299988,45.78282166,,,
,,524.0200195,78.57247925,424,18.45778275,548.9699707,64.43457031,453.9299927,38.05039215,538.9500122,82.1675415,538.9500122,80.69017029,424,11.00002384,488.9299927,45.27180481,,,
,,525.0700073,80.71772766,425.0700073,17.28287506,549.8499756,60.65096283,455,37.93560791,539.8499756,76.89953613,539.8499756,77.73799896,425.0700073,10.01074123,490,44.67619324,,,
,,525.9699707,79.08403015,426,16.55783081,550.8900146,59.29425049,456.0599976,37.82055283,540.8800049,78.05160522,540.8800049,76.73059082,426,9.198264122,491.0400085,44.07025146,,,
,,527.0100098,75.49279785,427.0700073,15.9952631,551.9400024,59.51222229,456.9599915,37.17787552,541.9099731,76.85820007,541.9099731,73.8431015,427.0700073,8.125731468,491.9400024,44.2011261,,,
,,528.0499878,75.81646729,428,15.23396206,552.9799805,56.75296021,458.0299988,37.27222061,542.9400024,71.55134583,542.9400024,71.26173401,428,7.240771294,492.980011,45.22075272,,,
,,528.9500122,74.75796509,429.0700073,13.90224171,553.8800049,56.16299438,458.9299927,36.99751282,543.9699707,70.69902039,543.9699707,69.0041275,429.0700073,6.202717781,494.019989,45.02178574,,,
,,530,72.6217804,430,12.92747593,554.9199829,54.59077454,460,37.36314011,544.8499756,67.42778015,544.8499756,68.50730133,430,5.375969887,495.0700073,44.59573746,,,
,,531.039978,72.23298645,431.0599976,12.34808064,555.9699707,53.34660339,461.0599976,36.85810852,545.8800049,68.18051147,545.8800049,66.78265381,431.0599976,4.65547657,495.9700012,44.12747192,,,
,,531.9400024,69.36141968,431.9599915,12.01089764,556.8599854,51.83863831,461.9599915,36.81498718,546.9099731,66.23303223,546.9099731,64.07008362,431.9599915,4.09090519,497.0100098,46.35678864,,,
,,532.9799805,67.10992432,433.0299988,11.28726864,557.9099731,48.96889496,463.0299988,36.4992981,547.9400024,62.79725266,547.9400024,61.47475433,433.0299988,3.130281448,498.0499878,44.397686,,,
,,534.0200195,62.22572708,433.9299927,10.25937176,558.9500122,49.80080414,463.9299927,35.87632751,548.9699707,60.19730759,548.9699707,59.85734558,433.9299927,2.593676567,498.9500122,44.86683655,,,
,,535.0700073,63.25003433,435,9.054961205,559.8499756,48.28743744,465,36.07480621,549.8499756,59.91025925,549.8499756,58.70448303,435,2.03943634,500,44.13559723,,,
,,535.9699707,60.72719955,436.0599976,9.528895378,560.8900146,45.63978577,466.0599976,35.70461273,550.8900146,56.61889267,550.8900146,57.51417542,436.0599976,1.035981178,501.0400085,45.40647888,,,
,,537.0100098,60.22075272,436.9599915,8.380244255,561.9400024,45.74361038,466.9599915,35.23183441,551.9400024,56.62225723,551.9400024,55.3829422,436.9599915,0.5019254684,501.9400024,44.10622406,,,
,,538.0499878,58.17699814,438.0299988,7.729249001,562.9799805,43.76906586,468.0299988,35.40824127,552.9799805,54.93336105,552.9799805,53.69935608,438.0299988,-0.1924724579,502.980011,46.03862762,,,
,,538.9500122,54.68555069,438.9299927,6.816456795,563.8800049,41.83612061,468.9299927,35.01090622,553.8800049,52.28197098,553.8800049,52.09365845,438.9299927,-0.8454837799,504.019989,46.42798996,,,
,,540,53.13567734,440,6.41928196,564.9199829,42.25897217,470,34.26687241,554.9199829,53.051548,554.9199829,51.36169434,440,-1.479393959,505.0700073,46.65086746,,,
,,541.0200195,50.08893204,441.0599976,5.762946129,565.9699707,41.93078995,471.0599976,34.19943619,555.9699707,51.10235977,555.9699707,50.37644958,441.0599976,-1.942900658,505.9700012,46.69475555,,,
,,542.0499878,48.59113693,441.9599915,5.01766777,566.8599854,40.35357285,471.9599915,34.6940918,556.8599854,49.2517128,556.8599854,48.56396484,441.9599915,-2.456985474,507.0100098,48.28533554,,,
,,542.9400024,47.63851547,443.0299988,4.634595871,567.9099731,39.17588425,473.0299988,34.14006805,557.9099731,47.69209671,557.9099731,47.18256378,443.0299988,-2.962080956,508.0499878,49.29662704,,,
,,543.9699707,43.6662178,443.9299927,4.115298271,568.9500122,39.34551239,473.9299927,33.89356613,558.9500122,45.74051285,558.9500122,45.49504852,443.9299927,-3.651805878,508.9500122,50.22985458,,,
,,545,43.71571732,445,3.307648659,569.8499756,37.61295319,475,33.95795441,559.8499756,46.35076523,559.8499756,44.24981689,445,-3.844985008,510,49.28736877,,,
,,546.0200195,39.52605057,446.0599976,2.615334511,570.8800049,36.93287659,476.0599976,32.82741165,560.8900146,44.13265228,560.8900146,43.66040802,,,511.0599976,49.69436264,,,
,,547.0499878,41.02856064,446.9599915,2.848250389,571.9099731,36.36811066,476.9599915,32.78712845,561.9400024,43.36882019,561.9400024,41.94433594,,,511.9599915,50.45485306,,,
,,547.9400024,37.57301712,448.0299988,1.812707901,572.9400024,35.73230743,478.0299988,33.08745575,562.9799805,42.91291428,562.9799805,41.5022049,,,513.0300293,51.2660675,,,
,,548.9699707,35.76298141,448.9299927,1.503176689,573.9699707,34.17807388,478.9299927,32.36677933,563.8800049,41.6955452,563.8800049,40.58279419,,,513.9299927,54.153862,,,
,,550,35.23138046,450,0.757390976,574.8499756,32.92040253,480,31.91551208,564.9199829,39.79832077,564.9199829,38.53368378,,,515,53.42802811,,,
,,551.039978,34.01028061,451.0599976,0.05671882629,575.8800049,32.83924484,481.0400085,32.53308868,565.9699707,38.52959824,565.9699707,38.236763,,,516.0599976,54.48948288,,,
,,551.9400024,32.47848129,451.9599915,-0.09302520752,576.9099731,31.54554367,481.9400024,31.67538452,566.8599854,39.22797012,566.8599854,36.92506409,,,516.960022,55.54717636,,,
,,552.9799805,30.64637375,453.0299988,-0.4994840622,577.9400024,31.03926086,482.980011,31.5651474,567.9099731,37.40634537,567.9099731,36.35771942,,,518.0300293,54.30290604,,,
,,554.0200195,29.28649521,453.9299927,-1.28198719,578.9699707,29.49436951,484.019989,31.28397369,568.9500122,34.87668991,568.9500122,35.18963623,,,518.9299927,56.51381302,,,
,,555.0700073,29.64224625,455,-1.397724152,579.8499756,29.85974884,485.0700073,31.32888412,569.8499756,35.29354477,569.8499756,35.25428772,,,520,56.20152664,,,
,,555.9699707,28.3667984,456.0599976,-2.319003105,580.8800049,29.06283951,485.9700012,30.62491608,570.8800049,33.75369644,570.8800049,33.76101685,,,521.039978,56.18162918,,,
,,557.0100098,27.18549347,456.9599915,-2.610011101,581.9099731,27.94820404,487.0100098,30.77425003,571.9099731,33.95035553,571.9099731,32.21440887,,,521.9400024,57.02836227,,,
,,558.0499878,25.29201508,458.0299988,-3.417284012,582.9400024,27.16730499,488.0499878,29.89716721,572.9400024,33.24147415,572.9400024,31.46279335,,,522.9799805,57.44409561,,,
,,558.9500122,23.24611282,458.9299927,-3.422627449,583.9699707,25.18920898,488.9500122,29.61607361,573.9699707,30.70859146,573.9699707,30.6918087,,,524.0200195,54.24287415,,,
,,560,22.50595856,460,-3.785364151,584.8499756,25.52829742,490,29.17254639,574.8499756,29.00384903,574.8499756,29.70822716,,,525.0700073,56.37402725,,,
,,561.039978,22.69765472,,,585.8800049,25.16405106,491.0599976,28.84674072,575.8800049,30.21443939,575.8800049,29.0087719,,,525.9699707,54.01916122,,,
,,561.9400024,19.51347733,,,586.9099731,24.61853027,491.9599915,28.61257172,576.9099731,29.38147354,576.9099731,28.24156761,,,527.0100098,55.22600174,,,
,,562.9799805,19.85829926,,,587.9400024,23.67228699,493.0299988,28.56907272,577.9400024,29.03422546,577.9400024,28.24893761,,,528.0499878,55.44106293,,,
,,564.0200195,18.54280472,,,588.9699707,23.05765152,493.9299927,27.75938034,578.9699707,26.84352875,578.9699707,26.70334053,,,528.9500122,54.05757904,,,
,,565.0700073,18.65884781,,,589.8499756,22.54334641,495,28.22270584,579.8499756,27.74193573,579.8499756,26.01193428,,,530,51.91322327,,,
,,565.9699707,16.76877213,,,590.8800049,22.27773285,496.0599976,27.0278244,580.8800049,27.76791763,580.8800049,25.57378578,,,531.039978,51.69573975,,,
,,567.0100098,16.73080063,,,591.9099731,21.19702148,496.9599915,27.05489922,581.9099731,24.64123535,581.9099731,24.68273354,,,531.9400024,50.766716,,,
,,568.0499878,16.18334198,,,592.9400024,20.54921341,498.0299988,26.02438545,582.9400024,24.77259445,582.9400024,24.18568611,,,532.9799805,49.20696259,,,
,,568.9500122,14.48637772,,,593.9699707,20.31260681,498.9299927,26.14621925,583.9699707,24.38259506,583.9699707,22.69854927,,,534.0200195,47.85912323,,,
,,570,14.4800415,,,594.8499756,19.77160263,500,25.99993896,584.8499756,23.42146683,584.8499756,22.55313301,,,535.0700073,47.23628235,,,
,,571.0200195,12.77927017,,,595.8800049,18.8612709,501.0400085,25.0725708,585.8800049,24.06362915,585.8800049,21.8368969,,,535.9699707,46.62106705,,,
,,572.0499878,12.03512955,,,596.9099731,18.20347595,501.9400024,24.77877998,586.9099731,22.40522766,586.9099731,21.68345451,,,537.0100098,44.30580521,,,
,,572.9400024,12.13321304,,,597.9400024,18.51232529,502.980011,24.42416954,587.9400024,22.01673889,587.9400024,20.43810463,,,538.0499878,43.35053635,,,
,,573.9699707,12.14091492,,,598.9699707,17.43382263,504.019989,24.59305,588.9699707,21.02068329,588.9699707,19.95322609,,,538.9500122,40.09622192,,,
,,575,10.85730362,,,599.8499756,16.99280357,505.0700073,22.65683746,589.8499756,20.65707016,589.8499756,19.5158062,,,540,41.45359802,,,
,,576.0200195,10.21325684,,,600.8800049,17.39030457,505.9700012,23.3820076,590.8800049,19.97924805,590.8800049,18.74374199,,,541.0200195,40.07214737,,,
,,577.0499878,7.974536896,,,,,507.0100098,22.03093529,591.9099731,19.58026123,591.9099731,18.45983315,,,542.0499878,38.54774475,,,
,,577.9400024,8.43914032,,,,,508.0499878,21.02745819,592.9400024,19.71340942,592.9400024,17.65181923,,,542.9400024,37.42735672,,,
,,578.9699707,6.783172607,,,,,508.9500122,20.53767204,593.9699707,18.24746323,593.9699707,17.48424339,,,543.9699707,36.08353424,,,
,,580,7.498775482,,,,,510,18.79462433,594.8499756,17.50535202,594.8499756,16.48147392,,,545,35.15462494,,,
,,581.0200195,5.521957397,,,,,,,595.8800049,17.22061157,595.8800049,16.19646263,,,546.0200195,33.99288559,,,
,,582.0499878,5.09091568,,,,,,,596.9099731,17.2685051,596.9099731,15.65341377,,,547.0499878,33.65024567,,,
,,582.9400024,4.98979187,,,,,,,597.9400024,15.04092026,597.9400024,15.31759834,,,547.9400024,32.44326019,,,
,,583.9699707,3.809474945,,,,,,,598.9699707,16.19604111,598.9699707,14.1568737,,,548.9699707,31.13105011,,,
,,585,2.78175354,,,,,,,599.8499756,14.91068649,599.8499756,14.36056328,,,550,31.1817131,,,
,,586.0200195,3.197257996,,,,,,,600.8800049,15.16893005,600.8800049,13.38204956,,,,,,,
,,587.0499878,1.340023041,,,,,,,,,,,,,,,,,
,,587.9400024,1.756175995,,,,,,,,,,,,,,,,,
,,588.9699707,1.673301697,,,,,,,,,,,,,,,,,
,,590,1.024002075,,,,,,,,,,,,,,,,,
,,591.0200195,0.3388023376,,,,,,,,,,,,,,,,,
,,592.0499878,-0.356754303,,,,,,,,,,,,,,,,,
,,592.9400024,-1.063724518,,,,,,,,,,,,,,,,,
,,593.9699707,-1.380409241,,,,,,,,,,,,,,,,,
,,595,-0.3784141541,,,,,,,,,,,,,,,,,
,,596.0200195,-1.748466492,,,,,,,,,,,,,,,,,
,,597.0499878,-2.797447205,,,,,,,,,,,,,,,,,
,,597.9400024,-4.306438446,,,,,,,,,,,,,,,,,
,,598.9699707,-2.515230179,,,,,,,,,,,,,,,,,
,,600,-4.894130707,,,,,,,,,,,,,,,,,

CdS sonochem 150min em420,
CdS sonochem 150min em420
Collection Time: 8/19/2022 1:04:22 PM
Operator Name  :
Scan Software Version: 1.1(132)
Parameter List :
Instrument                        Cary Eclipse
Instrument Serial Number          E08013467
Data mode                         Fluorescence
Scan mode                         Excitation
X Mode                            Wavelength (nm)
Start (nm)                        240.00
Stop (nm)                         410.00
Em. Wavelength (nm)               420.00
Ex. Slit (nm)                     5
Em. Slit (nm)                     5
Scan rate (nm/min)                600.00
Data interval (nm)                1.0000
Averaging Time (s)                0.1000
Excitation filter                 Auto
Emission filter                   Open
PMT voltage (V)                   Medium
Corrected spectra                 OFF
Method Log     :
Method Name    : Default
Date/Time stamp: 8/19/2022 12:23:28 PM
Method Modifications:
Overlayed Graphs Changed: 8/19/2022 12:24:53 PM, Old:OFF, New:ON
Y max Changed: 8/19/2022 12:24:53 PM, Old:  1000.0000, New:   300.0000
Excitation Wavelength Changed: 8/19/2022 12:27:20 PM, Old: 350.00, New: 300.00
Emission Wavelength Changed: 8/19/2022 12:27:20 PM, Old: 400.00, New: 310.00
Stop Wavelength Changed: 8/19/2022 12:27:20 PM, Old: 600.00, New: 500.00
Zero Mode Changed: 8/19/2022 12:27:22 PM, Old:OFF, New:Reading
Zero Mode Changed: 8/19/2022 12:27:22 PM, Old:Reading, New:ON
Scan mode: Changed: 8/19/2022 12:28:28 PM, Old:Emission, New:Excitation
Excitation Wavelength Changed: 8/19/2022 12:28:28 PM, Old: 300.00, New: 240.00
Emission Wavelength Changed: 8/19/2022 12:28:28 PM, Old: 310.00, New: 400.00
Stop Wavelength Changed: 8/19/2022 12:28:28 PM, Old: 500.00, New: 390.00
Zero Mode Changed: 8/19/2022 12:28:31 PM, Old:ON, New:Reading
Zero Mode Changed: 8/19/2022 12:28:31 PM, Old:Reading, New:ON
Scan mode: Changed: 8/19/2022 12:29:17 PM, Old:Excitation, New:Emission
Excitation Wavelength Changed: 8/19/2022 12:29:17 PM, Old: 240.00, New: 330.00
Emission Wavelength Changed: 8/19/2022 12:29:17 PM, Old: 400.00, New: 340.00
Stop Wavelength Changed: 8/19/2022 12:29:17 PM, Old: 390.00, New: 500.00
Zero Mode Changed: 8/19/2022 12:29:19 PM, Old:ON, New:Reading
Zero Mode Changed: 8/19/2022 12:29:19 PM, Old:Reading, New:ON
Scan mode: Changed: 8/19/2022 12:30:02 PM, Old:Emission, New:Excitation
Excitation Wavelength Changed: 8/19/2022 12:30:02 PM, Old: 330.00, New: 240.00
Emission Wavelength Changed: 8/19/2022 12:30:02 PM, Old: 340.00, New: 410.00
Stop Wavelength Changed: 8/19/2022 12:30:02 PM, Old: 500.00, New: 400.00
Zero Mode Changed: 8/19/2022 12:30:08 PM, Old:ON, New:Reading
Zero Mode Changed: 8/19/2022 12:30:08 PM, Old:Reading, New:ON
Scan mode: Changed: 8/19/2022 12:30:53 PM, Old:Excitation, New:Emission
Excitation Wavelength Changed: 8/19/2022 12:30:53 PM, Old: 240.00, New: 335.00
Emission Wavelength Changed: 8/19/2022 12:30:53 PM, Old: 410.00, New: 345.00
Stop Wavelength Changed: 8/19/2022 12:30:53 PM, Old: 400.00, New: 600.00
Zero Mode Changed: 8/19/2022 12:30:55 PM, Old:ON, New:Reading
Zero Mode Changed: 8/19/2022 12:30:55 PM, Old:Reading, New:ON
Zero Mode Changed: 8/19/2022 12:34:51 PM, Old:ON, New:Reading
Zero Mode Changed: 8/19/2022 12:34:51 PM, Old:Reading, New:ON
Scan mode: Changed: 8/19/2022 12:35:39 PM, Old:Emission, New:Excitation
Excitation Wavelength Changed: 8/19/2022 12:35:39 PM, Old: 335.00, New: 240.00
Emission Wavelength Changed: 8/19/2022 12:35:39 PM, Old: 345.00, New: 410.00
Stop Wavelength Changed: 8/19/2022 12:35:39 PM, Old: 600.00, New: 400.00
Zero Mode Changed: 8/19/2022 12:35:42 PM, Old:ON, New:Reading
Zero Mode Changed: 8/19/2022 12:35:43 PM, Old:Reading, New:ON
Scan mode: Changed: 8/19/2022 12:36:52 PM, Old:Excitation, New:Emission
Excitation Wavelength Changed: 8/19/2022 12:36:52 PM, Old: 240.00, New: 300.00
Emission Wavelength Changed: 8/19/2022 12:36:52 PM, Old: 410.00, New: 310.00
Stop Wavelength Changed: 8/19/2022 12:36:52 PM, Old: 400.00, New: 600.00
Zero Mode Changed: 8/19/2022 12:36:54 PM, Old:ON, New:Reading
Zero Mode Changed: 8/19/2022 12:36:54 PM, Old:Reading, New:ON
Scan mode: Changed: 8/19/2022 12:37:46 PM, Old:Emission, New:Excitation
Excitation Wavelength Changed: 8/19/2022 12:37:46 PM, Old: 300.00, New: 240.00
Emission Wavelength Changed: 8/19/2022 12:37:46 PM, Old: 310.00, New: 350.00
Stop Wavelength Changed: 8/19/2022 12:37:46 PM, Old: 600.00, New: 340.00
Zero Mode Changed: 8/19/2022 12:37:49 PM, Old:ON, New:Reading
Zero Mode Changed: 8/19/2022 12:37:49 PM, Old:Reading, New:ON
Scan mode: Changed: 8/19/2022 12:38:28 PM, Old:Excitation, New:Emission
Excitation Wavelength Changed: 8/19/2022 12:38:28 PM, Old: 240.00, New: 295.00
Emission Wavelength Changed: 8/19/2022 12:38:28 PM, Old: 350.00, New: 305.00
Stop Wavelength Changed: 8/19/2022 12:38:28 PM, Old: 340.00, New: 550.00
Zero Mode Changed: 8/19/2022 12:38:31 PM, Old:ON, New:Reading
Zero Mode Changed: 8/19/2022 12:38:31 PM, Old:Reading, New:ON
Scan Control Changed: 8/19/2022 12:39:12 PM, Old:Medium, New:Slow
Ave. time (s): Changed: 8/19/2022 12:39:12 PM, Old:0.10000, New:0.50000
Zero Mode Changed: 8/19/2022 12:39:14 PM, Old:ON, New:Reading
Zero Mode Changed: 8/19/2022 12:39:14 PM, Old:Reading, New:ON
Excitation Wavelength Changed: 8/19/2022 12:41:46 PM, Old: 295.00, New: 335.00
Emission Wavelength Changed: 8/19/2022 12:41:46 PM, Old: 305.00, New: 345.00
Stop Wavelength Changed: 8/19/2022 12:41:46 PM, Old: 550.00, New: 600.00
Zero Mode Changed: 8/19/2022 12:41:49 PM, Old:ON, New:Reading
Zero Mode Changed: 8/19/2022 12:41:50 PM, Old:Reading, New:ON
Scan mode: Changed: 8/19/2022 12:46:36 PM, Old:Emission, New:Excitation
Excitation Wavelength Changed: 8/19/2022 12:46:36 PM, Old: 335.00, New: 240.00
Emission Wavelength Changed: 8/19/2022 12:46:36 PM, Old: 345.00, New: 410.00
Stop Wavelength Changed: 8/19/2022 12:46:36 PM, Old: 600.00, New: 400.00
Zero Mode Changed: 8/19/2022 12:46:39 PM, Old:ON, New:Reading
Zero Mode Changed: 8/19/2022 12:46:40 PM, Old:Reading, New:ON
Scan Control Changed: 8/19/2022 12:50:26 PM, Old:Slow, New:Medium
Ave. time (s): Changed: 8/19/2022 12:50:26 PM, Old:0.50000, New:0.10000
Zero Mode Changed: 8/19/2022 12:50:27 PM, Old:ON, New:Reading
Zero Mode Changed: 8/19/2022 12:50:27 PM, Old:Reading, New:ON
Scan mode: Changed: 8/19/2022 12:51:32 PM, Old:Excitation, New:Emission
Excitation Wavelength Changed: 8/19/2022 12:51:32 PM, Old: 240.00, New: 337.00
Emission Wavelength Changed: 8/19/2022 12:51:32 PM, Old: 410.00, New: 347.00
Stop Wavelength Changed: 8/19/2022 12:51:32 PM, Old: 400.00, New: 600.00
Zero Mode Changed: 8/19/2022 12:51:34 PM, Old:ON, New:Reading
Zero Mode Changed: 8/19/2022 12:51:35 PM, Old:Reading, New:ON
Scan mode: Changed: 8/19/2022 12:52:30 PM, Old:Emission, New:Excitation
Excitation Wavelength Changed: 8/19/2022 12:52:30 PM, Old: 337.00, New: 240.00
Emission Wavelength Changed: 8/19/2022 12:52:30 PM, Old: 347.00, New: 415.00
Stop Wavelength Changed: 8/19/2022 12:52:30 PM, Old: 600.00, New: 400.00
Zero Mode Changed: 8/19/2022 12:52:33 PM, Old:ON, New:Reading
Zero Mode Changed: 8/19/2022 12:52:33 PM, Old:Reading, New:ON
Scan mode: Changed: 8/19/2022 12:53:13 PM, Old:Excitation, New:Emission
Excitation Wavelength Changed: 8/19/2022 12:53:13 PM, Old: 240.00, New: 340.00
Emission Wavelength Changed: 8/19/2022 12:53:13 PM, Old: 415.00, New: 350.00
Stop Wavelength Changed: 8/19/2022 12:53:13 PM, Old: 400.00, New: 600.00
Zero Mode Changed: 8/19/2022 12:53:15 PM, Old:ON, New:Reading
Zero Mode Changed: 8/19/2022 12:53:15 PM, Old:Reading, New:ON
Zero Mode Changed: 8/19/2022 12:54:45 PM, Old:ON, New:Reading
Zero Mode Changed: 8/19/2022 12:54:46 PM, Old:Reading, New:ON
Zero Mode Changed: 8/19/2022 12:54:49 PM, Old:ON, New:Reading
Zero Mode Changed: 8/19/2022 12:54:49 PM, Old:Reading, New:ON
Scan Control Changed: 8/19/2022 12:54:51 PM, Old:Medium, New:Slow
Ave. time (s): Changed: 8/19/2022 12:54:51 PM, Old:0.10000, New:0.50000
Zero Mode Changed: 8/19/2022 12:54:55 PM, Old:ON, New:Reading
Zero Mode Changed: 8/19/2022 12:54:56 PM, Old:Reading, New:ON
Scan mode: Changed: 8/19/2022 12:57:28 PM, Old:Emission, New:Excitation
Excitation Wavelength Changed: 8/19/2022 12:57:28 PM, Old: 340.00, New: 240.00
Emission Wavelength Changed: 8/19/2022 12:57:28 PM, Old: 350.00, New: 420.00
Stop Wavelength Changed: 8/19/2022 12:57:28 PM, Old: 600.00, New: 410.00
Zero Mode Changed: 8/19/2022 12:57:31 PM, Old:ON, New:Reading
Zero Mode Changed: 8/19/2022 12:57:31 PM, Old:Reading, New:ON
Scan mode: Changed: 8/19/2022 12:59:36 PM, Old:Excitation, New:Emission
Excitation Wavelength Changed: 8/19/2022 12:59:36 PM, Old: 240.00, New: 295.00
Emission Wavelength Changed: 8/19/2022 12:59:36 PM, Old: 420.00, New: 305.00
Stop Wavelength Changed: 8/19/2022 12:59:36 PM, Old: 410.00, New: 550.00
Scan Control Changed: 8/19/2022 12:59:41 PM, Old:Slow, New:Medium
Ave. time (s): Changed: 8/19/2022 12:59:41 PM, Old:0.50000, New:0.10000
Zero Mode Changed: 8/19/2022 12:59:44 PM, Old:ON, New:Reading
Zero Mode Changed: 8/19/2022 12:59:44 PM, Old:Reading, New:ON
Scan mode: Changed: 8/19/2022 1:00:36 PM, Old:Emission, New:Excitation
Excitation Wavelength Changed: 8/19/2022 1:00:36 PM, Old: 295.00, New: 240.00
Emission Wavelength Changed: 8/19/2022 1:00:36 PM, Old: 305.00, New: 350.00
Stop Wavelength Changed: 8/19/2022 1:00:36 PM, Old: 550.00, New: 340.00
Zero Mode Changed: 8/19/2022 1:00:45 PM, Old:ON, New:Reading
Zero Mode Changed: 8/19/2022 1:00:45 PM, Old:Reading, New:ON
Zero Mode Changed: 8/19/2022 1:01:25 PM, Old:ON, New:Reading
Zero Mode Changed: 8/19/2022 1:01:25 PM, Old:Reading, New:ON
Emission Wavelength Changed: 8/19/2022 1:04:06 PM, Old: 350.00, New: 420.00
Stop Wavelength Changed: 8/19/2022 1:04:06 PM, Old: 340.00, New: 410.00
Zero Mode Changed: 8/19/2022 1:04:08 PM, Old:ON, New:Reading
Zero Mode Changed: 8/19/2022 1:04:08 PM, Old:Reading, New:ON
End Method Modifications

CdS sonochem 150min ex330,
CdS sonochem 150min ex330
Collection Time: 8/19/2022 1:05:04 PM
Operator Name  :
Scan Software Version: 1.1(132)
Parameter List :
Instrument                        Cary Eclipse
Instrument Serial Number          E08013467
Data mode                         Fluorescence
Scan mode                         Emission
X Mode                            Wavelength (nm)
Start (nm)                        340.00
Stop (nm)                         600.00
Ex. Wavelength (nm)               330.00
Ex. Slit (nm)                     5
Em. Slit (nm)                     5
Scan rate (nm/min)                600.00
Data interval (nm)                1.0000
Averaging Time (s)                0.1000
Excitation filter                 Auto
Emission filter                   Open
PMT voltage (V)                   Medium
Corrected spectra                 OFF
Method Log     :
Method Name    : Default
Date/Time stamp: 8/19/2022 12:23:28 PM
Method Modifications:
Overlayed Graphs Changed: 8/19/2022 12:24:53 PM, Old:OFF, New:ON
Y max Changed: 8/19/2022 12:24:53 PM, Old:  1000.0000, New:   300.0000
Excitation Wavelength Changed: 8/19/2022 12:27:20 PM, Old: 350.00, New: 300.00
Emission Wavelength Changed: 8/19/2022 12:27:20 PM, Old: 400.00, New: 310.00
Stop Wavelength Changed: 8/19/2022 12:27:20 PM, Old: 600.00, New: 500.00
Zero Mode Changed: 8/19/2022 12:27:22 PM, Old:OFF, New:Reading
Zero Mode Changed: 8/19/2022 12:27:22 PM, Old:Reading, New:ON
Scan mode: Changed: 8/19/2022 12:28:28 PM, Old:Emission, New:Excitation
Excitation Wavelength Changed: 8/19/2022 12:28:28 PM, Old: 300.00, New: 240.00
Emission Wavelength Changed: 8/19/2022 12:28:28 PM, Old: 310.00, New: 400.00
Stop Wavelength Changed: 8/19/2022 12:28:28 PM, Old: 500.00, New: 390.00
Zero Mode Changed: 8/19/2022 12:28:31 PM, Old:ON, New:Reading
Zero Mode Changed: 8/19/2022 12:28:31 PM, Old:Reading, New:ON
Scan mode: Changed: 8/19/2022 12:29:17 PM, Old:Excitation, New:Emission
Excitation Wavelength Changed: 8/19/2022 12:29:17 PM, Old: 240.00, New: 330.00
Emission Wavelength Changed: 8/19/2022 12:29:17 PM, Old: 400.00, New: 340.00
Stop Wavelength Changed: 8/19/2022 12:29:17 PM, Old: 390.00, New: 500.00
Zero Mode Changed: 8/19/2022 12:29:19 PM, Old:ON, New:Reading
Zero Mode Changed: 8/19/2022 12:29:19 PM, Old:Reading, New:ON
Scan mode: Changed: 8/19/2022 12:30:02 PM, Old:Emission, New:Excitation
Excitation Wavelength Changed: 8/19/2022 12:30:02 PM, Old: 330.00, New: 240.00
Emission Wavelength Changed: 8/19/2022 12:30:02 PM, Old: 340.00, New: 410.00
Stop Wavelength Changed: 8/19/2022 12:30:02 PM, Old: 500.00, New: 400.00
Zero Mode Changed: 8/19/2022 12:30:08 PM, Old:ON, New:Reading
Zero Mode Changed: 8/19/2022 12:30:08 PM, Old:Reading, New:ON
Scan mode: Changed: 8/19/2022 12:30:53 PM, Old:Excitation, New:Emission
Excitation Wavelength Changed: 8/19/2022 12:30:53 PM, Old: 240.00, New: 335.00
Emission Wavelength Changed: 8/19/2022 12:30:53 PM, Old: 410.00, New: 345.00
Stop Wavelength Changed: 8/19/2022 12:30:53 PM, Old: 400.00, New: 600.00
Zero Mode Changed: 8/19/2022 12:30:55 PM, Old:ON, New:Reading
Zero Mode Changed: 8/19/2022 12:30:55 PM, Old:Reading, New:ON
Zero Mode Changed: 8/19/2022 12:34:51 PM, Old:ON, New:Reading
Zero Mode Changed: 8/19/2022 12:34:51 PM, Old:Reading, New:ON
Scan mode: Changed: 8/19/2022 12:35:39 PM, Old:Emission, New:Excitation
Excitation Wavelength Changed: 8/19/2022 12:35:39 PM, Old: 335.00, New: 240.00
Emission Wavelength Changed: 8/19/2022 12:35:39 PM, Old: 345.00, New: 410.00
Stop Wavelength Changed: 8/19/2022 12:35:39 PM, Old: 600.00, New: 400.00
Zero Mode Changed: 8/19/2022 12:35:42 PM, Old:ON, New:Reading
Zero Mode Changed: 8/19/2022 12:35:43 PM, Old:Reading, New:ON
Scan mode: Changed: 8/19/2022 12:36:52 PM, Old:Excitation, New:Emission
Excitation Wavelength Changed: 8/19/2022 12:36:52 PM, Old: 240.00, New: 300.00
Emission Wavelength Changed: 8/19/2022 12:36:52 PM, Old: 410.00, New: 310.00
Stop Wavelength Changed: 8/19/2022 12:36:52 PM, Old: 400.00, New: 600.00
Zero Mode Changed: 8/19/2022 12:36:54 PM, Old:ON, New:Reading
Zero Mode Changed: 8/19/2022 12:36:54 PM, Old:Reading, New:ON
Scan mode: Changed: 8/19/2022 12:37:46 PM, Old:Emission, New:Excitation
Excitation Wavelength Changed: 8/19/2022 12:37:46 PM, Old: 300.00, New: 240.00
Emission Wavelength Changed: 8/19/2022 12:37:46 PM, Old: 310.00, New: 350.00
Stop Wavelength Changed: 8/19/2022 12:37:46 PM, Old: 600.00, New: 340.00
Zero Mode Changed: 8/19/2022 12:37:49 PM, Old:ON, New:Reading
Zero Mode Changed: 8/19/2022 12:37:49 PM, Old:Reading, New:ON
Scan mode: Changed: 8/19/2022 12:38:28 PM, Old:Excitation, New:Emission
Excitation Wavelength Changed: 8/19/2022 12:38:28 PM, Old: 240.00, New: 295.00
Emission Wavelength Changed: 8/19/2022 12:38:28 PM, Old: 350.00, New: 305.00
Stop Wavelength Changed: 8/19/2022 12:38:28 PM, Old: 340.00, New: 550.00
Zero Mode Changed: 8/19/2022 12:38:31 PM, Old:ON, New:Reading
Zero Mode Changed: 8/19/2022 12:38:31 PM, Old:Reading, New:ON
Scan Control Changed: 8/19/2022 12:39:12 PM, Old:Medium, New:Slow
Ave. time (s): Changed: 8/19/2022 12:39:12 PM, Old:0.10000, New:0.50000
Zero Mode Changed: 8/19/2022 12:39:14 PM, Old:ON, New:Reading
Zero Mode Changed: 8/19/2022 12:39:14 PM, Old:Reading, New:ON
Excitation Wavelength Changed: 8/19/2022 12:41:46 PM, Old: 295.00, New: 335.00
Emission Wavelength Changed: 8/19/2022 12:41:46 PM, Old: 305.00, New: 345.00
Stop Wavelength Changed: 8/19/2022 12:41:46 PM, Old: 550.00, New: 600.00
Zero Mode Changed: 8/19/2022 12:41:49 PM, Old:ON, New:Reading
Zero Mode Changed: 8/19/2022 12:41:50 PM, Old:Reading, New:ON
Scan mode: Changed: 8/19/2022 12:46:36 PM, Old:Emission, New:Excitation
Excitation Wavelength Changed: 8/19/2022 12:46:36 PM, Old: 335.00, New: 240.00
Emission Wavelength Changed: 8/19/2022 12:46:36 PM, Old: 345.00, New: 410.00
Stop Wavelength Changed: 8/19/2022 12:46:36 PM, Old: 600.00, New: 400.00
Zero Mode Changed: 8/19/2022 12:46:39 PM, Old:ON, New:Reading
Zero Mode Changed: 8/19/2022 12:46:40 PM, Old:Reading, New:ON
Scan Control Changed: 8/19/2022 12:50:26 PM, Old:Slow, New:Medium
Ave. time (s): Changed: 8/19/2022 12:50:26 PM, Old:0.50000, New:0.10000
Zero Mode Changed: 8/19/2022 12:50:27 PM, Old:ON, New:Reading
Zero Mode Changed: 8/19/2022 12:50:27 PM, Old:Reading, New:ON
Scan mode: Changed: 8/19/2022 12:51:32 PM, Old:Excitation, New:Emission
Excitation Wavelength Changed: 8/19/2022 12:51:32 PM, Old: 240.00, New: 337.00
Emission Wavelength Changed: 8/19/2022 12:51:32 PM, Old: 410.00, New: 347.00
Stop Wavelength Changed: 8/19/2022 12:51:32 PM, Old: 400.00, New: 600.00
Zero Mode Changed: 8/19/2022 12:51:34 PM, Old:ON, New:Reading
Zero Mode Changed: 8/19/2022 12:51:35 PM, Old:Reading, New:ON
Scan mode: Changed: 8/19/2022 12:52:30 PM, Old:Emission, New:Excitation
Excitation Wavelength Changed: 8/19/2022 12:52:30 PM, Old: 337.00, New: 240.00
Emission Wavelength Changed: 8/19/2022 12:52:30 PM, Old: 347.00, New: 415.00
Stop Wavelength Changed: 8/19/2022 12:52:30 PM, Old: 600.00, New: 400.00
Zero Mode Changed: 8/19/2022 12:52:33 PM, Old:ON, New:Reading
Zero Mode Changed: 8/19/2022 12:52:33 PM, Old:Reading, New:ON
Scan mode: Changed: 8/19/2022 12:53:13 PM, Old:Excitation, New:Emission
Excitation Wavelength Changed: 8/19/2022 12:53:13 PM, Old: 240.00, New: 340.00
Emission Wavelength Changed: 8/19/2022 12:53:13 PM, Old: 415.00, New: 350.00
Stop Wavelength Changed: 8/19/2022 12:53:13 PM, Old: 400.00, New: 600.00
Zero Mode Changed: 8/19/2022 12:53:15 PM, Old:ON, New:Reading
Zero Mode Changed: 8/19/2022 12:53:15 PM, Old:Reading, New:ON
Zero Mode Changed: 8/19/2022 12:54:45 PM, Old:ON, New:Reading
Zero Mode Changed: 8/19/2022 12:54:46 PM, Old:Reading, New:ON
Zero Mode Changed: 8/19/2022 12:54:49 PM, Old:ON, New:Reading
Zero Mode Changed: 8/19/2022 12:54:49 PM, Old:Reading, New:ON
Scan Control Changed: 8/19/2022 12:54:51 PM, Old:Medium, New:Slow
Ave. time (s): Changed: 8/19/2022 12:54:51 PM, Old:0.10000, New:0.50000
Zero Mode Changed: 8/19/2022 12:54:55 PM, Old:ON, New:Reading
Zero Mode Changed: 8/19/2022 12:54:56 PM, Old:Reading, New:ON
Scan mode: Changed: 8/19/2022 12:57:28 PM, Old:Emission, New:Excitation
Excitation Wavelength Changed: 8/19/2022 12:57:28 PM, Old: 340.00, New: 240.00
Emission Wavelength Changed: 8/19/2022 12:57:28 PM, Old: 350.00, New: 420.00
Stop Wavelength Changed: 8/19/2022 12:57:28 PM, Old: 600.00, New: 410.00
Zero Mode Changed: 8/19/2022 12:57:31 PM, Old:ON, New:Reading
Zero Mode Changed: 8/19/2022 12:57:31 PM, Old:Reading, New:ON
Scan mode: Changed: 8/19/2022 12:59:36 PM, Old:Excitation, New:Emission
Excitation Wavelength Changed: 8/19/2022 12:59:36 PM, Old: 240.00, New: 295.00
Emission Wavelength Changed: 8/19/2022 12:59:36 PM, Old: 420.00, New: 305.00
Stop Wavelength Changed: 8/19/2022 12:59:36 PM, Old: 410.00, New: 550.00
Scan Control Changed: 8/19/2022 12:59:41 PM, Old:Slow, New:Medium
Ave. time (s): Changed: 8/19/2022 12:59:41 PM, Old:0.50000, New:0.10000
Zero Mode Changed: 8/19/2022 12:59:44 PM, Old:ON, New:Reading
Zero Mode Changed: 8/19/2022 12:59:44 PM, Old:Reading, New:ON
Scan mode: Changed: 8/19/2022 1:00:36 PM, Old:Emission, New:Excitation
Excitation Wavelength Changed: 8/19/2022 1:00:36 PM, Old: 295.00, New: 240.00
Emission Wavelength Changed: 8/19/2022 1:00:36 PM, Old: 305.00, New: 350.00
Stop Wavelength Changed: 8/19/2022 1:00:36 PM, Old: 550.00, New: 340.00
Zero Mode Changed: 8/19/2022 1:00:45 PM, Old:ON, New:Reading
Zero Mode Changed: 8/19/2022 1:00:45 PM, Old:Reading, New:ON
Zero Mode Changed: 8/19/2022 1:01:25 PM, Old:ON, New:Reading
Zero Mode Changed: 8/19/2022 1:01:25 PM, Old:Reading, New:ON
Emission Wavelength Changed: 8/19/2022 1:04:06 PM, Old: 350.00, New: 420.00
Stop Wavelength Changed: 8/19/2022 1:04:06 PM, Old: 340.00, New: 410.00
Zero Mode Changed: 8/19/2022 1:04:08 PM, Old:ON, New:Reading
Zero Mode Changed: 8/19/2022 1:04:08 PM, Old:Reading, New:ON
Scan mode: Changed: 8/19/2022 1:04:55 PM, Old:Excitation, New:Emission
Excitation Wavelength Changed: 8/19/2022 1:04:55 PM, Old: 240.00, New: 330.00
Emission Wavelength Changed: 8/19/2022 1:04:55 PM, Old: 420.00, New: 340.00
Stop Wavelength Changed: 8/19/2022 1:04:55 PM, Old: 410.00, New: 600.00
Zero Mode Changed: 8/19/2022 1:04:56 PM, Old:ON, New:Reading
Zero Mode Changed: 8/19/2022 1:04:57 PM, Old:Reading, New:ON
End Method Modifications

CdS sonochem 150min em470,
CdS sonochem 150min em470
Collection Time: 8/19/2022 1:06:43 PM
Operator Name  :
Scan Software Version: 1.1(132)
Parameter List :
Instrument                        Cary Eclipse
Instrument Serial Number          E08013467
Data mode                         Fluorescence
Scan mode                         Excitation
X Mode                            Wavelength (nm)
Start (nm)                        240.00
Stop (nm)                         460.00
Em. Wavelength (nm)               470.00
Ex. Slit (nm)                     5
Em. Slit (nm)                     5
Scan rate (nm/min)                600.00
Data interval (nm)                1.0000
Averaging Time (s)                0.1000
Excitation filter                 Auto
Emission filter                   Open
PMT voltage (V)                   Medium
Corrected spectra                 OFF
Method Log     :
Method Name    : Default
Date/Time stamp: 8/19/2022 12:23:28 PM
Method Modifications:
Overlayed Graphs Changed: 8/19/2022 12:24:53 PM, Old:OFF, New:ON
Y max Changed: 8/19/2022 12:24:53 PM, Old:  1000.0000, New:   300.0000
Excitation Wavelength Changed: 8/19/2022 12:27:20 PM, Old: 350.00, New: 300.00
Emission Wavelength Changed: 8/19/2022 12:27:20 PM, Old: 400.00, New: 310.00
Stop Wavelength Changed: 8/19/2022 12:27:20 PM, Old: 600.00, New: 500.00
Zero Mode Changed: 8/19/2022 12:27:22 PM, Old:OFF, New:Reading
Zero Mode Changed: 8/19/2022 12:27:22 PM, Old:Reading, New:ON
Scan mode: Changed: 8/19/2022 12:28:28 PM, Old:Emission, New:Excitation
Excitation Wavelength Changed: 8/19/2022 12:28:28 PM, Old: 300.00, New: 240.00
Emission Wavelength Changed: 8/19/2022 12:28:28 PM, Old: 310.00, New: 400.00
Stop Wavelength Changed: 8/19/2022 12:28:28 PM, Old: 500.00, New: 390.00
Zero Mode Changed: 8/19/2022 12:28:31 PM, Old:ON, New:Reading
Zero Mode Changed: 8/19/2022 12:28:31 PM, Old:Reading, New:ON
Scan mode: Changed: 8/19/2022 12:29:17 PM, Old:Excitation, New:Emission
Excitation Wavelength Changed: 8/19/2022 12:29:17 PM, Old: 240.00, New: 330.00
Emission Wavelength Changed: 8/19/2022 12:29:17 PM, Old: 400.00, New: 340.00
Stop Wavelength Changed: 8/19/2022 12:29:17 PM, Old: 390.00, New: 500.00
Zero Mode Changed: 8/19/2022 12:29:19 PM, Old:ON, New:Reading
Zero Mode Changed: 8/19/2022 12:29:19 PM, Old:Reading, New:ON
Scan mode: Changed: 8/19/2022 12:30:02 PM, Old:Emission, New:Excitation
Excitation Wavelength Changed: 8/19/2022 12:30:02 PM, Old: 330.00, New: 240.00
Emission Wavelength Changed: 8/19/2022 12:30:02 PM, Old: 340.00, New: 410.00
Stop Wavelength Changed: 8/19/2022 12:30:02 PM, Old: 500.00, New: 400.00
Zero Mode Changed: 8/19/2022 12:30:08 PM, Old:ON, New:Reading
Zero Mode Changed: 8/19/2022 12:30:08 PM, Old:Reading, New:ON
Scan mode: Changed: 8/19/2022 12:30:53 PM, Old:Excitation, New:Emission
Excitation Wavelength Changed: 8/19/2022 12:30:53 PM, Old: 240.00, New: 335.00
Emission Wavelength Changed: 8/19/2022 12:30:53 PM, Old: 410.00, New: 345.00
Stop Wavelength Changed: 8/19/2022 12:30:53 PM, Old: 400.00, New: 600.00
Zero Mode Changed: 8/19/2022 12:30:55 PM, Old:ON, New:Reading
Zero Mode Changed: 8/19/2022 12:30:55 PM, Old:Reading, New:ON
Zero Mode Changed: 8/19/2022 12:34:51 PM, Old:ON, New:Reading
Zero Mode Changed: 8/19/2022 12:34:51 PM, Old:Reading, New:ON
Scan mode: Changed: 8/19/2022 12:35:39 PM, Old:Emission, New:Excitation
Excitation Wavelength Changed: 8/19/2022 12:35:39 PM, Old: 335.00, New: 240.00
Emission Wavelength Changed: 8/19/2022 12:35:39 PM, Old: 345.00, New: 410.00
Stop Wavelength Changed: 8/19/2022 12:35:39 PM, Old: 600.00, New: 400.00
Zero Mode Changed: 8/19/2022 12:35:42 PM, Old:ON, New:Reading
Zero Mode Changed: 8/19/2022 12:35:43 PM, Old:Reading, New:ON
Scan mode: Changed: 8/19/2022 12:36:52 PM, Old:Excitation, New:Emission
Excitation Wavelength Changed: 8/19/2022 12:36:52 PM, Old: 240.00, New: 300.00
Emission Wavelength Changed: 8/19/2022 12:36:52 PM, Old: 410.00, New: 310.00
Stop Wavelength Changed: 8/19/2022 12:36:52 PM, Old: 400.00, New: 600.00
Zero Mode Changed: 8/19/2022 12:36:54 PM, Old:ON, New:Reading
Zero Mode Changed: 8/19/2022 12:36:54 PM, Old:Reading, New:ON
Scan mode: Changed: 8/19/2022 12:37:46 PM, Old:Emission, New:Excitation
Excitation Wavelength Changed: 8/19/2022 12:37:46 PM, Old: 300.00, New: 240.00
Emission Wavelength Changed: 8/19/2022 12:37:46 PM, Old: 310.00, New: 350.00
Stop Wavelength Changed: 8/19/2022 12:37:46 PM, Old: 600.00, New: 340.00
Zero Mode Changed: 8/19/2022 12:37:49 PM, Old:ON, New:Reading
Zero Mode Changed: 8/19/2022 12:37:49 PM, Old:Reading, New:ON
Scan mode: Changed: 8/19/2022 12:38:28 PM, Old:Excitation, New:Emission
Excitation Wavelength Changed: 8/19/2022 12:38:28 PM, Old: 240.00, New: 295.00
Emission Wavelength Changed: 8/19/2022 12:38:28 PM, Old: 350.00, New: 305.00
Stop Wavelength Changed: 8/19/2022 12:38:28 PM, Old: 340.00, New: 550.00
Zero Mode Changed: 8/19/2022 12:38:31 PM, Old:ON, New:Reading
Zero Mode Changed: 8/19/2022 12:38:31 PM, Old:Reading, New:ON
Scan Control Changed: 8/19/2022 12:39:12 PM, Old:Medium, New:Slow
Ave. time (s): Changed: 8/19/2022 12:39:12 PM, Old:0.10000, New:0.50000
Zero Mode Changed: 8/19/2022 12:39:14 PM, Old:ON, New:Reading
Zero Mode Changed: 8/19/2022 12:39:14 PM, Old:Reading, New:ON
Excitation Wavelength Changed: 8/19/2022 12:41:46 PM, Old: 295.00, New: 335.00
Emission Wavelength Changed: 8/19/2022 12:41:46 PM, Old: 305.00, New: 345.00
Stop Wavelength Changed: 8/19/2022 12:41:46 PM, Old: 550.00, New: 600.00
Zero Mode Changed: 8/19/2022 12:41:49 PM, Old:ON, New:Reading
Zero Mode Changed: 8/19/2022 12:41:50 PM, Old:Reading, New:ON
Scan mode: Changed: 8/19/2022 12:46:36 PM, Old:Emission, New:Excitation
Excitation Wavelength Changed: 8/19/2022 12:46:36 PM, Old: 335.00, New: 240.00
Emission Wavelength Changed: 8/19/2022 12:46:36 PM, Old: 345.00, New: 410.00
Stop Wavelength Changed: 8/19/2022 12:46:36 PM, Old: 600.00, New: 400.00
Zero Mode Changed: 8/19/2022 12:46:39 PM, Old:ON, New:Reading
Zero Mode Changed: 8/19/2022 12:46:40 PM, Old:Reading, New:ON
Scan Control Changed: 8/19/2022 12:50:26 PM, Old:Slow, New:Medium
Ave. time (s): Changed: 8/19/2022 12:50:26 PM, Old:0.50000, New:0.10000
Zero Mode Changed: 8/19/2022 12:50:27 PM, Old:ON, New:Reading
Zero Mode Changed: 8/19/2022 12:50:27 PM, Old:Reading, New:ON
Scan mode: Changed: 8/19/2022 12:51:32 PM, Old:Excitation, New:Emission
Excitation Wavelength Changed: 8/19/2022 12:51:32 PM, Old: 240.00, New: 337.00
Emission Wavelength Changed: 8/19/2022 12:51:32 PM, Old: 410.00, New: 347.00
Stop Wavelength Changed: 8/19/2022 12:51:32 PM, Old: 400.00, New: 600.00
Zero Mode Changed: 8/19/2022 12:51:34 PM, Old:ON, New:Reading
Zero Mode Changed: 8/19/2022 12:51:35 PM, Old:Reading, New:ON
Scan mode: Changed: 8/19/2022 12:52:30 PM, Old:Emission, New:Excitation
Excitation Wavelength Changed: 8/19/2022 12:52:30 PM, Old: 337.00, New: 240.00
Emission Wavelength Changed: 8/19/2022 12:52:30 PM, Old: 347.00, New: 415.00
Stop Wavelength Changed: 8/19/2022 12:52:30 PM, Old: 600.00, New: 400.00
Zero Mode Changed: 8/19/2022 12:52:33 PM, Old:ON, New:Reading
Zero Mode Changed: 8/19/2022 12:52:33 PM, Old:Reading, New:ON
Scan mode: Changed: 8/19/2022 12:53:13 PM, Old:Excitation, New:Emission
Excitation Wavelength Changed: 8/19/2022 12:53:13 PM, Old: 240.00, New: 340.00
Emission Wavelength Changed: 8/19/2022 12:53:13 PM, Old: 415.00, New: 350.00
Stop Wavelength Changed: 8/19/2022 12:53:13 PM, Old: 400.00, New: 600.00
Zero Mode Changed: 8/19/2022 12:53:15 PM, Old:ON, New:Reading
Zero Mode Changed: 8/19/2022 12:53:15 PM, Old:Reading, New:ON
Zero Mode Changed: 8/19/2022 12:54:45 PM, Old:ON, New:Reading
Zero Mode Changed: 8/19/2022 12:54:46 PM, Old:Reading, New:ON
Zero Mode Changed: 8/19/2022 12:54:49 PM, Old:ON, New:Reading
Zero Mode Changed: 8/19/2022 12:54:49 PM, Old:Reading, New:ON
Scan Control Changed: 8/19/2022 12:54:51 PM, Old:Medium, New:Slow
Ave. time (s): Changed: 8/19/2022 12:54:51 PM, Old:0.10000, New:0.50000
Zero Mode Changed: 8/19/2022 12:54:55 PM, Old:ON, New:Reading
Zero Mode Changed: 8/19/2022 12:54:56 PM, Old:Reading, New:ON
Scan mode: Changed: 8/19/2022 12:57:28 PM, Old:Emission, New:Excitation
Excitation Wavelength Changed: 8/19/2022 12:57:28 PM, Old: 340.00, New: 240.00
Emission Wavelength Changed: 8/19/2022 12:57:28 PM, Old: 350.00, New: 420.00
Stop Wavelength Changed: 8/19/2022 12:57:28 PM, Old: 600.00, New: 410.00
Zero Mode Changed: 8/19/2022 12:57:31 PM, Old:ON, New:Reading
Zero Mode Changed: 8/19/2022 12:57:31 PM, Old:Reading, New:ON
Scan mode: Changed: 8/19/2022 12:59:36 PM, Old:Excitation, New:Emission
Excitation Wavelength Changed: 8/19/2022 12:59:36 PM, Old: 240.00, New: 295.00
Emission Wavelength Changed: 8/19/2022 12:59:36 PM, Old: 420.00, New: 305.00
Stop Wavelength Changed: 8/19/2022 12:59:36 PM, Old: 410.00, New: 550.00
Scan Control Changed: 8/19/2022 12:59:41 PM, Old:Slow, New:Medium
Ave. time (s): Changed: 8/19/2022 12:59:41 PM, Old:0.50000, New:0.10000
Zero Mode Changed: 8/19/2022 12:59:44 PM, Old:ON, New:Reading
Zero Mode Changed: 8/19/2022 12:59:44 PM, Old:Reading, New:ON
Scan mode: Changed: 8/19/2022 1:00:36 PM, Old:Emission, New:Excitation
Excitation Wavelength Changed: 8/19/2022 1:00:36 PM, Old: 295.00, New: 240.00
Emission Wavelength Changed: 8/19/2022 1:00:36 PM, Old: 305.00, New: 350.00
Stop Wavelength Changed: 8/19/2022 1:00:36 PM, Old: 550.00, New: 340.00
Zero Mode Changed: 8/19/2022 1:00:45 PM, Old:ON, New:Reading
Zero Mode Changed: 8/19/2022 1:00:45 PM, Old:Reading, New:ON
Zero Mode Changed: 8/19/2022 1:01:25 PM, Old:ON, New:Reading
Zero Mode Changed: 8/19/2022 1:01:25 PM, Old:Reading, New:ON
Emission Wavelength Changed: 8/19/2022 1:04:06 PM, Old: 350.00, New: 420.00
Stop Wavelength Changed: 8/19/2022 1:04:06 PM, Old: 340.00, New: 410.00
Zero Mode Changed: 8/19/2022 1:04:08 PM, Old:ON, New:Reading
Zero Mode Changed: 8/19/2022 1:04:08 PM, Old:Reading, New:ON
Scan mode: Changed: 8/19/2022 1:04:55 PM, Old:Excitation, New:Emission
Excitation Wavelength Changed: 8/19/2022 1:04:55 PM, Old: 240.00, New: 330.00
Emission Wavelength Changed: 8/19/2022 1:04:55 PM, Old: 420.00, New: 340.00
Stop Wavelength Changed: 8/19/2022 1:04:55 PM, Old: 410.00, New: 600.00
Zero Mode Changed: 8/19/2022 1:04:56 PM, Old:ON, New:Reading
Zero Mode Changed: 8/19/2022 1:04:57 PM, Old:Reading, New:ON
Scan mode: Changed: 8/19/2022 1:06:34 PM, Old:Emission, New:Excitation
User Delta Stop Changed: 8/19/2022 1:06:34 PM, Old: 450.00, New: 470.00
User Delta Increment Changed: 8/19/2022 1:06:34 PM, Old:  10.00, New:   0.15
Excitation Wavelength Changed: 8/19/2022 1:06:34 PM, Old: 330.00, New: 240.00
Emission Wavelength Changed: 8/19/2022 1:06:34 PM, Old: 340.00, New: 470.00
Stop Wavelength Changed: 8/19/2022 1:06:34 PM, Old: 600.00, New: 460.00
Zero Mode Changed: 8/19/2022 1:06:37 PM, Old:ON, New:Reading
Zero Mode Changed: 8/19/2022 1:06:37 PM, Old:Reading, New:ON
End Method Modifications

CdS sonochem 150min ex355,
CdS sonochem 150min ex355
Collection Time: 8/19/2022 1:07:35 PM
Operator Name  :
Scan Software Version: 1.1(132)
Parameter List :
Instrument                        Cary Eclipse
Instrument Serial Number          E08013467
Data mode                         Fluorescence
Scan mode                         Emission
X Mode                            Wavelength (nm)
Start (nm)                        365.00
Stop (nm)                         600.00
Ex. Wavelength (nm)               355.00
Ex. Slit (nm)                     5
Em. Slit (nm)                     5
Scan rate (nm/min)                600.00
Data interval (nm)                1.0000
Averaging Time (s)                0.1000
Excitation filter                 Auto
Emission filter                   Open
PMT voltage (V)                   Medium
Corrected spectra                 OFF
Method Log     :
Method Name    : Default
Date/Time stamp: 8/19/2022 12:23:28 PM
Method Modifications:
Overlayed Graphs Changed: 8/19/2022 12:24:53 PM, Old:OFF, New:ON
Y max Changed: 8/19/2022 12:24:53 PM, Old:  1000.0000, New:   300.0000
Excitation Wavelength Changed: 8/19/2022 12:27:20 PM, Old: 350.00, New: 300.00
Emission Wavelength Changed: 8/19/2022 12:27:20 PM, Old: 400.00, New: 310.00
Stop Wavelength Changed: 8/19/2022 12:27:20 PM, Old: 600.00, New: 500.00
Zero Mode Changed: 8/19/2022 12:27:22 PM, Old:OFF, New:Reading
Zero Mode Changed: 8/19/2022 12:27:22 PM, Old:Reading, New:ON
Scan mode: Changed: 8/19/2022 12:28:28 PM, Old:Emission, New:Excitation
Excitation Wavelength Changed: 8/19/2022 12:28:28 PM, Old: 300.00, New: 240.00
Emission Wavelength Changed: 8/19/2022 12:28:28 PM, Old: 310.00, New: 400.00
Stop Wavelength Changed: 8/19/2022 12:28:28 PM, Old: 500.00, New: 390.00
Zero Mode Changed: 8/19/2022 12:28:31 PM, Old:ON, New:Reading
Zero Mode Changed: 8/19/2022 12:28:31 PM, Old:Reading, New:ON
Scan mode: Changed: 8/19/2022 12:29:17 PM, Old:Excitation, New:Emission
Excitation Wavelength Changed: 8/19/2022 12:29:17 PM, Old: 240.00, New: 330.00
Emission Wavelength Changed: 8/19/2022 12:29:17 PM, Old: 400.00, New: 340.00
Stop Wavelength Changed: 8/19/2022 12:29:17 PM, Old: 390.00, New: 500.00
Zero Mode Changed: 8/19/2022 12:29:19 PM, Old:ON, New:Reading
Zero Mode Changed: 8/19/2022 12:29:19 PM, Old:Reading, New:ON
Scan mode: Changed: 8/19/2022 12:30:02 PM, Old:Emission, New:Excitation
Excitation Wavelength Changed: 8/19/2022 12:30:02 PM, Old: 330.00, New: 240.00
Emission Wavelength Changed: 8/19/2022 12:30:02 PM, Old: 340.00, New: 410.00
Stop Wavelength Changed: 8/19/2022 12:30:02 PM, Old: 500.00, New: 400.00
Zero Mode Changed: 8/19/2022 12:30:08 PM, Old:ON, New:Reading
Zero Mode Changed: 8/19/2022 12:30:08 PM, Old:Reading, New:ON
Scan mode: Changed: 8/19/2022 12:30:53 PM, Old:Excitation, New:Emission
Excitation Wavelength Changed: 8/19/2022 12:30:53 PM, Old: 240.00, New: 335.00
Emission Wavelength Changed: 8/19/2022 12:30:53 PM, Old: 410.00, New: 345.00
Stop Wavelength Changed: 8/19/2022 12:30:53 PM, Old: 400.00, New: 600.00
Zero Mode Changed: 8/19/2022 12:30:55 PM, Old:ON, New:Reading
Zero Mode Changed: 8/19/2022 12:30:55 PM, Old:Reading, New:ON
Zero Mode Changed: 8/19/2022 12:34:51 PM, Old:ON, New:Reading
Zero Mode Changed: 8/19/2022 12:34:51 PM, Old:Reading, New:ON
Scan mode: Changed: 8/19/2022 12:35:39 PM, Old:Emission, New:Excitation
Excitation Wavelength Changed: 8/19/2022 12:35:39 PM, Old: 335.00, New: 240.00
Emission Wavelength Changed: 8/19/2022 12:35:39 PM, Old: 345.00, New: 410.00
Stop Wavelength Changed: 8/19/2022 12:35:39 PM, Old: 600.00, New: 400.00
Zero Mode Changed: 8/19/2022 12:35:42 PM, Old:ON, New:Reading
Zero Mode Changed: 8/19/2022 12:35:43 PM, Old:Reading, New:ON
Scan mode: Changed: 8/19/2022 12:36:52 PM, Old:Excitation, New:Emission
Excitation Wavelength Changed: 8/19/2022 12:36:52 PM, Old: 240.00, New: 300.00
Emission Wavelength Changed: 8/19/2022 12:36:52 PM, Old: 410.00, New: 310.00
Stop Wavelength Changed: 8/19/2022 12:36:52 PM, Old: 400.00, New: 600.00
Zero Mode Changed: 8/19/2022 12:36:54 PM, Old:ON, New:Reading
Zero Mode Changed: 8/19/2022 12:36:54 PM, Old:Reading, New:ON
Scan mode: Changed: 8/19/2022 12:37:46 PM, Old:Emission, New:Excitation
Excitation Wavelength Changed: 8/19/2022 12:37:46 PM, Old: 300.00, New: 240.00
Emission Wavelength Changed: 8/19/2022 12:37:46 PM, Old: 310.00, New: 350.00
Stop Wavelength Changed: 8/19/2022 12:37:46 PM, Old: 600.00, New: 340.00
Zero Mode Changed: 8/19/2022 12:37:49 PM, Old:ON, New:Reading
Zero Mode Changed: 8/19/2022 12:37:49 PM, Old:Reading, New:ON
Scan mode: Changed: 8/19/2022 12:38:28 PM, Old:Excitation, New:Emission
Excitation Wavelength Changed: 8/19/2022 12:38:28 PM, Old: 240.00, New: 295.00
Emission Wavelength Changed: 8/19/2022 12:38:28 PM, Old: 350.00, New: 305.00
Stop Wavelength Changed: 8/19/2022 12:38:28 PM, Old: 340.00, New: 550.00
Zero Mode Changed: 8/19/2022 12:38:31 PM, Old:ON, New:Reading
Zero Mode Changed: 8/19/2022 12:38:31 PM, Old:Reading, New:ON
Scan Control Changed: 8/19/2022 12:39:12 PM, Old:Medium, New:Slow
Ave. time (s): Changed: 8/19/2022 12:39:12 PM, Old:0.10000, New:0.50000
Zero Mode Changed: 8/19/2022 12:39:14 PM, Old:ON, New:Reading
Zero Mode Changed: 8/19/2022 12:39:14 PM, Old:Reading, New:ON
Excitation Wavelength Changed: 8/19/2022 12:41:46 PM, Old: 295.00, New: 335.00
Emission Wavelength Changed: 8/19/2022 12:41:46 PM, Old: 305.00, New: 345.00
Stop Wavelength Changed: 8/19/2022 12:41:46 PM, Old: 550.00, New: 600.00
Zero Mode Changed: 8/19/2022 12:41:49 PM, Old:ON, New:Reading
Zero Mode Changed: 8/19/2022 12:41:50 PM, Old:Reading, New:ON
Scan mode: Changed: 8/19/2022 12:46:36 PM, Old:Emission, New:Excitation
Excitation Wavelength Changed: 8/19/2022 12:46:36 PM, Old: 335.00, New: 240.00
Emission Wavelength Changed: 8/19/2022 12:46:36 PM, Old: 345.00, New: 410.00
Stop Wavelength Changed: 8/19/2022 12:46:36 PM, Old: 600.00, New: 400.00
Zero Mode Changed: 8/19/2022 12:46:39 PM, Old:ON, New:Reading
Zero Mode Changed: 8/19/2022 12:46:40 PM, Old:Reading, New:ON
Scan Control Changed: 8/19/2022 12:50:26 PM, Old:Slow, New:Medium
Ave. time (s): Changed: 8/19/2022 12:50:26 PM, Old:0.50000, New:0.10000
Zero Mode Changed: 8/19/2022 12:50:27 PM, Old:ON, New:Reading
Zero Mode Changed: 8/19/2022 12:50:27 PM, Old:Reading, New:ON
Scan mode: Changed: 8/19/2022 12:51:32 PM, Old:Excitation, New:Emission
Excitation Wavelength Changed: 8/19/2022 12:51:32 PM, Old: 240.00, New: 337.00
Emission Wavelength Changed: 8/19/2022 12:51:32 PM, Old: 410.00, New: 347.00
Stop Wavelength Changed: 8/19/2022 12:51:32 PM, Old: 400.00, New: 600.00
Zero Mode Changed: 8/19/2022 12:51:34 PM, Old:ON, New:Reading
Zero Mode Changed: 8/19/2022 12:51:35 PM, Old:Reading, New:ON
Scan mode: Changed: 8/19/2022 12:52:30 PM, Old:Emission, New:Excitation
Excitation Wavelength Changed: 8/19/2022 12:52:30 PM, Old: 337.00, New: 240.00
Emission Wavelength Changed: 8/19/2022 12:52:30 PM, Old: 347.00, New: 415.00
Stop Wavelength Changed: 8/19/2022 12:52:30 PM, Old: 600.00, New: 400.00
Zero Mode Changed: 8/19/2022 12:52:33 PM, Old:ON, New:Reading
Zero Mode Changed: 8/19/2022 12:52:33 PM, Old:Reading, New:ON
Scan mode: Changed: 8/19/2022 12:53:13 PM, Old:Excitation, New:Emission
Excitation Wavelength Changed: 8/19/2022 12:53:13 PM, Old: 240.00, New: 340.00
Emission Wavelength Changed: 8/19/2022 12:53:13 PM, Old: 415.00, New: 350.00
Stop Wavelength Changed: 8/19/2022 12:53:13 PM, Old: 400.00, New: 600.00
Zero Mode Changed: 8/19/2022 12:53:15 PM, Old:ON, New:Reading
Zero Mode Changed: 8/19/2022 12:53:15 PM, Old:Reading, New:ON
Zero Mode Changed: 8/19/2022 12:54:45 PM, Old:ON, New:Reading
Zero Mode Changed: 8/19/2022 12:54:46 PM, Old:Reading, New:ON
Zero Mode Changed: 8/19/2022 12:54:49 PM, Old:ON, New:Reading
Zero Mode Changed: 8/19/2022 12:54:49 PM, Old:Reading, New:ON
Scan Control Changed: 8/19/2022 12:54:51 PM, Old:Medium, New:Slow
Ave. time (s): Changed: 8/19/2022 12:54:51 PM, Old:0.10000, New:0.50000
Zero Mode Changed: 8/19/2022 12:54:55 PM, Old:ON, New:Reading
Zero Mode Changed: 8/19/2022 12:54:56 PM, Old:Reading, New:ON
Scan mode: Changed: 8/19/2022 12:57:28 PM, Old:Emission, New:Excitation
Excitation Wavelength Changed: 8/19/2022 12:57:28 PM, Old: 340.00, New: 240.00
Emission Wavelength Changed: 8/19/2022 12:57:28 PM, Old: 350.00, New: 420.00
Stop Wavelength Changed: 8/19/2022 12:57:28 PM, Old: 600.00, New: 410.00
Zero Mode Changed: 8/19/2022 12:57:31 PM, Old:ON, New:Reading
Zero Mode Changed: 8/19/2022 12:57:31 PM, Old:Reading, New:ON
Scan mode: Changed: 8/19/2022 12:59:36 PM, Old:Excitation, New:Emission
Excitation Wavelength Changed: 8/19/2022 12:59:36 PM, Old: 240.00, New: 295.00
Emission Wavelength Changed: 8/19/2022 12:59:36 PM, Old: 420.00, New: 305.00
Stop Wavelength Changed: 8/19/2022 12:59:36 PM, Old: 410.00, New: 550.00
Scan Control Changed: 8/19/2022 12:59:41 PM, Old:Slow, New:Medium
Ave. time (s): Changed: 8/19/2022 12:59:41 PM, Old:0.50000, New:0.10000
Zero Mode Changed: 8/19/2022 12:59:44 PM, Old:ON, New:Reading
Zero Mode Changed: 8/19/2022 12:59:44 PM, Old:Reading, New:ON
Scan mode: Changed: 8/19/2022 1:00:36 PM, Old:Emission, New:Excitation
Excitation Wavelength Changed: 8/19/2022 1:00:36 PM, Old: 295.00, New: 240.00
Emission Wavelength Changed: 8/19/2022 1:00:36 PM, Old: 305.00, New: 350.00
Stop Wavelength Changed: 8/19/2022 1:00:36 PM, Old: 550.00, New: 340.00
Zero Mode Changed: 8/19/2022 1:00:45 PM, Old:ON, New:Reading
Zero Mode Changed: 8/19/2022 1:00:45 PM, Old:Reading, New:ON
Zero Mode Changed: 8/19/2022 1:01:25 PM, Old:ON, New:Reading
Zero Mode Changed: 8/19/2022 1:01:25 PM, Old:Reading, New:ON
Emission Wavelength Changed: 8/19/2022 1:04:06 PM, Old: 350.00, New: 420.00
Stop Wavelength Changed: 8/19/2022 1:04:06 PM, Old: 340.00, New: 410.00
Zero Mode Changed: 8/19/2022 1:04:08 PM, Old:ON, New:Reading
Zero Mode Changed: 8/19/2022 1:04:08 PM, Old:Reading, New:ON
Scan mode: Changed: 8/19/2022 1:04:55 PM, Old:Excitation, New:Emission
Excitation Wavelength Changed: 8/19/2022 1:04:55 PM, Old: 240.00, New: 330.00
Emission Wavelength Changed: 8/19/2022 1:04:55 PM, Old: 420.00, New: 340.00
Stop Wavelength Changed: 8/19/2022 1:04:55 PM, Old: 410.00, New: 600.00
Zero Mode Changed: 8/19/2022 1:04:56 PM, Old:ON, New:Reading
Zero Mode Changed: 8/19/2022 1:04:57 PM, Old:Reading, New:ON
Scan mode: Changed: 8/19/2022 1:06:34 PM, Old:Emission, New:Excitation
User Delta Stop Changed: 8/19/2022 1:06:34 PM, Old: 450.00, New: 470.00
User Delta Increment Changed: 8/19/2022 1:06:34 PM, Old:  10.00, New:   0.15
Excitation Wavelength Changed: 8/19/2022 1:06:34 PM, Old: 330.00, New: 240.00
Emission Wavelength Changed: 8/19/2022 1:06:34 PM, Old: 340.00, New: 470.00
Stop Wavelength Changed: 8/19/2022 1:06:34 PM, Old: 600.00, New: 460.00
Zero Mode Changed: 8/19/2022 1:06:37 PM, Old:ON, New:Reading
Zero Mode Changed: 8/19/2022 1:06:37 PM, Old:Reading, New:ON
Scan mode: Changed: 8/19/2022 1:07:26 PM, Old:Excitation, New:Emission
Excitation Wavelength Changed: 8/19/2022 1:07:26 PM, Old: 240.00, New: 355.00
Emission Wavelength Changed: 8/19/2022 1:07:26 PM, Old: 470.00, New: 365.00
Stop Wavelength Changed: 8/19/2022 1:07:26 PM, Old: 460.00, New: 600.00
Zero Mode Changed: 8/19/2022 1:07:27 PM, Old:ON, New:Reading
Zero Mode Changed: 8/19/2022 1:07:27 PM, Old:Reading, New:ON
End Method Modifications

CdS sonochem 150min em520,
CdS sonochem 150min em520
Collection Time: 8/19/2022 1:08:47 PM
Operator Name  :
Scan Software Version: 1.1(132)
Parameter List :
Instrument                        Cary Eclipse
Instrument Serial Number          E08013467
Data mode                         Fluorescence
Scan mode                         Excitation
X Mode                            Wavelength (nm)
Start (nm)                        270.00
Stop (nm)                         510.00
Em. Wavelength (nm)               520.00
Ex. Slit (nm)                     5
Em. Slit (nm)                     5
Scan rate (nm/min)                600.00
Data interval (nm)                1.0000
Averaging Time (s)                0.1000
Excitation filter                 Auto
Emission filter                   Open
PMT voltage (V)                   Medium
Corrected spectra                 OFF
Method Log     :
Method Name    : Default
Date/Time stamp: 8/19/2022 12:23:28 PM
Method Modifications:
Overlayed Graphs Changed: 8/19/2022 12:24:53 PM, Old:OFF, New:ON
Y max Changed: 8/19/2022 12:24:53 PM, Old:  1000.0000, New:   300.0000
Excitation Wavelength Changed: 8/19/2022 12:27:20 PM, Old: 350.00, New: 300.00
Emission Wavelength Changed: 8/19/2022 12:27:20 PM, Old: 400.00, New: 310.00
Stop Wavelength Changed: 8/19/2022 12:27:20 PM, Old: 600.00, New: 500.00
Zero Mode Changed: 8/19/2022 12:27:22 PM, Old:OFF, New:Reading
Zero Mode Changed: 8/19/2022 12:27:22 PM, Old:Reading, New:ON
Scan mode: Changed: 8/19/2022 12:28:28 PM, Old:Emission, New:Excitation
Excitation Wavelength Changed: 8/19/2022 12:28:28 PM, Old: 300.00, New: 240.00
Emission Wavelength Changed: 8/19/2022 12:28:28 PM, Old: 310.00, New: 400.00
Stop Wavelength Changed: 8/19/2022 12:28:28 PM, Old: 500.00, New: 390.00
Zero Mode Changed: 8/19/2022 12:28:31 PM, Old:ON, New:Reading
Zero Mode Changed: 8/19/2022 12:28:31 PM, Old:Reading, New:ON
Scan mode: Changed: 8/19/2022 12:29:17 PM, Old:Excitation, New:Emission
Excitation Wavelength Changed: 8/19/2022 12:29:17 PM, Old: 240.00, New: 330.00
Emission Wavelength Changed: 8/19/2022 12:29:17 PM, Old: 400.00, New: 340.00
Stop Wavelength Changed: 8/19/2022 12:29:17 PM, Old: 390.00, New: 500.00
Zero Mode Changed: 8/19/2022 12:29:19 PM, Old:ON, New:Reading
Zero Mode Changed: 8/19/2022 12:29:19 PM, Old:Reading, New:ON
Scan mode: Changed: 8/19/2022 12:30:02 PM, Old:Emission, New:Excitation
Excitation Wavelength Changed: 8/19/2022 12:30:02 PM, Old: 330.00, New: 240.00
Emission Wavelength Changed: 8/19/2022 12:30:02 PM, Old: 340.00, New: 410.00
Stop Wavelength Changed: 8/19/2022 12:30:02 PM, Old: 500.00, New: 400.00
Zero Mode Changed: 8/19/2022 12:30:08 PM, Old:ON, New:Reading
Zero Mode Changed: 8/19/2022 12:30:08 PM, Old:Reading, New:ON
Scan mode: Changed: 8/19/2022 12:30:53 PM, Old:Excitation, New:Emission
Excitation Wavelength Changed: 8/19/2022 12:30:53 PM, Old: 240.00, New: 335.00
Emission Wavelength Changed: 8/19/2022 12:30:53 PM, Old: 410.00, New: 345.00
Stop Wavelength Changed: 8/19/2022 12:30:53 PM, Old: 400.00, New: 600.00
Zero Mode Changed: 8/19/2022 12:30:55 PM, Old:ON, New:Reading
Zero Mode Changed: 8/19/2022 12:30:55 PM, Old:Reading, New:ON
Zero Mode Changed: 8/19/2022 12:34:51 PM, Old:ON, New:Reading
Zero Mode Changed: 8/19/2022 12:34:51 PM, Old:Reading, New:ON
Scan mode: Changed: 8/19/2022 12:35:39 PM, Old:Emission, New:Excitation
Excitation Wavelength Changed: 8/19/2022 12:35:39 PM, Old: 335.00, New: 240.00
Emission Wavelength Changed: 8/19/2022 12:35:39 PM, Old: 345.00, New: 410.00
Stop Wavelength Changed: 8/19/2022 12:35:39 PM, Old: 600.00, New: 400.00
Zero Mode Changed: 8/19/2022 12:35:42 PM, Old:ON, New:Reading
Zero Mode Changed: 8/19/2022 12:35:43 PM, Old:Reading, New:ON
Scan mode: Changed: 8/19/2022 12:36:52 PM, Old:Excitation, New:Emission
Excitation Wavelength Changed: 8/19/2022 12:36:52 PM, Old: 240.00, New: 300.00
Emission Wavelength Changed: 8/19/2022 12:36:52 PM, Old: 410.00, New: 310.00
Stop Wavelength Changed: 8/19/2022 12:36:52 PM, Old: 400.00, New: 600.00
Zero Mode Changed: 8/19/2022 12:36:54 PM, Old:ON, New:Reading
Zero Mode Changed: 8/19/2022 12:36:54 PM, Old:Reading, New:ON
Scan mode: Changed: 8/19/2022 12:37:46 PM, Old:Emission, New:Excitation
Excitation Wavelength Changed: 8/19/2022 12:37:46 PM, Old: 300.00, New: 240.00
Emission Wavelength Changed: 8/19/2022 12:37:46 PM, Old: 310.00, New: 350.00
Stop Wavelength Changed: 8/19/2022 12:37:46 PM, Old: 600.00, New: 340.00
Zero Mode Changed: 8/19/2022 12:37:49 PM, Old:ON, New:Reading
Zero Mode Changed: 8/19/2022 12:37:49 PM, Old:Reading, New:ON
Scan mode: Changed: 8/19/2022 12:38:28 PM, Old:Excitation, New:Emission
Excitation Wavelength Changed: 8/19/2022 12:38:28 PM, Old: 240.00, New: 295.00
Emission Wavelength Changed: 8/19/2022 12:38:28 PM, Old: 350.00, New: 305.00
Stop Wavelength Changed: 8/19/2022 12:38:28 PM, Old: 340.00, New: 550.00
Zero Mode Changed: 8/19/2022 12:38:31 PM, Old:ON, New:Reading
Zero Mode Changed: 8/19/2022 12:38:31 PM, Old:Reading, New:ON
Scan Control Changed: 8/19/2022 12:39:12 PM, Old:Medium, New:Slow
Ave. time (s): Changed: 8/19/2022 12:39:12 PM, Old:0.10000, New:0.50000
Zero Mode Changed: 8/19/2022 12:39:14 PM, Old:ON, New:Reading
Zero Mode Changed: 8/19/2022 12:39:14 PM, Old:Reading, New:ON
Excitation Wavelength Changed: 8/19/2022 12:41:46 PM, Old: 295.00, New: 335.00
Emission Wavelength Changed: 8/19/2022 12:41:46 PM, Old: 305.00, New: 345.00
Stop Wavelength Changed: 8/19/2022 12:41:46 PM, Old: 550.00, New: 600.00
Zero Mode Changed: 8/19/2022 12:41:49 PM, Old:ON, New:Reading
Zero Mode Changed: 8/19/2022 12:41:50 PM, Old:Reading, New:ON
Scan mode: Changed: 8/19/2022 12:46:36 PM, Old:Emission, New:Excitation
Excitation Wavelength Changed: 8/19/2022 12:46:36 PM, Old: 335.00, New: 240.00
Emission Wavelength Changed: 8/19/2022 12:46:36 PM, Old: 345.00, New: 410.00
Stop Wavelength Changed: 8/19/2022 12:46:36 PM, Old: 600.00, New: 400.00
Zero Mode Changed: 8/19/2022 12:46:39 PM, Old:ON, New:Reading
Zero Mode Changed: 8/19/2022 12:46:40 PM, Old:Reading, New:ON
Scan Control Changed: 8/19/2022 12:50:26 PM, Old:Slow, New:Medium
Ave. time (s): Changed: 8/19/2022 12:50:26 PM, Old:0.50000, New:0.10000
Zero Mode Changed: 8/19/2022 12:50:27 PM, Old:ON, New:Reading
Zero Mode Changed: 8/19/2022 12:50:27 PM, Old:Reading, New:ON
Scan mode: Changed: 8/19/2022 12:51:32 PM, Old:Excitation, New:Emission
Excitation Wavelength Changed: 8/19/2022 12:51:32 PM, Old: 240.00, New: 337.00
Emission Wavelength Changed: 8/19/2022 12:51:32 PM, Old: 410.00, New: 347.00
Stop Wavelength Changed: 8/19/2022 12:51:32 PM, Old: 400.00, New: 600.00
Zero Mode Changed: 8/19/2022 12:51:34 PM, Old:ON, New:Reading
Zero Mode Changed: 8/19/2022 12:51:35 PM, Old:Reading, New:ON
Scan mode: Changed: 8/19/2022 12:52:30 PM, Old:Emission, New:Excitation
Excitation Wavelength Changed: 8/19/2022 12:52:30 PM, Old: 337.00, New: 240.00
Emission Wavelength Changed: 8/19/2022 12:52:30 PM, Old: 347.00, New: 415.00
Stop Wavelength Changed: 8/19/2022 12:52:30 PM, Old: 600.00, New: 400.00
Zero Mode Changed: 8/19/2022 12:52:33 PM, Old:ON, New:Reading
Zero Mode Changed: 8/19/2022 12:52:33 PM, Old:Reading, New:ON
Scan mode: Changed: 8/19/2022 12:53:13 PM, Old:Excitation, New:Emission
Excitation Wavelength Changed: 8/19/2022 12:53:13 PM, Old: 240.00, New: 340.00
Emission Wavelength Changed: 8/19/2022 12:53:13 PM, Old: 415.00, New: 350.00
Stop Wavelength Changed: 8/19/2022 12:53:13 PM, Old: 400.00, New: 600.00
Zero Mode Changed: 8/19/2022 12:53:15 PM, Old:ON, New:Reading
Zero Mode Changed: 8/19/2022 12:53:15 PM, Old:Reading, New:ON
Zero Mode Changed: 8/19/2022 12:54:45 PM, Old:ON, New:Reading
Zero Mode Changed: 8/19/2022 12:54:46 PM, Old:Reading, New:ON
Zero Mode Changed: 8/19/2022 12:54:49 PM, Old:ON, New:Reading
Zero Mode Changed: 8/19/2022 12:54:49 PM, Old:Reading, New:ON
Scan Control Changed: 8/19/2022 12:54:51 PM, Old:Medium, New:Slow
Ave. time (s): Changed: 8/19/2022 12:54:51 PM, Old:0.10000, New:0.50000
Zero Mode Changed: 8/19/2022 12:54:55 PM, Old:ON, New:Reading
Zero Mode Changed: 8/19/2022 12:54:56 PM, Old:Reading, New:ON
Scan mode: Changed: 8/19/2022 12:57:28 PM, Old:Emission, New:Excitation
Excitation Wavelength Changed: 8/19/2022 12:57:28 PM, Old: 340.00, New: 240.00
Emission Wavelength Changed: 8/19/2022 12:57:28 PM, Old: 350.00, New: 420.00
Stop Wavelength Changed: 8/19/2022 12:57:28 PM, Old: 600.00, New: 410.00
Zero Mode Changed: 8/19/2022 12:57:31 PM, Old:ON, New:Reading
Zero Mode Changed: 8/19/2022 12:57:31 PM, Old:Reading, New:ON
Scan mode: Changed: 8/19/2022 12:59:36 PM, Old:Excitation, New:Emission
Excitation Wavelength Changed: 8/19/2022 12:59:36 PM, Old: 240.00, New: 295.00
Emission Wavelength Changed: 8/19/2022 12:59:36 PM, Old: 420.00, New: 305.00
Stop Wavelength Changed: 8/19/2022 12:59:36 PM, Old: 410.00, New: 550.00
Scan Control Changed: 8/19/2022 12:59:41 PM, Old:Slow, New:Medium
Ave. time (s): Changed: 8/19/2022 12:59:41 PM, Old:0.50000, New:0.10000
Zero Mode Changed: 8/19/2022 12:59:44 PM, Old:ON, New:Reading
Zero Mode Changed: 8/19/2022 12:59:44 PM, Old:Reading, New:ON
Scan mode: Changed: 8/19/2022 1:00:36 PM, Old:Emission, New:Excitation
Excitation Wavelength Changed: 8/19/2022 1:00:36 PM, Old: 295.00, New: 240.00
Emission Wavelength Changed: 8/19/2022 1:00:36 PM, Old: 305.00, New: 350.00
Stop Wavelength Changed: 8/19/2022 1:00:36 PM, Old: 550.00, New: 340.00
Zero Mode Changed: 8/19/2022 1:00:45 PM, Old:ON, New:Reading
Zero Mode Changed: 8/19/2022 1:00:45 PM, Old:Reading, New:ON
Zero Mode Changed: 8/19/2022 1:01:25 PM, Old:ON, New:Reading
Zero Mode Changed: 8/19/2022 1:01:25 PM, Old:Reading, New:ON
Emission Wavelength Changed: 8/19/2022 1:04:06 PM, Old: 350.00, New: 420.00
Stop Wavelength Changed: 8/19/2022 1:04:06 PM, Old: 340.00, New: 410.00
Zero Mode Changed: 8/19/2022 1:04:08 PM, Old:ON, New:Reading
Zero Mode Changed: 8/19/2022 1:04:08 PM, Old:Reading, New:ON
Scan mode: Changed: 8/19/2022 1:04:55 PM, Old:Excitation, New:Emission
Excitation Wavelength Changed: 8/19/2022 1:04:55 PM, Old: 240.00, New: 330.00
Emission Wavelength Changed: 8/19/2022 1:04:55 PM, Old: 420.00, New: 340.00
Stop Wavelength Changed: 8/19/2022 1:04:55 PM, Old: 410.00, New: 600.00
Zero Mode Changed: 8/19/2022 1:04:56 PM, Old:ON, New:Reading
Zero Mode Changed: 8/19/2022 1:04:57 PM, Old:Reading, New:ON
Scan mode: Changed: 8/19/2022 1:06:34 PM, Old:Emission, New:Excitation
User Delta Stop Changed: 8/19/2022 1:06:34 PM, Old: 450.00, New: 470.00
User Delta Increment Changed: 8/19/2022 1:06:34 PM, Old:  10.00, New:   0.15
Excitation Wavelength Changed: 8/19/2022 1:06:34 PM, Old: 330.00, New: 240.00
Emission Wavelength Changed: 8/19/2022 1:06:34 PM, Old: 340.00, New: 470.00
Stop Wavelength Changed: 8/19/2022 1:06:34 PM, Old: 600.00, New: 460.00
Zero Mode Changed: 8/19/2022 1:06:37 PM, Old:ON, New:Reading
Zero Mode Changed: 8/19/2022 1:06:37 PM, Old:Reading, New:ON
Scan mode: Changed: 8/19/2022 1:07:26 PM, Old:Excitation, New:Emission
Excitation Wavelength Changed: 8/19/2022 1:07:26 PM, Old: 240.00, New: 355.00
Emission Wavelength Changed: 8/19/2022 1:07:26 PM, Old: 470.00, New: 365.00
Stop Wavelength Changed: 8/19/2022 1:07:26 PM, Old: 460.00, New: 600.00
Zero Mode Changed: 8/19/2022 1:07:27 PM, Old:ON, New:Reading
Zero Mode Changed: 8/19/2022 1:07:27 PM, Old:Reading, New:ON
Scan mode: Changed: 8/19/2022 1:08:25 PM, Old:Emission, New:Excitation
User Delta Stop Changed: 8/19/2022 1:08:25 PM, Old: 470.00, New: 520.00
Excitation Wavelength Changed: 8/19/2022 1:08:25 PM, Old: 355.00, New: 270.00
Emission Wavelength Changed: 8/19/2022 1:08:25 PM, Old: 365.00, New: 520.00
Stop Wavelength Changed: 8/19/2022 1:08:25 PM, Old: 600.00, New: 510.00
Zero Mode Changed: 8/19/2022 1:08:29 PM, Old:ON, New:Reading
Zero Mode Changed: 8/19/2022 1:08:29 PM, Old:Reading, New:ON
End Method Modifications

CdS sonochem 150min ex345,
CdS sonochem 150min ex345
Collection Time: 8/19/2022 1:09:49 PM
Operator Name  :
Scan Software Version: 1.1(132)
Parameter List :
Instrument                        Cary Eclipse
Instrument Serial Number          E08013467
Data mode                         Fluorescence
Scan mode                         Emission
X Mode                            Wavelength (nm)
Start (nm)                        355.00
Stop (nm)                         600.00
Ex. Wavelength (nm)               345.00
Ex. Slit (nm)                     5
Em. Slit (nm)                     5
Scan rate (nm/min)                600.00
Data interval (nm)                1.0000
Averaging Time (s)                0.1000
Excitation filter                 Auto
Emission filter                   Open
PMT voltage (V)                   Medium
Corrected spectra                 OFF
Method Log     :
Method Name    : Default
Date/Time stamp: 8/19/2022 12:23:28 PM
Method Modifications:
Overlayed Graphs Changed: 8/19/2022 12:24:53 PM, Old:OFF, New:ON
Y max Changed: 8/19/2022 12:24:53 PM, Old:  1000.0000, New:   300.0000
Excitation Wavelength Changed: 8/19/2022 12:27:20 PM, Old: 350.00, New: 300.00
Emission Wavelength Changed: 8/19/2022 12:27:20 PM, Old: 400.00, New: 310.00
Stop Wavelength Changed: 8/19/2022 12:27:20 PM, Old: 600.00, New: 500.00
Zero Mode Changed: 8/19/2022 12:27:22 PM, Old:OFF, New:Reading
Zero Mode Changed: 8/19/2022 12:27:22 PM, Old:Reading, New:ON
Scan mode: Changed: 8/19/2022 12:28:28 PM, Old:Emission, New:Excitation
Excitation Wavelength Changed: 8/19/2022 12:28:28 PM, Old: 300.00, New: 240.00
Emission Wavelength Changed: 8/19/2022 12:28:28 PM, Old: 310.00, New: 400.00
Stop Wavelength Changed: 8/19/2022 12:28:28 PM, Old: 500.00, New: 390.00
Zero Mode Changed: 8/19/2022 12:28:31 PM, Old:ON, New:Reading
Zero Mode Changed: 8/19/2022 12:28:31 PM, Old:Reading, New:ON
Scan mode: Changed: 8/19/2022 12:29:17 PM, Old:Excitation, New:Emission
Excitation Wavelength Changed: 8/19/2022 12:29:17 PM, Old: 240.00, New: 330.00
Emission Wavelength Changed: 8/19/2022 12:29:17 PM, Old: 400.00, New: 340.00
Stop Wavelength Changed: 8/19/2022 12:29:17 PM, Old: 390.00, New: 500.00
Zero Mode Changed: 8/19/2022 12:29:19 PM, Old:ON, New:Reading
Zero Mode Changed: 8/19/2022 12:29:19 PM, Old:Reading, New:ON
Scan mode: Changed: 8/19/2022 12:30:02 PM, Old:Emission, New:Excitation
Excitation Wavelength Changed: 8/19/2022 12:30:02 PM, Old: 330.00, New: 240.00
Emission Wavelength Changed: 8/19/2022 12:30:02 PM, Old: 340.00, New: 410.00
Stop Wavelength Changed: 8/19/2022 12:30:02 PM, Old: 500.00, New: 400.00
Zero Mode Changed: 8/19/2022 12:30:08 PM, Old:ON, New:Reading
Zero Mode Changed: 8/19/2022 12:30:08 PM, Old:Reading, New:ON
Scan mode: Changed: 8/19/2022 12:30:53 PM, Old:Excitation, New:Emission
Excitation Wavelength Changed: 8/19/2022 12:30:53 PM, Old: 240.00, New: 335.00
Emission Wavelength Changed: 8/19/2022 12:30:53 PM, Old: 410.00, New: 345.00
Stop Wavelength Changed: 8/19/2022 12:30:53 PM, Old: 400.00, New: 600.00
Zero Mode Changed: 8/19/2022 12:30:55 PM, Old:ON, New:Reading
Zero Mode Changed: 8/19/2022 12:30:55 PM, Old:Reading, New:ON
Zero Mode Changed: 8/19/2022 12:34:51 PM, Old:ON, New:Reading
Zero Mode Changed: 8/19/2022 12:34:51 PM, Old:Reading, New:ON
Scan mode: Changed: 8/19/2022 12:35:39 PM, Old:Emission, New:Excitation
Excitation Wavelength Changed: 8/19/2022 12:35:39 PM, Old: 335.00, New: 240.00
Emission Wavelength Changed: 8/19/2022 12:35:39 PM, Old: 345.00, New: 410.00
Stop Wavelength Changed: 8/19/2022 12:35:39 PM, Old: 600.00, New: 400.00
Zero Mode Changed: 8/19/2022 12:35:42 PM, Old:ON, New:Reading
Zero Mode Changed: 8/19/2022 12:35:43 PM, Old:Reading, New:ON
Scan mode: Changed: 8/19/2022 12:36:52 PM, Old:Excitation, New:Emission
Excitation Wavelength Changed: 8/19/2022 12:36:52 PM, Old: 240.00, New: 300.00
Emission Wavelength Changed: 8/19/2022 12:36:52 PM, Old: 410.00, New: 310.00
Stop Wavelength Changed: 8/19/2022 12:36:52 PM, Old: 400.00, New: 600.00
Zero Mode Changed: 8/19/2022 12:36:54 PM, Old:ON, New:Reading
Zero Mode Changed: 8/19/2022 12:36:54 PM, Old:Reading, New:ON
Scan mode: Changed: 8/19/2022 12:37:46 PM, Old:Emission, New:Excitation
Excitation Wavelength Changed: 8/19/2022 12:37:46 PM, Old: 300.00, New: 240.00
Emission Wavelength Changed: 8/19/2022 12:37:46 PM, Old: 310.00, New: 350.00
Stop Wavelength Changed: 8/19/2022 12:37:46 PM, Old: 600.00, New: 340.00
Zero Mode Changed: 8/19/2022 12:37:49 PM, Old:ON, New:Reading
Zero Mode Changed: 8/19/2022 12:37:49 PM, Old:Reading, New:ON
Scan mode: Changed: 8/19/2022 12:38:28 PM, Old:Excitation, New:Emission
Excitation Wavelength Changed: 8/19/2022 12:38:28 PM, Old: 240.00, New: 295.00
Emission Wavelength Changed: 8/19/2022 12:38:28 PM, Old: 350.00, New: 305.00
Stop Wavelength Changed: 8/19/2022 12:38:28 PM, Old: 340.00, New: 550.00
Zero Mode Changed: 8/19/2022 12:38:31 PM, Old:ON, New:Reading
Zero Mode Changed: 8/19/2022 12:38:31 PM, Old:Reading, New:ON
Scan Control Changed: 8/19/2022 12:39:12 PM, Old:Medium, New:Slow
Ave. time (s): Changed: 8/19/2022 12:39:12 PM, Old:0.10000, New:0.50000
Zero Mode Changed: 8/19/2022 12:39:14 PM, Old:ON, New:Reading
Zero Mode Changed: 8/19/2022 12:39:14 PM, Old:Reading, New:ON
Excitation Wavelength Changed: 8/19/2022 12:41:46 PM, Old: 295.00, New: 335.00
Emission Wavelength Changed: 8/19/2022 12:41:46 PM, Old: 305.00, New: 345.00
Stop Wavelength Changed: 8/19/2022 12:41:46 PM, Old: 550.00, New: 600.00
Zero Mode Changed: 8/19/2022 12:41:49 PM, Old:ON, New:Reading
Zero Mode Changed: 8/19/2022 12:41:50 PM, Old:Reading, New:ON
Scan mode: Changed: 8/19/2022 12:46:36 PM, Old:Emission, New:Excitation
Excitation Wavelength Changed: 8/19/2022 12:46:36 PM, Old: 335.00, New: 240.00
Emission Wavelength Changed: 8/19/2022 12:46:36 PM, Old: 345.00, New: 410.00
Stop Wavelength Changed: 8/19/2022 12:46:36 PM, Old: 600.00, New: 400.00
Zero Mode Changed: 8/19/2022 12:46:39 PM, Old:ON, New:Reading
Zero Mode Changed: 8/19/2022 12:46:40 PM, Old:Reading, New:ON
Scan Control Changed: 8/19/2022 12:50:26 PM, Old:Slow, New:Medium
Ave. time (s): Changed: 8/19/2022 12:50:26 PM, Old:0.50000, New:0.10000
Zero Mode Changed: 8/19/2022 12:50:27 PM, Old:ON, New:Reading
Zero Mode Changed: 8/19/2022 12:50:27 PM, Old:Reading, New:ON
Scan mode: Changed: 8/19/2022 12:51:32 PM, Old:Excitation, New:Emission
Excitation Wavelength Changed: 8/19/2022 12:51:32 PM, Old: 240.00, New: 337.00
Emission Wavelength Changed: 8/19/2022 12:51:32 PM, Old: 410.00, New: 347.00
Stop Wavelength Changed: 8/19/2022 12:51:32 PM, Old: 400.00, New: 600.00
Zero Mode Changed: 8/19/2022 12:51:34 PM, Old:ON, New:Reading
Zero Mode Changed: 8/19/2022 12:51:35 PM, Old:Reading, New:ON
Scan mode: Changed: 8/19/2022 12:52:30 PM, Old:Emission, New:Excitation
Excitation Wavelength Changed: 8/19/2022 12:52:30 PM, Old: 337.00, New: 240.00
Emission Wavelength Changed: 8/19/2022 12:52:30 PM, Old: 347.00, New: 415.00
Stop Wavelength Changed: 8/19/2022 12:52:30 PM, Old: 600.00, New: 400.00
Zero Mode Changed: 8/19/2022 12:52:33 PM, Old:ON, New:Reading
Zero Mode Changed: 8/19/2022 12:52:33 PM, Old:Reading, New:ON
Scan mode: Changed: 8/19/2022 12:53:13 PM, Old:Excitation, New:Emission
Excitation Wavelength Changed: 8/19/2022 12:53:13 PM, Old: 240.00, New: 340.00
Emission Wavelength Changed: 8/19/2022 12:53:13 PM, Old: 415.00, New: 350.00
Stop Wavelength Changed: 8/19/2022 12:53:13 PM, Old: 400.00, New: 600.00
Zero Mode Changed: 8/19/2022 12:53:15 PM, Old:ON, New:Reading
Zero Mode Changed: 8/19/2022 12:53:15 PM, Old:Reading, New:ON
Zero Mode Changed: 8/19/2022 12:54:45 PM, Old:ON, New:Reading
Zero Mode Changed: 8/19/2022 12:54:46 PM, Old:Reading, New:ON
Zero Mode Changed: 8/19/2022 12:54:49 PM, Old:ON, New:Reading
Zero Mode Changed: 8/19/2022 12:54:49 PM, Old:Reading, New:ON
Scan Control Changed: 8/19/2022 12:54:51 PM, Old:Medium, New:Slow
Ave. time (s): Changed: 8/19/2022 12:54:51 PM, Old:0.10000, New:0.50000
Zero Mode Changed: 8/19/2022 12:54:55 PM, Old:ON, New:Reading
Zero Mode Changed: 8/19/2022 12:54:56 PM, Old:Reading, New:ON
Scan mode: Changed: 8/19/2022 12:57:28 PM, Old:Emission, New:Excitation
Excitation Wavelength Changed: 8/19/2022 12:57:28 PM, Old: 340.00, New: 240.00
Emission Wavelength Changed: 8/19/2022 12:57:28 PM, Old: 350.00, New: 420.00
Stop Wavelength Changed: 8/19/2022 12:57:28 PM, Old: 600.00, New: 410.00
Zero Mode Changed: 8/19/2022 12:57:31 PM, Old:ON, New:Reading
Zero Mode Changed: 8/19/2022 12:57:31 PM, Old:Reading, New:ON
Scan mode: Changed: 8/19/2022 12:59:36 PM, Old:Excitation, New:Emission
Excitation Wavelength Changed: 8/19/2022 12:59:36 PM, Old: 240.00, New: 295.00
Emission Wavelength Changed: 8/19/2022 12:59:36 PM, Old: 420.00, New: 305.00
Stop Wavelength Changed: 8/19/2022 12:59:36 PM, Old: 410.00, New: 550.00
Scan Control Changed: 8/19/2022 12:59:41 PM, Old:Slow, New:Medium
Ave. time (s): Changed: 8/19/2022 12:59:41 PM, Old:0.50000, New:0.10000
Zero Mode Changed: 8/19/2022 12:59:44 PM, Old:ON, New:Reading
Zero Mode Changed: 8/19/2022 12:59:44 PM, Old:Reading, New:ON
Scan mode: Changed: 8/19/2022 1:00:36 PM, Old:Emission, New:Excitation
Excitation Wavelength Changed: 8/19/2022 1:00:36 PM, Old: 295.00, New: 240.00
Emission Wavelength Changed: 8/19/2022 1:00:36 PM, Old: 305.00, New: 350.00
Stop Wavelength Changed: 8/19/2022 1:00:36 PM, Old: 550.00, New: 340.00
Zero Mode Changed: 8/19/2022 1:00:45 PM, Old:ON, New:Reading
Zero Mode Changed: 8/19/2022 1:00:45 PM, Old:Reading, New:ON
Zero Mode Changed: 8/19/2022 1:01:25 PM, Old:ON, New:Reading
Zero Mode Changed: 8/19/2022 1:01:25 PM, Old:Reading, New:ON
Emission Wavelength Changed: 8/19/2022 1:04:06 PM, Old: 350.00, New: 420.00
Stop Wavelength Changed: 8/19/2022 1:04:06 PM, Old: 340.00, New: 410.00
Zero Mode Changed: 8/19/2022 1:04:08 PM, Old:ON, New:Reading
Zero Mode Changed: 8/19/2022 1:04:08 PM, Old:Reading, New:ON
Scan mode: Changed: 8/19/2022 1:04:55 PM, Old:Excitation, New:Emission
Excitation Wavelength Changed: 8/19/2022 1:04:55 PM, Old: 240.00, New: 330.00
Emission Wavelength Changed: 8/19/2022 1:04:55 PM, Old: 420.00, New: 340.00
Stop Wavelength Changed: 8/19/2022 1:04:55 PM, Old: 410.00, New: 600.00
Zero Mode Changed: 8/19/2022 1:04:56 PM, Old:ON, New:Reading
Zero Mode Changed: 8/19/2022 1:04:57 PM, Old:Reading, New:ON
Scan mode: Changed: 8/19/2022 1:06:34 PM, Old:Emission, New:Excitation
User Delta Stop Changed: 8/19/2022 1:06:34 PM, Old: 450.00, New: 470.00
User Delta Increment Changed: 8/19/2022 1:06:34 PM, Old:  10.00, New:   0.15
Excitation Wavelength Changed: 8/19/2022 1:06:34 PM, Old: 330.00, New: 240.00
Emission Wavelength Changed: 8/19/2022 1:06:34 PM, Old: 340.00, New: 470.00
Stop Wavelength Changed: 8/19/2022 1:06:34 PM, Old: 600.00, New: 460.00
Zero Mode Changed: 8/19/2022 1:06:37 PM, Old:ON, New:Reading
Zero Mode Changed: 8/19/2022 1:06:37 PM, Old:Reading, New:ON
Scan mode: Changed: 8/19/2022 1:07:26 PM, Old:Excitation, New:Emission
Excitation Wavelength Changed: 8/19/2022 1:07:26 PM, Old: 240.00, New: 355.00
Emission Wavelength Changed: 8/19/2022 1:07:26 PM, Old: 470.00, New: 365.00
Stop Wavelength Changed: 8/19/2022 1:07:26 PM, Old: 460.00, New: 600.00
Zero Mode Changed: 8/19/2022 1:07:27 PM, Old:ON, New:Reading
Zero Mode Changed: 8/19/2022 1:07:27 PM, Old:Reading, New:ON
Scan mode: Changed: 8/19/2022 1:08:25 PM, Old:Emission, New:Excitation
User Delta Stop Changed: 8/19/2022 1:08:25 PM, Old: 470.00, New: 520.00
Excitation Wavelength Changed: 8/19/2022 1:08:25 PM, Old: 355.00, New: 270.00
Emission Wavelength Changed: 8/19/2022 1:08:25 PM, Old: 365.00, New: 520.00
Stop Wavelength Changed: 8/19/2022 1:08:25 PM, Old: 600.00, New: 510.00
Zero Mode Changed: 8/19/2022 1:08:29 PM, Old:ON, New:Reading
Zero Mode Changed: 8/19/2022 1:08:29 PM, Old:Reading, New:ON
Scan mode: Changed: 8/19/2022 1:09:40 PM, Old:Excitation, New:Emission
Excitation Wavelength Changed: 8/19/2022 1:09:40 PM, Old: 270.00, New: 345.00
Emission Wavelength Changed: 8/19/2022 1:09:40 PM, Old: 520.00, New: 355.00
Stop Wavelength Changed: 8/19/2022 1:09:40 PM, Old: 510.00, New: 600.00
Zero Mode Changed: 8/19/2022 1:09:42 PM, Old:ON, New:Reading
Zero Mode Changed: 8/19/2022 1:09:43 PM, Old:Reading, New:ON
End Method Modifications

CdS sonochem 150min ex345 slow,
CdS sonochem 150min ex345 slow
Collection Time: 8/19/2022 1:12:40 PM
Operator Name  :
Scan Software Version: 1.1(132)
Parameter List :
Instrument                        Cary Eclipse
Instrument Serial Number          E08013467
Data mode                         Fluorescence
Scan mode                         Emission
X Mode                            Wavelength (nm)
Start (nm)                        355.00
Stop (nm)                         600.00
Ex. Wavelength (nm)               345.00
Ex. Slit (nm)                     5
Em. Slit (nm)                     5
Scan rate (nm/min)                120.00
Data interval (nm)                1.0000
Averaging Time (s)                0.5000
Excitation filter                 Auto
Emission filter                   Open
PMT voltage (V)                   Medium
Corrected spectra                 OFF
Method Log     :
Method Name    : Default
Date/Time stamp: 8/19/2022 12:23:28 PM
Method Modifications:
Overlayed Graphs Changed: 8/19/2022 12:24:53 PM, Old:OFF, New:ON
Y max Changed: 8/19/2022 12:24:53 PM, Old:  1000.0000, New:   300.0000
Excitation Wavelength Changed: 8/19/2022 12:27:20 PM, Old: 350.00, New: 300.00
Emission Wavelength Changed: 8/19/2022 12:27:20 PM, Old: 400.00, New: 310.00
Stop Wavelength Changed: 8/19/2022 12:27:20 PM, Old: 600.00, New: 500.00
Zero Mode Changed: 8/19/2022 12:27:22 PM, Old:OFF, New:Reading
Zero Mode Changed: 8/19/2022 12:27:22 PM, Old:Reading, New:ON
Scan mode: Changed: 8/19/2022 12:28:28 PM, Old:Emission, New:Excitation
Excitation Wavelength Changed: 8/19/2022 12:28:28 PM, Old: 300.00, New: 240.00
Emission Wavelength Changed: 8/19/2022 12:28:28 PM, Old: 310.00, New: 400.00
Stop Wavelength Changed: 8/19/2022 12:28:28 PM, Old: 500.00, New: 390.00
Zero Mode Changed: 8/19/2022 12:28:31 PM, Old:ON, New:Reading
Zero Mode Changed: 8/19/2022 12:28:31 PM, Old:Reading, New:ON
Scan mode: Changed: 8/19/2022 12:29:17 PM, Old:Excitation, New:Emission
Excitation Wavelength Changed: 8/19/2022 12:29:17 PM, Old: 240.00, New: 330.00
Emission Wavelength Changed: 8/19/2022 12:29:17 PM, Old: 400.00, New: 340.00
Stop Wavelength Changed: 8/19/2022 12:29:17 PM, Old: 390.00, New: 500.00
Zero Mode Changed: 8/19/2022 12:29:19 PM, Old:ON, New:Reading
Zero Mode Changed: 8/19/2022 12:29:19 PM, Old:Reading, New:ON
Scan mode: Changed: 8/19/2022 12:30:02 PM, Old:Emission, New:Excitation
Excitation Wavelength Changed: 8/19/2022 12:30:02 PM, Old: 330.00, New: 240.00
Emission Wavelength Changed: 8/19/2022 12:30:02 PM, Old: 340.00, New: 410.00
Stop Wavelength Changed: 8/19/2022 12:30:02 PM, Old: 500.00, New: 400.00
Zero Mode Changed: 8/19/2022 12:30:08 PM, Old:ON, New:Reading
Zero Mode Changed: 8/19/2022 12:30:08 PM, Old:Reading, New:ON
Scan mode: Changed: 8/19/2022 12:30:53 PM, Old:Excitation, New:Emission
Excitation Wavelength Changed: 8/19/2022 12:30:53 PM, Old: 240.00, New: 335.00
Emission Wavelength Changed: 8/19/2022 12:30:53 PM, Old: 410.00, New: 345.00
Stop Wavelength Changed: 8/19/2022 12:30:53 PM, Old: 400.00, New: 600.00
Zero Mode Changed: 8/19/2022 12:30:55 PM, Old:ON, New:Reading
Zero Mode Changed: 8/19/2022 12:30:55 PM, Old:Reading, New:ON
Zero Mode Changed: 8/19/2022 12:34:51 PM, Old:ON, New:Reading
Zero Mode Changed: 8/19/2022 12:34:51 PM, Old:Reading, New:ON
Scan mode: Changed: 8/19/2022 12:35:39 PM, Old:Emission, New:Excitation
Excitation Wavelength Changed: 8/19/2022 12:35:39 PM, Old: 335.00, New: 240.00
Emission Wavelength Changed: 8/19/2022 12:35:39 PM, Old: 345.00, New: 410.00
Stop Wavelength Changed: 8/19/2022 12:35:39 PM, Old: 600.00, New: 400.00
Zero Mode Changed: 8/19/2022 12:35:42 PM, Old:ON, New:Reading
Zero Mode Changed: 8/19/2022 12:35:43 PM, Old:Reading, New:ON
Scan mode: Changed: 8/19/2022 12:36:52 PM, Old:Excitation, New:Emission
Excitation Wavelength Changed: 8/19/2022 12:36:52 PM, Old: 240.00, New: 300.00
Emission Wavelength Changed: 8/19/2022 12:36:52 PM, Old: 410.00, New: 310.00
Stop Wavelength Changed: 8/19/2022 12:36:52 PM, Old: 400.00, New: 600.00
Zero Mode Changed: 8/19/2022 12:36:54 PM, Old:ON, New:Reading
Zero Mode Changed: 8/19/2022 12:36:54 PM, Old:Reading, New:ON
Scan mode: Changed: 8/19/2022 12:37:46 PM, Old:Emission, New:Excitation
Excitation Wavelength Changed: 8/19/2022 12:37:46 PM, Old: 300.00, New: 240.00
Emission Wavelength Changed: 8/19/2022 12:37:46 PM, Old: 310.00, New: 350.00
Stop Wavelength Changed: 8/19/2022 12:37:46 PM, Old: 600.00, New: 340.00
Zero Mode Changed: 8/19/2022 12:37:49 PM, Old:ON, New:Reading
Zero Mode Changed: 8/19/2022 12:37:49 PM, Old:Reading, New:ON
Scan mode: Changed: 8/19/2022 12:38:28 PM, Old:Excitation, New:Emission
Excitation Wavelength Changed: 8/19/2022 12:38:28 PM, Old: 240.00, New: 295.00
Emission Wavelength Changed: 8/19/2022 12:38:28 PM, Old: 350.00, New: 305.00
Stop Wavelength Changed: 8/19/2022 12:38:28 PM, Old: 340.00, New: 550.00
Zero Mode Changed: 8/19/2022 12:38:31 PM, Old:ON, New:Reading
Zero Mode Changed: 8/19/2022 12:38:31 PM, Old:Reading, New:ON
Scan Control Changed: 8/19/2022 12:39:12 PM, Old:Medium, New:Slow
Ave. time (s): Changed: 8/19/2022 12:39:12 PM, Old:0.10000, New:0.50000
Zero Mode Changed: 8/19/2022 12:39:14 PM, Old:ON, New:Reading
Zero Mode Changed: 8/19/2022 12:39:14 PM, Old:Reading, New:ON
Excitation Wavelength Changed: 8/19/2022 12:41:46 PM, Old: 295.00, New: 335.00
Emission Wavelength Changed: 8/19/2022 12:41:46 PM, Old: 305.00, New: 345.00
Stop Wavelength Changed: 8/19/2022 12:41:46 PM, Old: 550.00, New: 600.00
Zero Mode Changed: 8/19/2022 12:41:49 PM, Old:ON, New:Reading
Zero Mode Changed: 8/19/2022 12:41:50 PM, Old:Reading, New:ON
Scan mode: Changed: 8/19/2022 12:46:36 PM, Old:Emission, New:Excitation
Excitation Wavelength Changed: 8/19/2022 12:46:36 PM, Old: 335.00, New: 240.00
Emission Wavelength Changed: 8/19/2022 12:46:36 PM, Old: 345.00, New: 410.00
Stop Wavelength Changed: 8/19/2022 12:46:36 PM, Old: 600.00, New: 400.00
Zero Mode Changed: 8/19/2022 12:46:39 PM, Old:ON, New:Reading
Zero Mode Changed: 8/19/2022 12:46:40 PM, Old:Reading, New:ON
Scan Control Changed: 8/19/2022 12:50:26 PM, Old:Slow, New:Medium
Ave. time (s): Changed: 8/19/2022 12:50:26 PM, Old:0.50000, New:0.10000
Zero Mode Changed: 8/19/2022 12:50:27 PM, Old:ON, New:Reading
Zero Mode Changed: 8/19/2022 12:50:27 PM, Old:Reading, New:ON
Scan mode: Changed: 8/19/2022 12:51:32 PM, Old:Excitation, New:Emission
Excitation Wavelength Changed: 8/19/2022 12:51:32 PM, Old: 240.00, New: 337.00
Emission Wavelength Changed: 8/19/2022 12:51:32 PM, Old: 410.00, New: 347.00
Stop Wavelength Changed: 8/19/2022 12:51:32 PM, Old: 400.00, New: 600.00
Zero Mode Changed: 8/19/2022 12:51:34 PM, Old:ON, New:Reading
Zero Mode Changed: 8/19/2022 12:51:35 PM, Old:Reading, New:ON
Scan mode: Changed: 8/19/2022 12:52:30 PM, Old:Emission, New:Excitation
Excitation Wavelength Changed: 8/19/2022 12:52:30 PM, Old: 337.00, New: 240.00
Emission Wavelength Changed: 8/19/2022 12:52:30 PM, Old: 347.00, New: 415.00
Stop Wavelength Changed: 8/19/2022 12:52:30 PM, Old: 600.00, New: 400.00
Zero Mode Changed: 8/19/2022 12:52:33 PM, Old:ON, New:Reading
Zero Mode Changed: 8/19/2022 12:52:33 PM, Old:Reading, New:ON
Scan mode: Changed: 8/19/2022 12:53:13 PM, Old:Excitation, New:Emission
Excitation Wavelength Changed: 8/19/2022 12:53:13 PM, Old: 240.00, New: 340.00
Emission Wavelength Changed: 8/19/2022 12:53:13 PM, Old: 415.00, New: 350.00
Stop Wavelength Changed: 8/19/2022 12:53:13 PM, Old: 400.00, New: 600.00
Zero Mode Changed: 8/19/2022 12:53:15 PM, Old:ON, New:Reading
Zero Mode Changed: 8/19/2022 12:53:15 PM, Old:Reading, New:ON
Zero Mode Changed: 8/19/2022 12:54:45 PM, Old:ON, New:Reading
Zero Mode Changed: 8/19/2022 12:54:46 PM, Old:Reading, New:ON
Zero Mode Changed: 8/19/2022 12:54:49 PM, Old:ON, New:Reading
Zero Mode Changed: 8/19/2022 12:54:49 PM, Old:Reading, New:ON
Scan Control Changed: 8/19/2022 12:54:51 PM, Old:Medium, New:Slow
Ave. time (s): Changed: 8/19/2022 12:54:51 PM, Old:0.10000, New:0.50000
Zero Mode Changed: 8/19/2022 12:54:55 PM, Old:ON, New:Reading
Zero Mode Changed: 8/19/2022 12:54:56 PM, Old:Reading, New:ON
Scan mode: Changed: 8/19/2022 12:57:28 PM, Old:Emission, New:Excitation
Excitation Wavelength Changed: 8/19/2022 12:57:28 PM, Old: 340.00, New: 240.00
Emission Wavelength Changed: 8/19/2022 12:57:28 PM, Old: 350.00, New: 420.00
Stop Wavelength Changed: 8/19/2022 12:57:28 PM, Old: 600.00, New: 410.00
Zero Mode Changed: 8/19/2022 12:57:31 PM, Old:ON, New:Reading
Zero Mode Changed: 8/19/2022 12:57:31 PM, Old:Reading, New:ON
Scan mode: Changed: 8/19/2022 12:59:36 PM, Old:Excitation, New:Emission
Excitation Wavelength Changed: 8/19/2022 12:59:36 PM, Old: 240.00, New: 295.00
Emission Wavelength Changed: 8/19/2022 12:59:36 PM, Old: 420.00, New: 305.00
Stop Wavelength Changed: 8/19/2022 12:59:36 PM, Old: 410.00, New: 550.00
Scan Control Changed: 8/19/2022 12:59:41 PM, Old:Slow, New:Medium
Ave. time (s): Changed: 8/19/2022 12:59:41 PM, Old:0.50000, New:0.10000
Zero Mode Changed: 8/19/2022 12:59:44 PM, Old:ON, New:Reading
Zero Mode Changed: 8/19/2022 12:59:44 PM, Old:Reading, New:ON
Scan mode: Changed: 8/19/2022 1:00:36 PM, Old:Emission, New:Excitation
Excitation Wavelength Changed: 8/19/2022 1:00:36 PM, Old: 295.00, New: 240.00
Emission Wavelength Changed: 8/19/2022 1:00:36 PM, Old: 305.00, New: 350.00
Stop Wavelength Changed: 8/19/2022 1:00:36 PM, Old: 550.00, New: 340.00
Zero Mode Changed: 8/19/2022 1:00:45 PM, Old:ON, New:Reading
Zero Mode Changed: 8/19/2022 1:00:45 PM, Old:Reading, New:ON
Zero Mode Changed: 8/19/2022 1:01:25 PM, Old:ON, New:Reading
Zero Mode Changed: 8/19/2022 1:01:25 PM, Old:Reading, New:ON
Emission Wavelength Changed: 8/19/2022 1:04:06 PM, Old: 350.00, New: 420.00
Stop Wavelength Changed: 8/19/2022 1:04:06 PM, Old: 340.00, New: 410.00
Zero Mode Changed: 8/19/2022 1:04:08 PM, Old:ON, New:Reading
Zero Mode Changed: 8/19/2022 1:04:08 PM, Old:Reading, New:ON
Scan mode: Changed: 8/19/2022 1:04:55 PM, Old:Excitation, New:Emission
Excitation Wavelength Changed: 8/19/2022 1:04:55 PM, Old: 240.00, New: 330.00
Emission Wavelength Changed: 8/19/2022 1:04:55 PM, Old: 420.00, New: 340.00
Stop Wavelength Changed: 8/19/2022 1:04:55 PM, Old: 410.00, New: 600.00
Zero Mode Changed: 8/19/2022 1:04:56 PM, Old:ON, New:Reading
Zero Mode Changed: 8/19/2022 1:04:57 PM, Old:Reading, New:ON
Scan mode: Changed: 8/19/2022 1:06:34 PM, Old:Emission, New:Excitation
User Delta Stop Changed: 8/19/2022 1:06:34 PM, Old: 450.00, New: 470.00
User Delta Increment Changed: 8/19/2022 1:06:34 PM, Old:  10.00, New:   0.15
Excitation Wavelength Changed: 8/19/2022 1:06:34 PM, Old: 330.00, New: 240.00
Emission Wavelength Changed: 8/19/2022 1:06:34 PM, Old: 340.00, New: 470.00
Stop Wavelength Changed: 8/19/2022 1:06:34 PM, Old: 600.00, New: 460.00
Zero Mode Changed: 8/19/2022 1:06:37 PM, Old:ON, New:Reading
Zero Mode Changed: 8/19/2022 1:06:37 PM, Old:Reading, New:ON
Scan mode: Changed: 8/19/2022 1:07:26 PM, Old:Excitation, New:Emission
Excitation Wavelength Changed: 8/19/2022 1:07:26 PM, Old: 240.00, New: 355.00
Emission Wavelength Changed: 8/19/2022 1:07:26 PM, Old: 470.00, New: 365.00
Stop Wavelength Changed: 8/19/2022 1:07:26 PM, Old: 460.00, New: 600.00
Zero Mode Changed: 8/19/2022 1:07:27 PM, Old:ON, New:Reading
Zero Mode Changed: 8/19/2022 1:07:27 PM, Old:Reading, New:ON
Scan mode: Changed: 8/19/2022 1:08:25 PM, Old:Emission, New:Excitation
User Delta Stop Changed: 8/19/2022 1:08:25 PM, Old: 470.00, New: 520.00
Excitation Wavelength Changed: 8/19/2022 1:08:25 PM, Old: 355.00, New: 270.00
Emission Wavelength Changed: 8/19/2022 1:08:25 PM, Old: 365.00, New: 520.00
Stop Wavelength Changed: 8/19/2022 1:08:25 PM, Old: 600.00, New: 510.00
Zero Mode Changed: 8/19/2022 1:08:29 PM, Old:ON, New:Reading
Zero Mode Changed: 8/19/2022 1:08:29 PM, Old:Reading, New:ON
Scan mode: Changed: 8/19/2022 1:09:40 PM, Old:Excitation, New:Emission
Excitation Wavelength Changed: 8/19/2022 1:09:40 PM, Old: 270.00, New: 345.00
Emission Wavelength Changed: 8/19/2022 1:09:40 PM, Old: 520.00, New: 355.00
Stop Wavelength Changed: 8/19/2022 1:09:40 PM, Old: 510.00, New: 600.00
Zero Mode Changed: 8/19/2022 1:09:42 PM, Old:ON, New:Reading
Zero Mode Changed: 8/19/2022 1:09:43 PM, Old:Reading, New:ON
Scan Control Changed: 8/19/2022 1:12:27 PM, Old:Medium, New:Slow
Ave. time (s): Changed: 8/19/2022 1:12:27 PM, Old:0.10000, New:0.50000
Zero Mode Changed: 8/19/2022 1:12:29 PM, Old:ON, New:Reading
Zero Mode Changed: 8/19/2022 1:12:30 PM, Old:Reading, New:ON
End Method Modifications

CdS sonochem 150min em455 slow,
CdS sonochem 150min em455 slow
Collection Time: 8/19/2022 1:15:55 PM
Operator Name  :
Scan Software Version: 1.1(132)
Parameter List :
Instrument                        Cary Eclipse
Instrument Serial Number          E08013467
Data mode                         Fluorescence
Scan mode                         Excitation
X Mode                            Wavelength (nm)
Start (nm)                        240.00
Stop (nm)                         445.00
Em. Wavelength (nm)               455.00
Ex. Slit (nm)                     5
Em. Slit (nm)                     5
Scan rate (nm/min)                120.00
Data interval (nm)                1.0000
Averaging Time (s)                0.5000
Excitation filter                 Auto
Emission filter                   Open
PMT voltage (V)                   Medium
Corrected spectra                 OFF
Method Log     :
Method Name    : Default
Date/Time stamp: 8/19/2022 12:23:28 PM
Method Modifications:
Overlayed Graphs Changed: 8/19/2022 12:24:53 PM, Old:OFF, New:ON
Y max Changed: 8/19/2022 12:24:53 PM, Old:  1000.0000, New:   300.0000
Excitation Wavelength Changed: 8/19/2022 12:27:20 PM, Old: 350.00, New: 300.00
Emission Wavelength Changed: 8/19/2022 12:27:20 PM, Old: 400.00, New: 310.00
Stop Wavelength Changed: 8/19/2022 12:27:20 PM, Old: 600.00, New: 500.00
Zero Mode Changed: 8/19/2022 12:27:22 PM, Old:OFF, New:Reading
Zero Mode Changed: 8/19/2022 12:27:22 PM, Old:Reading, New:ON
Scan mode: Changed: 8/19/2022 12:28:28 PM, Old:Emission, New:Excitation
Excitation Wavelength Changed: 8/19/2022 12:28:28 PM, Old: 300.00, New: 240.00
Emission Wavelength Changed: 8/19/2022 12:28:28 PM, Old: 310.00, New: 400.00
Stop Wavelength Changed: 8/19/2022 12:28:28 PM, Old: 500.00, New: 390.00
Zero Mode Changed: 8/19/2022 12:28:31 PM, Old:ON, New:Reading
Zero Mode Changed: 8/19/2022 12:28:31 PM, Old:Reading, New:ON
Scan mode: Changed: 8/19/2022 12:29:17 PM, Old:Excitation, New:Emission
Excitation Wavelength Changed: 8/19/2022 12:29:17 PM, Old: 240.00, New: 330.00
Emission Wavelength Changed: 8/19/2022 12:29:17 PM, Old: 400.00, New: 340.00
Stop Wavelength Changed: 8/19/2022 12:29:17 PM, Old: 390.00, New: 500.00
Zero Mode Changed: 8/19/2022 12:29:19 PM, Old:ON, New:Reading
Zero Mode Changed: 8/19/2022 12:29:19 PM, Old:Reading, New:ON
Scan mode: Changed: 8/19/2022 12:30:02 PM, Old:Emission, New:Excitation
Excitation Wavelength Changed: 8/19/2022 12:30:02 PM, Old: 330.00, New: 240.00
Emission Wavelength Changed: 8/19/2022 12:30:02 PM, Old: 340.00, New: 410.00
Stop Wavelength Changed: 8/19/2022 12:30:02 PM, Old: 500.00, New: 400.00
Zero Mode Changed: 8/19/2022 12:30:08 PM, Old:ON, New:Reading
Zero Mode Changed: 8/19/2022 12:30:08 PM, Old:Reading, New:ON
Scan mode: Changed: 8/19/2022 12:30:53 PM, Old:Excitation, New:Emission
Excitation Wavelength Changed: 8/19/2022 12:30:53 PM, Old: 240.00, New: 335.00
Emission Wavelength Changed: 8/19/2022 12:30:53 PM, Old: 410.00, New: 345.00
Stop Wavelength Changed: 8/19/2022 12:30:53 PM, Old: 400.00, New: 600.00
Zero Mode Changed: 8/19/2022 12:30:55 PM, Old:ON, New:Reading
Zero Mode Changed: 8/19/2022 12:30:55 PM, Old:Reading, New:ON
Zero Mode Changed: 8/19/2022 12:34:51 PM, Old:ON, New:Reading
Zero Mode Changed: 8/19/2022 12:34:51 PM, Old:Reading, New:ON
Scan mode: Changed: 8/19/2022 12:35:39 PM, Old:Emission, New:Excitation
Excitation Wavelength Changed: 8/19/2022 12:35:39 PM, Old: 335.00, New: 240.00
Emission Wavelength Changed: 8/19/2022 12:35:39 PM, Old: 345.00, New: 410.00
Stop Wavelength Changed: 8/19/2022 12:35:39 PM, Old: 600.00, New: 400.00
Zero Mode Changed: 8/19/2022 12:35:42 PM, Old:ON, New:Reading
Zero Mode Changed: 8/19/2022 12:35:43 PM, Old:Reading, New:ON
Scan mode: Changed: 8/19/2022 12:36:52 PM, Old:Excitation, New:Emission
Excitation Wavelength Changed: 8/19/2022 12:36:52 PM, Old: 240.00, New: 300.00
Emission Wavelength Changed: 8/19/2022 12:36:52 PM, Old: 410.00, New: 310.00
Stop Wavelength Changed: 8/19/2022 12:36:52 PM, Old: 400.00, New: 600.00
Zero Mode Changed: 8/19/2022 12:36:54 PM, Old:ON, New:Reading
Zero Mode Changed: 8/19/2022 12:36:54 PM, Old:Reading, New:ON
Scan mode: Changed: 8/19/2022 12:37:46 PM, Old:Emission, New:Excitation
Excitation Wavelength Changed: 8/19/2022 12:37:46 PM, Old: 300.00, New: 240.00
Emission Wavelength Changed: 8/19/2022 12:37:46 PM, Old: 310.00, New: 350.00
Stop Wavelength Changed: 8/19/2022 12:37:46 PM, Old: 600.00, New: 340.00
Zero Mode Changed: 8/19/2022 12:37:49 PM, Old:ON, New:Reading
Zero Mode Changed: 8/19/2022 12:37:49 PM, Old:Reading, New:ON
Scan mode: Changed: 8/19/2022 12:38:28 PM, Old:Excitation, New:Emission
Excitation Wavelength Changed: 8/19/2022 12:38:28 PM, Old: 240.00, New: 295.00
Emission Wavelength Changed: 8/19/2022 12:38:28 PM, Old: 350.00, New: 305.00
Stop Wavelength Changed: 8/19/2022 12:38:28 PM, Old: 340.00, New: 550.00
Zero Mode Changed: 8/19/2022 12:38:31 PM, Old:ON, New:Reading
Zero Mode Changed: 8/19/2022 12:38:31 PM, Old:Reading, New:ON
Scan Control Changed: 8/19/2022 12:39:12 PM, Old:Medium, New:Slow
Ave. time (s): Changed: 8/19/2022 12:39:12 PM, Old:0.10000, New:0.50000
Zero Mode Changed: 8/19/2022 12:39:14 PM, Old:ON, New:Reading
Zero Mode Changed: 8/19/2022 12:39:14 PM, Old:Reading, New:ON
Excitation Wavelength Changed: 8/19/2022 12:41:46 PM, Old: 295.00, New: 335.00
Emission Wavelength Changed: 8/19/2022 12:41:46 PM, Old: 305.00, New: 345.00
Stop Wavelength Changed: 8/19/2022 12:41:46 PM, Old: 550.00, New: 600.00
Zero Mode Changed: 8/19/2022 12:41:49 PM, Old:ON, New:Reading
Zero Mode Changed: 8/19/2022 12:41:50 PM, Old:Reading, New:ON
Scan mode: Changed: 8/19/2022 12:46:36 PM, Old:Emission, New:Excitation
Excitation Wavelength Changed: 8/19/2022 12:46:36 PM, Old: 335.00, New: 240.00
Emission Wavelength Changed: 8/19/2022 12:46:36 PM, Old: 345.00, New: 410.00
Stop Wavelength Changed: 8/19/2022 12:46:36 PM, Old: 600.00, New: 400.00
Zero Mode Changed: 8/19/2022 12:46:39 PM, Old:ON, New:Reading
Zero Mode Changed: 8/19/2022 12:46:40 PM, Old:Reading, New:ON
Scan Control Changed: 8/19/2022 12:50:26 PM, Old:Slow, New:Medium
Ave. time (s): Changed: 8/19/2022 12:50:26 PM, Old:0.50000, New:0.10000
Zero Mode Changed: 8/19/2022 12:50:27 PM, Old:ON, New:Reading
Zero Mode Changed: 8/19/2022 12:50:27 PM, Old:Reading, New:ON
Scan mode: Changed: 8/19/2022 12:51:32 PM, Old:Excitation, New:Emission
Excitation Wavelength Changed: 8/19/2022 12:51:32 PM, Old: 240.00, New: 337.00
Emission Wavelength Changed: 8/19/2022 12:51:32 PM, Old: 410.00, New: 347.00
Stop Wavelength Changed: 8/19/2022 12:51:32 PM, Old: 400.00, New: 600.00
Zero Mode Changed: 8/19/2022 12:51:34 PM, Old:ON, New:Reading
Zero Mode Changed: 8/19/2022 12:51:35 PM, Old:Reading, New:ON
Scan mode: Changed: 8/19/2022 12:52:30 PM, Old:Emission, New:Excitation
Excitation Wavelength Changed: 8/19/2022 12:52:30 PM, Old: 337.00, New: 240.00
Emission Wavelength Changed: 8/19/2022 12:52:30 PM, Old: 347.00, New: 415.00
Stop Wavelength Changed: 8/19/2022 12:52:30 PM, Old: 600.00, New: 400.00
Zero Mode Changed: 8/19/2022 12:52:33 PM, Old:ON, New:Reading
Zero Mode Changed: 8/19/2022 12:52:33 PM, Old:Reading, New:ON
Scan mode: Changed: 8/19/2022 12:53:13 PM, Old:Excitation, New:Emission
Excitation Wavelength Changed: 8/19/2022 12:53:13 PM, Old: 240.00, New: 340.00
Emission Wavelength Changed: 8/19/2022 12:53:13 PM, Old: 415.00, New: 350.00
Stop Wavelength Changed: 8/19/2022 12:53:13 PM, Old: 400.00, New: 600.00
Zero Mode Changed: 8/19/2022 12:53:15 PM, Old:ON, New:Reading
Zero Mode Changed: 8/19/2022 12:53:15 PM, Old:Reading, New:ON
Zero Mode Changed: 8/19/2022 12:54:45 PM, Old:ON, New:Reading
Zero Mode Changed: 8/19/2022 12:54:46 PM, Old:Reading, New:ON
Zero Mode Changed: 8/19/2022 12:54:49 PM, Old:ON, New:Reading
Zero Mode Changed: 8/19/2022 12:54:49 PM, Old:Reading, New:ON
Scan Control Changed: 8/19/2022 12:54:51 PM, Old:Medium, New:Slow
Ave. time (s): Changed: 8/19/2022 12:54:51 PM, Old:0.10000, New:0.50000
Zero Mode Changed: 8/19/2022 12:54:55 PM, Old:ON, New:Reading
Zero Mode Changed: 8/19/2022 12:54:56 PM, Old:Reading, New:ON
Scan mode: Changed: 8/19/2022 12:57:28 PM, Old:Emission, New:Excitation
Excitation Wavelength Changed: 8/19/2022 12:57:28 PM, Old: 340.00, New: 240.00
Emission Wavelength Changed: 8/19/2022 12:57:28 PM, Old: 350.00, New: 420.00
Stop Wavelength Changed: 8/19/2022 12:57:28 PM, Old: 600.00, New: 410.00
Zero Mode Changed: 8/19/2022 12:57:31 PM, Old:ON, New:Reading
Zero Mode Changed: 8/19/2022 12:57:31 PM, Old:Reading, New:ON
Scan mode: Changed: 8/19/2022 12:59:36 PM, Old:Excitation, New:Emission
Excitation Wavelength Changed: 8/19/2022 12:59:36 PM, Old: 240.00, New: 295.00
Emission Wavelength Changed: 8/19/2022 12:59:36 PM, Old: 420.00, New: 305.00
Stop Wavelength Changed: 8/19/2022 12:59:36 PM, Old: 410.00, New: 550.00
Scan Control Changed: 8/19/2022 12:59:41 PM, Old:Slow, New:Medium
Ave. time (s): Changed: 8/19/2022 12:59:41 PM, Old:0.50000, New:0.10000
Zero Mode Changed: 8/19/2022 12:59:44 PM, Old:ON, New:Reading
Zero Mode Changed: 8/19/2022 12:59:44 PM, Old:Reading, New:ON
Scan mode: Changed: 8/19/2022 1:00:36 PM, Old:Emission, New:Excitation
Excitation Wavelength Changed: 8/19/2022 1:00:36 PM, Old: 295.00, New: 240.00
Emission Wavelength Changed: 8/19/2022 1:00:36 PM, Old: 305.00, New: 350.00
Stop Wavelength Changed: 8/19/2022 1:00:36 PM, Old: 550.00, New: 340.00
Zero Mode Changed: 8/19/2022 1:00:45 PM, Old:ON, New:Reading
Zero Mode Changed: 8/19/2022 1:00:45 PM, Old:Reading, New:ON
Zero Mode Changed: 8/19/2022 1:01:25 PM, Old:ON, New:Reading
Zero Mode Changed: 8/19/2022 1:01:25 PM, Old:Reading, New:ON
Emission Wavelength Changed: 8/19/2022 1:04:06 PM, Old: 350.00, New: 420.00
Stop Wavelength Changed: 8/19/2022 1:04:06 PM, Old: 340.00, New: 410.00
Zero Mode Changed: 8/19/2022 1:04:08 PM, Old:ON, New:Reading
Zero Mode Changed: 8/19/2022 1:04:08 PM, Old:Reading, New:ON
Scan mode: Changed: 8/19/2022 1:04:55 PM, Old:Excitation, New:Emission
Excitation Wavelength Changed: 8/19/2022 1:04:55 PM, Old: 240.00, New: 330.00
Emission Wavelength Changed: 8/19/2022 1:04:55 PM, Old: 420.00, New: 340.00
Stop Wavelength Changed: 8/19/2022 1:04:55 PM, Old: 410.00, New: 600.00
Zero Mode Changed: 8/19/2022 1:04:56 PM, Old:ON, New:Reading
Zero Mode Changed: 8/19/2022 1:04:57 PM, Old:Reading, New:ON
Scan mode: Changed: 8/19/2022 1:06:34 PM, Old:Emission, New:Excitation
User Delta Stop Changed: 8/19/2022 1:06:34 PM, Old: 450.00, New: 470.00
User Delta Increment Changed: 8/19/2022 1:06:34 PM, Old:  10.00, New:   0.15
Excitation Wavelength Changed: 8/19/2022 1:06:34 PM, Old: 330.00, New: 240.00
Emission Wavelength Changed: 8/19/2022 1:06:34 PM, Old: 340.00, New: 470.00
Stop Wavelength Changed: 8/19/2022 1:06:34 PM, Old: 600.00, New: 460.00
Zero Mode Changed: 8/19/2022 1:06:37 PM, Old:ON, New:Reading
Zero Mode Changed: 8/19/2022 1:06:37 PM, Old:Reading, New:ON
Scan mode: Changed: 8/19/2022 1:07:26 PM, Old:Excitation, New:Emission
Excitation Wavelength Changed: 8/19/2022 1:07:26 PM, Old: 240.00, New: 355.00
Emission Wavelength Changed: 8/19/2022 1:07:26 PM, Old: 470.00, New: 365.00
Stop Wavelength Changed: 8/19/2022 1:07:26 PM, Old: 460.00, New: 600.00
Zero Mode Changed: 8/19/2022 1:07:27 PM, Old:ON, New:Reading
Zero Mode Changed: 8/19/2022 1:07:27 PM, Old:Reading, New:ON
Scan mode: Changed: 8/19/2022 1:08:25 PM, Old:Emission, New:Excitation
User Delta Stop Changed: 8/19/2022 1:08:25 PM, Old: 470.00, New: 520.00
Excitation Wavelength Changed: 8/19/2022 1:08:25 PM, Old: 355.00, New: 270.00
Emission Wavelength Changed: 8/19/2022 1:08:25 PM, Old: 365.00, New: 520.00
Stop Wavelength Changed: 8/19/2022 1:08:25 PM, Old: 600.00, New: 510.00
Zero Mode Changed: 8/19/2022 1:08:29 PM, Old:ON, New:Reading
Zero Mode Changed: 8/19/2022 1:08:29 PM, Old:Reading, New:ON
Scan mode: Changed: 8/19/2022 1:09:40 PM, Old:Excitation, New:Emission
Excitation Wavelength Changed: 8/19/2022 1:09:40 PM, Old: 270.00, New: 345.00
Emission Wavelength Changed: 8/19/2022 1:09:40 PM, Old: 520.00, New: 355.00
Stop Wavelength Changed: 8/19/2022 1:09:40 PM, Old: 510.00, New: 600.00
Zero Mode Changed: 8/19/2022 1:09:42 PM, Old:ON, New:Reading
Zero Mode Changed: 8/19/2022 1:09:43 PM, Old:Reading, New:ON
Scan Control Changed: 8/19/2022 1:12:27 PM, Old:Medium, New:Slow
Ave. time (s): Changed: 8/19/2022 1:12:27 PM, Old:0.10000, New:0.50000
Zero Mode Changed: 8/19/2022 1:12:29 PM, Old:ON, New:Reading
Zero Mode Changed: 8/19/2022 1:12:30 PM, Old:Reading, New:ON
Scan mode: Changed: 8/19/2022 1:15:37 PM, Old:Emission, New:Excitation
Excitation Wavelength Changed: 8/19/2022 1:15:37 PM, Old: 345.00, New: 240.00
Emission Wavelength Changed: 8/19/2022 1:15:37 PM, Old: 355.00, New: 455.00
Stop Wavelength Changed: 8/19/2022 1:15:37 PM, Old: 600.00, New: 445.00
Zero Mode Changed: 8/19/2022 1:15:40 PM, Old:ON, New:Reading
Zero Mode Changed: 8/19/2022 1:15:41 PM, Old:Reading, New:ON
End Method Modifications

CdS sonochem 150min ex295,
CdS sonochem 150min ex295
Collection Time: 8/19/2022 1:20:08 PM
Operator Name  :
Scan Software Version: 1.1(132)
Parameter List :
Instrument                        Cary Eclipse
Instrument Serial Number          E08013467
Data mode                         Fluorescence
Scan mode                         Emission
X Mode                            Wavelength (nm)
Start (nm)                        305.00
Stop (nm)                         550.00
Ex. Wavelength (nm)               295.00
Ex. Slit (nm)                     5
Em. Slit (nm)                     5
Scan rate (nm/min)                600.00
Data interval (nm)                1.0000
Averaging Time (s)                0.1000
Excitation filter                 Auto
Emission filter                   Open
PMT voltage (V)                   Medium
Corrected spectra                 OFF
Method Log     :
Method Name    : Default
Date/Time stamp: 8/19/2022 12:23:28 PM
Method Modifications:
Overlayed Graphs Changed: 8/19/2022 12:24:53 PM, Old:OFF, New:ON
Y max Changed: 8/19/2022 12:24:53 PM, Old:  1000.0000, New:   300.0000
Excitation Wavelength Changed: 8/19/2022 12:27:20 PM, Old: 350.00, New: 300.00
Emission Wavelength Changed: 8/19/2022 12:27:20 PM, Old: 400.00, New: 310.00
Stop Wavelength Changed: 8/19/2022 12:27:20 PM, Old: 600.00, New: 500.00
Zero Mode Changed: 8/19/2022 12:27:22 PM, Old:OFF, New:Reading
Zero Mode Changed: 8/19/2022 12:27:22 PM, Old:Reading, New:ON
Scan mode: Changed: 8/19/2022 12:28:28 PM, Old:Emission, New:Excitation
Excitation Wavelength Changed: 8/19/2022 12:28:28 PM, Old: 300.00, New: 240.00
Emission Wavelength Changed: 8/19/2022 12:28:28 PM, Old: 310.00, New: 400.00
Stop Wavelength Changed: 8/19/2022 12:28:28 PM, Old: 500.00, New: 390.00
Zero Mode Changed: 8/19/2022 12:28:31 PM, Old:ON, New:Reading
Zero Mode Changed: 8/19/2022 12:28:31 PM, Old:Reading, New:ON
Scan mode: Changed: 8/19/2022 12:29:17 PM, Old:Excitation, New:Emission
Excitation Wavelength Changed: 8/19/2022 12:29:17 PM, Old: 240.00, New: 330.00
Emission Wavelength Changed: 8/19/2022 12:29:17 PM, Old: 400.00, New: 340.00
Stop Wavelength Changed: 8/19/2022 12:29:17 PM, Old: 390.00, New: 500.00
Zero Mode Changed: 8/19/2022 12:29:19 PM, Old:ON, New:Reading
Zero Mode Changed: 8/19/2022 12:29:19 PM, Old:Reading, New:ON
Scan mode: Changed: 8/19/2022 12:30:02 PM, Old:Emission, New:Excitation
Excitation Wavelength Changed: 8/19/2022 12:30:02 PM, Old: 330.00, New: 240.00
Emission Wavelength Changed: 8/19/2022 12:30:02 PM, Old: 340.00, New: 410.00
Stop Wavelength Changed: 8/19/2022 12:30:02 PM, Old: 500.00, New: 400.00
Zero Mode Changed: 8/19/2022 12:30:08 PM, Old:ON, New:Reading
Zero Mode Changed: 8/19/2022 12:30:08 PM, Old:Reading, New:ON
Scan mode: Changed: 8/19/2022 12:30:53 PM, Old:Excitation, New:Emission
Excitation Wavelength Changed: 8/19/2022 12:30:53 PM, Old: 240.00, New: 335.00
Emission Wavelength Changed: 8/19/2022 12:30:53 PM, Old: 410.00, New: 345.00
Stop Wavelength Changed: 8/19/2022 12:30:53 PM, Old: 400.00, New: 600.00
Zero Mode Changed: 8/19/2022 12:30:55 PM, Old:ON, New:Reading
Zero Mode Changed: 8/19/2022 12:30:55 PM, Old:Reading, New:ON
Zero Mode Changed: 8/19/2022 12:34:51 PM, Old:ON, New:Reading
Zero Mode Changed: 8/19/2022 12:34:51 PM, Old:Reading, New:ON
Scan mode: Changed: 8/19/2022 12:35:39 PM, Old:Emission, New:Excitation
Excitation Wavelength Changed: 8/19/2022 12:35:39 PM, Old: 335.00, New: 240.00
Emission Wavelength Changed: 8/19/2022 12:35:39 PM, Old: 345.00, New: 410.00
Stop Wavelength Changed: 8/19/2022 12:35:39 PM, Old: 600.00, New: 400.00
Zero Mode Changed: 8/19/2022 12:35:42 PM, Old:ON, New:Reading
Zero Mode Changed: 8/19/2022 12:35:43 PM, Old:Reading, New:ON
Scan mode: Changed: 8/19/2022 12:36:52 PM, Old:Excitation, New:Emission
Excitation Wavelength Changed: 8/19/2022 12:36:52 PM, Old: 240.00, New: 300.00
Emission Wavelength Changed: 8/19/2022 12:36:52 PM, Old: 410.00, New: 310.00
Stop Wavelength Changed: 8/19/2022 12:36:52 PM, Old: 400.00, New: 600.00
Zero Mode Changed: 8/19/2022 12:36:54 PM, Old:ON, New:Reading
Zero Mode Changed: 8/19/2022 12:36:54 PM, Old:Reading, New:ON
Scan mode: Changed: 8/19/2022 12:37:46 PM, Old:Emission, New:Excitation
Excitation Wavelength Changed: 8/19/2022 12:37:46 PM, Old: 300.00, New: 240.00
Emission Wavelength Changed: 8/19/2022 12:37:46 PM, Old: 310.00, New: 350.00
Stop Wavelength Changed: 8/19/2022 12:37:46 PM, Old: 600.00, New: 340.00
Zero Mode Changed: 8/19/2022 12:37:49 PM, Old:ON, New:Reading
Zero Mode Changed: 8/19/2022 12:37:49 PM, Old:Reading, New:ON
Scan mode: Changed: 8/19/2022 12:38:28 PM, Old:Excitation, New:Emission
Excitation Wavelength Changed: 8/19/2022 12:38:28 PM, Old: 240.00, New: 295.00
Emission Wavelength Changed: 8/19/2022 12:38:28 PM, Old: 350.00, New: 305.00
Stop Wavelength Changed: 8/19/2022 12:38:28 PM, Old: 340.00, New: 550.00
Zero Mode Changed: 8/19/2022 12:38:31 PM, Old:ON, New:Reading
Zero Mode Changed: 8/19/2022 12:38:31 PM, Old:Reading, New:ON
Scan Control Changed: 8/19/2022 12:39:12 PM, Old:Medium, New:Slow
Ave. time (s): Changed: 8/19/2022 12:39:12 PM, Old:0.10000, New:0.50000
Zero Mode Changed: 8/19/2022 12:39:14 PM, Old:ON, New:Reading
Zero Mode Changed: 8/19/2022 12:39:14 PM, Old:Reading, New:ON
Excitation Wavelength Changed: 8/19/2022 12:41:46 PM, Old: 295.00, New: 335.00
Emission Wavelength Changed: 8/19/2022 12:41:46 PM, Old: 305.00, New: 345.00
Stop Wavelength Changed: 8/19/2022 12:41:46 PM, Old: 550.00, New: 600.00
Zero Mode Changed: 8/19/2022 12:41:49 PM, Old:ON, New:Reading
Zero Mode Changed: 8/19/2022 12:41:50 PM, Old:Reading, New:ON
Scan mode: Changed: 8/19/2022 12:46:36 PM, Old:Emission, New:Excitation
Excitation Wavelength Changed: 8/19/2022 12:46:36 PM, Old: 335.00, New: 240.00
Emission Wavelength Changed: 8/19/2022 12:46:36 PM, Old: 345.00, New: 410.00
Stop Wavelength Changed: 8/19/2022 12:46:36 PM, Old: 600.00, New: 400.00
Zero Mode Changed: 8/19/2022 12:46:39 PM, Old:ON, New:Reading
Zero Mode Changed: 8/19/2022 12:46:40 PM, Old:Reading, New:ON
Scan Control Changed: 8/19/2022 12:50:26 PM, Old:Slow, New:Medium
Ave. time (s): Changed: 8/19/2022 12:50:26 PM, Old:0.50000, New:0.10000
Zero Mode Changed: 8/19/2022 12:50:27 PM, Old:ON, New:Reading
Zero Mode Changed: 8/19/2022 12:50:27 PM, Old:Reading, New:ON
Scan mode: Changed: 8/19/2022 12:51:32 PM, Old:Excitation, New:Emission
Excitation Wavelength Changed: 8/19/2022 12:51:32 PM, Old: 240.00, New: 337.00
Emission Wavelength Changed: 8/19/2022 12:51:32 PM, Old: 410.00, New: 347.00
Stop Wavelength Changed: 8/19/2022 12:51:32 PM, Old: 400.00, New: 600.00
Zero Mode Changed: 8/19/2022 12:51:34 PM, Old:ON, New:Reading
Zero Mode Changed: 8/19/2022 12:51:35 PM, Old:Reading, New:ON
Scan mode: Changed: 8/19/2022 12:52:30 PM, Old:Emission, New:Excitation
Excitation Wavelength Changed: 8/19/2022 12:52:30 PM, Old: 337.00, New: 240.00
Emission Wavelength Changed: 8/19/2022 12:52:30 PM, Old: 347.00, New: 415.00
Stop Wavelength Changed: 8/19/2022 12:52:30 PM, Old: 600.00, New: 400.00
Zero Mode Changed: 8/19/2022 12:52:33 PM, Old:ON, New:Reading
Zero Mode Changed: 8/19/2022 12:52:33 PM, Old:Reading, New:ON
Scan mode: Changed: 8/19/2022 12:53:13 PM, Old:Excitation, New:Emission
Excitation Wavelength Changed: 8/19/2022 12:53:13 PM, Old: 240.00, New: 340.00
Emission Wavelength Changed: 8/19/2022 12:53:13 PM, Old: 415.00, New: 350.00
Stop Wavelength Changed: 8/19/2022 12:53:13 PM, Old: 400.00, New: 600.00
Zero Mode Changed: 8/19/2022 12:53:15 PM, Old:ON, New:Reading
Zero Mode Changed: 8/19/2022 12:53:15 PM, Old:Reading, New:ON
Zero Mode Changed: 8/19/2022 12:54:45 PM, Old:ON, New:Reading
Zero Mode Changed: 8/19/2022 12:54:46 PM, Old:Reading, New:ON
Zero Mode Changed: 8/19/2022 12:54:49 PM, Old:ON, New:Reading
Zero Mode Changed: 8/19/2022 12:54:49 PM, Old:Reading, New:ON
Scan Control Changed: 8/19/2022 12:54:51 PM, Old:Medium, New:Slow
Ave. time (s): Changed: 8/19/2022 12:54:51 PM, Old:0.10000, New:0.50000
Zero Mode Changed: 8/19/2022 12:54:55 PM, Old:ON, New:Reading
Zero Mode Changed: 8/19/2022 12:54:56 PM, Old:Reading, New:ON
Scan mode: Changed: 8/19/2022 12:57:28 PM, Old:Emission, New:Excitation
Excitation Wavelength Changed: 8/19/2022 12:57:28 PM, Old: 340.00, New: 240.00
Emission Wavelength Changed: 8/19/2022 12:57:28 PM, Old: 350.00, New: 420.00
Stop Wavelength Changed: 8/19/2022 12:57:28 PM, Old: 600.00, New: 410.00
Zero Mode Changed: 8/19/2022 12:57:31 PM, Old:ON, New:Reading
Zero Mode Changed: 8/19/2022 12:57:31 PM, Old:Reading, New:ON
Scan mode: Changed: 8/19/2022 12:59:36 PM, Old:Excitation, New:Emission
Excitation Wavelength Changed: 8/19/2022 12:59:36 PM, Old: 240.00, New: 295.00
Emission Wavelength Changed: 8/19/2022 12:59:36 PM, Old: 420.00, New: 305.00
Stop Wavelength Changed: 8/19/2022 12:59:36 PM, Old: 410.00, New: 550.00
Scan Control Changed: 8/19/2022 12:59:41 PM, Old:Slow, New:Medium
Ave. time (s): Changed: 8/19/2022 12:59:41 PM, Old:0.50000, New:0.10000
Zero Mode Changed: 8/19/2022 12:59:44 PM, Old:ON, New:Reading
Zero Mode Changed: 8/19/2022 12:59:44 PM, Old:Reading, New:ON
Scan mode: Changed: 8/19/2022 1:00:36 PM, Old:Emission, New:Excitation
Excitation Wavelength Changed: 8/19/2022 1:00:36 PM, Old: 295.00, New: 240.00
Emission Wavelength Changed: 8/19/2022 1:00:36 PM, Old: 305.00, New: 350.00
Stop Wavelength Changed: 8/19/2022 1:00:36 PM, Old: 550.00, New: 340.00
Zero Mode Changed: 8/19/2022 1:00:45 PM, Old:ON, New:Reading
Zero Mode Changed: 8/19/2022 1:00:45 PM, Old:Reading, New:ON
Zero Mode Changed: 8/19/2022 1:01:25 PM, Old:ON, New:Reading
Zero Mode Changed: 8/19/2022 1:01:25 PM, Old:Reading, New:ON
Emission Wavelength Changed: 8/19/2022 1:04:06 PM, Old: 350.00, New: 420.00
Stop Wavelength Changed: 8/19/2022 1:04:06 PM, Old: 340.00, New: 410.00
Zero Mode Changed: 8/19/2022 1:04:08 PM, Old:ON, New:Reading
Zero Mode Changed: 8/19/2022 1:04:08 PM, Old:Reading, New:ON
Scan mode: Changed: 8/19/2022 1:04:55 PM, Old:Excitation, New:Emission
Excitation Wavelength Changed: 8/19/2022 1:04:55 PM, Old: 240.00, New: 330.00
Emission Wavelength Changed: 8/19/2022 1:04:55 PM, Old: 420.00, New: 340.00
Stop Wavelength Changed: 8/19/2022 1:04:55 PM, Old: 410.00, New: 600.00
Zero Mode Changed: 8/19/2022 1:04:56 PM, Old:ON, New:Reading
Zero Mode Changed: 8/19/2022 1:04:57 PM, Old:Reading, New:ON
Scan mode: Changed: 8/19/2022 1:06:34 PM, Old:Emission, New:Excitation
User Delta Stop Changed: 8/19/2022 1:06:34 PM, Old: 450.00, New: 470.00
User Delta Increment Changed: 8/19/2022 1:06:34 PM, Old:  10.00, New:   0.15
Excitation Wavelength Changed: 8/19/2022 1:06:34 PM, Old: 330.00, New: 240.00
Emission Wavelength Changed: 8/19/2022 1:06:34 PM, Old: 340.00, New: 470.00
Stop Wavelength Changed: 8/19/2022 1:06:34 PM, Old: 600.00, New: 460.00
Zero Mode Changed: 8/19/2022 1:06:37 PM, Old:ON, New:Reading
Zero Mode Changed: 8/19/2022 1:06:37 PM, Old:Reading, New:ON
Scan mode: Changed: 8/19/2022 1:07:26 PM, Old:Excitation, New:Emission
Excitation Wavelength Changed: 8/19/2022 1:07:26 PM, Old: 240.00, New: 355.00
Emission Wavelength Changed: 8/19/2022 1:07:26 PM, Old: 470.00, New: 365.00
Stop Wavelength Changed: 8/19/2022 1:07:26 PM, Old: 460.00, New: 600.00
Zero Mode Changed: 8/19/2022 1:07:27 PM, Old:ON, New:Reading
Zero Mode Changed: 8/19/2022 1:07:27 PM, Old:Reading, New:ON
Scan mode: Changed: 8/19/2022 1:08:25 PM, Old:Emission, New:Excitation
User Delta Stop Changed: 8/19/2022 1:08:25 PM, Old: 470.00, New: 520.00
Excitation Wavelength Changed: 8/19/2022 1:08:25 PM, Old: 355.00, New: 270.00
Emission Wavelength Changed: 8/19/2022 1:08:25 PM, Old: 365.00, New: 520.00
Stop Wavelength Changed: 8/19/2022 1:08:25 PM, Old: 600.00, New: 510.00
Zero Mode Changed: 8/19/2022 1:08:29 PM, Old:ON, New:Reading
Zero Mode Changed: 8/19/2022 1:08:29 PM, Old:Reading, New:ON
Scan mode: Changed: 8/19/2022 1:09:40 PM, Old:Excitation, New:Emission
Excitation Wavelength Changed: 8/19/2022 1:09:40 PM, Old: 270.00, New: 345.00
Emission Wavelength Changed: 8/19/2022 1:09:40 PM, Old: 520.00, New: 355.00
Stop Wavelength Changed: 8/19/2022 1:09:40 PM, Old: 510.00, New: 600.00
Zero Mode Changed: 8/19/2022 1:09:42 PM, Old:ON, New:Reading
Zero Mode Changed: 8/19/2022 1:09:43 PM, Old:Reading, New:ON
Scan Control Changed: 8/19/2022 1:12:27 PM, Old:Medium, New:Slow
Ave. time (s): Changed: 8/19/2022 1:12:27 PM, Old:0.10000, New:0.50000
Zero Mode Changed: 8/19/2022 1:12:29 PM, Old:ON, New:Reading
Zero Mode Changed: 8/19/2022 1:12:30 PM, Old:Reading, New:ON
Scan mode: Changed: 8/19/2022 1:15:37 PM, Old:Emission, New:Excitation
Excitation Wavelength Changed: 8/19/2022 1:15:37 PM, Old: 345.00, New: 240.00
Emission Wavelength Changed: 8/19/2022 1:15:37 PM, Old: 355.00, New: 455.00
Stop Wavelength Changed: 8/19/2022 1:15:37 PM, Old: 600.00, New: 445.00
Zero Mode Changed: 8/19/2022 1:15:40 PM, Old:ON, New:Reading
Zero Mode Changed: 8/19/2022 1:15:41 PM, Old:Reading, New:ON
Scan mode: Changed: 8/19/2022 1:19:58 PM, Old:Excitation, New:Emission
Scan Control Changed: 8/19/2022 1:19:58 PM, Old:Slow, New:Medium
Ave. time (s): Changed: 8/19/2022 1:19:58 PM, Old:0.50000, New:0.10000
Excitation Wavelength Changed: 8/19/2022 1:19:58 PM, Old: 240.00, New: 295.00
Emission Wavelength Changed: 8/19/2022 1:19:58 PM, Old: 455.00, New: 305.00
Stop Wavelength Changed: 8/19/2022 1:19:58 PM, Old: 445.00, New: 550.00
Zero Mode Changed: 8/19/2022 1:20:00 PM, Old:ON, New:Reading
Zero Mode Changed: 8/19/2022 1:20:00 PM, Old:Reading, New:ON
End Method Modifications

CdS sonochem 150min em350,
CdS sonochem 150min em350
Collection Time: 8/19/2022 12:22:45 PM
Operator Name  :
Scan Software Version: 1.1(132)
Parameter List :
Instrument                        Cary Eclipse
Instrument Serial Number          E08013467
Data mode                         Fluorescence
Scan mode                         Excitation
X Mode                            Wavelength (nm)
Start (nm)                        240.00
Stop (nm)                         340.00
Em. Wavelength (nm)               350.00
Ex. Slit (nm)                     5
Em. Slit (nm)                     5
Scan rate (nm/min)                600.00
Data interval (nm)                1.0000
Averaging Time (s)                0.1000
Excitation filter                 Auto
Emission filter                   Open
PMT voltage (V)                   Medium
Corrected spectra                 OFF
Method Log     :
Method Name    : Default
Date/Time stamp: 8/19/2022 12:23:28 PM
Method Modifications:
Overlayed Graphs Changed: 8/19/2022 12:24:53 PM, Old:OFF, New:ON
Y max Changed: 8/19/2022 12:24:53 PM, Old:  1000.0000, New:   300.0000
Excitation Wavelength Changed: 8/19/2022 12:27:20 PM, Old: 350.00, New: 300.00
Emission Wavelength Changed: 8/19/2022 12:27:20 PM, Old: 400.00, New: 310.00
Stop Wavelength Changed: 8/19/2022 12:27:20 PM, Old: 600.00, New: 500.00
Zero Mode Changed: 8/19/2022 12:27:22 PM, Old:OFF, New:Reading
Zero Mode Changed: 8/19/2022 12:27:22 PM, Old:Reading, New:ON
Scan mode: Changed: 8/19/2022 12:28:28 PM, Old:Emission, New:Excitation
Excitation Wavelength Changed: 8/19/2022 12:28:28 PM, Old: 300.00, New: 240.00
Emission Wavelength Changed: 8/19/2022 12:28:28 PM, Old: 310.00, New: 400.00
Stop Wavelength Changed: 8/19/2022 12:28:28 PM, Old: 500.00, New: 390.00
Zero Mode Changed: 8/19/2022 12:28:31 PM, Old:ON, New:Reading
Zero Mode Changed: 8/19/2022 12:28:31 PM, Old:Reading, New:ON
Scan mode: Changed: 8/19/2022 12:29:17 PM, Old:Excitation, New:Emission
Excitation Wavelength Changed: 8/19/2022 12:29:17 PM, Old: 240.00, New: 330.00
Emission Wavelength Changed: 8/19/2022 12:29:17 PM, Old: 400.00, New: 340.00
Stop Wavelength Changed: 8/19/2022 12:29:17 PM, Old: 390.00, New: 500.00
Zero Mode Changed: 8/19/2022 12:29:19 PM, Old:ON, New:Reading
Zero Mode Changed: 8/19/2022 12:29:19 PM, Old:Reading, New:ON
Scan mode: Changed: 8/19/2022 12:30:02 PM, Old:Emission, New:Excitation
Excitation Wavelength Changed: 8/19/2022 12:30:02 PM, Old: 330.00, New: 240.00
Emission Wavelength Changed: 8/19/2022 12:30:02 PM, Old: 340.00, New: 410.00
Stop Wavelength Changed: 8/19/2022 12:30:02 PM, Old: 500.00, New: 400.00
Zero Mode Changed: 8/19/2022 12:30:08 PM, Old:ON, New:Reading
Zero Mode Changed: 8/19/2022 12:30:08 PM, Old:Reading, New:ON
Scan mode: Changed: 8/19/2022 12:30:53 PM, Old:Excitation, New:Emission
Excitation Wavelength Changed: 8/19/2022 12:30:53 PM, Old: 240.00, New: 335.00
Emission Wavelength Changed: 8/19/2022 12:30:53 PM, Old: 410.00, New: 345.00
Stop Wavelength Changed: 8/19/2022 12:30:53 PM, Old: 400.00, New: 600.00
Zero Mode Changed: 8/19/2022 12:30:55 PM, Old:ON, New:Reading
Zero Mode Changed: 8/19/2022 12:30:55 PM, Old:Reading, New:ON
Zero Mode Changed: 8/19/2022 12:34:51 PM, Old:ON, New:Reading
Zero Mode Changed: 8/19/2022 12:34:51 PM, Old:Reading, New:ON
Scan mode: Changed: 8/19/2022 12:35:39 PM, Old:Emission, New:Excitation
Excitation Wavelength Changed: 8/19/2022 12:35:39 PM, Old: 335.00, New: 240.00
Emission Wavelength Changed: 8/19/2022 12:35:39 PM, Old: 345.00, New: 410.00
Stop Wavelength Changed: 8/19/2022 12:35:39 PM, Old: 600.00, New: 400.00
Zero Mode Changed: 8/19/2022 12:35:42 PM, Old:ON, New:Reading
Zero Mode Changed: 8/19/2022 12:35:43 PM, Old:Reading, New:ON
Scan mode: Changed: 8/19/2022 12:36:52 PM, Old:Excitation, New:Emission
Excitation Wavelength Changed: 8/19/2022 12:36:52 PM, Old: 240.00, New: 300.00
Emission Wavelength Changed: 8/19/2022 12:36:52 PM, Old: 410.00, New: 310.00
Stop Wavelength Changed: 8/19/2022 12:36:52 PM, Old: 400.00, New: 600.00
Zero Mode Changed: 8/19/2022 12:36:54 PM, Old:ON, New:Reading
Zero Mode Changed: 8/19/2022 12:36:54 PM, Old:Reading, New:ON
Scan mode: Changed: 8/19/2022 12:37:46 PM, Old:Emission, New:Excitation
Excitation Wavelength Changed: 8/19/2022 12:37:46 PM, Old: 300.00, New: 240.00
Emission Wavelength Changed: 8/19/2022 12:37:46 PM, Old: 310.00, New: 350.00
Stop Wavelength Changed: 8/19/2022 12:37:46 PM, Old: 600.00, New: 340.00
Zero Mode Changed: 8/19/2022 12:37:49 PM, Old:ON, New:Reading
Zero Mode Changed: 8/19/2022 12:37:49 PM, Old:Reading, New:ON
Scan mode: Changed: 8/19/2022 12:38:28 PM, Old:Excitation, New:Emission
Excitation Wavelength Changed: 8/19/2022 12:38:28 PM, Old: 240.00, New: 295.00
Emission Wavelength Changed: 8/19/2022 12:38:28 PM, Old: 350.00, New: 305.00
Stop Wavelength Changed: 8/19/2022 12:38:28 PM, Old: 340.00, New: 550.00
Zero Mode Changed: 8/19/2022 12:38:31 PM, Old:ON, New:Reading
Zero Mode Changed: 8/19/2022 12:38:31 PM, Old:Reading, New:ON
Scan Control Changed: 8/19/2022 12:39:12 PM, Old:Medium, New:Slow
Ave. time (s): Changed: 8/19/2022 12:39:12 PM, Old:0.10000, New:0.50000
Zero Mode Changed: 8/19/2022 12:39:14 PM, Old:ON, New:Reading
Zero Mode Changed: 8/19/2022 12:39:14 PM, Old:Reading, New:ON
Excitation Wavelength Changed: 8/19/2022 12:41:46 PM, Old: 295.00, New: 335.00
Emission Wavelength Changed: 8/19/2022 12:41:46 PM, Old: 305.00, New: 345.00
Stop Wavelength Changed: 8/19/2022 12:41:46 PM, Old: 550.00, New: 600.00
Zero Mode Changed: 8/19/2022 12:41:49 PM, Old:ON, New:Reading
Zero Mode Changed: 8/19/2022 12:41:50 PM, Old:Reading, New:ON
Scan mode: Changed: 8/19/2022 12:46:36 PM, Old:Emission, New:Excitation
Excitation Wavelength Changed: 8/19/2022 12:46:36 PM, Old: 335.00, New: 240.00
Emission Wavelength Changed: 8/19/2022 12:46:36 PM, Old: 345.00, New: 410.00
Stop Wavelength Changed: 8/19/2022 12:46:36 PM, Old: 600.00, New: 400.00
Zero Mode Changed: 8/19/2022 12:46:39 PM, Old:ON, New:Reading
Zero Mode Changed: 8/19/2022 12:46:40 PM, Old:Reading, New:ON
Scan Control Changed: 8/19/2022 12:50:26 PM, Old:Slow, New:Medium
Ave. time (s): Changed: 8/19/2022 12:50:26 PM, Old:0.50000, New:0.10000
Zero Mode Changed: 8/19/2022 12:50:27 PM, Old:ON, New:Reading
Zero Mode Changed: 8/19/2022 12:50:27 PM, Old:Reading, New:ON
Scan mode: Changed: 8/19/2022 12:51:32 PM, Old:Excitation, New:Emission
Excitation Wavelength Changed: 8/19/2022 12:51:32 PM, Old: 240.00, New: 337.00
Emission Wavelength Changed: 8/19/2022 12:51:32 PM, Old: 410.00, New: 347.00
Stop Wavelength Changed: 8/19/2022 12:51:32 PM, Old: 400.00, New: 600.00
Zero Mode Changed: 8/19/2022 12:51:34 PM, Old:ON, New:Reading
Zero Mode Changed: 8/19/2022 12:51:35 PM, Old:Reading, New:ON
Scan mode: Changed: 8/19/2022 12:52:30 PM, Old:Emission, New:Excitation
Excitation Wavelength Changed: 8/19/2022 12:52:30 PM, Old: 337.00, New: 240.00
Emission Wavelength Changed: 8/19/2022 12:52:30 PM, Old: 347.00, New: 415.00
Stop Wavelength Changed: 8/19/2022 12:52:30 PM, Old: 600.00, New: 400.00
Zero Mode Changed: 8/19/2022 12:52:33 PM, Old:ON, New:Reading
Zero Mode Changed: 8/19/2022 12:52:33 PM, Old:Reading, New:ON
Scan mode: Changed: 8/19/2022 12:53:13 PM, Old:Excitation, New:Emission
Excitation Wavelength Changed: 8/19/2022 12:53:13 PM, Old: 240.00, New: 340.00
Emission Wavelength Changed: 8/19/2022 12:53:13 PM, Old: 415.00, New: 350.00
Stop Wavelength Changed: 8/19/2022 12:53:13 PM, Old: 400.00, New: 600.00
Zero Mode Changed: 8/19/2022 12:53:15 PM, Old:ON, New:Reading
Zero Mode Changed: 8/19/2022 12:53:15 PM, Old:Reading, New:ON
Zero Mode Changed: 8/19/2022 12:54:45 PM, Old:ON, New:Reading
Zero Mode Changed: 8/19/2022 12:54:46 PM, Old:Reading, New:ON
Zero Mode Changed: 8/19/2022 12:54:49 PM, Old:ON, New:Reading
Zero Mode Changed: 8/19/2022 12:54:49 PM, Old:Reading, New:ON
Scan Control Changed: 8/19/2022 12:54:51 PM, Old:Medium, New:Slow
Ave. time (s): Changed: 8/19/2022 12:54:51 PM, Old:0.10000, New:0.50000
Zero Mode Changed: 8/19/2022 12:54:55 PM, Old:ON, New:Reading
Zero Mode Changed: 8/19/2022 12:54:56 PM, Old:Reading, New:ON
Scan mode: Changed: 8/19/2022 12:57:28 PM, Old:Emission, New:Excitation
Excitation Wavelength Changed: 8/19/2022 12:57:28 PM, Old: 340.00, New: 240.00
Emission Wavelength Changed: 8/19/2022 12:57:28 PM, Old: 350.00, New: 420.00
Stop Wavelength Changed: 8/19/2022 12:57:28 PM, Old: 600.00, New: 410.00
Zero Mode Changed: 8/19/2022 12:57:31 PM, Old:ON, New:Reading
Zero Mode Changed: 8/19/2022 12:57:31 PM, Old:Reading, New:ON
Scan mode: Changed: 8/19/2022 12:59:36 PM, Old:Excitation, New:Emission
Excitation Wavelength Changed: 8/19/2022 12:59:36 PM, Old: 240.00, New: 295.00
Emission Wavelength Changed: 8/19/2022 12:59:36 PM, Old: 420.00, New: 305.00
Stop Wavelength Changed: 8/19/2022 12:59:36 PM, Old: 410.00, New: 550.00
Scan Control Changed: 8/19/2022 12:59:41 PM, Old:Slow, New:Medium
Ave. time (s): Changed: 8/19/2022 12:59:41 PM, Old:0.50000, New:0.10000
Zero Mode Changed: 8/19/2022 12:59:44 PM, Old:ON, New:Reading
Zero Mode Changed: 8/19/2022 12:59:44 PM, Old:Reading, New:ON
Scan mode: Changed: 8/19/2022 1:00:36 PM, Old:Emission, New:Excitation
Excitation Wavelength Changed: 8/19/2022 1:00:36 PM, Old: 295.00, New: 240.00
Emission Wavelength Changed: 8/19/2022 1:00:36 PM, Old: 305.00, New: 350.00
Stop Wavelength Changed: 8/19/2022 1:00:36 PM, Old: 550.00, New: 340.00
Zero Mode Changed: 8/19/2022 1:00:45 PM, Old:ON, New:Reading
Zero Mode Changed: 8/19/2022 1:00:45 PM, Old:Reading, New:ON
Zero Mode Changed: 8/19/2022 1:01:25 PM, Old:ON, New:Reading
Zero Mode Changed: 8/19/2022 1:01:25 PM, Old:Reading, New:ON
Emission Wavelength Changed: 8/19/2022 1:04:06 PM, Old: 350.00, New: 420.00
Stop Wavelength Changed: 8/19/2022 1:04:06 PM, Old: 340.00, New: 410.00
Zero Mode Changed: 8/19/2022 1:04:08 PM, Old:ON, New:Reading
Zero Mode Changed: 8/19/2022 1:04:08 PM, Old:Reading, New:ON
Scan mode: Changed: 8/19/2022 1:04:55 PM, Old:Excitation, New:Emission
Excitation Wavelength Changed: 8/19/2022 1:04:55 PM, Old: 240.00, New: 330.00
Emission Wavelength Changed: 8/19/2022 1:04:55 PM, Old: 420.00, New: 340.00
Stop Wavelength Changed: 8/19/2022 1:04:55 PM, Old: 410.00, New: 600.00
Zero Mode Changed: 8/19/2022 1:04:56 PM, Old:ON, New:Reading
Zero Mode Changed: 8/19/2022 1:04:57 PM, Old:Reading, New:ON
Scan mode: Changed: 8/19/2022 1:06:34 PM, Old:Emission, New:Excitation
User Delta Stop Changed: 8/19/2022 1:06:34 PM, Old: 450.00, New: 470.00
User Delta Increment Changed: 8/19/2022 1:06:34 PM, Old:  10.00, New:   0.15
Excitation Wavelength Changed: 8/19/2022 1:06:34 PM, Old: 330.00, New: 240.00
Emission Wavelength Changed: 8/19/2022 1:06:34 PM, Old: 340.00, New: 470.00
Stop Wavelength Changed: 8/19/2022 1:06:34 PM, Old: 600.00, New: 460.00
Zero Mode Changed: 8/19/2022 1:06:37 PM, Old:ON, New:Reading
Zero Mode Changed: 8/19/2022 1:06:37 PM, Old:Reading, New:ON
Scan mode: Changed: 8/19/2022 1:07:26 PM, Old:Excitation, New:Emission
Excitation Wavelength Changed: 8/19/2022 1:07:26 PM, Old: 240.00, New: 355.00
Emission Wavelength Changed: 8/19/2022 1:07:26 PM, Old: 470.00, New: 365.00
Stop Wavelength Changed: 8/19/2022 1:07:26 PM, Old: 460.00, New: 600.00
Zero Mode Changed: 8/19/2022 1:07:27 PM, Old:ON, New:Reading
Zero Mode Changed: 8/19/2022 1:07:27 PM, Old:Reading, New:ON
Scan mode: Changed: 8/19/2022 1:08:25 PM, Old:Emission, New:Excitation
User Delta Stop Changed: 8/19/2022 1:08:25 PM, Old: 470.00, New: 520.00
Excitation Wavelength Changed: 8/19/2022 1:08:25 PM, Old: 355.00, New: 270.00
Emission Wavelength Changed: 8/19/2022 1:08:25 PM, Old: 365.00, New: 520.00
Stop Wavelength Changed: 8/19/2022 1:08:25 PM, Old: 600.00, New: 510.00
Zero Mode Changed: 8/19/2022 1:08:29 PM, Old:ON, New:Reading
Zero Mode Changed: 8/19/2022 1:08:29 PM, Old:Reading, New:ON
Scan mode: Changed: 8/19/2022 1:09:40 PM, Old:Excitation, New:Emission
Excitation Wavelength Changed: 8/19/2022 1:09:40 PM, Old: 270.00, New: 345.00
Emission Wavelength Changed: 8/19/2022 1:09:40 PM, Old: 520.00, New: 355.00
Stop Wavelength Changed: 8/19/2022 1:09:40 PM, Old: 510.00, New: 600.00
Zero Mode Changed: 8/19/2022 1:09:42 PM, Old:ON, New:Reading
Zero Mode Changed: 8/19/2022 1:09:43 PM, Old:Reading, New:ON
Scan Control Changed: 8/19/2022 1:12:27 PM, Old:Medium, New:Slow
Ave. time (s): Changed: 8/19/2022 1:12:27 PM, Old:0.10000, New:0.50000
Zero Mode Changed: 8/19/2022 1:12:29 PM, Old:ON, New:Reading
Zero Mode Changed: 8/19/2022 1:12:30 PM, Old:Reading, New:ON
Scan mode: Changed: 8/19/2022 1:15:37 PM, Old:Emission, New:Excitation
Excitation Wavelength Changed: 8/19/2022 1:15:37 PM, Old: 345.00, New: 240.00
Emission Wavelength Changed: 8/19/2022 1:15:37 PM, Old: 355.00, New: 455.00
Stop Wavelength Changed: 8/19/2022 1:15:37 PM, Old: 600.00, New: 445.00
Zero Mode Changed: 8/19/2022 1:15:40 PM, Old:ON, New:Reading
Zero Mode Changed: 8/19/2022 1:15:41 PM, Old:Reading, New:ON
Scan mode: Changed: 8/19/2022 1:19:58 PM, Old:Excitation, New:Emission
Scan Control Changed: 8/19/2022 1:19:58 PM, Old:Slow, New:Medium
Ave. time (s): Changed: 8/19/2022 1:19:58 PM, Old:0.50000, New:0.10000
Excitation Wavelength Changed: 8/19/2022 1:19:58 PM, Old: 240.00, New: 295.00
Emission Wavelength Changed: 8/19/2022 1:19:58 PM, Old: 455.00, New: 305.00
Stop Wavelength Changed: 8/19/2022 1:19:58 PM, Old: 445.00, New: 550.00
Zero Mode Changed: 8/19/2022 1:20:00 PM, Old:ON, New:Reading
Zero Mode Changed: 8/19/2022 1:20:00 PM, Old:Reading, New:ON
Scan mode: Changed: 8/19/2022 12:22:27 PM, Old:Emission, New:Excitation
Excitation Wavelength Changed: 8/19/2022 12:22:27 PM, Old: 295.00, New: 240.00
Emission Wavelength Changed: 8/19/2022 12:22:27 PM, Old: 305.00, New: 350.00
Stop Wavelength Changed: 8/19/2022 12:22:27 PM, Old: 550.00, New: 340.00
Zero Mode Changed: 8/19/2022 12:22:31 PM, Old:ON, New:Reading
Zero Mode Changed: 8/19/2022 12:22:31 PM, Old:Reading, New:ON
End Method Modifications

