CdSe 180sec ex295,,CdSe 180sec ex340,,CdSe 180sec ex455,,CdSe 180sec em530,,CdSe 180sec ex420,,CdSe 180sec ex330,,CdSe 180sec em420,,CdSe 180sec ex355,,CdSe 180sec em455,,CdSe 180sec ex390,,CdSe 180sec em460,,CdSe 180sec ex400,,CdSe 180sec em530,,CdSe 180sec em530,,CdSe 180sec ex420,,
Wavelength (nm),Intensity (a.u.),Wavelength (nm),Intensity (a.u.),Wavelength (nm),Intensity (a.u.),Wavelength (nm),Intensity (a.u.),Wavelength (nm),Intensity (a.u.),Wavelength (nm),Intensity (a.u.),Wavelength (nm),Intensity (a.u.),Wavelength (nm),Intensity (a.u.),Wavelength (nm),Intensity (a.u.),Wavelength (nm),Intensity (a.u.),Wavelength (nm),Intensity (a.u.),Wavelength (nm),Intensity (a.u.),Wavelength (nm),Intensity (a.u.),Wavelength (nm),Intensity (a.u.),Wavelength (nm),Intensity (a.u.),
305,-0.106920734,350,0.1726712137,465,0.01074433327,290,0.03486353159,430,0.07180911303,340,0,240,0.2086735666,364.9200134,0.08828106523,240,-0.08194690943,400,0.022369802,240,-0.06191378832,410,0.01354125142,290,0.2190314233,270,-0.06210511923,430,0.02300727367,
305.9299927,-0.1095191836,351.0700073,0.07715557516,466.0599976,0.0588966608,290.9299927,0.138192296,431.0599976,0.1058598161,341.0700073,0.07376625389,240.9299927,0.1827749908,365.8399963,0.07125493884,240.9299927,-0.0573875308,401.0700073,0.09427177906,240.9299927,0.164355576,411.0599976,0.07514604926,290.9299927,0.119199127,271.0700073,0.03860223293,431.0599976,0.07232892513,
307.0299988,-0.06637380272,352,-0.05423481762,466.9599915,0.003641247749,292.0299988,0.05591386557,431.9599915,0.1152769923,342,0.05082850531,242.0299988,0.1605840921,366.9200134,0.01789848506,242.0299988,-0.2494243979,402,-0.107046552,242.0299988,0.1000598073,411.9599915,0.02570691705,292.0299988,0.2582171857,272,-0.01830470562,431.9599915,-0.006387293339,
307.9599915,-0.1191770136,353.0700073,0.05693890154,468.0299988,0.1081893444,292.9599915,0.097633183,433.0299988,0.07860314846,343.0700073,0.1556016654,242.9600067,0.3715198934,367.8399963,0.1418435127,242.9600067,-0.2580943108,403.0700073,0.0243370831,242.9600067,0.05238008499,413.0299988,0.02059236169,292.9599915,0.1563335955,273.0700073,-0.09029895067,433.0299988,0.03854501247,
309.0599976,0.0007400028408,354,0.1748141497,468.9299927,0.1801390648,294.0599976,0.08735239506,433.9299927,0.1796236634,344,0.1483239532,244.0599976,0.02715271711,368.9200134,0.1360165626,244.0599976,-0.2134940028,404,0.09065669775,244.0599976,-0.08662033081,413.9299927,0.09836965799,294.0599976,0.1698565781,274,-0.150649488,433.9299927,0.1952198148,
310,-0.03985704482,355.0700073,0.07817010581,470,0.1307014227,295,0.1840589046,435,0.2421411276,345.0700073,-0.1744504869,245,0.1799028814,369.8399963,0.1232133359,245,-0.375564009,405.0700073,0.1444836259,245,0.1622691154,415,0.1250585616,295,0.414896518,275.0700073,-0.2538353801,435,0.200383842,
311.0700073,-0.01277658902,356,0.1321643442,471.0599976,0.2619217634,295.9299927,0.3803110719,436.0599976,0.3581139445,346,0.0764253363,245.9299927,0.2647263408,370.9200134,0.2504797578,245.9299927,-0.2207913399,406,0.08798271418,245.9299927,0.04542893171,416.0599976,0.4145421684,295.9299927,0.4177283943,276,-0.2592733502,436.0599976,0.2593678236,
312,-0.0120827388,357.0700073,0.001541942358,471.9599915,0.220589757,297.0299988,0.5164567828,436.9599915,0.4079577327,347.0700073,0.2026291192,247.0299988,0.2937078774,371.8399963,0.07010360062,247.0299988,-0.3404021561,407.0700073,0.1190136075,247.0299988,-0.008016943932,416.9599915,0.3121842444,297.0299988,0.3894236982,277.0700073,-0.3365858793,436.9599915,0.3177244067,
313.0700073,-0.06768584251,358,0.1383780688,473.0299988,0.3576980829,297.9599915,0.4084163904,438.0299988,0.3840556741,348,0.1784303188,247.9600067,0.2432871759,372.9200134,0.1786042452,247.9600067,-0.2932114005,408,0.3228200674,247.9600067,0.15200454,418.0299988,0.3569305241,297.9599915,0.5250914097,278,-0.2891815901,438.0299988,0.3627346158,
314,0.04208777845,359.0700073,0.1401051134,473.9299927,0.2909762859,299.0599976,0.7130482793,438.9299927,0.4699838758,349.0700073,0.02555388026,249.0599976,0.165715456,373.8399963,0.1106564403,249.0599976,-0.3031052351,409.0700073,0.358691752,249.0599976,-0.2433125675,418.9299927,0.5209189653,299.0599976,0.5649122,279.0700073,-0.408031106,438.9299927,0.4105548263,
315.0700073,0.04379463196,360,0.2028077394,475,0.3812015057,300,0.8031554818,440,0.5680944324,350,0.05164355785,250,0.1519515216,374.9200134,0.1660972089,250,-0.3516596854,410,0.3759233952,250,0.01606583595,420,0.5396744013,300,0.4617133439,280,-0.5676910877,440,0.5597885251,
316,-0.06699372083,361.0700073,0.2252798229,476.0599976,0.239390254,301.0700073,0.6657965779,441.0599976,0.5363631845,351.0700073,-0.02584647201,250.9299927,0.2577885985,375.8399963,-0.01716708764,250.9299927,-0.2672491074,411.0599976,0.2757439017,250.9299927,0.193616569,421.0700073,0.606014967,301.0700073,0.577324152,280.9299927,-0.5105178952,441.0599976,0.6024760604,
317.0700073,0.05411908776,362,0.1843225509,476.9599915,0.3944936991,302,0.66737324,441.9599915,0.605042994,352,0.1026351601,252.0299988,0.3225188553,376.9200134,0.1702427119,252.0299988,-0.2100662589,411.9599915,0.3702885509,252.0299988,0.04468744993,422,0.76029706,302,0.6860058308,282.0299988,-0.6171231866,441.9599915,0.6444901824,
318,-0.080484882,363.0700073,0.3498408198,478.0299988,0.3882077932,303.0700073,1.031139135,443.0299988,0.7639274001,353.0700073,0.2558133602,252.9600067,0.2156471014,377.8399963,0.1207924932,252.9600067,-0.1477546692,413.0299988,0.5192539692,252.9600067,0.1219915748,423.0700073,0.6842308044,303.0700073,0.7064707279,282.9599915,-0.4950474501,443.0299988,0.6958130002,
319.0700073,-0.06708608568,364,0.3641107082,478.9299927,0.3419775963,304,0.8999615312,443.9299927,0.7856084704,354,0.2301790267,254.0599976,0.07884573936,378.9200134,0.1964434534,254.0599976,-0.1363433003,413.9299927,0.7395147085,254.0599976,0.2543257475,424,0.8117480278,304,0.6449321508,284.0599976,-0.5198959112,443.9299927,0.7868061662,
320,-0.01238602586,365.0700073,0.2972262502,480,0.5610024929,305.0700073,0.9860079885,445,0.856395781,355.0700073,0.07814738899,255,0.1167555153,379.8399963,0.2162847519,255,-0.2639893889,415,0.7823826075,255,-0.09194085002,425.0700073,0.9134017229,305.0700073,0.88719666,285,-0.5475814342,445,0.8795582652,
320.9299927,-0.03985704482,366,0.2873103023,481.0599976,0.4547860622,306,0.7894383073,446.0599976,1.008119345,356,0.1795930862,255.9299927,0.2899359167,380.9200134,0.2688383162,255.9299927,-0.1253105998,416.0599976,0.803550005,255.9299927,0.1860496402,426,1.184771299,306,0.9285438061,285.9299927,-0.6305806637,446.0599976,0.9061201215,
322.0299988,0.01289183274,367.0700073,0.468780756,481.9599915,0.5133098364,307.0700073,1.296294689,446.9599915,1.121151447,357.0700073,0.179376781,257.0299988,0.259514302,381.8399963,0.2552431822,257.0299988,-0.3380844295,416.9599915,0.6467027068,257.0299988,-0.2050672174,427.0700073,0.9259043932,307.0700073,1.107877374,287.0299988,-0.6887232065,446.9599915,1.176212311,
322.9599915,9.182095528E-5,368,0.4697086811,483.0299988,0.4375671148,308,1.229788303,448.0299988,1.139482737,358,0.2867420912,257.9599915,0.2580542266,382.9200134,0.2143185139,257.9599915,-0.2694712877,418.0299988,0.9011285305,257.9599915,-0.06802603602,428,1.100247145,308,1.461702228,287.9599915,-0.4698883891,448.0299988,1.18487215,
324.0599976,-0.01187445037,369.0700073,0.7122156024,483.9299927,0.5661410093,309.0700073,1.347938061,448.9299927,1.311130047,359.0700073,0.128680259,259.0599976,0.320707351,383.8399963,0.2521134019,259.0599976,-0.3297044039,418.9299927,0.8794821501,259.0599976,-0.01764202118,429.0700073,1.209787011,309.0700073,1.166393518,289.0599976,-0.4168912172,448.9299927,1.254765034,
325,-0.06746952981,370,0.6306824088,485,0.4573067427,310,1.145567894,450,1.429324627,360,0.2627844512,260,0.1756246686,384.9200134,0.4437604249,260,-0.1826927662,420,1.018946409,260,0.1257262826,430,1.198558688,310,1.592907548,290,-0.4670125842,450,1.328526974,
325.9299927,0.001242786646,371.0700073,0.7267498374,486.0599976,0.6609699726,311.0700073,1.326739073,451.0599976,1.452152729,361.0700073,0.3058883548,260.9299927,0.1629264653,385.8399963,0.2321517467,260.9299927,-0.329186976,421.0700073,1.113698483,260.9299927,-0.05185008049,431.0599976,1.32987833,311.0700073,1.612162232,290.9299927,-0.4179786444,451.0599976,1.530523062,
327.0299988,0.02961538732,372,0.8214772344,486.9599915,0.7061982155,312,1.631536722,451.9599915,1.590917826,362,0.2633242011,262.0299988,0.2130989432,386.9200134,0.3475238681,262.0299988,-0.2230864763,422,1.274002433,262.0299988,-0.05350106955,431.9599915,1.213693857,312,1.528038621,292.0299988,-0.3158708811,451.9599915,1.540462017,
327.9599915,-0.03985704482,373.0700073,0.7437415719,488.0299988,0.5242786407,313.0700073,1.816017628,453.0299988,1.631774426,363.0700073,0.3155818582,262.9599915,0.1577803791,387.8399963,0.4534211457,262.9599915,-0.1847731471,423.0700073,1.305881739,262.9599915,-0.04506200552,433.0299988,1.463580847,313.0700073,1.689144254,292.9599915,-0.3059081435,453.0299988,1.662842751,
329.0599976,0.04365142435,374,0.8798385262,488.9299927,0.5083830357,314,1.783247948,453.9299927,1.871236086,364,0.291298151,264.0599976,0.2494052351,388.9200134,0.4870755076,264.0599976,-0.2491271496,424,1.307910442,264.0599976,0.1392742991,433.9299927,1.402368426,314,1.604666352,294.0599976,-0.3143167496,453.9299927,1.584652662,
330,-0.02624271065,375.0700073,0.9289450049,490,0.4976940155,315.0700073,1.993461609,455,1.857173204,365.0700073,0.4234036207,265,0.4189675152,389.8399963,0.4807031155,265,-0.3770385981,425.0700073,1.34574151,265,-0.01761001348,435,1.618281126,315.0700073,1.650574565,295,-0.2604987621,455,1.840361834,
331.0700073,-0.02601372451,376,1.013335943,491.0400085,0.6749939919,316,2.31172204,456.0599976,1.797787666,366,0.268918395,265.9299927,0.2931838334,390.9200134,0.6698618531,265.9299927,-0.2707124949,426,1.435362697,265.9299927,0.1030810475,436.0599976,1.48966074,316,1.927494407,295.9299927,-0.2304448485,456.0599976,1.969923973,
332,-0.03985704482,377.0700073,0.91681391,491.9400024,0.8005907536,317.0700073,1.821083784,456.9599915,1.957672119,367.0700073,0.1826531589,267.0299988,0.08958536386,391.8399963,0.4769604206,267.0299988,-0.2643654943,427.0700073,1.372468352,267.0299988,-0.01971620321,436.9599915,1.652971268,317.0700073,2.19497776,297.0299988,-0.1725127697,456.9599915,1.970631361,
333.0700073,-0.06859102845,378,1.148940444,492.980011,0.7881033421,318,2.30952549,458.0299988,2.19507885,368,0.2643893957,267.9599915,0.1406930685,392.9200134,0.6767700911,267.9599915,-0.3225544095,428,1.613652468,267.9599915,-0.1361637115,438.0299988,1.786793947,318,2.519118071,297.9599915,-0.1976861954,458.0299988,2.186630964,
334,-0.02640823089,379.0700073,1.319421411,494.019989,0.8359007835,319.0700073,2.375174046,458.9299927,2.333022594,369.0700073,0.5189009905,269.0599976,0.1341356933,393.8399963,0.4675909877,269.0599976,-0.369307518,429.0700073,1.712486982,269.0599976,-0.04655534029,438.9299927,1.722887516,319.0700073,2.793169737,299.0599976,0.04086387157,458.9299927,2.173891068,
335.0700073,-0.09528096765,380,1.118487358,495.0700073,1.18206358,320,2.725277901,460,2.265566111,370,0.2893747091,270,0.2202327251,394.9200134,0.6376872659,270,-0.4150063097,430,1.582954884,270,-0.03151750565,440,2.086319447,320,2.929472208,300,-0.09043312073,460,2.117415667,
336,-0.09464856237,381.0700073,1.273515344,495.9700012,1.32869792,320.9299927,2.302299261,461.0599976,2.453308582,371.0700073,0.4919221401,271.0700073,0.1576960087,395.8399963,0.7289027572,271.0700073,-0.3839401007,431.0599976,1.828020215,271.0700073,-0.0968631804,441.0599976,2.137449265,320.9299927,2.853728056,301.0700073,0.06057500839,461.0599976,2.35128212,
337.0700073,-0.1612965167,382,1.581305981,497.0100098,1.231050491,322.0299988,2.656745195,461.9599915,2.190291643,372,0.286316663,272,0.1103644669,396.9200134,0.8374716043,272,-0.4196576178,431.9599915,1.79975903,272,-0.1288973689,441.9599915,2.296125174,322.0299988,2.66985631,302,0.04620432854,461.9599915,2.293138027,
338,-0.05389016122,383.0700073,1.745167375,498.0499878,1.329542398,322.9599915,3.168837786,463.0299988,2.416356087,373.0700073,0.5620130301,273.0700073,0.1013412774,397.8399963,0.9064614773,273.0700073,-0.4313602149,433.0299988,1.786999345,273.0700073,-0.1312066019,443.0299988,2.302864552,322.9599915,2.838133812,303.0700073,0.2893673182,463.0299988,2.424542189,
339.0700073,0.02894619107,384,1.397940993,498.9500122,1.644311666,324.0599976,3.036962748,463.9299927,2.529108286,374,0.5412231684,274,0.1508741379,398.9200134,0.5549786687,274,-0.3980721831,433.9299927,2.022419453,274,-0.1687887311,443.9299927,2.375068903,324.0599976,3.299898624,304,0.2832462788,463.9299927,2.365452528,
340,0.000167503953,385.0700073,1.609735727,500,1.657872677,325,3.161899805,465,2.561077833,375.0700073,0.4238450229,275.0700073,0.1324412823,399.8399963,0.8098107576,275.0700073,-0.5354781151,435,1.996964812,275.0700073,-0.1689946949,445,2.407710314,325,3.360125542,305.0700073,0.4599661827,465,2.428646803,
341.0700073,-0.02614112943,386,1.617903709,501.0400085,1.98820281,325.9299927,3.205495834,466.0599976,2.570338964,376,0.3042750657,276,0.0755867362,400.9200134,1.019724369,276,-0.4253265858,436.0599976,2.059448719,276,-0.3427737951,446.0599976,2.841775417,325.9299927,3.7280972,306,0.312492013,466.0599976,2.402936935,
342,-0.03985704482,387.0700073,1.629327416,501.9400024,2.281580925,327.0299988,3.085577965,466.9599915,2.537249088,377.0700073,0.4657300413,277.0700073,0.03187906742,401.8399963,1.063952923,277.0700073,-0.53256917,436.9599915,2.216970921,277.0700073,-0.2856431603,446.9599915,2.544834614,327.0299988,4.237451553,307.0700073,0.5159698725,466.9599915,2.375151157,
343.0700073,-0.03985704482,388,1.647889376,502.980011,2.519012213,327.9599915,3.612959623,468.0299988,2.609200478,378,0.4650682211,278,-0.04246853292,402.9200134,1.121949792,278,-0.5944706798,438.0299988,2.036445141,278,-0.254791826,448.0299988,2.826846361,327.9599915,3.678381205,308,0.7582045794,468.0299988,2.470852613,
344,0.04519023001,389.0700073,2.051618099,504.019989,3.155053377,329.0599976,3.504321575,468.9299927,2.643184185,379.0700073,0.5164222121,279.0700073,-0.03935302794,403.8399963,1.036611915,279.0700073,-0.6621152163,438.9299927,2.319515705,279.0700073,-0.2907904387,448.9299927,2.684034109,329.0599976,4.270801544,309.0700073,0.816578269,468.9299927,2.496605873,
345.0700073,0.1007899344,390,2.268329859,505.0700073,3.20346427,330,3.868286371,470,2.549453735,380,0.5655817986,280,-0.1243315041,404.9200134,1.158303499,280,-0.593695879,440,2.568853378,280,-0.2998024821,450,3.147242546,330,4.310295105,310,0.6206108332,470,2.557563066,
346,0.02656695247,391.0700073,2.287115812,505.9700012,3.868322611,331.0700073,4.667234898,471.0599976,2.48204875,381.0700073,0.5345824361,280.9299927,0.07525783777,405.8399963,1.09921062,280.9299927,-0.7327850461,441.0599976,2.499162197,280.9299927,-0.3278532624,451.0599976,2.778410196,331.0700073,4.150600433,311.0700073,0.9876616001,471.0599976,2.59126687,
347.0700073,-0.1195616126,392,2.554405451,507.0100098,4.54891777,332,4.030448914,471.9599915,2.544953108,382,0.7009164095,282.0299988,-0.04689818621,406.9200134,1.198747039,282.0299988,-0.6563538313,441.9599915,2.584933281,282.0299988,-0.3107698262,451.9599915,3.265478373,332,4.740636349,312,0.9256899357,471.9599915,2.370819092,
348,0.02906569093,393.0700073,2.18178606,508.0499878,5.360735893,333.0700073,4.671040058,473.0299988,2.428730011,383.0700073,0.9286775589,282.9599915,0.01201839745,407.8399963,1.323215604,282.9599915,-0.655618608,443.0299988,2.551660538,282.9599915,-0.3601011038,453.0299988,3.259281158,333.0700073,4.68930912,313.0700073,1.281857729,473.0299988,2.394438267,
349.0700073,0.09475600719,394,2.369056702,508.9500122,5.511253357,334,4.672523499,473.9299927,2.44016695,384,0.4963686764,284.0599976,-0.01615667343,408.9200134,1.401403308,284.0599976,-0.6811003685,443.9299927,2.587622643,284.0599976,-0.4330119789,453.9299927,3.513208151,334,4.813132763,314,1.037887096,473.9299927,2.411605835,
350,-0.02640678361,395.0700073,2.842442751,510,6.546664238,335.0700073,4.642995358,475,2.465046167,385.0700073,0.6415355802,285,-0.04091498256,409.8399963,1.310903788,285,-0.6396538019,445,2.834980488,285,-0.3127896786,455,3.07336092,335.0700073,4.651527405,315.0700073,1.280810833,475,2.341582298,
351.0700073,0.05708914995,396,2.552540779,511.0599976,8.10617733,336,5.282011032,476.0599976,2.25937438,386,0.7772826552,285.9299927,0.06331276894,410.8999939,1.538180232,285.9299927,-0.6297252178,446.0599976,2.913079739,285.9299927,-0.3585527837,456.0599976,3.720363617,336,4.23704195,316,1.304225445,476.0599976,2.332170963,
352,-0.08088380843,397.0700073,2.922854662,511.9599915,8.133739471,337.0700073,5.065130234,476.9599915,2.48764801,387.0700073,0.4596458077,287.0299988,0.0001831948757,411.9599915,1.527332664,287.0299988,-0.765202105,446.9599915,3.135732651,287.0299988,-0.4786653519,456.9599915,3.708427429,337.0700073,4.774097443,317.0700073,1.844645739,476.9599915,2.580246687,
353.0700073,-0.05328310654,398,3.096567392,513.0300293,9.645860672,338,5.606190205,478.0299988,2.414426565,388,0.595577836,287.9599915,-0.07276265323,412.8699951,1.500894189,287.9599915,-0.6473269463,448.0299988,3.123374462,287.9599915,-0.4335371852,458.0299988,3.714675903,338,5.447211742,318,1.866340637,478.0299988,2.289182901,
354,-0.07926487923,399.0700073,3.342737675,513.9299927,10.67939854,339.0700073,5.810520649,478.9299927,2.279288292,389.0700073,0.7729324102,289.0599976,-0.1006414816,413.9299927,1.613156915,289.0599976,-0.618163228,448.9299927,3.364951134,289.0599976,-0.2831783891,458.9299927,3.888699532,339.0700073,5.121994019,319.0700073,1.856834888,478.9299927,2.276116848,
355.0700073,-0.06665735692,400,3.534627438,515,11.80582809,340,5.743769169,480,2.317873478,390,0.8439249992,290,-0.03781346977,414.8399963,1.604295254,290,-0.6785411835,450,3.292485237,290,-0.5102679133,460,3.626527786,340,5.657224655,320,2.099092007,480,2.139752626,
356,-0.08174712956,401.0700073,3.331499815,516.0599976,13.35536194,341.0700073,5.917709827,481.0599976,2.235484362,391.0700073,0.8607872128,290.9299927,-0.05348217487,415.8999939,1.82448709,290.9299927,-0.6755530238,451.0599976,3.285466671,290.9299927,-0.3693106771,461.0599976,3.794655323,341.0700073,6.016435623,320.9299927,2.063293219,481.0599976,2.289865017,
357.0700073,-0.0261520315,402,3.659939289,516.960022,14.88867092,342,6.201097488,481.9599915,2.148543119,392,0.9039857388,292.0299988,-0.1479375362,416.9599915,1.679169893,292.0299988,-0.5549491048,451.9599915,3.41655302,292.0299988,-0.4489375353,461.9599915,3.62028718,342,5.662233353,322.0299988,2.281826973,481.9599915,2.057000399,
358,-0.0132230483,403.0700073,4.169878483,518.0300293,15.98014164,343.0700073,6.479552746,483.0299988,2.00250411,393.0700073,0.7486189008,292.9599915,-0.07753735781,417.8699951,1.757809401,292.9599915,-0.6790931225,453.0299988,3.599668503,292.9599915,-0.432531625,463.0299988,3.93803072,343.0700073,6.165232658,322.9599915,2.136493206,483.0299988,2.046281576,
359.0700073,0.01600653678,404,3.346407175,518.9299927,16.2439785,344,6.126895905,483.9299927,2.055534124,394,0.8179635406,294.0599976,-0.09520052373,418.9299927,1.625220895,294.0599976,-0.5735647678,453.9299927,3.930018902,294.0599976,-0.3292440772,463.9299927,3.800508022,344,5.707589626,324.0599976,2.485044003,483.9299927,2.194960833,
360,0.0008700713515,405.0700073,3.93993187,520,17.95517731,345.0700073,6.454035759,485,2.000434637,395.0700073,1.009551883,295,-0.05760160089,419.8399963,1.724677086,295,-0.6265140772,455,3.635974407,295,-0.3980357349,465,3.897896767,345.0700073,6.572351456,325,2.54756093,485,1.903046846,
361.0700073,-0.05358029902,406,3.68446207,521.039978,19.25592232,346,6.421456814,486.0599976,1.911567211,396,1.085546374,295.9299927,-0.0472420454,420.9200134,2.051310301,295.9299927,-0.650936842,456.0599976,3.772056103,295.9299927,-0.366959393,466.0599976,3.816284657,346,6.119202137,325.9299927,3.013739347,486.0599976,1.894922256,
362,0.01416488737,407.0700073,4.207244873,521.9400024,20.1427803,347.0700073,6.754718304,486.9599915,1.964448452,397.0700073,0.9404388666,297.0299988,-0.05673822761,421.8399963,2.063010931,297.0299988,-0.5194684863,456.9599915,3.849826336,297.0299988,-0.3548868895,466.9599915,3.922184944,347.0700073,6.327920914,327.0299988,3.025951147,486.9599915,1.780964375,
363.0700073,0.06978306174,408,4.177488327,522.9799805,20.79787254,348,6.829112053,488.0299988,1.936197758,398,0.9535666108,297.9599915,-0.01826922596,422.9200134,1.983232975,297.9599915,-0.5986572504,458.0299988,3.956820011,297.9599915,-0.3107892275,468.0299988,3.438477993,348,6.496377468,327.9599915,3.073810816,488.0299988,1.850059986,
364,0.08202315867,409.0700073,4.279062271,524.0200195,21.04606056,349.0700073,7.381654739,488.9299927,1.790195227,399.0700073,1.035759568,299.0599976,0.102619797,423.8399963,1.881721735,299.0599976,-0.6530374885,458.9299927,3.82092905,299.0599976,-0.3529940844,468.9299927,3.920389175,349.0700073,7.0033741,329.0599976,3.435292482,488.9299927,1.859670162,
365.0700073,0.1151533127,410,4.594785213,525.0700073,21.71466827,350,6.823569775,490,1.947333097,400,1.002479792,300,0.05665889382,424.9200134,2.174661636,300,-0.6466997862,460,4.242014408,300,-0.2899770737,470,3.57596612,350,7.397164822,330,3.490407228,490,1.861772776,
366,0.08994939923,411.0599976,3.941573143,525.9699707,22.38482094,351.0700073,7.016263962,491.0400085,1.843748331,401.0700073,1.089918256,301.0700073,-0.04164159298,425.8399963,2.089430571,301.0700073,-0.5278750658,461.0599976,3.93452549,301.0700073,-0.3504476547,471.0599976,3.449332714,351.0700073,6.774533749,331.0700073,2.989501715,491.0400085,1.87383604,
367.0700073,-0.0536229983,411.9599915,4.820094109,527.0100098,22.87368202,352,7.436735153,491.9400024,1.915208817,402,1.261299133,302,0.01153437793,426.9200134,2.059127808,302,-0.5211547017,461.9599915,4.077933311,302,-0.1747769415,471.9599915,3.322786808,352,6.618013382,332,3.384074926,491.9400024,1.7028234,
368,0.04163701087,413.0299988,4.716546535,528.0499878,23.07088089,353.0700073,7.612324238,492.980011,1.744592667,403.0700073,1.127106905,303.0700073,-0.07006271183,427.8399963,2.023505688,303.0700073,-0.5881430507,463.0299988,3.856468678,303.0700073,-0.2181397974,473.0299988,3.72812891,353.0700073,7.265400887,333.0700073,3.923470259,492.980011,1.799260616,
369.0700073,-0.02566399053,413.9299927,4.706523418,528.9500122,22.68610954,354,7.696016788,494.019989,1.853866339,404,1.187004805,304,0.03763499856,428.9200134,1.856451988,304,-0.3634848595,463.9299927,4.046578884,304,-0.1985500455,473.9299927,3.086965322,354,7.596509933,334,4.336268425,494.019989,1.723659992,
370,0.043670021,415,4.834153652,530,23.09006691,355.0700073,8.510642052,495.0700073,1.969714165,405.0700073,1.646484017,305.0700073,0.1438522637,429.8399963,2.145258904,305.0700073,-0.4487858713,465,4.28380537,305.0700073,-0.3502428532,475,3.345382452,355.0700073,7.501607895,335.0700073,4.271341324,495.0700073,1.798955679,
371.0700073,0.07025995106,416.0599976,5.592953205,531.039978,22.2961216,356,7.55690527,495.9700012,1.837416649,406,1.357303858,306,0.1407649815,430.8999939,2.002637863,306,-0.3423134387,466.0599976,3.680235386,306,-0.1516242325,476.0599976,3.341531515,356,7.36567688,336,4.070504189,495.9700012,1.775003433,
372,0.05847276002,416.9599915,5.069974422,531.9400024,21.86286736,357.0700073,8.35717392,497.0100098,2.058417559,407.0700073,1.046791553,307.0700073,0.007425144315,431.9599915,2.209524393,307.0700073,-0.4743785858,466.9599915,4.024223804,307.0700073,-0.0977320075,476.9599915,3.057954311,357.0700073,8.205112457,337.0700073,4.680847168,497.0100098,1.838418722,
373.0700073,0.01560453326,418.0299988,5.183731079,532.9799805,22.33436775,358,8.502467155,498.0499878,2.145388126,408,1.362117648,308,0.2438806891,432.8699951,2.304814339,308,-0.6259266734,468.0299988,3.95968914,308,-0.01082456112,478.0299988,3.093019247,358,8.005141258,338,3.923023462,498.0499878,2.030305862,
374,0.002981126308,418.9299927,5.402936459,534.0200195,21.48207092,359.0700073,8.471532822,498.9500122,2.206014633,409.0700073,1.632124305,309.0700073,0.2773416042,433.9299927,2.492756844,309.0700073,-0.3557089269,468.9299927,3.863385201,309.0700073,0.006452202797,478.9299927,2.985221624,359.0700073,8.661857605,339.0700073,4.538133621,498.9500122,2.046021938,
375.0700073,0.07465278357,420,5.643454075,535.0700073,21.07361031,360,8.614331245,500,2.357450962,410,1.488411665,310,0.1293127835,434.8399963,2.436558962,310,-0.343246907,470,3.582154751,310,-0.0480081439,480,2.762122393,360,8.305027962,340,5.396130562,500,2.159919262,
376,0.02911322564,421.0700073,5.693604469,535.9699707,20.7092247,361.0700073,8.759092331,501.0400085,2.499824047,411.0599976,1.391974688,311.0700073,0.3504399955,435.8999939,2.466669798,311.0700073,-0.2077863812,471.0599976,3.737046242,311.0700073,-0.07328599691,481.0599976,2.858804464,361.0700073,8.579195976,341.0700073,4.670290947,501.0400085,2.428008318,
377.0700073,0.05272942036,422,5.579463482,537.0100098,20.41212082,362,8.879517555,501.9400024,2.508398294,411.9599915,1.748872161,312,0.466653198,436.9599915,2.297732115,312,-0.00176513195,471.9599915,3.804996967,312,0.07337212563,481.9599915,2.645887136,362,8.201609612,342,5.229804993,501.9400024,2.487673759,
378,0.01505859196,423.0700073,5.711242676,538.0499878,19.9227562,363.0700073,8.707684517,502.980011,2.928816557,413.0299988,1.128899813,313.0700073,0.397126466,437.8699951,2.428440809,313.0700073,-0.1952011585,473.0299988,3.607577801,313.0700073,0.08445549011,483.0299988,2.551812172,363.0700073,8.960486412,343.0700073,5.758741379,502.980011,2.739363432,
379.0700073,0.1299318522,424,5.620131969,538.9500122,19.77502632,364,9.174571037,504.019989,3.26708746,413.9299927,1.530757904,314,0.2212556601,438.9299927,2.486623764,314,-0.3615820706,473.9299927,3.361278057,314,0.1801899672,483.9299927,2.677537441,364,8.636766434,344,5.474821091,504.019989,3.084753513,
380,0.1634097397,425.0700073,6.115979195,540,18.97492599,365.0700073,9.615264893,505.0700073,3.573142529,415,1.484857082,315.0700073,0.4346630871,439.8399963,2.366854668,315.0700073,-0.2751355767,475,3.281271935,315.0700073,0.2687906623,485,2.66262579,365.0700073,8.471028328,345.0700073,6.112074852,505.0700073,3.532664061,
381.0700073,0.01369262859,426,5.154080868,541.0200195,18.92156219,366,9.691399574,505.9700012,3.950819016,416.0599976,1.775967002,316,0.6666820049,440.8999939,2.535300255,316,-0.08205884695,476.0599976,3.280656338,316,0.196041584,486.0599976,2.600075483,366,8.474238396,346,6.002007484,505.9700012,3.58729291,
382,0.01370553672,427.0700073,5.291407108,542.0499878,18.06642342,367.0700073,10.14685631,507.0100098,4.453495979,416.9599915,1.582803607,317.0700073,0.4630669653,441.9599915,2.202940941,317.0700073,-0.09136003256,476.9599915,2.978102684,317.0700073,0.151440084,486.9599915,2.353773117,367.0700073,9.823479652,347.0700073,6.257657051,507.0100098,4.274041653,
383.0700073,0.09589447081,428,5.766580105,542.9400024,18.31109619,368,9.600458145,508.0499878,5.003883362,418.0299988,1.297185063,318,0.7011640072,442.8699951,2.756124973,318,-0.1669792533,478.0299988,3.014053822,318,0.3520143628,488.0299988,2.240586758,368,9.455156326,348,6.400896072,508.0499878,4.643815994,
384,0.0427705124,429.0700073,5.879424572,543.9699707,17.44140625,369.0700073,10.35038471,508.9500122,5.496816635,418.9299927,1.385455489,319.0700073,0.51166749,443.9299927,2.868530989,319.0700073,0.166208744,478.9299927,3.048540115,319.0700073,0.0426556468,488.9299927,2.184636116,369.0700073,9.461492538,349.0700073,5.843921661,508.9500122,5.35056448,
385.0700073,0.08461050689,430,5.555903912,545,17.33365059,370,10.85516071,510,6.115008354,420,1.218816519,320,0.9426263571,444.8399963,2.881125927,320,0.166803956,480,2.823983669,320,0.3027906418,490,2.447541952,370,10.14983845,350,6.045639038,510,5.94815731,
386,0.0327045247,431.0599976,5.656821728,546.0200195,16.85165405,371.0700073,10.90757847,511.0599976,7.103571892,421.0700073,1.633236408,320.9299927,0.7639791965,445.8999939,2.486506701,320.9299927,-0.1559084654,481.0599976,2.617862225,320.9299927,0.3578969836,491.0400085,2.308282614,371.0700073,10.0996666,351.0700073,6.106459618,511.0599976,6.927587509,
387.0700073,0.1508838385,431.9599915,4.94981575,547.0499878,16.38598251,372,11.13959885,511.9599915,8.030067444,422,1.481442213,322.0299988,0.9140373468,446.9599915,2.481895685,322.0299988,0.2196846604,481.9599915,2.731598854,322.0299988,0.1238821149,491.9400024,2.171715975,372,10.82932568,352,6.529224396,511.9599915,7.363154888,
388,0.1135407239,433.0299988,6.322240829,547.9400024,16.43906212,373.0700073,10.80991173,513.0300293,8.645062447,423.0700073,1.26543045,322.9599915,1.151338816,447.8699951,2.908074856,322.9599915,0.5100685954,483.0299988,2.59621048,322.9599915,0.6891546249,492.980011,2.1994102,373.0700073,11.00537968,353.0700073,6.296936035,513.0300293,8.53356266,
389.0700073,0.08083330095,433.9299927,5.626333714,548.9699707,15.92499256,374,11.18123531,513.9299927,9.319122314,424,1.555048704,324.0599976,0.7884825468,448.9299927,2.690139055,324.0599976,0.295371592,483.9299927,2.636540413,324.0599976,0.547167778,494.019989,2.267867804,374,11.05934238,354,7.625421524,513.9299927,8.865325928,
390,0.1725501865,435,5.898082256,550,15.76682186,375.0700073,11.56671715,515,10.45463657,425.0700073,1.531514883,325,1.194535017,449.8399963,3.005602121,325,-0.1020761132,485,2.61952734,325,0.7092189789,495.0700073,2.347981453,375.0700073,11.44344711,355.0700073,7.187949181,515,10.16989994,
391.0700073,0.1121858656,436.0599976,6.015073776,551.039978,15.12201023,376,11.86803627,516.0599976,11.43129444,426,1.42457521,325.9299927,0.9705340862,450.8999939,3.10891223,325.9299927,-0.03736311197,486.0599976,2.534084797,325.9299927,0.6857894659,495.9700012,2.203060865,376,11.99373913,356,6.97976017,516.0599976,11.19200325,
392,0.0020038113,436.9599915,5.792422295,551.9400024,15.24586391,377.0700073,11.82272434,516.960022,12.81948566,427.0700073,1.049022675,327.0299988,0.9858499765,451.9599915,2.646811485,327.0299988,0.432107389,486.9599915,2.577030659,327.0299988,0.628098011,497.0100098,2.13787508,377.0700073,11.03519535,357.0700073,7.406664848,516.960022,12.21126175,
393.0700073,0.1339234859,438.0299988,5.722546101,552.9799805,14.77981472,378,11.92712593,518.0300293,13.49670506,428,1.804629207,327.9599915,1.000035644,452.8699951,2.90118885,327.9599915,0.5264342427,488.0299988,2.264562607,327.9599915,0.7002651691,498.0499878,2.231441021,378,11.44653511,358,7.714465141,518.0300293,12.92898941,
394,0.03146251291,438.9299927,5.646867752,554.0200195,14.40188122,379.0700073,12.28840351,518.9299927,14.48582458,429.0700073,1.677765727,329.0599976,0.9125522375,453.9299927,2.867807865,329.0599976,0.6859509349,488.9299927,2.418271542,329.0599976,0.6921771765,498.9500122,2.358070135,379.0700073,12.01862431,359.0700073,7.546042442,518.9299927,13.91094112,
395.0700073,0.2147722393,440,5.866112709,555.0700073,14.37217903,380,12.41169262,520,15.46653557,430,1.417025328,330,1.208041072,454.8399963,3.344295025,330,0.6646607518,490,2.077245235,330,0.7961983681,500,2.734790087,380,12.57185173,360,7.943799973,520,15.01834106,
396,0.07003155351,441.0599976,6.032167435,555.9699707,14.30409718,381.0700073,12.49418354,521.039978,16.2914753,431.0599976,1.527843595,331.0700073,1.381196022,455.8999939,3.185166836,331.0700073,1.193544149,491.0400085,2.385935307,331.0700073,1.335056067,501.0400085,2.51662302,381.0700073,12.15961742,361.0700073,7.93055439,521.039978,15.8633604,
397.0700073,0.1855473667,441.9599915,5.841250896,557.0100098,14.1249218,382,12.47356606,521.9400024,17.3909111,431.9599915,1.074388623,332,1.403774858,456.9599915,3.108276844,332,0.7123507857,491.9400024,2.376838684,332,1.19247818,501.9400024,2.684648991,382,12.53872585,362,7.883524895,521.9400024,16.57710838,
398,0.1419204623,443.0299988,6.080038548,558.0499878,14.32754421,383.0700073,12.75222778,522.9799805,17.87269592,433.0299988,1.628159404,333.0700073,1.45317781,457.8699951,3.30678153,333.0700073,1.097907543,492.980011,2.203876972,333.0700073,1.219637156,502.980011,2.975356579,383.0700073,12.76185226,363.0700073,8.117799759,522.9799805,17.124897,
399.0700073,0.1240326017,443.9299927,6.308215141,558.9500122,14.0001688,384,12.96793556,524.0200195,18.13545418,433.9299927,1.364005923,334,1.291608334,458.9299927,2.907278776,334,0.8764119744,494.019989,2.25999403,334,1.143273592,504.019989,3.430654526,384,12.88450718,364,8.003098488,524.0200195,17.46072006,
400,0.1260882169,445,6.150680065,560,13.84357071,385.0700073,13.13957977,525.0700073,18.99489975,435,1.49392128,335.0700073,1.381937623,459.8399963,2.780609131,335.0700073,1.191494703,495.0700073,2.097933769,335.0700073,1.329217553,505.0700073,3.402240038,385.0700073,12.86068249,365.0700073,8.307311058,525.0700073,18.38119507,
401.0700073,0.1413933039,446.0599976,6.426742077,561.039978,13.39009666,386,13.77244568,525.9699707,19.01067924,436.0599976,1.207516789,336,1.454621673,460.8999939,3.290600777,336,0.8792113662,495.9700012,2.221403122,336,0.8728660345,505.9700012,3.957741261,386,13.13593292,366,8.164525986,525.9699707,18.42378426,
402,0.164044261,446.9599915,6.983018875,561.9400024,13.60998726,387.0700073,13.72135639,527.0100098,19.67530441,436.9599915,1.376852632,337.0700073,1.533003449,461.9599915,2.888349771,337.0700073,1.40550375,497.0100098,2.19912672,337.0700073,1.674709797,507.0100098,4.140175819,387.0700073,13.45796013,367.0700073,9.696487427,527.0100098,18.45806313,
403.0700073,0.05577789992,448.0299988,6.183983326,562.9799805,13.14552879,388,14.38335991,528.0499878,19.7768898,438.0299988,1.405199289,338,1.597156882,462.8699951,2.910908699,338,1.325520039,498.0499878,2.426553726,338,1.615450144,508.0499878,4.721679211,388,13.68480015,368,9.050126076,528.0499878,18.77408791,
404,0.1698275805,448.9299927,6.154738903,564.0200195,12.79799652,389.0700073,14.1578846,528.9500122,19.33786392,438.9299927,1.410473347,339.0700073,1.637898803,463.9299927,3.017129183,339.0700073,1.302515984,498.9500122,2.254260063,339.0700073,1.736822128,508.9500122,5.003149509,389.0700073,13.59182167,369.0700073,8.692755699,528.9500122,18.63798332,
405.0700073,0.0734269172,450,6.311197758,565.0700073,12.82732201,390,14.41514397,530,19.65699768,440,1.45348835,340,1.785379171,464.8399963,2.82972002,340,1.084676027,500,2.538305759,340,1.842184544,510,6.065692425,390,14.20644569,370,9.66588974,530,18.47370529,
406,0.1558513492,451.0599976,6.746299744,565.9699707,12.65869331,391.0599976,14.53812695,531.039978,19.23846054,441.0599976,1.461301565,341.0700073,1.487031102,465.8999939,2.576065779,341.0700073,1.56332469,501.0400085,2.643970966,341.0700073,1.526904106,511.0599976,6.628736973,391.0599976,14.22104359,371.0700073,9.842213631,531.039978,18.87310219,
407.0700073,0.1589501202,451.9599915,6.090105534,567.0100098,12.67243862,391.9599915,14.71764278,531.9400024,18.9931469,441.9599915,1.365878344,342,1.620128632,466.9599915,2.923013687,342,1.869286537,501.9400024,2.775314331,342,1.558027744,511.9599915,6.953339577,391.9599915,14.69921684,372,9.807109833,531.9400024,18.58442688,
408,0.01805186644,453.0299988,6.904693604,568.0499878,12.44506454,393.0299988,14.83613586,532.9799805,18.81827354,443.0299988,1.355296135,343.0700073,1.494093895,467.8699951,2.944386482,343.0700073,1.693903923,502.980011,2.628180504,343.0700073,2.425162315,513.0300293,7.78004694,393.0299988,15.17092514,373.0700073,10.37356186,532.9799805,18.0581131,
409.0700073,0.08503540605,453.9299927,7.121413708,568.9500122,12.16014099,393.9299927,15.23908806,534.0200195,18.74928093,443.9299927,1.150071502,344,1.633595347,468.9299927,2.645174026,344,1.57930541,504.019989,3.122233391,344,1.946330547,513.9299927,8.583707809,393.9299927,14.5697279,374,10.81544018,534.0200195,17.85738754,
410,0.2010261863,455,6.639027596,570,12.03241158,395,15.46946907,535.0700073,18.11576843,445,1.58122921,345.0700073,1.471339583,469.8399963,2.450412035,345.0700073,1.37451601,505.0700073,3.5093894,345.0700073,2.250755787,515,9.219685555,395,14.59098721,375.0700073,10.23811817,535.0700073,17.4815979,
411.0599976,0.216556862,456.0599976,6.470413208,571.0200195,12.03287888,396.0599976,15.56176853,535.9699707,17.81299019,446.0599976,1.355733991,346,1.692269444,470.8999939,2.447621584,346,2.172847271,505.9700012,3.628374577,346,2.065636158,516.0599976,10.17175484,396.0599976,14.99323177,376,10.77179527,535.9699707,17.23236275,
411.9599915,0.113111943,456.9599915,6.938479424,572.0499878,11.90506172,396.9599915,15.98758602,537.0100098,17.5313549,446.9599915,1.610103369,347.0700073,1.360741019,471.9599915,2.5100317,347.0700073,1.848478079,507.0100098,3.669210911,347.0700073,2.07258153,516.960022,10.74489307,396.9599915,15.44540882,377.0700073,10.58693314,537.0100098,16.68019867,
413.0299988,0.1930930614,458.0299988,6.733115196,572.9400024,11.78613472,398.0299988,16.18197823,538.0499878,16.90674019,448.0299988,1.635755062,348,1.745267987,472.8699951,2.569144487,348,1.850723028,508.0499878,4.408066273,348,2.3762362,518.0300293,11.84845734,398.0299988,15.38076019,378,11.09676933,538.0499878,16.57930374,
413.9299927,0.09507569671,458.9299927,6.967885971,573.9699707,11.80506706,398.9299927,16.4906559,538.9500122,16.89606094,448.9299927,1.574323297,349.0700073,1.822471619,473.9299927,2.643539429,349.0700073,2.145080566,508.9500122,4.613302231,349.0700073,2.175012589,518.9299927,12.42469597,398.9299927,15.43884659,379.0700073,11.28353119,538.9500122,16.22935867,
415,0.2224533409,460,6.661944866,575,11.38797474,400,15.90487385,540,15.98332024,450,1.23796773,350,1.627536535,474.8399963,2.038072109,350,2.18789959,510,5.364812851,350,1.911444664,520,12.96258068,400,16.4780941,380,11.48902512,540,15.44260693,
416.0599976,0.08225302398,461.0599976,6.323996544,576.0200195,11.33115768,401.0700073,17.38654137,541.0200195,15.71101761,451.0599976,1.337283969,351.0700073,1.432726383,475.8999939,2.12678957,351.0700073,2.275244713,511.0599976,5.86245203,351.0700073,2.271682739,521.039978,13.8074398,401.0700073,17.06765747,381.0700073,11.87678432,541.0200195,15.00777054,
416.9599915,0.2157941908,461.9599915,6.493192673,577.0499878,11.77343845,402,17.81797981,542.0499878,15.54186058,451.9599915,1.34419024,352,1.673295856,476.9599915,2.06107688,352,2.150743484,511.9599915,6.314700603,352,2.454894781,521.9400024,14.67794895,402,16.5496254,382,11.5131321,542.0499878,14.96142101,
418.0299988,0.1781741232,463.0299988,6.562812805,577.9400024,11.37055206,403.0700073,17.74128723,542.9400024,14.95999718,453.0299988,1.699429274,353.0700073,1.723259807,477.8699951,2.136795998,353.0700073,1.896060705,513.0300293,6.674965858,353.0700073,2.506667614,522.9799805,15.26015663,403.0700073,16.95224762,383.0700073,12.11202717,542.9400024,14.99444866,
418.9299927,0.1872737259,463.9299927,6.646561146,578.9699707,11.01795292,404,17.13150215,543.9699707,15.03685665,453.9299927,1.315314412,354,1.717032671,478.9299927,2.075397968,354,1.836346626,513.9299927,7.14138031,354,2.44935298,524.0200195,15.42963505,404,16.70827484,384,12.18028831,543.9699707,14.06905174,
420,0.1093157232,465,6.440016747,580,10.85788059,405.0700073,17.78311348,545,14.56505775,455,1.597324491,355.0700073,2.042254925,479.8399963,2.150615931,355.0700073,2.335959911,515,8.097146034,355.0700073,2.212973595,525.0700073,16.22107124,405.0700073,17.17823601,385.0700073,12.39995003,545,14.18254757,
421.0700073,0.05356472731,466.0599976,5.801580906,581.0200195,10.84471607,406,17.88105392,546.0200195,14.16906548,456.0599976,1.768323898,356,1.696371555,480.8999939,1.918430328,356,2.168848038,516.0599976,8.503381729,356,2.735717058,525.9699707,16.20859146,406,17.45119858,386,12.69426823,546.0200195,13.9736042,
422,0.09700925648,466.9599915,6.123869419,582.0499878,10.797472,407.0700073,18.5496769,547.0499878,13.59429741,456.9599915,1.474214077,357.0700073,1.589464307,481.9599915,1.836800218,357.0700073,2.449428797,516.960022,9.902471542,357.0700073,2.527338743,527.0100098,15.88804722,407.0700073,17.24928665,387.0700073,12.58489609,547.0499878,13.58333778,
423.0700073,0.1786236912,468.0299988,5.36794138,582.9400024,10.70216656,408,17.83110809,547.9400024,13.56191826,458.0299988,1.59820199,358,1.555735469,482.8699951,1.873747349,358,2.567402601,518.0300293,10.23497963,358,2.709110498,528.0499878,16.49985123,408,17.99113083,388,13.10792255,547.9400024,13.22376251,
424,0.03930176049,468.9299927,5.307631969,583.9699707,10.50868034,409.0700073,18.02761841,548.9699707,13.41393089,458.9299927,1.503184676,359.0700073,1.644489527,483.9299927,1.788767219,359.0700073,2.394955873,518.9299927,10.72961617,359.0700073,2.779893398,528.9500122,16.34144974,409.0700073,17.91377258,389.0700073,12.78949833,548.9699707,13.22736835,
425.0700073,0.1584874392,470,5.412356377,585,10.38600826,410,18.71957397,550,13.02318573,460,1.789803386,360,1.60768652,484.8399963,1.731455207,360,2.445342541,520,11.43000793,360,2.744514227,530,16.37803841,410,17.82360649,390,13.36953163,550,12.8752346,
426,0.1333331168,471.0599976,4.996347904,586.0200195,10.38888836,411.0599976,18.69147491,551.039978,13.08272457,461.0599976,1.668604851,361.0700073,1.571445942,485.8999939,1.628355503,361.0700073,2.565498829,521.039978,12.36224842,361.0700073,2.571312189,531.039978,15.71227741,411.0599976,18.05008125,391.0599976,13.493577,551.039978,12.73667336,
427.0700073,0.1335710883,471.9599915,5.499351978,587.0499878,10.6111927,411.9599915,18.82691956,551.9400024,12.69246101,461.9599915,1.56482482,362,1.517617464,486.9599915,1.571871996,362,2.400963783,521.9400024,13.0301609,362,3.022952318,531.9400024,15.87770367,411.9599915,18.0594902,391.9599915,13.63088417,551.9400024,12.13097763,
428,0.1229409128,473.0299988,5.150883198,587.9400024,10.43126678,413.0299988,18.47067451,552.9799805,12.25438213,463.0299988,1.512554288,363.0700073,1.659053206,487.8699951,1.457982302,363.0700073,2.483492613,522.9799805,13.44560814,363.0700073,2.568356991,532.9799805,15.73774242,413.0299988,18.73126984,393.0299988,13.79078197,552.9799805,12.42267227,
429.0700073,-0.01287923381,473.9299927,5.13358593,588.9699707,9.910028458,413.9299927,19.02181816,554.0200195,12.0982542,463.9299927,1.302899003,364,1.516640663,488.9299927,1.580592513,364,2.581143141,524.0200195,13.52934456,364,2.790618896,534.0200195,15.31440449,413.9299927,18.20899773,393.9299927,14.23192978,554.0200195,12.08284855,
430,0.1430097371,475,4.786742687,590,10.23263073,415,18.99203873,555.0700073,11.93777084,465,1.436021447,365.0700073,1.56911552,489.8399963,1.349341035,365.0700073,2.493974924,525.0700073,14.43193531,365.0700073,2.990856647,535.0700073,15.08038712,415,18.16080666,395,14.17471695,555.0700073,11.49011135,
431.0599976,0.1396464109,476.0599976,4.406734943,591.0200195,9.797017097,416.0599976,18.73627663,555.9699707,12.02449131,466.0599976,1.375796199,366,1.615783691,490.8900146,1.62274313,366,2.381773233,525.9699707,14.31413651,366,3.122026205,535.9699707,14.22994709,416.0599976,18.96596527,396.0599976,14.94365025,555.9699707,11.15203667,
431.9599915,0.1381666213,476.9599915,4.236487389,592.0499878,9.857348442,416.9599915,19.63837433,557.0100098,11.68275547,466.9599915,1.354197979,367.0700073,1.559289813,491.9400024,1.159108877,367.0700073,2.648252249,527.0100098,14.67399025,367.0700073,3.1852386,537.0100098,14.14280701,416.9599915,18.63589859,396.9599915,14.72926617,557.0100098,11.34928036,
433.0299988,0.1291665584,478.0299988,4.397099018,592.9400024,9.685369492,418.0299988,19.21906471,558.0499878,11.06165981,468.0299988,1.279674172,368,1.472984314,492.980011,1.2259866,368,2.66762352,528.0499878,14.16453838,368,2.934079885,538.0499878,14.26081181,418.0299988,18.50121117,398.0299988,15.5238924,558.0499878,11.40279961,
433.9299927,0.1059522629,478.9299927,4.471553802,593.9699707,9.927733421,418.9299927,19.72443771,558.9500122,11.29656219,468.9299927,1.293792367,369.0700073,1.589377165,493.8800049,1.367796659,369.0700073,2.925902843,528.9500122,14.48895264,369.0700073,3.048885822,538.9500122,13.84138966,418.9299927,18.81122589,398.9299927,15.15762997,558.9500122,10.9499588,
435,0.1779699177,480,3.981373787,595,9.561578751,420,19.83321953,560,11.29526138,470,1.129121304,370,1.636434793,494.9200134,1.126826048,370,2.913189173,530,14.58566189,370,3.288525343,540,13.42230892,420,18.70374489,400,15.34919643,560,10.70003033,
436.0599976,0.1234704852,481.0599976,4.016444683,596.0200195,9.363087654,421.0700073,19.46055984,561.039978,10.98088169,471.0599976,1.264542222,371.0700073,1.545538425,495.9700012,1.169456363,371.0700073,2.767002583,531.039978,14.26259708,371.0700073,3.130391598,541.0200195,12.99643326,421.0700073,18.87075615,401.0700073,15.49969006,561.039978,10.53324223,
436.9599915,0.1113270074,481.9599915,3.465516329,597.0499878,9.292098045,422,19.61396408,561.9400024,10.83655167,471.9599915,1.072194457,372,1.559886932,496.8599854,1.254917741,372,3.001730919,531.9400024,13.99731731,372,3.372297764,542.0499878,12.63195801,422,18.94727325,402,15.79536915,561.9400024,10.76377583,
438.0299988,0.106372878,483.0299988,3.293068647,597.9400024,9.468580246,423.0700073,19.73106575,562.9799805,10.61650085,473.0299988,1.036138535,373.0700073,1.626245379,497.9100037,1.628141046,373.0700073,2.93145895,532.9799805,13.80036831,373.0700073,3.312985182,542.9400024,13.0096159,423.0700073,18.7946949,403.0700073,16.31387711,562.9799805,10.66049671,
438.9299927,0.1361444741,483.9299927,3.551207304,598.9699707,9.178354263,424,20.07899284,564.0200195,10.59113598,473.9299927,1.113670349,374,1.370107532,498.9500122,1.525986791,374,2.861676693,534.0200195,13.46781826,374,3.673787832,543.9699707,12.68096256,424,19.18762779,404,16.48818398,564.0200195,10.46663666,
440,0.09405657649,485,3.546992064,600,9.201985359,425.0700073,19.21440125,565.0700073,10.42354298,475,1.085383415,375.0700073,1.274716377,499.8500061,1.673342347,375.0700073,2.89183116,535.0700073,13.48288059,375.0700073,3.36398387,545,12.24149418,425.0700073,18.79392052,405.0700073,16.76890945,565.0700073,10.20269966,
441.0599976,0.1945384294,486.0599976,3.520922422,601.0200195,8.739523888,426,19.68499184,565.9699707,10.45404816,476.0599976,0.81381917,376,1.301863194,500.8900146,1.520716667,376,2.99315834,535.9699707,13.23465443,376,3.494535685,546.0200195,12.0198946,426,18.67034531,406,16.86258507,565.9699707,10.21760464,
441.9599915,0.08089969307,486.9599915,3.183608294,602.0499878,8.966127396,427.0700073,19.2164402,567.0100098,10.39172649,476.9599915,0.9486955404,377.0700073,1.419229269,501.9400024,1.672329068,377.0700073,3.022975206,537.0100098,12.62632656,377.0700073,3.579274893,547.0499878,11.76108837,427.0700073,18.33368874,407.0700073,16.65622711,567.0100098,9.963229179,
443.0299988,0.1065850705,488.0299988,3.224228621,602.9400024,9.083991051,428,19.78671646,568.0499878,9.946112633,478.0299988,1.078606725,378,1.452491283,502.980011,1.696323037,378,3.173094034,538.0499878,12.17000961,378,3.47108674,547.9400024,11.55087471,428,18.85941315,408,17.00471115,568.0499878,9.875367165,
443.9299927,0.1571614146,488.9299927,2.890069246,603.9699707,8.65841198,429.0700073,19.69274139,568.9500122,10.26645184,478.9299927,1.073509932,379.0700073,1.29218328,503.8800049,1.842200398,379.0700073,2.965848923,538.9500122,12.33282566,379.0700073,3.512191057,548.9699707,10.98201275,429.0700073,19.16147232,409.0700073,17.29597282,568.9500122,9.706989288,
445,0.1326986402,490,2.877388477,605,8.699071884,430,19.5806427,570,9.873921394,480,0.9157748818,380,1.316323042,504.9200134,2.179289579,380,2.932888508,540,11.99470997,380,3.565136671,550,10.79453754,430,18.92612076,410,16.94030571,570,9.524006844,
446.0599976,0.1944867224,491.0400085,3.191128731,606.0200195,8.740981102,431.0599976,19.32776451,571.0200195,9.734622955,481.0599976,0.9032257795,381.0700073,1.178233504,505.9700012,2.086632729,381.0700073,3.103852034,541.0200195,11.82112503,381.0700073,3.501091242,551.039978,10.81174183,431.0599976,18.97519302,411.0599976,17.53125572,571.0200195,9.725832939,
446.9599915,0.1563470513,491.9400024,2.976130962,607.0499878,8.602059364,431.9599915,19.28179359,572.0499878,9.50393486,481.9599915,0.7267253399,382,1.227270007,506.8599854,2.452369213,382,3.261787176,542.0499878,11.33810043,382,3.798412561,551.9400024,10.33525085,431.9599915,18.58904648,411.9599915,17.37097931,572.0499878,9.348251343,
448.0299988,0.119772613,492.980011,3.289920807,607.9400024,8.426832199,433.0299988,19.37976646,572.9400024,9.402929306,483.0299988,0.8485472202,383.0700073,1.159531713,507.9100037,2.427384377,383.0700073,3.227524519,542.9400024,11.23715878,383.0700073,3.737551928,552.9799805,10.45343399,433.0299988,19.07454681,413.0299988,17.53820038,572.9400024,8.998893738,
448.9299927,0.1360587329,494.019989,3.176602602,608.9699707,8.733798981,433.9299927,19.70400047,573.9699707,9.530465126,483.9299927,0.8761305809,384,1.25664258,508.9500122,3.030635357,384,3.141502619,543.9699707,11.28370667,384,3.451893568,554.0200195,10.13871861,433.9299927,19.47890854,413.9299927,17.56682587,573.9699707,9.313349724,
450,0.2671996951,495.0700073,3.153358221,610,8.65039444,435,20.12772942,575,8.951747894,485,0.811894238,385.0700073,1.094051003,509.8500061,2.853391886,385.0700073,3.237002134,545,10.96149349,385.0700073,3.662317514,555.0700073,10.01992607,435,18.78301239,415,18.57805061,575,9.08745575,
451.0599976,0.1872930676,495.9700012,2.958778143,611.0100098,8.490171432,436.0599976,20.0188446,576.0200195,9.08361721,486.0599976,0.6746413112,386,1.238250732,510.8999939,3.294508457,386,3.147611618,546.0200195,10.71127892,386,3.758993387,555.9699707,9.841872215,436.0599976,19.09340668,416.0599976,18.06113815,576.0200195,8.969143867,
451.9599915,0.1575429142,497.0100098,3.125386,612.0200195,8.181539536,436.9599915,20.39490318,577.0499878,9.205744743,486.9599915,0.5581206679,387.0700073,1.19949472,511.9599915,3.794663906,387.0700073,3.202782869,547.0499878,10.45909786,387.0700073,3.615894079,557.0100098,9.861598969,436.9599915,19.31233788,416.9599915,17.80303383,577.0499878,8.860978127,
453.0299988,-0.02607363835,498.0499878,3.290589094,613.039978,8.274862289,438.0299988,20.19104004,577.9400024,9.047020912,488.0299988,0.939253211,388,1.184427023,512.8699951,3.897862434,388,3.239084959,547.9400024,10.35960197,388,3.77925086,558.0499878,9.702645302,438.0299988,19.10385513,418.0299988,17.85558891,577.9400024,8.820061684,
453.9299927,0.1999172717,498.9500122,3.203261137,614.0499878,8.158071518,438.9299927,20.69212151,578.9699707,8.866132736,488.9299927,0.8580874801,389.0700073,1.148490787,513.9299927,3.990599155,389.0700073,3.279273272,548.9699707,9.950692177,389.0700073,3.771250963,558.9500122,9.658324242,438.9299927,19.77634811,418.9299927,18.47365379,578.9699707,8.693069458,
455,0.1275802553,500,3.14742589,615.0700073,8.009933472,440,20.62886238,580,8.9401474,490,0.5985932946,390,0.9828814268,514.8400269,4.686653137,390,3.328495264,550,9.653625488,390,3.714133978,560,9.351634979,440,19.97345543,420,18.10390472,580,8.497387886,
456.0599976,0.1669596285,501.0400085,3.249055624,615.9400024,8.305956841,441.0599976,20.79794693,581.0200195,8.692567825,491.0400085,0.6104229689,391.0599976,1.049027801,515.9000244,4.781142712,391.0599976,3.275004148,551.039978,9.70106411,391.0599976,3.763386488,561.039978,9.109474182,441.0599976,20.1190815,421.0700073,18.80380249,581.0200195,8.378872871,
456.9599915,0.195786044,501.9400024,3.746871233,616.9500122,8.095763206,441.9599915,21.710186,582.0499878,8.465024948,491.9400024,0.7365640402,391.9599915,1.069989681,516.960022,5.869488239,391.9599915,3.049922466,551.9400024,9.290940285,391.9599915,3.710888624,561.9400024,8.794950485,441.9599915,20.03486252,422,18.67634964,582.0499878,8.508784294,
458.0299988,0.2697738409,502.980011,3.909042835,617.9699707,7.968271255,443.0299988,21.23564911,582.9400024,8.450555801,492.980011,0.6600492597,393.0299988,0.910115242,517.8699951,6.019820213,393.0299988,3.217153788,552.9799805,9.761165619,393.0299988,3.591929674,562.9799805,8.959262848,443.0299988,20.58146858,423.0700073,18.42126656,582.9400024,8.253129959,
458.9299927,0.1546954811,504.019989,4.096390247,618.9799805,7.687825203,443.9299927,21.45101357,583.9699707,8.215809822,494.019989,0.7581692934,393.9299927,0.969034791,518.9299927,6.317166805,393.9299927,3.14411974,554.0200195,8.787678719,393.9299927,3.585649252,564.0200195,8.637678146,443.9299927,20.99208069,424,18.28442001,583.9699707,8.27510643,
460,0.09817680717,505.0700073,4.664472103,620,7.822434425,445,21.44639397,585,8.128980637,495.0700073,1.045686483,395,0.8604134321,519.8400269,6.412451744,395,3.072551727,555.0700073,8.582095146,395,3.723671198,565.0700073,8.861486435,445,21.16876602,425.0700073,18.35481453,585,8.015222549,
461.0599976,0.1434196532,505.9700012,4.952194214,621.0200195,7.681425095,446.0599976,22.33051491,586.0200195,8.222542763,495.9700012,0.7990720272,396.0599976,0.8246889114,520.8900146,7.389303684,396.0599976,2.965612173,555.9699707,8.720388412,396.0599976,3.326499224,565.9699707,8.569824219,446.0599976,21.19895172,426,18.53475189,586.0200195,8.131402016,
461.9599915,0.01573170722,507.0100098,5.213352203,622.0499878,7.465396881,446.9599915,22.31144142,587.0499878,8.173358917,497.0100098,0.8416005969,396.9599915,0.8794591427,521.9400024,7.28628397,396.9599915,3.131962299,557.0100098,8.590201378,396.9599915,3.536597013,567.0100098,8.289710999,446.9599915,21.0394249,427.0700073,18.7337265,587.0499878,8.147402763,
463.0299988,0.1700368226,508.0499878,6.158929348,622.9400024,7.480559349,448.0299988,22.52282333,587.9400024,7.942572594,498.0499878,0.686743319,398.0299988,0.8768322468,522.9799805,7.476529121,398.0299988,2.730676889,558.0499878,8.48456955,398.0299988,3.416241407,568.0499878,8.298348427,448.0299988,21.47706032,428,17.87110901,587.9400024,7.859455585,
463.9299927,0.05763328075,508.9500122,6.204777718,623.9699707,7.33869648,448.9299927,22.3278923,588.9699707,7.99609375,498.9500122,0.7530315518,398.9299927,0.7399275303,523.8800049,7.656592369,398.9299927,3.145896196,558.9500122,8.292854309,398.9299927,3.817671537,568.9500122,8.294817924,448.9299927,21.73040962,429.0700073,18.02961922,588.9699707,7.88228178,
465,0.1068673283,510,6.963726521,625,7.458309174,450,22.48095703,590,8.173977852,500,0.7168825865,400,0.6383589506,524.9199829,8.190743446,400,3.195811033,560,8.216725349,400,3.5676229,570,8.003850937,450,22.23427773,430,18.06031609,590,8.083817482,
466.0599976,0.1732383817,511.0599976,7.396376133,626.0200195,7.138713837,451.0599976,22.92747879,591.0200195,7.882745743,501.0400085,0.9014345407,401.0700073,0.6854673624,525.9699707,8.657574654,401.0700073,2.821118355,561.039978,8.250482559,401.0700073,3.533385515,571.0200195,7.867551327,451.0599976,22.08294487,431.0599976,17.76834106,591.0200195,7.755952358,
466.9599915,0.07025389373,511.9599915,8.664954185,627.0499878,7.214402199,451.9599915,22.45352364,592.0499878,7.594506264,501.9400024,1.066902637,402,0.7035758495,526.8599854,8.361918449,402,3.17734313,561.9400024,7.872837543,402,3.619486094,572.0499878,7.772640705,451.9599915,21.97575188,431.9599915,19.06873322,592.0499878,7.608743191,
468.0299988,0.1330474913,513.0300293,8.970252991,627.9400024,7.342690468,453.0299988,23.31169128,592.9400024,7.624732971,502.980011,1.163843274,403.0700073,0.6334353685,527.9099731,8.68318367,403.0700073,2.706895113,562.9799805,8.176107407,403.0700073,3.494126081,572.9400024,7.795584202,453.0299988,22.11718941,433.0299988,18.07897377,592.9400024,7.548165798,
468.9299927,0.1692458987,513.9299927,9.761110306,628.9699707,7.043504715,453.9299927,23.65679169,593.9699707,7.746992111,504.019989,0.7038581967,404,0.6496396065,528.9500122,8.47039032,404,2.914836407,564.0200195,7.906260967,404,3.447551966,573.9699707,7.751808643,453.9299927,22.61144829,433.9299927,18.76432419,593.9699707,7.671692371,
470,0.1485961676,515,11.88571167,630,7.009490013,455,23.26980019,595,7.499342918,505.0700073,0.9488416314,405.0700073,0.5389617682,529.8499756,8.137993813,405.0700073,2.681349277,565.0700073,7.454945087,405.0700073,3.379822969,575,7.921183109,455,22.49013519,435,18.47689247,595,7.481323719,
471.0599976,0.02973237634,516.0599976,12.42719746,631.0100098,7.017816544,456.0599976,23.50114059,596.0200195,7.512923241,505.9700012,0.9942385554,406,0.5061877966,530.8900146,8.184835434,406,2.459471941,565.9699707,7.392769337,406,3.593033552,576.0200195,7.568828583,456.0599976,22.05468369,436.0599976,18.65656662,596.0200195,7.417340755,
471.9599915,0.03062803298,516.960022,13.70833397,632.0200195,6.953185081,456.9599915,23.48570061,597.0499878,7.449515343,507.0100098,1.335952878,407.0700073,0.4645003974,531.9400024,8.583245277,407.0700073,2.722369909,567.0100098,7.773519039,407.0700073,3.275556326,577.0499878,7.480525494,456.9599915,22.53158951,436.9599915,18.63143158,597.0499878,7.34868145,
473.0299988,0.1782157272,518.0300293,14.52011967,633.039978,6.783539772,458.0299988,23.10354805,597.9400024,7.599104881,508.0499878,1.632970452,408,0.5371313095,532.9799805,8.357562065,408,2.604930401,568.0499878,7.123151779,408,3.356666565,577.9400024,7.341958046,458.0299988,22.35765648,438.0299988,18.88850975,597.9400024,7.195134163,
473.9299927,0.09558925033,518.9299927,14.67310524,634.0499878,6.91518116,458.9299927,23.57309151,598.9699707,7.189856529,508.9500122,1.3111552,409.0700073,0.4834038913,533.8800049,8.275385857,409.0700073,2.54709363,568.9500122,7.480808735,409.0700073,2.927763224,578.9699707,6.909404278,458.9299927,22.79339027,438.9299927,19.68854332,598.9699707,7.008906364,
475,0.1209103465,520,16.29537201,635.0700073,6.536798477,460,23.43482018,600,7.256959438,510,1.678835988,410,0.443567723,534.9199829,7.288460732,410,2.23029542,570,6.947696209,410,3.012853384,580,6.708833218,460,23.05815887,440,19.51628494,600,6.611035347,
476.0599976,-0.02640316449,521.039978,16.88960266,635.9400024,6.534879684,461.0599976,23.39124298,601.0200195,7.292071819,511.0599976,1.667350769,,,535.9699707,7.324505806,411.0599976,2.393110275,571.0200195,7.039101124,411.0599976,2.979527473,581.0200195,7.037246704,461.0599976,22.83943367,441.0599976,19.05789185,601.0200195,6.984618187,
476.9599915,0.1822047979,521.9400024,18.03932762,636.9500122,6.634325981,461.9599915,23.53155899,602.0499878,7.222270489,511.9599915,2.284437895,,,536.8599854,8.081208229,411.9599915,2.420793295,572.0499878,7.159986973,411.9599915,2.887596369,582.0499878,6.872919083,461.9599915,22.48914909,441.9599915,19.74660873,602.0499878,6.950744152,
478.0299988,0.1194822192,522.9799805,18.00997162,637.9699707,6.318161964,463.0299988,22.97913742,602.9400024,7.204328537,513.0300293,2.103555679,,,537.9099731,7.72142458,413.0299988,2.077809095,572.9400024,6.719741821,413.0299988,2.83934021,582.9400024,7.25257349,463.0299988,21.66090202,443.0299988,19.85305786,602.9400024,6.866161823,
478.9299927,0.02779462934,524.0200195,19.08974457,638.9799805,6.3288908,463.9299927,22.96955681,603.9699707,6.798440933,513.9299927,2.159938335,,,538.9500122,7.165777683,413.9299927,2.254542828,573.9699707,6.951931,413.9299927,2.709915161,583.9699707,7.019521236,463.9299927,21.64091682,443.9299927,19.80933762,603.9699707,6.784044743,
480,0.08651016653,525.0700073,18.81300545,640,6.426197052,465,22.38358498,605,7.102155209,515,2.665026665,,,539.8499756,7.081851959,415,2.01303196,575,6.670629025,415,2.713576078,585,6.5157938,465,21.58024597,445,20.52038956,605,6.967741966,
481.0599976,0.07566308975,525.9699707,19.99693108,641.0100098,5.908363342,466.0599976,23.23166847,606.0200195,6.854704857,516.0599976,2.900277138,,,540.8800049,6.719113827,416.0599976,1.87727952,576.0200195,6.792417526,416.0599976,2.594669104,586.0200195,6.732054234,466.0599976,21.44715118,446.0599976,20.68476677,606.0200195,6.619059086,
481.9599915,0.04569102824,527.0100098,20.5464592,642.0200195,6.226037025,466.9599915,22.19667816,607.0499878,6.821418762,516.960022,2.686505556,,,541.9099731,6.7882061,416.9599915,1.762809038,577.0499878,6.496171951,416.9599915,2.45429635,587.0499878,6.674869061,466.9599915,20.97369957,446.9599915,20.74229813,607.0499878,6.70521307,
483.0299988,0.08265193552,528.0499878,19.65712166,643.039978,6.212101936,468.0299988,21.39723396,607.9400024,6.859878063,518.0300293,3.140639305,,,542.9400024,5.981862068,418.0299988,1.748134613,577.9400024,6.794423103,418.0299988,2.482076883,587.9400024,6.381894588,468.0299988,20.97393227,448.0299988,20.82523918,607.9400024,6.526807308,
483.9299927,0.01593562961,528.9500122,18.23543167,644.0499878,6.061037064,468.9299927,22.00086212,608.9699707,6.804786205,518.9299927,3.298021078,,,543.9699707,6.298334599,418.9299927,1.602366447,578.9699707,6.557895184,418.9299927,2.643436193,588.9699707,6.61025095,468.9299927,21.12621117,448.9299927,20.63202095,608.9699707,6.502260685,
485,0.1433008909,530,18.48988342,645.0700073,5.680491447,470,21.61086464,610,6.535158634,520,3.835658789,,,544.8499756,6.076195717,420,1.705466747,580,6.456437588,420,2.36331892,590,6.532641888,470,21.42878723,450,20.78275871,610,6.444740295,
486.0599976,0.04117585719,531.039978,18.73951721,645.9400024,5.856324196,471.0599976,21.62888527,611.0100098,6.77488184,521.039978,3.944254398,,,545.8800049,6.421402931,421.0700073,1.514319897,581.0200195,6.369500637,421.0700073,2.146256685,591.0200195,6.265704632,471.0599976,19.92008781,451.0599976,21.14559937,611.0100098,6.370210648,
486.9599915,0.171327278,531.9400024,19.17461586,646.9500122,5.926158905,471.9599915,20.48350525,612.0200195,6.567471504,521.9400024,4.126022339,,,546.9099731,5.985192776,422,1.51183033,582.0499878,6.300271988,422,2.151637554,592.0499878,6.309941292,471.9599915,19.77682495,451.9599915,21.43829155,612.0200195,6.452949047,
488.0299988,0.04355043173,532.9799805,17.61827469,647.9699707,5.683655739,473.0299988,20.97805786,613.039978,6.335596561,522.9799805,3.752296209,,,547.9400024,6.003707409,423.0700073,1.348281145,582.9400024,5.919049263,423.0700073,2.080634356,592.9400024,6.203503132,473.0299988,19.59137535,453.0299988,21.22597122,613.039978,5.971439362,
488.9299927,0.04583398253,534.0200195,18.13236427,648.9799805,5.480872154,473.9299927,19.86546898,614.0499878,6.140059948,524.0200195,4.244086742,,,548.9699707,6.29203701,424,1.278139591,583.9699707,6.163624763,424,1.977943897,593.9699707,6.566762447,473.9299927,19.19986534,453.9299927,21.30066109,614.0499878,5.970938683,
490,0.04153420031,535.0700073,18.49127769,650,5.590305328,475,19.56235313,615.0700073,6.084330559,525.0700073,4.470860481,,,549.8499756,5.559366226,425.0700073,1.220823765,585,5.916871071,425.0700073,1.788887739,595,6.451546669,475,19.3609581,455,21.64591599,615.0700073,6.360974312,
491.0400085,0.01663374901,535.9699707,17.87742615,651,5.595439911,476.0599976,19.67980766,615.9400024,6.509452343,525.9699707,4.365345955,,,550.8900146,5.56812048,426,1.16933012,586.0200195,5.825572968,426,1.755984783,596.0200195,6.119260311,476.0599976,18.57446671,456.0599976,21.69121742,615.9400024,6.112009525,
491.9400024,0.001022685319,537.0100098,16.90919495,652,5.532113075,476.9599915,18.92565918,616.9500122,6.253100395,527.0100098,4.539794922,,,551.9400024,5.518807888,427.0700073,1.078918934,587.0499878,5.966979504,427.0700073,1.752863884,597.0499878,6.15032959,476.9599915,18.85175133,456.9599915,21.97350121,616.9500122,6.036101341,
492.980011,0.1461795717,538.0499878,15.76662254,653,5.428222656,478.0299988,19.14874268,617.9699707,6.082499027,528.0499878,4.555750847,,,552.9799805,5.416763306,428,1.014866829,587.9400024,5.756581783,428,1.771687984,597.9400024,5.922771454,478.0299988,17.78673553,458.0299988,21.87986946,617.9699707,5.971236706,
494.019989,0.0698672682,538.9500122,15.85984325,654,5.285687447,478.9299927,18.52901649,618.9799805,6.313003063,528.9500122,4.45908308,,,553.8800049,5.154394627,429.0700073,0.7778165936,588.9699707,5.790804863,429.0700073,1.709784746,598.9699707,5.936199665,478.9299927,18.10796738,458.9299927,22.17547035,618.9799805,5.84857893,
495.0700073,0.08265526593,540,15.3596983,655,5.324851036,480,17.80229568,620,6.024882793,530,4.421983242,,,554.9199829,5.159888268,430,0.8419582248,590,5.758725643,430,1.515711546,600,6.364278316,480,17.07367706,460,21.94516182,620,5.763233662,
495.9700012,0.1521815807,541.0200195,15.73515701,656,5.118945122,481.0400085,17.48524284,621.0200195,5.785150051,531.039978,4.436444759,,,555.9699707,4.829195023,431.0599976,0.6553964019,591.0200195,5.732738018,431.0599976,1.474732637,601.0200195,5.892336369,481.0400085,17.02712059,461.0599976,22.08255005,621.0200195,5.902400017,
497.0100098,0.09566634893,542.0499878,15.30099392,657,5.335784912,481.9400024,17.8672924,622.0499878,5.979952335,531.9400024,5.020964146,,,556.8599854,5.158834457,431.9599915,0.6864537597,592.0499878,5.379359245,431.9599915,1.445469379,602.0499878,5.736693859,481.9400024,17.03600502,461.9599915,21.6795578,622.0499878,5.805521965,
498.0499878,0.08474492282,542.9400024,15.28812599,658,5.333073616,482.980011,17.64912796,622.9400024,5.83944416,532.9799805,4.229142666,,,557.9099731,4.949132919,433.0299988,0.8657976985,592.9400024,5.635225773,433.0299988,1.144526005,602.9400024,5.827445507,482.980011,16.72159004,463.0299988,21.51358604,622.9400024,5.724063396,
498.9500122,0.1066962779,543.9699707,15.20732689,659,5.050598145,484.019989,16.77893448,623.9699707,5.913890362,534.0200195,4.439934254,,,558.9500122,4.973389149,433.9299927,0.6448815465,593.9699707,5.273715973,433.9299927,1.195778728,603.9699707,5.586961746,484.019989,16.14556313,463.9299927,21.25155258,623.9699707,5.762726307,
500,0.1122300029,545,14.61917496,660,4.804834366,485.0700073,17.20876694,625,5.58253479,535.0700073,4.160851479,,,559.8499756,4.788794518,435,0.5632001758,595,5.569245815,435,1.104201436,605,5.588120461,485.0700073,16.36308861,465,21.04657173,625,5.622310162,
501.0400085,0.1847705692,546.0200195,13.74220467,661.0100098,4.802370071,485.9700012,16.73270607,626.0200195,5.646260262,535.9699707,3.980473042,,,560.8900146,4.636287212,436.0599976,0.507280767,596.0200195,5.406986713,436.0599976,1.059178114,606.0200195,5.760311127,485.9700012,15.65568066,466.0599976,21.07180214,626.0200195,5.585327148,
501.9400024,0.08765421808,547.0499878,13.46914005,662.0200195,4.699272156,487.0100098,16.41405106,627.0499878,5.676121712,537.0100098,3.806388378,,,561.9400024,4.810256958,436.9599915,0.5384148955,597.0499878,5.515828133,436.9599915,1.131129265,607.0499878,5.283025742,487.0100098,16.01917458,466.9599915,20.41051674,627.0499878,5.260623932,
502.980011,0.1109994203,547.9400024,14.08573151,663.039978,4.925699234,488.0499878,15.93654919,627.9400024,5.621416092,538.0499878,3.882646322,,,562.9799805,4.498800278,438.0299988,0.3658111691,597.9400024,5.581221581,438.0299988,1.046542645,607.9400024,5.580762386,488.0499878,15.11899567,468.0299988,20.1680088,627.9400024,5.312227726,
504.019989,0.06744197011,548.9699707,12.07944298,664.0499878,4.670349121,488.9500122,15.95040417,628.9699707,5.52138567,538.9500122,3.763274431,,,563.8800049,4.647286892,438.9299927,0.39624089,598.9699707,5.376168728,438.9299927,0.9882256985,608.9699707,5.224185944,488.9500122,15.42015457,468.9299927,20.07483864,628.9699707,5.097088337,
505.0700073,0.1202027202,550,12.54420471,665.0700073,4.465233803,490,15.4036026,630,5.63755703,540,3.684292555,,,564.9199829,4.43873024,440,0.3152670264,600,5.261290073,440,0.9037700891,610,5.516224861,490,15.2407341,470,19.96293831,630,5.435704708,
505.9700012,0.1123268008,551.039978,12.06189442,665.9400024,4.783201218,491.0599976,15.17883873,631.0100098,5.383609295,541.0200195,4.24070549,,,565.9699707,4.351379395,441.0599976,0.3335418105,601.0200195,5.056354046,441.0599976,0.9166431427,611.0100098,5.24277401,491.0599976,14.8708334,471.0599976,19.63518143,631.0100098,5.178244114,
507.0100098,0.2198619097,551.9400024,12.38613129,666.9500122,4.75276947,491.9599915,15.54739094,632.0200195,5.311789513,542.0499878,3.739137173,,,566.8599854,4.582532406,441.9599915,0.3533177972,602.0499878,5.14161253,441.9599915,0.8846430779,612.0200195,5.39358902,491.9599915,14.77030468,471.9599915,19.41326141,632.0200195,5.266105175,
508.0499878,0.1907045841,552.9799805,12.23498249,667.9699707,4.554621696,493.0299988,15.56443882,633.039978,5.431684971,542.9400024,3.446702957,,,567.9099731,4.101434231,443.0299988,0.2447521091,602.9400024,4.878754139,443.0299988,0.7016301155,613.039978,5.195170403,493.0299988,14.65126324,473.0299988,18.65675926,633.039978,5.035690784,
508.9500122,0.1561390311,554.0200195,10.97990894,668.9799805,4.332072258,493.9299927,15.24932098,634.0499878,5.198390484,543.9699707,3.144572258,,,568.9500122,4.335175514,443.9299927,0.2225963473,603.9699707,5.039094925,443.9299927,0.655993104,614.0499878,5.322929859,493.9299927,14.97385597,473.9299927,18.72719765,634.0499878,5.254959583,
510,0.3103320599,555.0700073,10.54655361,670,4.394107819,495,15.07627296,635.0700073,5.062922001,545,3.47328639,,,569.8499756,4.447118759,445,0.1111329794,605,5.072390079,445,0.6551154852,615.0700073,5.198124886,495,15.04679871,475,18.68738365,635.0700073,5.034381866,
511.0599976,0.2941396236,555.9699707,11.81013107,671,4.318180084,496.0599976,15.59953403,635.9400024,5.003317833,546.0200195,3.380423784,,,570.8800049,4.06975317,,,606.0200195,4.719146729,446.0599976,0.6264864206,615.9400024,5.417476177,496.0599976,15.1266737,476.0599976,17.78778648,635.9400024,4.970484257,
511.9599915,0.3877409697,557.0100098,10.82370853,672,4.086214066,496.9599915,15.71605587,636.9500122,5.079370022,547.0499878,3.373819113,,,571.9099731,4.021315575,,,607.0499878,5.29663229,446.9599915,0.6244438887,616.9500122,5.047702789,496.9599915,14.43651581,476.9599915,18.45875359,636.9500122,4.915568352,
513.0300293,0.2809213996,558.0499878,10.6596632,673,4.013580322,498.0299988,15.66909695,637.9699707,4.843055725,547.9400024,3.248306751,,,572.9400024,4.087502003,,,607.9400024,5.011787415,448.0299988,0.5810837746,617.9699707,4.699635029,498.0299988,15.05807209,478.0299988,17.78377151,637.9699707,4.708836555,
513.9299927,0.3363499641,558.9500122,11.0279665,674,3.963505507,498.9299927,16.16970825,638.9799805,4.979234695,548.9699707,2.881194353,,,573.9699707,3.948206425,,,608.9699707,5.438940525,448.9299927,0.5477086306,618.9799805,4.687101364,498.9299927,15.6119833,478.9299927,16.92355728,638.9799805,4.643574238,
515,0.4582782984,560,10.55720139,675,3.993648291,500,16.933218,640,4.880936146,550,3.17587328,,,574.8499756,4.147996902,,,610,4.762366295,450,0.589754343,620,5.205568314,500,15.83119488,480,16.81860733,640,4.694594383,
516.0599976,0.6026146412,561.039978,10.63706779,676,3.801169634,501.0400085,17.15547752,641.0100098,4.679389477,551.039978,3.085318089,,,575.8800049,3.925061226,,,611.0100098,4.740584373,,,621.0200195,4.93784523,501.0400085,15.63792706,481.0400085,16.3635807,641.0100098,4.722112656,
516.960022,0.3884439468,561.9400024,10.52184105,677,3.684118032,501.9400024,17.39201546,642.0200195,4.995798111,551.9400024,3.061895847,,,576.9099731,4.294940472,,,612.0200195,4.541901112,,,622.0499878,4.623047352,501.9400024,16.01817513,481.9400024,16.37153435,642.0200195,4.608201027,
518.0300293,0.5506157279,562.9799805,9.570320129,678,3.871856928,502.980011,18.53858185,643.039978,4.909358501,552.9799805,2.78054142,,,577.9400024,3.791271925,,,613.039978,5.036026955,,,622.9400024,4.606010437,502.980011,17.2593956,482.980011,15.58868694,643.039978,4.516207218,
518.9299927,0.5656490326,564.0200195,10.07584953,679,3.504308462,504.019989,19.4986763,644.0499878,4.843390942,554.0200195,2.682186127,,,578.9699707,4.096642017,,,614.0499878,4.659826279,,,623.9699707,4.671532631,504.019989,17.58540916,484.019989,15.44589901,644.0499878,4.628938675,
520,0.6035659909,565.0700073,10.21992302,680,3.48067975,505.0700073,19.90694809,645.0700073,4.690227509,555.0700073,3.03883791,,,579.8499756,3.838063717,,,615.0700073,4.606918812,,,625,4.752345562,505.0700073,18.74252129,485.0700073,15.64462376,645.0700073,4.358701229,
521.039978,0.5715062022,565.9699707,10.31707287,681,3.467284918,505.9700012,20.93729782,645.9400024,4.68856287,555.9699707,2.88548255,,,580.8800049,3.849093199,,,615.9400024,4.37908268,,,626.0200195,4.337684631,505.9700012,19.29667091,485.9700012,15.47803974,645.9400024,4.355410099,
521.9400024,0.7858397365,567.0100098,9.921313286,682,3.599994898,507.0100098,22.10593796,646.9500122,4.600481033,557.0100098,2.740004063,,,581.9099731,3.456027746,,,616.9500122,4.583511829,,,627.0499878,4.621190071,507.0100098,21.32377052,487.0100098,15.1089735,646.9500122,4.565720081,
522.9799805,0.5886868834,568.0499878,9.526948929,683,3.579388857,508.0499878,23.45528221,647.9699707,4.403567791,558.0499878,2.50562501,,,582.9400024,3.893146753,,,617.9699707,4.694950581,,,627.9400024,4.520675659,508.0499878,22.53743553,488.0499878,14.78279495,647.9699707,4.345514774,
524.0200195,0.7025750279,568.9500122,9.671987534,684,3.28736949,508.9500122,25.70384407,648.9799805,4.634341717,558.9500122,2.668210506,,,583.9699707,3.308206558,,,618.9799805,4.503388882,,,628.9699707,4.469462872,508.9500122,23.6174736,488.9500122,14.65778637,648.9799805,4.159657001,
525.0700073,0.6781639457,570,9.544085503,685,3.100279093,510,27.00440979,650,4.200229168,560,2.889502287,,,584.8499756,3.715429783,,,620,4.558738708,,,630,4.383851528,510,24.7657032,490,14.06864262,650,4.30981493,
525.9699707,0.7955085635,571.0200195,9.612648964,686,3.326379061,511.0400085,29.10016632,651,4.351242065,561.039978,2.813659191,,,585.8800049,3.574642897,,,621.0200195,4.356187344,,,631.0100098,4.145800591,511.0400085,27.26355362,491.0599976,14.48915958,651,4.101780891,
527.0100098,0.7775195837,572.0499878,8.930136681,687,3.183791399,511.9400024,29.67962456,652,4.431149006,561.9400024,2.77750206,,,586.9099731,3.450722933,,,622.0499878,4.350421906,,,632.0200195,4.528754711,511.9400024,27.7960186,491.9599915,14.36816692,652,4.147814751,
528.0499878,0.7918175459,572.9400024,8.910855293,688,3.246609926,512.9799805,31.53453827,653,4.229346275,562.9799805,2.550827026,,,587.9400024,3.762726784,,,622.9400024,4.366381168,,,633.039978,4.740539074,512.9799805,29.71498108,493.0299988,14.11736107,653,3.909319639,
528.9500122,0.8262511492,573.9699707,9.335377693,689,2.950786352,514.0200195,34.14641571,654,4.201816082,564.0200195,2.640380383,,,588.9699707,3.706004143,,,623.9699707,3.938554287,,,634.0499878,4.296102047,514.0200195,31.76069832,493.9299927,14.08400249,654,3.974216223,
530,0.6750742793,575,9.342480659,690,3.227354288,515.0700073,34.91908264,655,3.981238365,565.0700073,2.38162303,,,589.8499756,3.345185518,,,625,4.079433441,,,635.0700073,3.996785641,515.0700073,33.23694611,495,13.91822147,655,3.934430838,
531.039978,0.6887305975,576.0200195,9.220695496,691,3.157061815,515.9699707,36.64563751,656,4.16079998,565.9699707,2.584111691,,,590.8800049,3.45460391,,,626.0200195,4.339836597,,,635.9400024,4.391616344,515.9699707,34.63420868,496.0599976,14.62558174,656,3.689239264,
531.9400024,0.6455345154,577.0499878,9.099811554,692,3.291550875,517.0100098,37.89653778,657,4.288802624,567.0100098,1.860979795,,,591.9099731,3.63826251,,,627.0499878,4.340800762,,,636.9500122,4.141254902,517.0100098,36.55886078,496.9599915,14.56346703,657,3.771241426,
532.9799805,0.9171471,577.9400024,8.53290844,693,3.072602987,518.0499878,39.70868683,658,3.698819637,568.0499878,2.558127642,,,592.9400024,3.416657925,,,627.9400024,4.292578697,,,637.9699707,4.130256653,518.0499878,37.49530411,498.0299988,14.34052467,658,4.017868519,
534.0200195,0.4946678281,578.9699707,8.248414993,694,3.02304244,518.9500122,39.98078537,659,4.023135662,568.9500122,2.675227404,,,593.9699707,3.462431431,,,628.9699707,4.121252537,,,638.9799805,3.746178627,518.9500122,38.7448349,498.9299927,14.40204525,659,3.878451109,
535.0700073,0.6851276159,580,8.238489151,695,2.991127253,520,41.86777878,660,3.960368633,570,2.348736048,,,594.8499756,3.633283615,,,630,4.004639149,,,640,4.040671349,520,39.12431335,500,15.44012928,660,3.920197725,
535.9699707,0.7433269024,581.0200195,8.32097435,696,3.255248785,,,661.0100098,3.726599216,571.0200195,2.579013824,,,595.8800049,2.958968639,,,631.0100098,4.249861717,,,641.0100098,4.092786312,,,,,661.0100098,3.966638803,
537.0100098,0.8408799767,582.0499878,9.064901352,697,3.083686113,,,662.0200195,3.746421814,572.0499878,2.108804226,,,596.9099731,3.194018841,,,632.0200195,4.159594536,,,642.0200195,3.995294094,,,,,662.0200195,3.674627066,
538.0499878,0.7844999433,582.9400024,8.924448013,698,3.245061159,,,663.039978,3.779875755,572.9400024,2.141003847,,,597.9400024,3.268703461,,,633.039978,4.175796032,,,643.039978,3.456301212,,,,,663.039978,3.633771181,
538.9500122,0.4168989062,583.9699707,8.497215271,699,3.056555033,,,664.0499878,3.732163906,573.9699707,1.858103633,,,598.9699707,3.139549255,,,634.0499878,4.129250526,,,644.0499878,3.611144066,,,,,664.0499878,3.618986368,
540,0.6832993031,585,7.90793705,700,2.924869299,,,665.0700073,3.774466038,575,2.317317963,,,599.8499756,3.250629902,,,635.0700073,3.953487873,,,645.0700073,3.858326912,,,,,665.0700073,3.43463254,
541.0200195,0.6733588576,586.0200195,8.195870399,,,,,665.9400024,3.698586464,576.0200195,2.211649656,,,600.8800049,2.986705303,,,635.9400024,3.808062077,,,645.9400024,3.570021868,,,,,665.9400024,3.425774336,
542.0499878,0.7311424017,587.0499878,7.86506176,,,,,666.9500122,3.414744854,577.0499878,2.25336051,,,601.9099731,3.062022924,,,636.9500122,3.783987522,,,646.9500122,3.492230177,,,,,666.9500122,3.552368879,
542.9400024,0.6599330306,587.9400024,8.300956726,,,,,667.9699707,3.542049885,577.9400024,2.612344027,,,602.9400024,3.281388044,,,637.9699707,3.71374321,,,647.9699707,3.632079601,,,,,667.9699707,3.260886192,
543.9699707,0.6618499756,588.9699707,8.638774872,,,,,668.9799805,3.383469582,578.9699707,2.238103628,,,603.9699707,3.202148676,,,638.9799805,3.812772274,,,648.9799805,3.650481224,,,,,668.9799805,3.317094088,
545,0.6231383681,590,8.339091301,,,,,670,3.451521397,580,2.283164978,,,604.8499756,2.890075207,,,640,3.590061188,,,650,3.718106747,,,,,670,3.168218374,
546.0200195,0.5473901629,591.0200195,7.999118805,,,,,671,3.35910058,581.0200195,1.873957157,,,605.8800049,2.675522566,,,641.0100098,3.611462116,,,651,3.722105026,,,,,671,3.077164173,
547.0499878,0.6155606508,592.0499878,8.196149826,,,,,672,3.288232565,582.0499878,2.037953615,,,606.9099731,2.847155333,,,642.0200195,3.772288799,,,652,3.486362696,,,,,672,3.133969784,
547.9400024,0.6309462786,592.9400024,7.837246895,,,,,673,3.288720131,582.9400024,2.455640078,,,607.9400024,2.801974058,,,643.039978,3.402040482,,,653,3.449445724,,,,,673,3.167705059,
548.9699707,0.5728546977,593.9699707,7.570020199,,,,,674,3.258635998,583.9699707,1.884534121,,,608.9699707,2.934889317,,,644.0499878,3.449270248,,,654,3.584923029,,,,,674,3.066157103,
550,0.4850991368,595,7.889878273,,,,,675,3.089315653,585,1.933124423,,,609.8499756,3.030452013,,,645.0700073,3.584307194,,,655,3.344242573,,,,,675,2.879586935,
,,596.0200195,7.081526279,,,,,676,2.948847055,586.0200195,2.146034956,,,610.8599854,2.68451333,,,645.9400024,3.537282944,,,656,3.447461128,,,,,676,2.943929195,
,,597.0499878,7.258829594,,,,,677,3.014386892,587.0499878,1.696419239,,,611.8800049,2.786520004,,,646.9500122,3.405964375,,,657,3.204867125,,,,,677,2.956823826,
,,597.9400024,7.653752804,,,,,678,2.886631489,587.9400024,2.137357473,,,612.8900146,2.894623995,,,647.9699707,3.685235023,,,658,3.431284428,,,,,678,2.989647865,
,,598.9699707,7.314325809,,,,,679,2.821013212,588.9699707,1.780553222,,,613.9099731,2.71172595,,,648.9799805,3.056805134,,,659,3.315104961,,,,,679,2.754733324,
,,600,7.617294788,,,,,680,2.978192329,590,1.993808627,,,614.9199829,2.521240711,,,650,3.461790562,,,660,3.248039007,,,,,680,2.817785025,
,,601.0200195,7.407282829,,,,,681,2.932740688,591.0200195,2.098173857,,,615.9400024,2.792022705,,,651,2.975522518,,,661.0100098,3.227163553,,,,,681,2.647352219,
,,602.0499878,7.170672417,,,,,682,2.685817719,592.0499878,2.033409595,,,616.9500122,2.759552002,,,652,3.107070923,,,662.0200195,3.068690538,,,,,682,2.69796133,
,,602.9400024,6.914101124,,,,,683,2.763345242,592.9400024,1.707560539,,,617.9699707,2.741107702,,,653,3.104074955,,,663.039978,3.110807657,,,,,683,2.503756046,
,,603.9699707,7.359895229,,,,,684,2.640249014,593.9699707,1.688065886,,,618.9799805,2.740185976,,,654,3.372563362,,,664.0499878,3.014638662,,,,,684,2.631084681,
,,605,6.868886471,,,,,685,2.679395676,595,1.731348157,,,619.8499756,2.352668762,,,655,3.118516922,,,665.0700073,3.032485485,,,,,685,2.49765873,
,,606.0200195,6.859194756,,,,,686,2.626040936,596.0200195,1.936033487,,,620.8800049,2.61702323,,,656,3.105051041,,,665.9400024,2.884550095,,,,,686,2.479463577,
,,607.0499878,6.95549345,,,,,687,2.832888126,597.0499878,1.774881482,,,621.9099731,2.577466011,,,657,3.176346779,,,666.9500122,3.116188526,,,,,687,2.52834034,
,,607.9400024,6.929021358,,,,,688,2.550223589,597.9400024,1.829122782,,,622.9400024,2.56705761,,,658,2.959406376,,,667.9699707,2.832740307,,,,,688,2.461743832,
,,608.9699707,7.471073151,,,,,689,2.697402,598.9699707,1.824431419,,,623.9699707,2.533568382,,,659,3.028735161,,,668.9799805,2.668824673,,,,,689,2.523884535,
,,610,6.098926067,,,,,690,2.64695406,600,1.916105628,,,624.8499756,2.446845293,,,660,2.789190769,,,670,2.740208149,,,,,690,2.408682585,
,,611.0100098,6.549911499,,,,,691,2.563777685,601.0200195,1.615467429,,,625.8800049,2.503392935,,,661.0100098,2.996519089,,,671,2.737210989,,,,,691,2.445742369,
,,612.0200195,6.880169868,,,,,692,2.697798967,602.0499878,1.688057661,,,626.9099731,2.548407555,,,662.0200195,2.753578663,,,672,2.99870491,,,,,692,2.285139799,
,,613.039978,6.741492748,,,,,693,2.518929243,602.9400024,1.886131644,,,627.9400024,2.592792749,,,663.039978,2.948742867,,,673,2.625281334,,,,,693,2.47214818,
,,614.0499878,6.670744896,,,,,694,2.633756876,603.9699707,1.930452228,,,628.9699707,2.512425184,,,664.0499878,2.930103302,,,674,2.567348242,,,,,694,2.419050932,
,,615.0700073,6.325433254,,,,,695,2.757552147,605,1.696083069,,,629.8499756,2.525100231,,,665.0700073,2.754358768,,,675,2.633280754,,,,,695,2.472486973,
,,615.9400024,6.978116035,,,,,696,2.510477543,606.0200195,1.670632243,,,630.8599854,2.240639687,,,665.9400024,2.695420265,,,676,2.737786293,,,,,696,2.18156147,
,,616.9500122,6.470695019,,,,,697,2.464746475,607.0499878,1.87687695,,,631.8800049,2.345556736,,,666.9500122,2.83253479,,,677,2.483478785,,,,,697,2.353136063,
,,617.9699707,6.351770401,,,,,698,2.568544626,607.9400024,1.831408739,,,632.8900146,2.451117277,,,667.9699707,2.76603651,,,678,2.286526918,,,,,698,2.246691704,
,,618.9799805,6.544042587,,,,,699,2.33027792,608.9699707,2.078433514,,,633.9099731,2.160755157,,,668.9799805,2.750841618,,,679,2.48277545,,,,,699,2.328867435,
,,620,6.154864788,,,,,700,2.27249074,610,1.778496265,,,634.9199829,2.282773018,,,670,2.490873337,,,680,2.444861412,,,,,700,2.256361961,
,,621.0200195,6.693543434,,,,,,,611.0100098,1.544123292,,,635.9400024,2.393558025,,,671,2.503143311,,,681,2.518469334,,,,,,,
,,622.0499878,5.930862427,,,,,,,612.0200195,1.971326113,,,636.9500122,2.355436325,,,672,2.716943741,,,682,2.402583361,,,,,,,
,,622.9400024,6.06674099,,,,,,,613.039978,1.706574202,,,637.9699707,2.258687735,,,673,2.809238911,,,683,2.270611763,,,,,,,
,,623.9699707,6.258437157,,,,,,,614.0499878,1.894480109,,,638.9799805,2.060520411,,,674,2.529168129,,,684,2.391461372,,,,,,,
,,625,5.961721897,,,,,,,615.0700073,1.771859646,,,639.8499756,2.261855364,,,675,2.575126648,,,685,2.351444483,,,,,,,
,,626.0200195,6.148313046,,,,,,,615.9400024,1.943194747,,,640.8599854,2.299341202,,,676,2.329107285,,,686,2.085566044,,,,,,,
,,627.0499878,5.804239273,,,,,,,616.9500122,1.67941308,,,641.8800049,2.246483803,,,677,2.239610195,,,687,2.124629498,,,,,,,
,,627.9400024,6.254397392,,,,,,,617.9699707,1.666282177,,,642.8900146,2.213964224,,,678,2.180744171,,,688,2.110719681,,,,,,,
,,628.9699707,6.019103527,,,,,,,618.9799805,1.097092748,,,643.9099731,2.297124147,,,679,2.304486752,,,689,2.170994043,,,,,,,
,,630,5.590810776,,,,,,,620,1.595271707,,,644.9199829,2.392980337,,,680,2.238671303,,,690,2.307658434,,,,,,,
,,631.0100098,5.68226099,,,,,,,621.0200195,1.45586431,,,645.9400024,2.367542028,,,681,2.305236816,,,691,2.213708878,,,,,,,
,,632.0200195,5.705746651,,,,,,,622.0499878,1.773095965,,,646.9500122,2.06765008,,,682,2.285473824,,,692,2.069278002,,,,,,,
,,633.039978,6.036727428,,,,,,,622.9400024,1.685378671,,,647.9699707,2.11430335,,,683,1.99768889,,,693,1.998462915,,,,,,,
,,634.0499878,5.347622871,,,,,,,623.9699707,1.537619472,,,648.9799805,1.987504244,,,684,2.160744667,,,694,2.12624979,,,,,,,
,,635.0700073,5.485341549,,,,,,,625,1.373839974,,,649.8499756,2.089561939,,,685,2.302760124,,,695,1.869212627,,,,,,,
,,635.9400024,5.760799885,,,,,,,626.0200195,1.643603206,,,650.8499756,1.764387012,,,686,1.979139686,,,696,2.068221569,,,,,,,
,,636.9500122,5.601459503,,,,,,,627.0499878,1.579903603,,,651.8499756,1.865177274,,,687,2.023283005,,,697,2.165640593,,,,,,,
,,637.9699707,5.506066799,,,,,,,627.9400024,1.617093444,,,652.8499756,1.579349637,,,688,2.006688118,,,698,2.20657444,,,,,,,
,,638.9799805,5.376945019,,,,,,,628.9699707,1.327987313,,,653.8499756,1.865491986,,,689,1.99618876,,,699,2.011968374,,,,,,,
,,640,5.30354023,,,,,,,630,1.449913263,,,654.8499756,1.8888762,,,690,2.081044197,,,700,2.017721176,,,,,,,
,,641.0100098,5.564841747,,,,,,,631.0100098,1.388961673,,,655.8499756,1.837619305,,,691,1.982839942,,,,,,,,,,,
,,642.0200195,5.452642441,,,,,,,632.0200195,1.68710494,,,656.8499756,1.997853994,,,692,2.197387218,,,,,,,,,,,
,,643.039978,5.243243217,,,,,,,633.039978,1.465747833,,,657.8499756,2.028652191,,,693,1.982365727,,,,,,,,,,,
,,644.0499878,4.867321968,,,,,,,634.0499878,1.195367932,,,658.8499756,2.257082939,,,694,2.012281895,,,,,,,,,,,
,,645.0700073,5.138802528,,,,,,,635.0700073,1.417964339,,,659.8499756,1.881213665,,,695,1.968658566,,,,,,,,,,,
,,645.9400024,4.503660202,,,,,,,635.9400024,1.639426947,,,660.8599854,1.709762216,,,696,2.071126938,,,,,,,,,,,
,,646.9500122,5.040262222,,,,,,,636.9500122,1.395673394,,,661.8800049,1.744282246,,,697,1.84353435,,,,,,,,,,,
,,647.9699707,5.127979279,,,,,,,637.9699707,1.359242797,,,662.8900146,1.744789004,,,698,1.817593455,,,,,,,,,,,
,,648.9799805,4.872013092,,,,,,,638.9799805,1.426072955,,,663.9099731,1.753140211,,,699,2.05130434,,,,,,,,,,,
,,650,4.648488045,,,,,,,640,1.716093779,,,664.9199829,1.767849922,,,700,1.978249907,,,,,,,,,,,
,,,,,,,,,,641.0100098,1.245899916,,,665.9400024,1.625432134,,,,,,,,,,,,,,,
,,,,,,,,,,642.0200195,1.145445466,,,666.9500122,1.609361053,,,,,,,,,,,,,,,
,,,,,,,,,,643.039978,1.478906155,,,667.9699707,1.868636966,,,,,,,,,,,,,,,
,,,,,,,,,,644.0499878,1.461454153,,,668.9799805,1.554356217,,,,,,,,,,,,,,,
,,,,,,,,,,645.0700073,1.200786948,,,669.8499756,1.626559615,,,,,,,,,,,,,,,
,,,,,,,,,,645.9400024,1.549106717,,,670.8499756,1.651749849,,,,,,,,,,,,,,,
,,,,,,,,,,646.9500122,1.037396789,,,671.8499756,1.623113751,,,,,,,,,,,,,,,
,,,,,,,,,,647.9699707,1.0605551,,,672.8499756,1.75646019,,,,,,,,,,,,,,,
,,,,,,,,,,648.9799805,1.138801336,,,673.8499756,1.347477317,,,,,,,,,,,,,,,
,,,,,,,,,,650,1.122838616,,,674.8499756,1.436664701,,,,,,,,,,,,,,,
,,,,,,,,,,,,,,675.8499756,1.590067267,,,,,,,,,,,,,,,
,,,,,,,,,,,,,,676.8499756,1.440638542,,,,,,,,,,,,,,,
,,,,,,,,,,,,,,677.8499756,1.792019129,,,,,,,,,,,,,,,
,,,,,,,,,,,,,,678.8499756,1.392713428,,,,,,,,,,,,,,,
,,,,,,,,,,,,,,679.8499756,1.526800871,,,,,,,,,,,,,,,
,,,,,,,,,,,,,,680.8499756,1.607780457,,,,,,,,,,,,,,,
,,,,,,,,,,,,,,681.8499756,1.490334153,,,,,,,,,,,,,,,
,,,,,,,,,,,,,,682.8499756,1.165755749,,,,,,,,,,,,,,,
,,,,,,,,,,,,,,683.8499756,1.514226556,,,,,,,,,,,,,,,
,,,,,,,,,,,,,,684.8499756,1.557664633,,,,,,,,,,,,,,,
,,,,,,,,,,,,,,685.8499756,1.573122978,,,,,,,,,,,,,,,
,,,,,,,,,,,,,,686.8499756,1.552634954,,,,,,,,,,,,,,,
,,,,,,,,,,,,,,687.8499756,1.281341553,,,,,,,,,,,,,,,
,,,,,,,,,,,,,,688.8499756,1.35325408,,,,,,,,,,,,,,,
,,,,,,,,,,,,,,689.8499756,1.0876652,,,,,,,,,,,,,,,
,,,,,,,,,,,,,,690.8499756,1.151393294,,,,,,,,,,,,,,,
,,,,,,,,,,,,,,691.8499756,1.437901139,,,,,,,,,,,,,,,
,,,,,,,,,,,,,,692.8499756,1.403151155,,,,,,,,,,,,,,,
,,,,,,,,,,,,,,693.8499756,1.311787009,,,,,,,,,,,,,,,
,,,,,,,,,,,,,,694.8499756,1.170025826,,,,,,,,,,,,,,,
,,,,,,,,,,,,,,695.8499756,1.344929814,,,,,,,,,,,,,,,
,,,,,,,,,,,,,,696.8499756,1.132109046,,,,,,,,,,,,,,,
,,,,,,,,,,,,,,697.8499756,1.194623113,,,,,,,,,,,,,,,
,,,,,,,,,,,,,,698.8499756,1.297397137,,,,,,,,,,,,,,,
,,,,,,,,,,,,,,699.8499756,1.289671421,,,,,,,,,,,,,,,
,,,,,,,,,,,,,,700.8499756,1.029340386,,,,,,,,,,,,,,,

CdSe 180sec ex295,
CdSe 180sec ex295
Collection Time: 8/19/2022 12:38:17 PM
Operator Name  :
Scan Software Version: 1.1(132)
Parameter List :
Instrument                        Cary Eclipse
Instrument Serial Number          E08013467
Data mode                         Fluorescence
Scan mode                         Emission
X Mode                            Wavelength (nm)
Start (nm)                        305.00
Stop (nm)                         550.00
Ex. Wavelength (nm)               295.00
Ex. Slit (nm)                     5
Em. Slit (nm)                     5
Scan rate (nm/min)                600.00
Data interval (nm)                1.0000
Averaging Time (s)                0.1000
Excitation filter                 Auto
Emission filter                   Open
PMT voltage (V)                   Medium
Corrected spectra                 OFF
Method Log     :
Method Name    : Default
Date/Time stamp: 8/19/2022 12:23:28 PM
Method Modifications:
Overlayed Graphs Changed: 8/19/2022 12:24:53 PM, Old:OFF, New:ON
Y max Changed: 8/19/2022 12:24:53 PM, Old:  1000.0000, New:   300.0000
Excitation Wavelength Changed: 8/19/2022 12:27:20 PM, Old: 350.00, New: 300.00
Emission Wavelength Changed: 8/19/2022 12:27:20 PM, Old: 400.00, New: 310.00
Stop Wavelength Changed: 8/19/2022 12:27:20 PM, Old: 600.00, New: 500.00
Zero Mode Changed: 8/19/2022 12:27:22 PM, Old:OFF, New:Reading
Zero Mode Changed: 8/19/2022 12:27:22 PM, Old:Reading, New:ON
Scan mode: Changed: 8/19/2022 12:28:28 PM, Old:Emission, New:Excitation
Excitation Wavelength Changed: 8/19/2022 12:28:28 PM, Old: 300.00, New: 240.00
Emission Wavelength Changed: 8/19/2022 12:28:28 PM, Old: 310.00, New: 400.00
Stop Wavelength Changed: 8/19/2022 12:28:28 PM, Old: 500.00, New: 390.00
Zero Mode Changed: 8/19/2022 12:28:31 PM, Old:ON, New:Reading
Zero Mode Changed: 8/19/2022 12:28:31 PM, Old:Reading, New:ON
Scan mode: Changed: 8/19/2022 12:29:17 PM, Old:Excitation, New:Emission
Excitation Wavelength Changed: 8/19/2022 12:29:17 PM, Old: 240.00, New: 330.00
Emission Wavelength Changed: 8/19/2022 12:29:17 PM, Old: 400.00, New: 340.00
Stop Wavelength Changed: 8/19/2022 12:29:17 PM, Old: 390.00, New: 500.00
Zero Mode Changed: 8/19/2022 12:29:19 PM, Old:ON, New:Reading
Zero Mode Changed: 8/19/2022 12:29:19 PM, Old:Reading, New:ON
Scan mode: Changed: 8/19/2022 12:30:02 PM, Old:Emission, New:Excitation
Excitation Wavelength Changed: 8/19/2022 12:30:02 PM, Old: 330.00, New: 240.00
Emission Wavelength Changed: 8/19/2022 12:30:02 PM, Old: 340.00, New: 410.00
Stop Wavelength Changed: 8/19/2022 12:30:02 PM, Old: 500.00, New: 400.00
Zero Mode Changed: 8/19/2022 12:30:08 PM, Old:ON, New:Reading
Zero Mode Changed: 8/19/2022 12:30:08 PM, Old:Reading, New:ON
Scan mode: Changed: 8/19/2022 12:30:53 PM, Old:Excitation, New:Emission
Excitation Wavelength Changed: 8/19/2022 12:30:53 PM, Old: 240.00, New: 335.00
Emission Wavelength Changed: 8/19/2022 12:30:53 PM, Old: 410.00, New: 345.00
Stop Wavelength Changed: 8/19/2022 12:30:53 PM, Old: 400.00, New: 600.00
Zero Mode Changed: 8/19/2022 12:30:55 PM, Old:ON, New:Reading
Zero Mode Changed: 8/19/2022 12:30:55 PM, Old:Reading, New:ON
Zero Mode Changed: 8/19/2022 12:34:51 PM, Old:ON, New:Reading
Zero Mode Changed: 8/19/2022 12:34:51 PM, Old:Reading, New:ON
Scan mode: Changed: 8/19/2022 12:35:39 PM, Old:Emission, New:Excitation
Excitation Wavelength Changed: 8/19/2022 12:35:39 PM, Old: 335.00, New: 240.00
Emission Wavelength Changed: 8/19/2022 12:35:39 PM, Old: 345.00, New: 410.00
Stop Wavelength Changed: 8/19/2022 12:35:39 PM, Old: 600.00, New: 400.00
Zero Mode Changed: 8/19/2022 12:35:42 PM, Old:ON, New:Reading
Zero Mode Changed: 8/19/2022 12:35:43 PM, Old:Reading, New:ON
Scan mode: Changed: 8/19/2022 12:36:52 PM, Old:Excitation, New:Emission
Excitation Wavelength Changed: 8/19/2022 12:36:52 PM, Old: 240.00, New: 300.00
Emission Wavelength Changed: 8/19/2022 12:36:52 PM, Old: 410.00, New: 310.00
Stop Wavelength Changed: 8/19/2022 12:36:52 PM, Old: 400.00, New: 600.00
Zero Mode Changed: 8/19/2022 12:36:54 PM, Old:ON, New:Reading
Zero Mode Changed: 8/19/2022 12:36:54 PM, Old:Reading, New:ON
Scan mode: Changed: 8/19/2022 12:37:46 PM, Old:Emission, New:Excitation
Excitation Wavelength Changed: 8/19/2022 12:37:46 PM, Old: 300.00, New: 240.00
Emission Wavelength Changed: 8/19/2022 12:37:46 PM, Old: 310.00, New: 350.00
Stop Wavelength Changed: 8/19/2022 12:37:46 PM, Old: 600.00, New: 340.00
Zero Mode Changed: 8/19/2022 12:37:49 PM, Old:ON, New:Reading
Zero Mode Changed: 8/19/2022 12:37:49 PM, Old:Reading, New:ON
Scan mode: Changed: 8/19/2022 12:38:28 PM, Old:Excitation, New:Emission
Excitation Wavelength Changed: 8/19/2022 12:38:28 PM, Old: 240.00, New: 295.00
Emission Wavelength Changed: 8/19/2022 12:38:28 PM, Old: 350.00, New: 305.00
Stop Wavelength Changed: 8/19/2022 12:38:28 PM, Old: 340.00, New: 550.00
Zero Mode Changed: 8/19/2022 12:38:31 PM, Old:ON, New:Reading
Zero Mode Changed: 8/19/2022 12:38:31 PM, Old:Reading, New:ON
Scan Control Changed: 8/19/2022 12:39:12 PM, Old:Medium, New:Slow
Ave. time (s): Changed: 8/19/2022 12:39:12 PM, Old:0.10000, New:0.50000
Zero Mode Changed: 8/19/2022 12:39:14 PM, Old:ON, New:Reading
Zero Mode Changed: 8/19/2022 12:39:14 PM, Old:Reading, New:ON
Excitation Wavelength Changed: 8/19/2022 12:41:46 PM, Old: 295.00, New: 335.00
Emission Wavelength Changed: 8/19/2022 12:41:46 PM, Old: 305.00, New: 345.00
Stop Wavelength Changed: 8/19/2022 12:41:46 PM, Old: 550.00, New: 600.00
Zero Mode Changed: 8/19/2022 12:41:49 PM, Old:ON, New:Reading
Zero Mode Changed: 8/19/2022 12:41:50 PM, Old:Reading, New:ON
Scan mode: Changed: 8/19/2022 12:46:36 PM, Old:Emission, New:Excitation
Excitation Wavelength Changed: 8/19/2022 12:46:36 PM, Old: 335.00, New: 240.00
Emission Wavelength Changed: 8/19/2022 12:46:36 PM, Old: 345.00, New: 410.00
Stop Wavelength Changed: 8/19/2022 12:46:36 PM, Old: 600.00, New: 400.00
Zero Mode Changed: 8/19/2022 12:46:39 PM, Old:ON, New:Reading
Zero Mode Changed: 8/19/2022 12:46:40 PM, Old:Reading, New:ON
Scan Control Changed: 8/19/2022 12:50:26 PM, Old:Slow, New:Medium
Ave. time (s): Changed: 8/19/2022 12:50:26 PM, Old:0.50000, New:0.10000
Zero Mode Changed: 8/19/2022 12:50:27 PM, Old:ON, New:Reading
Zero Mode Changed: 8/19/2022 12:50:27 PM, Old:Reading, New:ON
Scan mode: Changed: 8/19/2022 12:51:32 PM, Old:Excitation, New:Emission
Excitation Wavelength Changed: 8/19/2022 12:51:32 PM, Old: 240.00, New: 337.00
Emission Wavelength Changed: 8/19/2022 12:51:32 PM, Old: 410.00, New: 347.00
Stop Wavelength Changed: 8/19/2022 12:51:32 PM, Old: 400.00, New: 600.00
Zero Mode Changed: 8/19/2022 12:51:34 PM, Old:ON, New:Reading
Zero Mode Changed: 8/19/2022 12:51:35 PM, Old:Reading, New:ON
Scan mode: Changed: 8/19/2022 12:52:30 PM, Old:Emission, New:Excitation
Excitation Wavelength Changed: 8/19/2022 12:52:30 PM, Old: 337.00, New: 240.00
Emission Wavelength Changed: 8/19/2022 12:52:30 PM, Old: 347.00, New: 415.00
Stop Wavelength Changed: 8/19/2022 12:52:30 PM, Old: 600.00, New: 400.00
Zero Mode Changed: 8/19/2022 12:52:33 PM, Old:ON, New:Reading
Zero Mode Changed: 8/19/2022 12:52:33 PM, Old:Reading, New:ON
Scan mode: Changed: 8/19/2022 12:53:13 PM, Old:Excitation, New:Emission
Excitation Wavelength Changed: 8/19/2022 12:53:13 PM, Old: 240.00, New: 340.00
Emission Wavelength Changed: 8/19/2022 12:53:13 PM, Old: 415.00, New: 350.00
Stop Wavelength Changed: 8/19/2022 12:53:13 PM, Old: 400.00, New: 600.00
Zero Mode Changed: 8/19/2022 12:53:15 PM, Old:ON, New:Reading
Zero Mode Changed: 8/19/2022 12:53:15 PM, Old:Reading, New:ON
Zero Mode Changed: 8/19/2022 12:54:45 PM, Old:ON, New:Reading
Zero Mode Changed: 8/19/2022 12:54:46 PM, Old:Reading, New:ON
Zero Mode Changed: 8/19/2022 12:54:49 PM, Old:ON, New:Reading
Zero Mode Changed: 8/19/2022 12:54:49 PM, Old:Reading, New:ON
Scan Control Changed: 8/19/2022 12:54:51 PM, Old:Medium, New:Slow
Ave. time (s): Changed: 8/19/2022 12:54:51 PM, Old:0.10000, New:0.50000
Zero Mode Changed: 8/19/2022 12:54:55 PM, Old:ON, New:Reading
Zero Mode Changed: 8/19/2022 12:54:56 PM, Old:Reading, New:ON
Scan mode: Changed: 8/19/2022 12:57:28 PM, Old:Emission, New:Excitation
Excitation Wavelength Changed: 8/19/2022 12:57:28 PM, Old: 340.00, New: 240.00
Emission Wavelength Changed: 8/19/2022 12:57:28 PM, Old: 350.00, New: 420.00
Stop Wavelength Changed: 8/19/2022 12:57:28 PM, Old: 600.00, New: 410.00
Zero Mode Changed: 8/19/2022 12:57:31 PM, Old:ON, New:Reading
Zero Mode Changed: 8/19/2022 12:57:31 PM, Old:Reading, New:ON
Scan mode: Changed: 8/19/2022 12:59:36 PM, Old:Excitation, New:Emission
Excitation Wavelength Changed: 8/19/2022 12:59:36 PM, Old: 240.00, New: 295.00
Emission Wavelength Changed: 8/19/2022 12:59:36 PM, Old: 420.00, New: 305.00
Stop Wavelength Changed: 8/19/2022 12:59:36 PM, Old: 410.00, New: 550.00
Scan Control Changed: 8/19/2022 12:59:41 PM, Old:Slow, New:Medium
Ave. time (s): Changed: 8/19/2022 12:59:41 PM, Old:0.50000, New:0.10000
Zero Mode Changed: 8/19/2022 12:59:44 PM, Old:ON, New:Reading
Zero Mode Changed: 8/19/2022 12:59:44 PM, Old:Reading, New:ON
Scan mode: Changed: 8/19/2022 1:00:36 PM, Old:Emission, New:Excitation
Excitation Wavelength Changed: 8/19/2022 1:00:36 PM, Old: 295.00, New: 240.00
Emission Wavelength Changed: 8/19/2022 1:00:36 PM, Old: 305.00, New: 350.00
Stop Wavelength Changed: 8/19/2022 1:00:36 PM, Old: 550.00, New: 340.00
Zero Mode Changed: 8/19/2022 1:00:45 PM, Old:ON, New:Reading
Zero Mode Changed: 8/19/2022 1:00:45 PM, Old:Reading, New:ON
Zero Mode Changed: 8/19/2022 1:01:25 PM, Old:ON, New:Reading
Zero Mode Changed: 8/19/2022 1:01:25 PM, Old:Reading, New:ON
Emission Wavelength Changed: 8/19/2022 1:04:06 PM, Old: 350.00, New: 420.00
Stop Wavelength Changed: 8/19/2022 1:04:06 PM, Old: 340.00, New: 410.00
Zero Mode Changed: 8/19/2022 1:04:08 PM, Old:ON, New:Reading
Zero Mode Changed: 8/19/2022 1:04:08 PM, Old:Reading, New:ON
Scan mode: Changed: 8/19/2022 1:04:55 PM, Old:Excitation, New:Emission
Excitation Wavelength Changed: 8/19/2022 1:04:55 PM, Old: 240.00, New: 330.00
Emission Wavelength Changed: 8/19/2022 1:04:55 PM, Old: 420.00, New: 340.00
Stop Wavelength Changed: 8/19/2022 1:04:55 PM, Old: 410.00, New: 600.00
Zero Mode Changed: 8/19/2022 1:04:56 PM, Old:ON, New:Reading
Zero Mode Changed: 8/19/2022 1:04:57 PM, Old:Reading, New:ON
Scan mode: Changed: 8/19/2022 1:06:34 PM, Old:Emission, New:Excitation
User Delta Stop Changed: 8/19/2022 1:06:34 PM, Old: 450.00, New: 470.00
User Delta Increment Changed: 8/19/2022 1:06:34 PM, Old:  10.00, New:   0.15
Excitation Wavelength Changed: 8/19/2022 1:06:34 PM, Old: 330.00, New: 240.00
Emission Wavelength Changed: 8/19/2022 1:06:34 PM, Old: 340.00, New: 470.00
Stop Wavelength Changed: 8/19/2022 1:06:34 PM, Old: 600.00, New: 460.00
Zero Mode Changed: 8/19/2022 1:06:37 PM, Old:ON, New:Reading
Zero Mode Changed: 8/19/2022 1:06:37 PM, Old:Reading, New:ON
Scan mode: Changed: 8/19/2022 1:07:26 PM, Old:Excitation, New:Emission
Excitation Wavelength Changed: 8/19/2022 1:07:26 PM, Old: 240.00, New: 355.00
Emission Wavelength Changed: 8/19/2022 1:07:26 PM, Old: 470.00, New: 365.00
Stop Wavelength Changed: 8/19/2022 1:07:26 PM, Old: 460.00, New: 600.00
Zero Mode Changed: 8/19/2022 1:07:27 PM, Old:ON, New:Reading
Zero Mode Changed: 8/19/2022 1:07:27 PM, Old:Reading, New:ON
Scan mode: Changed: 8/19/2022 1:08:25 PM, Old:Emission, New:Excitation
User Delta Stop Changed: 8/19/2022 1:08:25 PM, Old: 470.00, New: 520.00
Excitation Wavelength Changed: 8/19/2022 1:08:25 PM, Old: 355.00, New: 270.00
Emission Wavelength Changed: 8/19/2022 1:08:25 PM, Old: 365.00, New: 520.00
Stop Wavelength Changed: 8/19/2022 1:08:25 PM, Old: 600.00, New: 510.00
Zero Mode Changed: 8/19/2022 1:08:29 PM, Old:ON, New:Reading
Zero Mode Changed: 8/19/2022 1:08:29 PM, Old:Reading, New:ON
Scan mode: Changed: 8/19/2022 1:09:40 PM, Old:Excitation, New:Emission
Excitation Wavelength Changed: 8/19/2022 1:09:40 PM, Old: 270.00, New: 345.00
Emission Wavelength Changed: 8/19/2022 1:09:40 PM, Old: 520.00, New: 355.00
Stop Wavelength Changed: 8/19/2022 1:09:40 PM, Old: 510.00, New: 600.00
Zero Mode Changed: 8/19/2022 1:09:42 PM, Old:ON, New:Reading
Zero Mode Changed: 8/19/2022 1:09:43 PM, Old:Reading, New:ON
Scan Control Changed: 8/19/2022 1:12:27 PM, Old:Medium, New:Slow
Ave. time (s): Changed: 8/19/2022 1:12:27 PM, Old:0.10000, New:0.50000
Zero Mode Changed: 8/19/2022 1:12:29 PM, Old:ON, New:Reading
Zero Mode Changed: 8/19/2022 1:12:30 PM, Old:Reading, New:ON
Scan mode: Changed: 8/19/2022 1:15:37 PM, Old:Emission, New:Excitation
Excitation Wavelength Changed: 8/19/2022 1:15:37 PM, Old: 345.00, New: 240.00
Emission Wavelength Changed: 8/19/2022 1:15:37 PM, Old: 355.00, New: 455.00
Stop Wavelength Changed: 8/19/2022 1:15:37 PM, Old: 600.00, New: 445.00
Zero Mode Changed: 8/19/2022 1:15:40 PM, Old:ON, New:Reading
Zero Mode Changed: 8/19/2022 1:15:41 PM, Old:Reading, New:ON
Scan mode: Changed: 8/19/2022 1:19:58 PM, Old:Excitation, New:Emission
Scan Control Changed: 8/19/2022 1:19:58 PM, Old:Slow, New:Medium
Ave. time (s): Changed: 8/19/2022 1:19:58 PM, Old:0.50000, New:0.10000
Excitation Wavelength Changed: 8/19/2022 1:19:58 PM, Old: 240.00, New: 295.00
Emission Wavelength Changed: 8/19/2022 1:19:58 PM, Old: 455.00, New: 305.00
Stop Wavelength Changed: 8/19/2022 1:19:58 PM, Old: 445.00, New: 550.00
Zero Mode Changed: 8/19/2022 1:20:00 PM, Old:ON, New:Reading
Zero Mode Changed: 8/19/2022 1:20:00 PM, Old:Reading, New:ON
Scan mode: Changed: 8/19/2022 12:22:27 PM, Old:Emission, New:Excitation
Excitation Wavelength Changed: 8/19/2022 12:22:27 PM, Old: 295.00, New: 240.00
Emission Wavelength Changed: 8/19/2022 12:22:27 PM, Old: 305.00, New: 350.00
Stop Wavelength Changed: 8/19/2022 12:22:27 PM, Old: 550.00, New: 340.00
Zero Mode Changed: 8/19/2022 12:22:31 PM, Old:ON, New:Reading
Zero Mode Changed: 8/19/2022 12:22:31 PM, Old:Reading, New:ON
Emission Wavelength Changed: 8/19/2022 12:35:02 PM, Old: 350.00, New: 420.00
Stop Wavelength Changed: 8/19/2022 12:35:02 PM, Old: 340.00, New: 410.00
Zero Mode Changed: 8/19/2022 12:35:04 PM, Old:ON, New:Reading
Zero Mode Changed: 8/19/2022 12:35:05 PM, Old:Reading, New:ON
Scan mode: Changed: 8/19/2022 12:36:08 PM, Old:Excitation, New:Emission
Excitation Wavelength Changed: 8/19/2022 12:36:08 PM, Old: 240.00, New: 360.00
Emission Wavelength Changed: 8/19/2022 12:36:08 PM, Old: 420.00, New: 370.00
Stop Wavelength Changed: 8/19/2022 12:36:08 PM, Old: 410.00, New: 700.00
Zero Mode Changed: 8/19/2022 12:36:09 PM, Old:ON, New:Reading
Zero Mode Changed: 8/19/2022 12:36:10 PM, Old:Reading, New:ON
Scan mode: Changed: 8/19/2022 12:37:08 PM, Old:Emission, New:Excitation
Excitation Wavelength Changed: 8/19/2022 12:37:08 PM, Old: 360.00, New: 240.00
Emission Wavelength Changed: 8/19/2022 12:37:08 PM, Old: 370.00, New: 440.00
Stop Wavelength Changed: 8/19/2022 12:37:08 PM, Old: 700.00, New: 430.00
Zero Mode Changed: 8/19/2022 12:37:11 PM, Old:ON, New:Reading
Zero Mode Changed: 8/19/2022 12:37:11 PM, Old:Reading, New:ON
Scan mode: Changed: 8/19/2022 12:38:01 PM, Old:Excitation, New:Emission
Excitation Wavelength Changed: 8/19/2022 12:38:01 PM, Old: 240.00, New: 365.00
Emission Wavelength Changed: 8/19/2022 12:38:01 PM, Old: 440.00, New: 375.00
Stop Wavelength Changed: 8/19/2022 12:38:01 PM, Old: 430.00, New: 700.00
Zero Mode Changed: 8/19/2022 12:38:03 PM, Old:ON, New:Reading
Zero Mode Changed: 8/19/2022 12:38:04 PM, Old:Reading, New:ON
Excitation Wavelength Changed: 8/19/2022 12:38:57 PM, Old: 365.00, New: 370.00
Emission Wavelength Changed: 8/19/2022 12:38:57 PM, Old: 375.00, New: 380.00
Zero Mode Changed: 8/19/2022 12:38:58 PM, Old:ON, New:Reading
Zero Mode Changed: 8/19/2022 12:38:59 PM, Old:Reading, New:ON
Scan mode: Changed: 8/19/2022 12:40:00 PM, Old:Emission, New:Excitation
Excitation Wavelength Changed: 8/19/2022 12:40:00 PM, Old: 370.00, New: 240.00
Emission Wavelength Changed: 8/19/2022 12:40:00 PM, Old: 380.00, New: 512.00
Stop Wavelength Changed: 8/19/2022 12:40:00 PM, Old: 700.00, New: 500.00
Zero Mode Changed: 8/19/2022 12:40:03 PM, Old:ON, New:Reading
Zero Mode Changed: 8/19/2022 12:40:04 PM, Old:Reading, New:ON
Scan mode: Changed: 8/19/2022 12:40:57 PM, Old:Excitation, New:Emission
Excitation Wavelength Changed: 8/19/2022 12:40:57 PM, Old: 240.00, New: 400.00
Emission Wavelength Changed: 8/19/2022 12:40:57 PM, Old: 512.00, New: 410.00
Stop Wavelength Changed: 8/19/2022 12:40:57 PM, Old: 500.00, New: 700.00
Zero Mode Changed: 8/19/2022 12:40:59 PM, Old:ON, New:Reading
Zero Mode Changed: 8/19/2022 12:41:00 PM, Old:Reading, New:ON
Scan mode: Changed: 8/19/2022 12:41:45 PM, Old:Emission, New:Excitation
Excitation Wavelength Changed: 8/19/2022 12:41:45 PM, Old: 400.00, New: 240.00
Emission Wavelength Changed: 8/19/2022 12:41:45 PM, Old: 410.00, New: 515.00
Stop Wavelength Changed: 8/19/2022 12:41:45 PM, Old: 700.00, New: 505.00
Zero Mode Changed: 8/19/2022 12:41:48 PM, Old:ON, New:Reading
Zero Mode Changed: 8/19/2022 12:41:49 PM, Old:Reading, New:ON
Emission Wavelength Changed: 8/19/2022 12:42:40 PM, Old: 515.00, New: 435.00
Stop Wavelength Changed: 8/19/2022 12:42:40 PM, Old: 505.00, New: 425.00
Zero Mode Changed: 8/19/2022 12:42:43 PM, Old:ON, New:Reading
Zero Mode Changed: 8/19/2022 12:42:43 PM, Old:Reading, New:ON
Scan mode: Changed: 8/19/2022 12:43:33 PM, Old:Excitation, New:Emission
Excitation Wavelength Changed: 8/19/2022 12:43:33 PM, Old: 240.00, New: 295.00
Emission Wavelength Changed: 8/19/2022 12:43:33 PM, Old: 435.00, New: 305.00
Stop Wavelength Changed: 8/19/2022 12:43:33 PM, Old: 425.00, New: 550.00
Zero Mode Changed: 8/19/2022 12:43:35 PM, Old:ON, New:Reading
Zero Mode Changed: 8/19/2022 12:43:35 PM, Old:Reading, New:ON
Scan mode: Changed: 8/19/2022 12:44:33 PM, Old:Emission, New:Excitation
Excitation Wavelength Changed: 8/19/2022 12:44:33 PM, Old: 295.00, New: 240.00
Emission Wavelength Changed: 8/19/2022 12:44:33 PM, Old: 305.00, New: 400.00
Stop Wavelength Changed: 8/19/2022 12:44:33 PM, Old: 550.00, New: 390.00
Zero Mode Changed: 8/19/2022 12:44:36 PM, Old:ON, New:Reading
Zero Mode Changed: 8/19/2022 12:44:37 PM, Old:Reading, New:ON
Scan mode: Changed: 8/19/2022 12:45:20 PM, Old:Excitation, New:Emission
Excitation Wavelength Changed: 8/19/2022 12:45:20 PM, Old: 240.00, New: 340.00
Emission Wavelength Changed: 8/19/2022 12:45:20 PM, Old: 400.00, New: 350.00
Stop Wavelength Changed: 8/19/2022 12:45:20 PM, Old: 390.00, New: 650.00
Zero Mode Changed: 8/19/2022 12:45:22 PM, Old:ON, New:Reading
Zero Mode Changed: 8/19/2022 12:45:22 PM, Old:Reading, New:ON
Scan mode: Changed: 8/19/2022 12:46:17 PM, Old:Emission, New:Excitation
Excitation Wavelength Changed: 8/19/2022 12:46:17 PM, Old: 340.00, New: 240.00
Emission Wavelength Changed: 8/19/2022 12:46:17 PM, Old: 350.00, New: 425.00
Stop Wavelength Changed: 8/19/2022 12:46:17 PM, Old: 650.00, New: 415.00
Zero Mode Changed: 8/19/2022 12:46:20 PM, Old:ON, New:Reading
Zero Mode Changed: 8/19/2022 12:46:21 PM, Old:Reading, New:ON
Scan mode: Changed: 8/19/2022 12:47:03 PM, Old:Excitation, New:Emission
Excitation Wavelength Changed: 8/19/2022 12:47:03 PM, Old: 240.00, New: 385.00
Emission Wavelength Changed: 8/19/2022 12:47:03 PM, Old: 425.00, New: 395.00
Stop Wavelength Changed: 8/19/2022 12:47:03 PM, Old: 415.00, New: 700.00
Zero Mode Changed: 8/19/2022 12:47:05 PM, Old:ON, New:Reading
Zero Mode Changed: 8/19/2022 12:47:05 PM, Old:Reading, New:ON
Excitation Wavelength Changed: 8/19/2022 12:47:56 PM, Old: 385.00, New: 365.00
Emission Wavelength Changed: 8/19/2022 12:47:56 PM, Old: 395.00, New: 375.00
Zero Mode Changed: 8/19/2022 12:47:59 PM, Old:ON, New:Reading
Zero Mode Changed: 8/19/2022 12:47:59 PM, Old:Reading, New:ON
3-D Mode Changed: 8/19/2022 12:50:41 PM, Old:OFF, New:ON
User Delta Stop Changed: 8/19/2022 12:50:41 PM, Old: 520.00, New: 400.00
User Delta Increment Changed: 8/19/2022 12:50:41 PM, Old:   0.15, New:   5.00
Excitation Wavelength Changed: 8/19/2022 12:50:41 PM, Old: 365.00, New: 330.00
Emission Wavelength Changed: 8/19/2022 12:50:41 PM, Old: 375.00, New: 410.00
Zero Mode Changed: 8/19/2022 12:50:43 PM, Old:ON, New:Reading
Zero Mode Changed: 8/19/2022 12:50:43 PM, Old:Reading, New:ON
Excitation Wavelength Changed: 8/19/2022 12:51:25 PM, Old: 330.00, New: 335.00
Excitation Wavelength Changed: 8/19/2022 12:51:55 PM, Old: 335.00, New: 340.00
Excitation Wavelength Changed: 8/19/2022 12:52:25 PM, Old: 340.00, New: 345.00
Excitation Wavelength Changed: 8/19/2022 12:52:55 PM, Old: 345.00, New: 350.00
Excitation Wavelength Changed: 8/19/2022 12:53:25 PM, Old: 350.00, New: 355.00
Excitation Wavelength Changed: 8/19/2022 12:53:55 PM, Old: 355.00, New: 360.00
Excitation Wavelength Changed: 8/19/2022 12:54:26 PM, Old: 360.00, New: 365.00
Excitation Wavelength Changed: 8/19/2022 12:54:56 PM, Old: 365.00, New: 370.00
Excitation Wavelength Changed: 8/19/2022 12:55:26 PM, Old: 370.00, New: 375.00
Excitation Wavelength Changed: 8/19/2022 12:55:56 PM, Old: 375.00, New: 380.00
Excitation Wavelength Changed: 8/19/2022 12:56:26 PM, Old: 380.00, New: 385.00
Excitation Wavelength Changed: 8/19/2022 12:56:56 PM, Old: 385.00, New: 390.00
Excitation Wavelength Changed: 8/19/2022 12:57:27 PM, Old: 390.00, New: 395.00
Excitation Wavelength Changed: 8/19/2022 12:57:57 PM, Old: 395.00, New: 400.00
Excitation Wavelength Changed: 8/19/2022 12:58:27 PM, Old: 400.00, New: 330.00
Excitation Wavelength Changed: 8/19/2022 1:09:07 PM, Old: 330.00, New: 295.00
Emission Wavelength Changed: 8/19/2022 1:09:07 PM, Old: 410.00, New: 305.00
Stop Wavelength Changed: 8/19/2022 1:09:07 PM, Old: 700.00, New: 550.00
Zero Mode Changed: 8/19/2022 1:09:08 PM, Old:ON, New:Reading
Zero Mode Changed: 8/19/2022 1:09:08 PM, Old:Reading, New:ON
Excitation Wavelength Changed: 8/19/2022 1:09:59 PM, Old: 295.00, New: 300.00
Excitation Wavelength Changed: 8/19/2022 1:10:08 PM, Old: 300.00, New: 305.00
3-D Mode Changed: 8/19/2022 1:10:15 PM, Old:ON, New:OFF
Excitation Wavelength Changed: 8/19/2022 1:10:15 PM, Old: 305.00, New: 295.00
Zero Mode Changed: 8/19/2022 1:10:16 PM, Old:ON, New:Reading
Zero Mode Changed: 8/19/2022 1:10:17 PM, Old:Reading, New:ON
Scan mode: Changed: 8/19/2022 1:10:57 PM, Old:Emission, New:Excitation
User Delta Increment Changed: 8/19/2022 1:10:57 PM, Old:   5.00, New:   0.15
Excitation Wavelength Changed: 8/19/2022 1:10:57 PM, Old: 295.00, New: 240.00
Emission Wavelength Changed: 8/19/2022 1:10:57 PM, Old: 305.00, New: 400.00
Stop Wavelength Changed: 8/19/2022 1:10:57 PM, Old: 550.00, New: 390.00
Zero Mode Changed: 8/19/2022 1:11:03 PM, Old:ON, New:Reading
Zero Mode Changed: 8/19/2022 1:11:03 PM, Old:Reading, New:ON
Scan mode: Changed: 8/19/2022 1:11:48 PM, Old:Excitation, New:Emission
Excitation Wavelength Changed: 8/19/2022 1:11:48 PM, Old: 240.00, New: 330.00
Emission Wavelength Changed: 8/19/2022 1:11:48 PM, Old: 400.00, New: 340.00
Stop Wavelength Changed: 8/19/2022 1:11:48 PM, Old: 390.00, New: 600.00
Zero Mode Changed: 8/19/2022 1:11:50 PM, Old:ON, New:Reading
Zero Mode Changed: 8/19/2022 1:11:51 PM, Old:Reading, New:ON
Scan mode: Changed: 8/19/2022 1:12:42 PM, Old:Emission, New:Excitation
Excitation Wavelength Changed: 8/19/2022 1:12:42 PM, Old: 330.00, New: 220.00
Emission Wavelength Changed: 8/19/2022 1:12:42 PM, Old: 340.00, New: 400.00
Stop Wavelength Changed: 8/19/2022 1:12:42 PM, Old: 600.00, New: 390.00
Zero Mode Changed: 8/19/2022 1:12:45 PM, Old:ON, New:Reading
Zero Mode Changed: 8/19/2022 1:12:46 PM, Old:Reading, New:ON
Excitation Wavelength Changed: 8/19/2022 1:13:19 PM, Old: 220.00, New: 290.00
Zero Mode Changed: 8/19/2022 1:13:21 PM, Old:ON, New:Reading
Zero Mode Changed: 8/19/2022 1:13:21 PM, Old:Reading, New:ON
Scan mode: Changed: 8/19/2022 1:14:02 PM, Old:Excitation, New:Emission
Excitation Wavelength Changed: 8/19/2022 1:14:02 PM, Old: 290.00, New: 260.00
Emission Wavelength Changed: 8/19/2022 1:14:02 PM, Old: 400.00, New: 270.00
Stop Wavelength Changed: 8/19/2022 1:14:02 PM, Old: 390.00, New: 500.00
Zero Mode Changed: 8/19/2022 1:14:05 PM, Old:ON, New:Reading
Zero Mode Changed: 8/19/2022 1:14:05 PM, Old:Reading, New:ON
3-D Mode Changed: 8/19/2022 1:15:52 PM, Old:OFF, New:ON
User Delta Stop Changed: 8/19/2022 1:15:52 PM, Old: 400.00, New: 330.00
User Delta Increment Changed: 8/19/2022 1:15:52 PM, Old:   0.15, New:   5.00
Emission Wavelength Changed: 8/19/2022 1:15:52 PM, Old: 270.00, New: 340.00
Zero Mode Changed: 8/19/2022 1:15:53 PM, Old:ON, New:Reading
Zero Mode Changed: 8/19/2022 1:15:53 PM, Old:Reading, New:ON
Excitation Wavelength Changed: 8/19/2022 1:16:21 PM, Old: 260.00, New: 265.00
Excitation Wavelength Changed: 8/19/2022 1:16:38 PM, Old: 265.00, New: 270.00
Excitation Wavelength Changed: 8/19/2022 1:16:55 PM, Old: 270.00, New: 275.00
Excitation Wavelength Changed: 8/19/2022 1:17:12 PM, Old: 275.00, New: 280.00
Excitation Wavelength Changed: 8/19/2022 1:17:29 PM, Old: 280.00, New: 285.00
Excitation Wavelength Changed: 8/19/2022 1:17:46 PM, Old: 285.00, New: 290.00
Excitation Wavelength Changed: 8/19/2022 1:18:03 PM, Old: 290.00, New: 295.00
Excitation Wavelength Changed: 8/19/2022 1:18:19 PM, Old: 295.00, New: 300.00
Excitation Wavelength Changed: 8/19/2022 1:18:36 PM, Old: 300.00, New: 305.00
Excitation Wavelength Changed: 8/19/2022 1:18:53 PM, Old: 305.00, New: 310.00
Excitation Wavelength Changed: 8/19/2022 1:18:56 PM, Old: 310.00, New: 315.00
Excitation Wavelength Changed: 8/19/2022 12:21:52 PM, Old: 315.00, New: 295.00
Emission Wavelength Changed: 8/19/2022 12:21:52 PM, Old: 340.00, New: 305.00
Stop Wavelength Changed: 8/19/2022 12:21:52 PM, Old: 500.00, New: 550.00
Zero Mode Changed: 8/19/2022 12:21:54 PM, Old:ON, New:Reading
Zero Mode Changed: 8/19/2022 12:21:54 PM, Old:Reading, New:ON
3-D Mode Changed: 8/19/2022 12:22:09 PM, Old:ON, New:OFF
Zero Mode Changed: 8/19/2022 12:22:11 PM, Old:ON, New:Reading
Zero Mode Changed: 8/19/2022 12:22:11 PM, Old:Reading, New:ON
Scan mode: Changed: 8/19/2022 12:23:09 PM, Old:Emission, New:Excitation
User Delta Stop Changed: 8/19/2022 12:23:09 PM, Old: 330.00, New: 370.00
User Delta Increment Changed: 8/19/2022 12:23:09 PM, Old:   5.00, New:   0.15
Excitation Wavelength Changed: 8/19/2022 12:23:09 PM, Old: 295.00, New: 240.00
Emission Wavelength Changed: 8/19/2022 12:23:09 PM, Old: 305.00, New: 370.00
Stop Wavelength Changed: 8/19/2022 12:23:09 PM, Old: 550.00, New: 360.00
Zero Mode Changed: 8/19/2022 12:23:12 PM, Old:ON, New:Reading
Zero Mode Changed: 8/19/2022 12:23:12 PM, Old:Reading, New:ON
Scan mode: Changed: 8/19/2022 12:23:53 PM, Old:Excitation, New:Emission
Excitation Wavelength Changed: 8/19/2022 12:23:53 PM, Old: 240.00, New: 320.00
Emission Wavelength Changed: 8/19/2022 12:23:53 PM, Old: 370.00, New: 330.00
Stop Wavelength Changed: 8/19/2022 12:23:53 PM, Old: 360.00, New: 650.00
Zero Mode Changed: 8/19/2022 12:23:56 PM, Old:ON, New:Reading
Zero Mode Changed: 8/19/2022 12:23:56 PM, Old:Reading, New:ON
Scan mode: Changed: 8/19/2022 12:25:02 PM, Old:Emission, New:Excitation
User Delta Stop Changed: 8/19/2022 12:25:02 PM, Old: 370.00, New: 520.00
Excitation Wavelength Changed: 8/19/2022 12:25:02 PM, Old: 320.00, New: 270.00
Emission Wavelength Changed: 8/19/2022 12:25:02 PM, Old: 330.00, New: 520.00
Stop Wavelength Changed: 8/19/2022 12:25:02 PM, Old: 650.00, New: 510.00
Zero Mode Changed: 8/19/2022 12:25:06 PM, Old:ON, New:Reading
Zero Mode Changed: 8/19/2022 12:25:06 PM, Old:Reading, New:ON
Scan mode: Changed: 8/19/2022 12:26:34 PM, Old:Excitation, New:Emission
Excitation Wavelength Changed: 8/19/2022 12:26:34 PM, Old: 270.00, New: 380.00
Emission Wavelength Changed: 8/19/2022 12:26:34 PM, Old: 520.00, New: 390.00
Stop Wavelength Changed: 8/19/2022 12:26:34 PM, Old: 510.00, New: 700.00
Zero Mode Changed: 8/19/2022 12:26:36 PM, Old:ON, New:Reading
Zero Mode Changed: 8/19/2022 12:26:36 PM, Old:Reading, New:ON
Scan mode: Changed: 8/19/2022 12:27:28 PM, Old:Emission, New:Excitation
Excitation Wavelength Changed: 8/19/2022 12:27:28 PM, Old: 380.00, New: 240.00
Emission Wavelength Changed: 8/19/2022 12:27:28 PM, Old: 390.00, New: 395.00
Stop Wavelength Changed: 8/19/2022 12:27:28 PM, Old: 700.00, New: 385.00
Zero Mode Changed: 8/19/2022 12:27:32 PM, Old:ON, New:Reading
Zero Mode Changed: 8/19/2022 12:27:32 PM, Old:Reading, New:ON
Emission Wavelength Changed: 8/19/2022 12:27:46 PM, Old: 395.00, New: 390.00
Stop Wavelength Changed: 8/19/2022 12:27:46 PM, Old: 385.00, New: 380.00
Zero Mode Changed: 8/19/2022 12:27:47 PM, Old:ON, New:Reading
Zero Mode Changed: 8/19/2022 12:27:47 PM, Old:Reading, New:ON
Scan mode: Changed: 8/19/2022 12:28:31 PM, Old:Excitation, New:Emission
Excitation Wavelength Changed: 8/19/2022 12:28:31 PM, Old: 240.00, New: 330.00
Emission Wavelength Changed: 8/19/2022 12:28:31 PM, Old: 390.00, New: 340.00
Stop Wavelength Changed: 8/19/2022 12:28:31 PM, Old: 380.00, New: 700.00
Zero Mode Changed: 8/19/2022 12:28:32 PM, Old:ON, New:Reading
Zero Mode Changed: 8/19/2022 12:28:33 PM, Old:Reading, New:ON
Scan mode: Changed: 8/19/2022 12:29:35 PM, Old:Emission, New:Excitation
Excitation Wavelength Changed: 8/19/2022 12:29:35 PM, Old: 330.00, New: 240.00
Emission Wavelength Changed: 8/19/2022 12:29:35 PM, Old: 340.00, New: 405.00
Stop Wavelength Changed: 8/19/2022 12:29:35 PM, Old: 700.00, New: 395.00
Zero Mode Changed: 8/19/2022 12:29:38 PM, Old:ON, New:Reading
Zero Mode Changed: 8/19/2022 12:29:38 PM, Old:Reading, New:ON
Scan mode: Changed: 8/19/2022 12:30:37 PM, Old:Excitation, New:Emission
Excitation Wavelength Changed: 8/19/2022 12:30:37 PM, Old: 240.00, New: 335.00
Emission Wavelength Changed: 8/19/2022 12:30:37 PM, Old: 405.00, New: 345.00
Stop Wavelength Changed: 8/19/2022 12:30:37 PM, Old: 395.00, New: 650.00
Zero Mode Changed: 8/19/2022 12:30:39 PM, Old:ON, New:Reading
Zero Mode Changed: 8/19/2022 12:30:39 PM, Old:Reading, New:ON
Scan mode: Changed: 8/19/2022 12:31:30 PM, Old:Emission, New:Excitation
Excitation Wavelength Changed: 8/19/2022 12:31:30 PM, Old: 335.00, New: 240.00
Emission Wavelength Changed: 8/19/2022 12:31:30 PM, Old: 345.00, New: 410.00
Stop Wavelength Changed: 8/19/2022 12:31:30 PM, Old: 650.00, New: 400.00
Zero Mode Changed: 8/19/2022 12:31:33 PM, Old:ON, New:Reading
Zero Mode Changed: 8/19/2022 12:31:34 PM, Old:Reading, New:ON
Emission Wavelength Changed: 8/19/2022 12:32:09 PM, Old: 410.00, New: 420.00
Stop Wavelength Changed: 8/19/2022 12:32:09 PM, Old: 400.00, New: 410.00
Zero Mode Changed: 8/19/2022 12:32:11 PM, Old:ON, New:Reading
Zero Mode Changed: 8/19/2022 12:32:12 PM, Old:Reading, New:ON
Emission Wavelength Changed: 8/19/2022 12:32:51 PM, Old: 420.00, New: 415.00
Stop Wavelength Changed: 8/19/2022 12:32:51 PM, Old: 410.00, New: 405.00
Zero Mode Changed: 8/19/2022 12:32:56 PM, Old:ON, New:Reading
Zero Mode Changed: 8/19/2022 12:32:56 PM, Old:Reading, New:ON
3-D Mode Changed: 8/19/2022 12:36:08 PM, Old:OFF, New:ON
User Delta Stop Changed: 8/19/2022 12:36:08 PM, Old: 520.00, New: 430.00
Emission Wavelength Changed: 8/19/2022 12:36:08 PM, Old: 415.00, New: 400.00
Stop Wavelength Changed: 8/19/2022 12:36:08 PM, Old: 405.00, New: 390.00
Zero Mode Changed: 8/19/2022 12:36:20 PM, Old:ON, New:Reading
Zero Mode Changed: 8/19/2022 12:36:20 PM, Old:Reading, New:ON
Emission Wavelength Changed: 8/19/2022 12:37:00 PM, Old: 400.00, New: 400.15
Emission Wavelength Changed: 8/19/2022 12:37:20 PM, Old: 400.15, New: 400.30
Emission Wavelength Changed: 8/19/2022 12:37:26 PM, Old: 400.30, New: 400.45
Scan mode: Changed: 8/19/2022 12:38:08 PM, Old:Excitation, New:Emission
3-D Mode Changed: 8/19/2022 12:38:08 PM, Old:ON, New:OFF
User Delta Increment Changed: 8/19/2022 12:38:08 PM, Old:   0.15, New:   5.00
Excitation Wavelength Changed: 8/19/2022 12:38:08 PM, Old: 240.00, New: 295.00
Emission Wavelength Changed: 8/19/2022 12:38:08 PM, Old: 400.45, New: 305.00
Stop Wavelength Changed: 8/19/2022 12:38:08 PM, Old: 390.00, New: 550.00
Zero Mode Changed: 8/19/2022 12:38:09 PM, Old:ON, New:Reading
Zero Mode Changed: 8/19/2022 12:38:10 PM, Old:Reading, New:ON
End Method Modifications

CdSe 180sec ex340,
CdSe 180sec ex340
Collection Time: 8/19/2022 12:39:21 PM
Operator Name  :
Scan Software Version: 1.1(132)
Parameter List :
Instrument                        Cary Eclipse
Instrument Serial Number          E08013467
Data mode                         Fluorescence
Scan mode                         Emission
X Mode                            Wavelength (nm)
Start (nm)                        350.00
Stop (nm)                         650.00
Ex. Wavelength (nm)               340.00
Ex. Slit (nm)                     10
Em. Slit (nm)                     5
Scan rate (nm/min)                600.00
Data interval (nm)                1.0000
Averaging Time (s)                0.1000
Excitation filter                 Auto
Emission filter                   Open
PMT voltage (V)                   Medium
Corrected spectra                 OFF
Method Log     :
Method Name    : Default
Date/Time stamp: 8/19/2022 12:23:28 PM
Method Modifications:
Overlayed Graphs Changed: 8/19/2022 12:24:53 PM, Old:OFF, New:ON
Y max Changed: 8/19/2022 12:24:53 PM, Old:  1000.0000, New:   300.0000
Excitation Wavelength Changed: 8/19/2022 12:27:20 PM, Old: 350.00, New: 300.00
Emission Wavelength Changed: 8/19/2022 12:27:20 PM, Old: 400.00, New: 310.00
Stop Wavelength Changed: 8/19/2022 12:27:20 PM, Old: 600.00, New: 500.00
Zero Mode Changed: 8/19/2022 12:27:22 PM, Old:OFF, New:Reading
Zero Mode Changed: 8/19/2022 12:27:22 PM, Old:Reading, New:ON
Scan mode: Changed: 8/19/2022 12:28:28 PM, Old:Emission, New:Excitation
Excitation Wavelength Changed: 8/19/2022 12:28:28 PM, Old: 300.00, New: 240.00
Emission Wavelength Changed: 8/19/2022 12:28:28 PM, Old: 310.00, New: 400.00
Stop Wavelength Changed: 8/19/2022 12:28:28 PM, Old: 500.00, New: 390.00
Zero Mode Changed: 8/19/2022 12:28:31 PM, Old:ON, New:Reading
Zero Mode Changed: 8/19/2022 12:28:31 PM, Old:Reading, New:ON
Scan mode: Changed: 8/19/2022 12:29:17 PM, Old:Excitation, New:Emission
Excitation Wavelength Changed: 8/19/2022 12:29:17 PM, Old: 240.00, New: 330.00
Emission Wavelength Changed: 8/19/2022 12:29:17 PM, Old: 400.00, New: 340.00
Stop Wavelength Changed: 8/19/2022 12:29:17 PM, Old: 390.00, New: 500.00
Zero Mode Changed: 8/19/2022 12:29:19 PM, Old:ON, New:Reading
Zero Mode Changed: 8/19/2022 12:29:19 PM, Old:Reading, New:ON
Scan mode: Changed: 8/19/2022 12:30:02 PM, Old:Emission, New:Excitation
Excitation Wavelength Changed: 8/19/2022 12:30:02 PM, Old: 330.00, New: 240.00
Emission Wavelength Changed: 8/19/2022 12:30:02 PM, Old: 340.00, New: 410.00
Stop Wavelength Changed: 8/19/2022 12:30:02 PM, Old: 500.00, New: 400.00
Zero Mode Changed: 8/19/2022 12:30:08 PM, Old:ON, New:Reading
Zero Mode Changed: 8/19/2022 12:30:08 PM, Old:Reading, New:ON
Scan mode: Changed: 8/19/2022 12:30:53 PM, Old:Excitation, New:Emission
Excitation Wavelength Changed: 8/19/2022 12:30:53 PM, Old: 240.00, New: 335.00
Emission Wavelength Changed: 8/19/2022 12:30:53 PM, Old: 410.00, New: 345.00
Stop Wavelength Changed: 8/19/2022 12:30:53 PM, Old: 400.00, New: 600.00
Zero Mode Changed: 8/19/2022 12:30:55 PM, Old:ON, New:Reading
Zero Mode Changed: 8/19/2022 12:30:55 PM, Old:Reading, New:ON
Zero Mode Changed: 8/19/2022 12:34:51 PM, Old:ON, New:Reading
Zero Mode Changed: 8/19/2022 12:34:51 PM, Old:Reading, New:ON
Scan mode: Changed: 8/19/2022 12:35:39 PM, Old:Emission, New:Excitation
Excitation Wavelength Changed: 8/19/2022 12:35:39 PM, Old: 335.00, New: 240.00
Emission Wavelength Changed: 8/19/2022 12:35:39 PM, Old: 345.00, New: 410.00
Stop Wavelength Changed: 8/19/2022 12:35:39 PM, Old: 600.00, New: 400.00
Zero Mode Changed: 8/19/2022 12:35:42 PM, Old:ON, New:Reading
Zero Mode Changed: 8/19/2022 12:35:43 PM, Old:Reading, New:ON
Scan mode: Changed: 8/19/2022 12:36:52 PM, Old:Excitation, New:Emission
Excitation Wavelength Changed: 8/19/2022 12:36:52 PM, Old: 240.00, New: 300.00
Emission Wavelength Changed: 8/19/2022 12:36:52 PM, Old: 410.00, New: 310.00
Stop Wavelength Changed: 8/19/2022 12:36:52 PM, Old: 400.00, New: 600.00
Zero Mode Changed: 8/19/2022 12:36:54 PM, Old:ON, New:Reading
Zero Mode Changed: 8/19/2022 12:36:54 PM, Old:Reading, New:ON
Scan mode: Changed: 8/19/2022 12:37:46 PM, Old:Emission, New:Excitation
Excitation Wavelength Changed: 8/19/2022 12:37:46 PM, Old: 300.00, New: 240.00
Emission Wavelength Changed: 8/19/2022 12:37:46 PM, Old: 310.00, New: 350.00
Stop Wavelength Changed: 8/19/2022 12:37:46 PM, Old: 600.00, New: 340.00
Zero Mode Changed: 8/19/2022 12:37:49 PM, Old:ON, New:Reading
Zero Mode Changed: 8/19/2022 12:37:49 PM, Old:Reading, New:ON
Scan mode: Changed: 8/19/2022 12:38:28 PM, Old:Excitation, New:Emission
Excitation Wavelength Changed: 8/19/2022 12:38:28 PM, Old: 240.00, New: 295.00
Emission Wavelength Changed: 8/19/2022 12:38:28 PM, Old: 350.00, New: 305.00
Stop Wavelength Changed: 8/19/2022 12:38:28 PM, Old: 340.00, New: 550.00
Zero Mode Changed: 8/19/2022 12:38:31 PM, Old:ON, New:Reading
Zero Mode Changed: 8/19/2022 12:38:31 PM, Old:Reading, New:ON
Scan Control Changed: 8/19/2022 12:39:12 PM, Old:Medium, New:Slow
Ave. time (s): Changed: 8/19/2022 12:39:12 PM, Old:0.10000, New:0.50000
Zero Mode Changed: 8/19/2022 12:39:14 PM, Old:ON, New:Reading
Zero Mode Changed: 8/19/2022 12:39:14 PM, Old:Reading, New:ON
Excitation Wavelength Changed: 8/19/2022 12:41:46 PM, Old: 295.00, New: 335.00
Emission Wavelength Changed: 8/19/2022 12:41:46 PM, Old: 305.00, New: 345.00
Stop Wavelength Changed: 8/19/2022 12:41:46 PM, Old: 550.00, New: 600.00
Zero Mode Changed: 8/19/2022 12:41:49 PM, Old:ON, New:Reading
Zero Mode Changed: 8/19/2022 12:41:50 PM, Old:Reading, New:ON
Scan mode: Changed: 8/19/2022 12:46:36 PM, Old:Emission, New:Excitation
Excitation Wavelength Changed: 8/19/2022 12:46:36 PM, Old: 335.00, New: 240.00
Emission Wavelength Changed: 8/19/2022 12:46:36 PM, Old: 345.00, New: 410.00
Stop Wavelength Changed: 8/19/2022 12:46:36 PM, Old: 600.00, New: 400.00
Zero Mode Changed: 8/19/2022 12:46:39 PM, Old:ON, New:Reading
Zero Mode Changed: 8/19/2022 12:46:40 PM, Old:Reading, New:ON
Scan Control Changed: 8/19/2022 12:50:26 PM, Old:Slow, New:Medium
Ave. time (s): Changed: 8/19/2022 12:50:26 PM, Old:0.50000, New:0.10000
Zero Mode Changed: 8/19/2022 12:50:27 PM, Old:ON, New:Reading
Zero Mode Changed: 8/19/2022 12:50:27 PM, Old:Reading, New:ON
Scan mode: Changed: 8/19/2022 12:51:32 PM, Old:Excitation, New:Emission
Excitation Wavelength Changed: 8/19/2022 12:51:32 PM, Old: 240.00, New: 337.00
Emission Wavelength Changed: 8/19/2022 12:51:32 PM, Old: 410.00, New: 347.00
Stop Wavelength Changed: 8/19/2022 12:51:32 PM, Old: 400.00, New: 600.00
Zero Mode Changed: 8/19/2022 12:51:34 PM, Old:ON, New:Reading
Zero Mode Changed: 8/19/2022 12:51:35 PM, Old:Reading, New:ON
Scan mode: Changed: 8/19/2022 12:52:30 PM, Old:Emission, New:Excitation
Excitation Wavelength Changed: 8/19/2022 12:52:30 PM, Old: 337.00, New: 240.00
Emission Wavelength Changed: 8/19/2022 12:52:30 PM, Old: 347.00, New: 415.00
Stop Wavelength Changed: 8/19/2022 12:52:30 PM, Old: 600.00, New: 400.00
Zero Mode Changed: 8/19/2022 12:52:33 PM, Old:ON, New:Reading
Zero Mode Changed: 8/19/2022 12:52:33 PM, Old:Reading, New:ON
Scan mode: Changed: 8/19/2022 12:53:13 PM, Old:Excitation, New:Emission
Excitation Wavelength Changed: 8/19/2022 12:53:13 PM, Old: 240.00, New: 340.00
Emission Wavelength Changed: 8/19/2022 12:53:13 PM, Old: 415.00, New: 350.00
Stop Wavelength Changed: 8/19/2022 12:53:13 PM, Old: 400.00, New: 600.00
Zero Mode Changed: 8/19/2022 12:53:15 PM, Old:ON, New:Reading
Zero Mode Changed: 8/19/2022 12:53:15 PM, Old:Reading, New:ON
Zero Mode Changed: 8/19/2022 12:54:45 PM, Old:ON, New:Reading
Zero Mode Changed: 8/19/2022 12:54:46 PM, Old:Reading, New:ON
Zero Mode Changed: 8/19/2022 12:54:49 PM, Old:ON, New:Reading
Zero Mode Changed: 8/19/2022 12:54:49 PM, Old:Reading, New:ON
Scan Control Changed: 8/19/2022 12:54:51 PM, Old:Medium, New:Slow
Ave. time (s): Changed: 8/19/2022 12:54:51 PM, Old:0.10000, New:0.50000
Zero Mode Changed: 8/19/2022 12:54:55 PM, Old:ON, New:Reading
Zero Mode Changed: 8/19/2022 12:54:56 PM, Old:Reading, New:ON
Scan mode: Changed: 8/19/2022 12:57:28 PM, Old:Emission, New:Excitation
Excitation Wavelength Changed: 8/19/2022 12:57:28 PM, Old: 340.00, New: 240.00
Emission Wavelength Changed: 8/19/2022 12:57:28 PM, Old: 350.00, New: 420.00
Stop Wavelength Changed: 8/19/2022 12:57:28 PM, Old: 600.00, New: 410.00
Zero Mode Changed: 8/19/2022 12:57:31 PM, Old:ON, New:Reading
Zero Mode Changed: 8/19/2022 12:57:31 PM, Old:Reading, New:ON
Scan mode: Changed: 8/19/2022 12:59:36 PM, Old:Excitation, New:Emission
Excitation Wavelength Changed: 8/19/2022 12:59:36 PM, Old: 240.00, New: 295.00
Emission Wavelength Changed: 8/19/2022 12:59:36 PM, Old: 420.00, New: 305.00
Stop Wavelength Changed: 8/19/2022 12:59:36 PM, Old: 410.00, New: 550.00
Scan Control Changed: 8/19/2022 12:59:41 PM, Old:Slow, New:Medium
Ave. time (s): Changed: 8/19/2022 12:59:41 PM, Old:0.50000, New:0.10000
Zero Mode Changed: 8/19/2022 12:59:44 PM, Old:ON, New:Reading
Zero Mode Changed: 8/19/2022 12:59:44 PM, Old:Reading, New:ON
Scan mode: Changed: 8/19/2022 1:00:36 PM, Old:Emission, New:Excitation
Excitation Wavelength Changed: 8/19/2022 1:00:36 PM, Old: 295.00, New: 240.00
Emission Wavelength Changed: 8/19/2022 1:00:36 PM, Old: 305.00, New: 350.00
Stop Wavelength Changed: 8/19/2022 1:00:36 PM, Old: 550.00, New: 340.00
Zero Mode Changed: 8/19/2022 1:00:45 PM, Old:ON, New:Reading
Zero Mode Changed: 8/19/2022 1:00:45 PM, Old:Reading, New:ON
Zero Mode Changed: 8/19/2022 1:01:25 PM, Old:ON, New:Reading
Zero Mode Changed: 8/19/2022 1:01:25 PM, Old:Reading, New:ON
Emission Wavelength Changed: 8/19/2022 1:04:06 PM, Old: 350.00, New: 420.00
Stop Wavelength Changed: 8/19/2022 1:04:06 PM, Old: 340.00, New: 410.00
Zero Mode Changed: 8/19/2022 1:04:08 PM, Old:ON, New:Reading
Zero Mode Changed: 8/19/2022 1:04:08 PM, Old:Reading, New:ON
Scan mode: Changed: 8/19/2022 1:04:55 PM, Old:Excitation, New:Emission
Excitation Wavelength Changed: 8/19/2022 1:04:55 PM, Old: 240.00, New: 330.00
Emission Wavelength Changed: 8/19/2022 1:04:55 PM, Old: 420.00, New: 340.00
Stop Wavelength Changed: 8/19/2022 1:04:55 PM, Old: 410.00, New: 600.00
Zero Mode Changed: 8/19/2022 1:04:56 PM, Old:ON, New:Reading
Zero Mode Changed: 8/19/2022 1:04:57 PM, Old:Reading, New:ON
Scan mode: Changed: 8/19/2022 1:06:34 PM, Old:Emission, New:Excitation
User Delta Stop Changed: 8/19/2022 1:06:34 PM, Old: 450.00, New: 470.00
User Delta Increment Changed: 8/19/2022 1:06:34 PM, Old:  10.00, New:   0.15
Excitation Wavelength Changed: 8/19/2022 1:06:34 PM, Old: 330.00, New: 240.00
Emission Wavelength Changed: 8/19/2022 1:06:34 PM, Old: 340.00, New: 470.00
Stop Wavelength Changed: 8/19/2022 1:06:34 PM, Old: 600.00, New: 460.00
Zero Mode Changed: 8/19/2022 1:06:37 PM, Old:ON, New:Reading
Zero Mode Changed: 8/19/2022 1:06:37 PM, Old:Reading, New:ON
Scan mode: Changed: 8/19/2022 1:07:26 PM, Old:Excitation, New:Emission
Excitation Wavelength Changed: 8/19/2022 1:07:26 PM, Old: 240.00, New: 355.00
Emission Wavelength Changed: 8/19/2022 1:07:26 PM, Old: 470.00, New: 365.00
Stop Wavelength Changed: 8/19/2022 1:07:26 PM, Old: 460.00, New: 600.00
Zero Mode Changed: 8/19/2022 1:07:27 PM, Old:ON, New:Reading
Zero Mode Changed: 8/19/2022 1:07:27 PM, Old:Reading, New:ON
Scan mode: Changed: 8/19/2022 1:08:25 PM, Old:Emission, New:Excitation
User Delta Stop Changed: 8/19/2022 1:08:25 PM, Old: 470.00, New: 520.00
Excitation Wavelength Changed: 8/19/2022 1:08:25 PM, Old: 355.00, New: 270.00
Emission Wavelength Changed: 8/19/2022 1:08:25 PM, Old: 365.00, New: 520.00
Stop Wavelength Changed: 8/19/2022 1:08:25 PM, Old: 600.00, New: 510.00
Zero Mode Changed: 8/19/2022 1:08:29 PM, Old:ON, New:Reading
Zero Mode Changed: 8/19/2022 1:08:29 PM, Old:Reading, New:ON
Scan mode: Changed: 8/19/2022 1:09:40 PM, Old:Excitation, New:Emission
Excitation Wavelength Changed: 8/19/2022 1:09:40 PM, Old: 270.00, New: 345.00
Emission Wavelength Changed: 8/19/2022 1:09:40 PM, Old: 520.00, New: 355.00
Stop Wavelength Changed: 8/19/2022 1:09:40 PM, Old: 510.00, New: 600.00
Zero Mode Changed: 8/19/2022 1:09:42 PM, Old:ON, New:Reading
Zero Mode Changed: 8/19/2022 1:09:43 PM, Old:Reading, New:ON
Scan Control Changed: 8/19/2022 1:12:27 PM, Old:Medium, New:Slow
Ave. time (s): Changed: 8/19/2022 1:12:27 PM, Old:0.10000, New:0.50000
Zero Mode Changed: 8/19/2022 1:12:29 PM, Old:ON, New:Reading
Zero Mode Changed: 8/19/2022 1:12:30 PM, Old:Reading, New:ON
Scan mode: Changed: 8/19/2022 1:15:37 PM, Old:Emission, New:Excitation
Excitation Wavelength Changed: 8/19/2022 1:15:37 PM, Old: 345.00, New: 240.00
Emission Wavelength Changed: 8/19/2022 1:15:37 PM, Old: 355.00, New: 455.00
Stop Wavelength Changed: 8/19/2022 1:15:37 PM, Old: 600.00, New: 445.00
Zero Mode Changed: 8/19/2022 1:15:40 PM, Old:ON, New:Reading
Zero Mode Changed: 8/19/2022 1:15:41 PM, Old:Reading, New:ON
Scan mode: Changed: 8/19/2022 1:19:58 PM, Old:Excitation, New:Emission
Scan Control Changed: 8/19/2022 1:19:58 PM, Old:Slow, New:Medium
Ave. time (s): Changed: 8/19/2022 1:19:58 PM, Old:0.50000, New:0.10000
Excitation Wavelength Changed: 8/19/2022 1:19:58 PM, Old: 240.00, New: 295.00
Emission Wavelength Changed: 8/19/2022 1:19:58 PM, Old: 455.00, New: 305.00
Stop Wavelength Changed: 8/19/2022 1:19:58 PM, Old: 445.00, New: 550.00
Zero Mode Changed: 8/19/2022 1:20:00 PM, Old:ON, New:Reading
Zero Mode Changed: 8/19/2022 1:20:00 PM, Old:Reading, New:ON
Scan mode: Changed: 8/19/2022 12:22:27 PM, Old:Emission, New:Excitation
Excitation Wavelength Changed: 8/19/2022 12:22:27 PM, Old: 295.00, New: 240.00
Emission Wavelength Changed: 8/19/2022 12:22:27 PM, Old: 305.00, New: 350.00
Stop Wavelength Changed: 8/19/2022 12:22:27 PM, Old: 550.00, New: 340.00
Zero Mode Changed: 8/19/2022 12:22:31 PM, Old:ON, New:Reading
Zero Mode Changed: 8/19/2022 12:22:31 PM, Old:Reading, New:ON
Emission Wavelength Changed: 8/19/2022 12:35:02 PM, Old: 350.00, New: 420.00
Stop Wavelength Changed: 8/19/2022 12:35:02 PM, Old: 340.00, New: 410.00
Zero Mode Changed: 8/19/2022 12:35:04 PM, Old:ON, New:Reading
Zero Mode Changed: 8/19/2022 12:35:05 PM, Old:Reading, New:ON
Scan mode: Changed: 8/19/2022 12:36:08 PM, Old:Excitation, New:Emission
Excitation Wavelength Changed: 8/19/2022 12:36:08 PM, Old: 240.00, New: 360.00
Emission Wavelength Changed: 8/19/2022 12:36:08 PM, Old: 420.00, New: 370.00
Stop Wavelength Changed: 8/19/2022 12:36:08 PM, Old: 410.00, New: 700.00
Zero Mode Changed: 8/19/2022 12:36:09 PM, Old:ON, New:Reading
Zero Mode Changed: 8/19/2022 12:36:10 PM, Old:Reading, New:ON
Scan mode: Changed: 8/19/2022 12:37:08 PM, Old:Emission, New:Excitation
Excitation Wavelength Changed: 8/19/2022 12:37:08 PM, Old: 360.00, New: 240.00
Emission Wavelength Changed: 8/19/2022 12:37:08 PM, Old: 370.00, New: 440.00
Stop Wavelength Changed: 8/19/2022 12:37:08 PM, Old: 700.00, New: 430.00
Zero Mode Changed: 8/19/2022 12:37:11 PM, Old:ON, New:Reading
Zero Mode Changed: 8/19/2022 12:37:11 PM, Old:Reading, New:ON
Scan mode: Changed: 8/19/2022 12:38:01 PM, Old:Excitation, New:Emission
Excitation Wavelength Changed: 8/19/2022 12:38:01 PM, Old: 240.00, New: 365.00
Emission Wavelength Changed: 8/19/2022 12:38:01 PM, Old: 440.00, New: 375.00
Stop Wavelength Changed: 8/19/2022 12:38:01 PM, Old: 430.00, New: 700.00
Zero Mode Changed: 8/19/2022 12:38:03 PM, Old:ON, New:Reading
Zero Mode Changed: 8/19/2022 12:38:04 PM, Old:Reading, New:ON
Excitation Wavelength Changed: 8/19/2022 12:38:57 PM, Old: 365.00, New: 370.00
Emission Wavelength Changed: 8/19/2022 12:38:57 PM, Old: 375.00, New: 380.00
Zero Mode Changed: 8/19/2022 12:38:58 PM, Old:ON, New:Reading
Zero Mode Changed: 8/19/2022 12:38:59 PM, Old:Reading, New:ON
Scan mode: Changed: 8/19/2022 12:40:00 PM, Old:Emission, New:Excitation
Excitation Wavelength Changed: 8/19/2022 12:40:00 PM, Old: 370.00, New: 240.00
Emission Wavelength Changed: 8/19/2022 12:40:00 PM, Old: 380.00, New: 512.00
Stop Wavelength Changed: 8/19/2022 12:40:00 PM, Old: 700.00, New: 500.00
Zero Mode Changed: 8/19/2022 12:40:03 PM, Old:ON, New:Reading
Zero Mode Changed: 8/19/2022 12:40:04 PM, Old:Reading, New:ON
Scan mode: Changed: 8/19/2022 12:40:57 PM, Old:Excitation, New:Emission
Excitation Wavelength Changed: 8/19/2022 12:40:57 PM, Old: 240.00, New: 400.00
Emission Wavelength Changed: 8/19/2022 12:40:57 PM, Old: 512.00, New: 410.00
Stop Wavelength Changed: 8/19/2022 12:40:57 PM, Old: 500.00, New: 700.00
Zero Mode Changed: 8/19/2022 12:40:59 PM, Old:ON, New:Reading
Zero Mode Changed: 8/19/2022 12:41:00 PM, Old:Reading, New:ON
Scan mode: Changed: 8/19/2022 12:41:45 PM, Old:Emission, New:Excitation
Excitation Wavelength Changed: 8/19/2022 12:41:45 PM, Old: 400.00, New: 240.00
Emission Wavelength Changed: 8/19/2022 12:41:45 PM, Old: 410.00, New: 515.00
Stop Wavelength Changed: 8/19/2022 12:41:45 PM, Old: 700.00, New: 505.00
Zero Mode Changed: 8/19/2022 12:41:48 PM, Old:ON, New:Reading
Zero Mode Changed: 8/19/2022 12:41:49 PM, Old:Reading, New:ON
Emission Wavelength Changed: 8/19/2022 12:42:40 PM, Old: 515.00, New: 435.00
Stop Wavelength Changed: 8/19/2022 12:42:40 PM, Old: 505.00, New: 425.00
Zero Mode Changed: 8/19/2022 12:42:43 PM, Old:ON, New:Reading
Zero Mode Changed: 8/19/2022 12:42:43 PM, Old:Reading, New:ON
Scan mode: Changed: 8/19/2022 12:43:33 PM, Old:Excitation, New:Emission
Excitation Wavelength Changed: 8/19/2022 12:43:33 PM, Old: 240.00, New: 295.00
Emission Wavelength Changed: 8/19/2022 12:43:33 PM, Old: 435.00, New: 305.00
Stop Wavelength Changed: 8/19/2022 12:43:33 PM, Old: 425.00, New: 550.00
Zero Mode Changed: 8/19/2022 12:43:35 PM, Old:ON, New:Reading
Zero Mode Changed: 8/19/2022 12:43:35 PM, Old:Reading, New:ON
Scan mode: Changed: 8/19/2022 12:44:33 PM, Old:Emission, New:Excitation
Excitation Wavelength Changed: 8/19/2022 12:44:33 PM, Old: 295.00, New: 240.00
Emission Wavelength Changed: 8/19/2022 12:44:33 PM, Old: 305.00, New: 400.00
Stop Wavelength Changed: 8/19/2022 12:44:33 PM, Old: 550.00, New: 390.00
Zero Mode Changed: 8/19/2022 12:44:36 PM, Old:ON, New:Reading
Zero Mode Changed: 8/19/2022 12:44:37 PM, Old:Reading, New:ON
Scan mode: Changed: 8/19/2022 12:45:20 PM, Old:Excitation, New:Emission
Excitation Wavelength Changed: 8/19/2022 12:45:20 PM, Old: 240.00, New: 340.00
Emission Wavelength Changed: 8/19/2022 12:45:20 PM, Old: 400.00, New: 350.00
Stop Wavelength Changed: 8/19/2022 12:45:20 PM, Old: 390.00, New: 650.00
Zero Mode Changed: 8/19/2022 12:45:22 PM, Old:ON, New:Reading
Zero Mode Changed: 8/19/2022 12:45:22 PM, Old:Reading, New:ON
Scan mode: Changed: 8/19/2022 12:46:17 PM, Old:Emission, New:Excitation
Excitation Wavelength Changed: 8/19/2022 12:46:17 PM, Old: 340.00, New: 240.00
Emission Wavelength Changed: 8/19/2022 12:46:17 PM, Old: 350.00, New: 425.00
Stop Wavelength Changed: 8/19/2022 12:46:17 PM, Old: 650.00, New: 415.00
Zero Mode Changed: 8/19/2022 12:46:20 PM, Old:ON, New:Reading
Zero Mode Changed: 8/19/2022 12:46:21 PM, Old:Reading, New:ON
Scan mode: Changed: 8/19/2022 12:47:03 PM, Old:Excitation, New:Emission
Excitation Wavelength Changed: 8/19/2022 12:47:03 PM, Old: 240.00, New: 385.00
Emission Wavelength Changed: 8/19/2022 12:47:03 PM, Old: 425.00, New: 395.00
Stop Wavelength Changed: 8/19/2022 12:47:03 PM, Old: 415.00, New: 700.00
Zero Mode Changed: 8/19/2022 12:47:05 PM, Old:ON, New:Reading
Zero Mode Changed: 8/19/2022 12:47:05 PM, Old:Reading, New:ON
Excitation Wavelength Changed: 8/19/2022 12:47:56 PM, Old: 385.00, New: 365.00
Emission Wavelength Changed: 8/19/2022 12:47:56 PM, Old: 395.00, New: 375.00
Zero Mode Changed: 8/19/2022 12:47:59 PM, Old:ON, New:Reading
Zero Mode Changed: 8/19/2022 12:47:59 PM, Old:Reading, New:ON
3-D Mode Changed: 8/19/2022 12:50:41 PM, Old:OFF, New:ON
User Delta Stop Changed: 8/19/2022 12:50:41 PM, Old: 520.00, New: 400.00
User Delta Increment Changed: 8/19/2022 12:50:41 PM, Old:   0.15, New:   5.00
Excitation Wavelength Changed: 8/19/2022 12:50:41 PM, Old: 365.00, New: 330.00
Emission Wavelength Changed: 8/19/2022 12:50:41 PM, Old: 375.00, New: 410.00
Zero Mode Changed: 8/19/2022 12:50:43 PM, Old:ON, New:Reading
Zero Mode Changed: 8/19/2022 12:50:43 PM, Old:Reading, New:ON
Excitation Wavelength Changed: 8/19/2022 12:51:25 PM, Old: 330.00, New: 335.00
Excitation Wavelength Changed: 8/19/2022 12:51:55 PM, Old: 335.00, New: 340.00
Excitation Wavelength Changed: 8/19/2022 12:52:25 PM, Old: 340.00, New: 345.00
Excitation Wavelength Changed: 8/19/2022 12:52:55 PM, Old: 345.00, New: 350.00
Excitation Wavelength Changed: 8/19/2022 12:53:25 PM, Old: 350.00, New: 355.00
Excitation Wavelength Changed: 8/19/2022 12:53:55 PM, Old: 355.00, New: 360.00
Excitation Wavelength Changed: 8/19/2022 12:54:26 PM, Old: 360.00, New: 365.00
Excitation Wavelength Changed: 8/19/2022 12:54:56 PM, Old: 365.00, New: 370.00
Excitation Wavelength Changed: 8/19/2022 12:55:26 PM, Old: 370.00, New: 375.00
Excitation Wavelength Changed: 8/19/2022 12:55:56 PM, Old: 375.00, New: 380.00
Excitation Wavelength Changed: 8/19/2022 12:56:26 PM, Old: 380.00, New: 385.00
Excitation Wavelength Changed: 8/19/2022 12:56:56 PM, Old: 385.00, New: 390.00
Excitation Wavelength Changed: 8/19/2022 12:57:27 PM, Old: 390.00, New: 395.00
Excitation Wavelength Changed: 8/19/2022 12:57:57 PM, Old: 395.00, New: 400.00
Excitation Wavelength Changed: 8/19/2022 12:58:27 PM, Old: 400.00, New: 330.00
Excitation Wavelength Changed: 8/19/2022 1:09:07 PM, Old: 330.00, New: 295.00
Emission Wavelength Changed: 8/19/2022 1:09:07 PM, Old: 410.00, New: 305.00
Stop Wavelength Changed: 8/19/2022 1:09:07 PM, Old: 700.00, New: 550.00
Zero Mode Changed: 8/19/2022 1:09:08 PM, Old:ON, New:Reading
Zero Mode Changed: 8/19/2022 1:09:08 PM, Old:Reading, New:ON
Excitation Wavelength Changed: 8/19/2022 1:09:59 PM, Old: 295.00, New: 300.00
Excitation Wavelength Changed: 8/19/2022 1:10:08 PM, Old: 300.00, New: 305.00
3-D Mode Changed: 8/19/2022 1:10:15 PM, Old:ON, New:OFF
Excitation Wavelength Changed: 8/19/2022 1:10:15 PM, Old: 305.00, New: 295.00
Zero Mode Changed: 8/19/2022 1:10:16 PM, Old:ON, New:Reading
Zero Mode Changed: 8/19/2022 1:10:17 PM, Old:Reading, New:ON
Scan mode: Changed: 8/19/2022 1:10:57 PM, Old:Emission, New:Excitation
User Delta Increment Changed: 8/19/2022 1:10:57 PM, Old:   5.00, New:   0.15
Excitation Wavelength Changed: 8/19/2022 1:10:57 PM, Old: 295.00, New: 240.00
Emission Wavelength Changed: 8/19/2022 1:10:57 PM, Old: 305.00, New: 400.00
Stop Wavelength Changed: 8/19/2022 1:10:57 PM, Old: 550.00, New: 390.00
Zero Mode Changed: 8/19/2022 1:11:03 PM, Old:ON, New:Reading
Zero Mode Changed: 8/19/2022 1:11:03 PM, Old:Reading, New:ON
Scan mode: Changed: 8/19/2022 1:11:48 PM, Old:Excitation, New:Emission
Excitation Wavelength Changed: 8/19/2022 1:11:48 PM, Old: 240.00, New: 330.00
Emission Wavelength Changed: 8/19/2022 1:11:48 PM, Old: 400.00, New: 340.00
Stop Wavelength Changed: 8/19/2022 1:11:48 PM, Old: 390.00, New: 600.00
Zero Mode Changed: 8/19/2022 1:11:50 PM, Old:ON, New:Reading
Zero Mode Changed: 8/19/2022 1:11:51 PM, Old:Reading, New:ON
Scan mode: Changed: 8/19/2022 1:12:42 PM, Old:Emission, New:Excitation
Excitation Wavelength Changed: 8/19/2022 1:12:42 PM, Old: 330.00, New: 220.00
Emission Wavelength Changed: 8/19/2022 1:12:42 PM, Old: 340.00, New: 400.00
Stop Wavelength Changed: 8/19/2022 1:12:42 PM, Old: 600.00, New: 390.00
Zero Mode Changed: 8/19/2022 1:12:45 PM, Old:ON, New:Reading
Zero Mode Changed: 8/19/2022 1:12:46 PM, Old:Reading, New:ON
Excitation Wavelength Changed: 8/19/2022 1:13:19 PM, Old: 220.00, New: 290.00
Zero Mode Changed: 8/19/2022 1:13:21 PM, Old:ON, New:Reading
Zero Mode Changed: 8/19/2022 1:13:21 PM, Old:Reading, New:ON
Scan mode: Changed: 8/19/2022 1:14:02 PM, Old:Excitation, New:Emission
Excitation Wavelength Changed: 8/19/2022 1:14:02 PM, Old: 290.00, New: 260.00
Emission Wavelength Changed: 8/19/2022 1:14:02 PM, Old: 400.00, New: 270.00
Stop Wavelength Changed: 8/19/2022 1:14:02 PM, Old: 390.00, New: 500.00
Zero Mode Changed: 8/19/2022 1:14:05 PM, Old:ON, New:Reading
Zero Mode Changed: 8/19/2022 1:14:05 PM, Old:Reading, New:ON
3-D Mode Changed: 8/19/2022 1:15:52 PM, Old:OFF, New:ON
User Delta Stop Changed: 8/19/2022 1:15:52 PM, Old: 400.00, New: 330.00
User Delta Increment Changed: 8/19/2022 1:15:52 PM, Old:   0.15, New:   5.00
Emission Wavelength Changed: 8/19/2022 1:15:52 PM, Old: 270.00, New: 340.00
Zero Mode Changed: 8/19/2022 1:15:53 PM, Old:ON, New:Reading
Zero Mode Changed: 8/19/2022 1:15:53 PM, Old:Reading, New:ON
Excitation Wavelength Changed: 8/19/2022 1:16:21 PM, Old: 260.00, New: 265.00
Excitation Wavelength Changed: 8/19/2022 1:16:38 PM, Old: 265.00, New: 270.00
Excitation Wavelength Changed: 8/19/2022 1:16:55 PM, Old: 270.00, New: 275.00
Excitation Wavelength Changed: 8/19/2022 1:17:12 PM, Old: 275.00, New: 280.00
Excitation Wavelength Changed: 8/19/2022 1:17:29 PM, Old: 280.00, New: 285.00
Excitation Wavelength Changed: 8/19/2022 1:17:46 PM, Old: 285.00, New: 290.00
Excitation Wavelength Changed: 8/19/2022 1:18:03 PM, Old: 290.00, New: 295.00
Excitation Wavelength Changed: 8/19/2022 1:18:19 PM, Old: 295.00, New: 300.00
Excitation Wavelength Changed: 8/19/2022 1:18:36 PM, Old: 300.00, New: 305.00
Excitation Wavelength Changed: 8/19/2022 1:18:53 PM, Old: 305.00, New: 310.00
Excitation Wavelength Changed: 8/19/2022 1:18:56 PM, Old: 310.00, New: 315.00
Excitation Wavelength Changed: 8/19/2022 12:21:52 PM, Old: 315.00, New: 295.00
Emission Wavelength Changed: 8/19/2022 12:21:52 PM, Old: 340.00, New: 305.00
Stop Wavelength Changed: 8/19/2022 12:21:52 PM, Old: 500.00, New: 550.00
Zero Mode Changed: 8/19/2022 12:21:54 PM, Old:ON, New:Reading
Zero Mode Changed: 8/19/2022 12:21:54 PM, Old:Reading, New:ON
3-D Mode Changed: 8/19/2022 12:22:09 PM, Old:ON, New:OFF
Zero Mode Changed: 8/19/2022 12:22:11 PM, Old:ON, New:Reading
Zero Mode Changed: 8/19/2022 12:22:11 PM, Old:Reading, New:ON
Scan mode: Changed: 8/19/2022 12:23:09 PM, Old:Emission, New:Excitation
User Delta Stop Changed: 8/19/2022 12:23:09 PM, Old: 330.00, New: 370.00
User Delta Increment Changed: 8/19/2022 12:23:09 PM, Old:   5.00, New:   0.15
Excitation Wavelength Changed: 8/19/2022 12:23:09 PM, Old: 295.00, New: 240.00
Emission Wavelength Changed: 8/19/2022 12:23:09 PM, Old: 305.00, New: 370.00
Stop Wavelength Changed: 8/19/2022 12:23:09 PM, Old: 550.00, New: 360.00
Zero Mode Changed: 8/19/2022 12:23:12 PM, Old:ON, New:Reading
Zero Mode Changed: 8/19/2022 12:23:12 PM, Old:Reading, New:ON
Scan mode: Changed: 8/19/2022 12:23:53 PM, Old:Excitation, New:Emission
Excitation Wavelength Changed: 8/19/2022 12:23:53 PM, Old: 240.00, New: 320.00
Emission Wavelength Changed: 8/19/2022 12:23:53 PM, Old: 370.00, New: 330.00
Stop Wavelength Changed: 8/19/2022 12:23:53 PM, Old: 360.00, New: 650.00
Zero Mode Changed: 8/19/2022 12:23:56 PM, Old:ON, New:Reading
Zero Mode Changed: 8/19/2022 12:23:56 PM, Old:Reading, New:ON
Scan mode: Changed: 8/19/2022 12:25:02 PM, Old:Emission, New:Excitation
User Delta Stop Changed: 8/19/2022 12:25:02 PM, Old: 370.00, New: 520.00
Excitation Wavelength Changed: 8/19/2022 12:25:02 PM, Old: 320.00, New: 270.00
Emission Wavelength Changed: 8/19/2022 12:25:02 PM, Old: 330.00, New: 520.00
Stop Wavelength Changed: 8/19/2022 12:25:02 PM, Old: 650.00, New: 510.00
Zero Mode Changed: 8/19/2022 12:25:06 PM, Old:ON, New:Reading
Zero Mode Changed: 8/19/2022 12:25:06 PM, Old:Reading, New:ON
Scan mode: Changed: 8/19/2022 12:26:34 PM, Old:Excitation, New:Emission
Excitation Wavelength Changed: 8/19/2022 12:26:34 PM, Old: 270.00, New: 380.00
Emission Wavelength Changed: 8/19/2022 12:26:34 PM, Old: 520.00, New: 390.00
Stop Wavelength Changed: 8/19/2022 12:26:34 PM, Old: 510.00, New: 700.00
Zero Mode Changed: 8/19/2022 12:26:36 PM, Old:ON, New:Reading
Zero Mode Changed: 8/19/2022 12:26:36 PM, Old:Reading, New:ON
Scan mode: Changed: 8/19/2022 12:27:28 PM, Old:Emission, New:Excitation
Excitation Wavelength Changed: 8/19/2022 12:27:28 PM, Old: 380.00, New: 240.00
Emission Wavelength Changed: 8/19/2022 12:27:28 PM, Old: 390.00, New: 395.00
Stop Wavelength Changed: 8/19/2022 12:27:28 PM, Old: 700.00, New: 385.00
Zero Mode Changed: 8/19/2022 12:27:32 PM, Old:ON, New:Reading
Zero Mode Changed: 8/19/2022 12:27:32 PM, Old:Reading, New:ON
Emission Wavelength Changed: 8/19/2022 12:27:46 PM, Old: 395.00, New: 390.00
Stop Wavelength Changed: 8/19/2022 12:27:46 PM, Old: 385.00, New: 380.00
Zero Mode Changed: 8/19/2022 12:27:47 PM, Old:ON, New:Reading
Zero Mode Changed: 8/19/2022 12:27:47 PM, Old:Reading, New:ON
Scan mode: Changed: 8/19/2022 12:28:31 PM, Old:Excitation, New:Emission
Excitation Wavelength Changed: 8/19/2022 12:28:31 PM, Old: 240.00, New: 330.00
Emission Wavelength Changed: 8/19/2022 12:28:31 PM, Old: 390.00, New: 340.00
Stop Wavelength Changed: 8/19/2022 12:28:31 PM, Old: 380.00, New: 700.00
Zero Mode Changed: 8/19/2022 12:28:32 PM, Old:ON, New:Reading
Zero Mode Changed: 8/19/2022 12:28:33 PM, Old:Reading, New:ON
Scan mode: Changed: 8/19/2022 12:29:35 PM, Old:Emission, New:Excitation
Excitation Wavelength Changed: 8/19/2022 12:29:35 PM, Old: 330.00, New: 240.00
Emission Wavelength Changed: 8/19/2022 12:29:35 PM, Old: 340.00, New: 405.00
Stop Wavelength Changed: 8/19/2022 12:29:35 PM, Old: 700.00, New: 395.00
Zero Mode Changed: 8/19/2022 12:29:38 PM, Old:ON, New:Reading
Zero Mode Changed: 8/19/2022 12:29:38 PM, Old:Reading, New:ON
Scan mode: Changed: 8/19/2022 12:30:37 PM, Old:Excitation, New:Emission
Excitation Wavelength Changed: 8/19/2022 12:30:37 PM, Old: 240.00, New: 335.00
Emission Wavelength Changed: 8/19/2022 12:30:37 PM, Old: 405.00, New: 345.00
Stop Wavelength Changed: 8/19/2022 12:30:37 PM, Old: 395.00, New: 650.00
Zero Mode Changed: 8/19/2022 12:30:39 PM, Old:ON, New:Reading
Zero Mode Changed: 8/19/2022 12:30:39 PM, Old:Reading, New:ON
Scan mode: Changed: 8/19/2022 12:31:30 PM, Old:Emission, New:Excitation
Excitation Wavelength Changed: 8/19/2022 12:31:30 PM, Old: 335.00, New: 240.00
Emission Wavelength Changed: 8/19/2022 12:31:30 PM, Old: 345.00, New: 410.00
Stop Wavelength Changed: 8/19/2022 12:31:30 PM, Old: 650.00, New: 400.00
Zero Mode Changed: 8/19/2022 12:31:33 PM, Old:ON, New:Reading
Zero Mode Changed: 8/19/2022 12:31:34 PM, Old:Reading, New:ON
Emission Wavelength Changed: 8/19/2022 12:32:09 PM, Old: 410.00, New: 420.00
Stop Wavelength Changed: 8/19/2022 12:32:09 PM, Old: 400.00, New: 410.00
Zero Mode Changed: 8/19/2022 12:32:11 PM, Old:ON, New:Reading
Zero Mode Changed: 8/19/2022 12:32:12 PM, Old:Reading, New:ON
Emission Wavelength Changed: 8/19/2022 12:32:51 PM, Old: 420.00, New: 415.00
Stop Wavelength Changed: 8/19/2022 12:32:51 PM, Old: 410.00, New: 405.00
Zero Mode Changed: 8/19/2022 12:32:56 PM, Old:ON, New:Reading
Zero Mode Changed: 8/19/2022 12:32:56 PM, Old:Reading, New:ON
3-D Mode Changed: 8/19/2022 12:36:08 PM, Old:OFF, New:ON
User Delta Stop Changed: 8/19/2022 12:36:08 PM, Old: 520.00, New: 430.00
Emission Wavelength Changed: 8/19/2022 12:36:08 PM, Old: 415.00, New: 400.00
Stop Wavelength Changed: 8/19/2022 12:36:08 PM, Old: 405.00, New: 390.00
Zero Mode Changed: 8/19/2022 12:36:20 PM, Old:ON, New:Reading
Zero Mode Changed: 8/19/2022 12:36:20 PM, Old:Reading, New:ON
Emission Wavelength Changed: 8/19/2022 12:37:00 PM, Old: 400.00, New: 400.15
Emission Wavelength Changed: 8/19/2022 12:37:20 PM, Old: 400.15, New: 400.30
Emission Wavelength Changed: 8/19/2022 12:37:26 PM, Old: 400.30, New: 400.45
Scan mode: Changed: 8/19/2022 12:38:08 PM, Old:Excitation, New:Emission
3-D Mode Changed: 8/19/2022 12:38:08 PM, Old:ON, New:OFF
User Delta Increment Changed: 8/19/2022 12:38:08 PM, Old:   0.15, New:   5.00
Excitation Wavelength Changed: 8/19/2022 12:38:08 PM, Old: 240.00, New: 295.00
Emission Wavelength Changed: 8/19/2022 12:38:08 PM, Old: 400.45, New: 305.00
Stop Wavelength Changed: 8/19/2022 12:38:08 PM, Old: 390.00, New: 550.00
Zero Mode Changed: 8/19/2022 12:38:09 PM, Old:ON, New:Reading
Zero Mode Changed: 8/19/2022 12:38:10 PM, Old:Reading, New:ON
Ex. Slit Width (nm): Changed: 8/19/2022 12:39:13 PM, Old:5, New:10
Excitation Wavelength Changed: 8/19/2022 12:39:13 PM, Old: 295.00, New: 340.00
Emission Wavelength Changed: 8/19/2022 12:39:13 PM, Old: 305.00, New: 350.00
Stop Wavelength Changed: 8/19/2022 12:39:13 PM, Old: 550.00, New: 650.00
Zero Mode Changed: 8/19/2022 12:39:13 PM, Old:ON, New:OFF
Zero Mode Changed: 8/19/2022 12:39:15 PM, Old:OFF, New:Reading
Zero Mode Changed: 8/19/2022 12:39:15 PM, Old:Reading, New:ON
End Method Modifications

CdSe 180sec ex455,
CdSe 180sec ex455
Collection Time: 8/19/2022 12:41:59 PM
Operator Name  :
Scan Software Version: 1.1(132)
Parameter List :
Instrument                        Cary Eclipse
Instrument Serial Number          E08013467
Data mode                         Fluorescence
Scan mode                         Emission
X Mode                            Wavelength (nm)
Start (nm)                        465.00
Stop (nm)                         700.00
Ex. Wavelength (nm)               455.00
Ex. Slit (nm)                     5
Em. Slit (nm)                     5
Scan rate (nm/min)                600.00
Data interval (nm)                1.0000
Averaging Time (s)                0.1000
Excitation filter                 Auto
Emission filter                   Open
PMT voltage (V)                   Medium
Corrected spectra                 OFF
Method Log     :
Method Name    : Default
Date/Time stamp: 8/19/2022 12:23:28 PM
Method Modifications:
Overlayed Graphs Changed: 8/19/2022 12:24:53 PM, Old:OFF, New:ON
Y max Changed: 8/19/2022 12:24:53 PM, Old:  1000.0000, New:   300.0000
Excitation Wavelength Changed: 8/19/2022 12:27:20 PM, Old: 350.00, New: 300.00
Emission Wavelength Changed: 8/19/2022 12:27:20 PM, Old: 400.00, New: 310.00
Stop Wavelength Changed: 8/19/2022 12:27:20 PM, Old: 600.00, New: 500.00
Zero Mode Changed: 8/19/2022 12:27:22 PM, Old:OFF, New:Reading
Zero Mode Changed: 8/19/2022 12:27:22 PM, Old:Reading, New:ON
Scan mode: Changed: 8/19/2022 12:28:28 PM, Old:Emission, New:Excitation
Excitation Wavelength Changed: 8/19/2022 12:28:28 PM, Old: 300.00, New: 240.00
Emission Wavelength Changed: 8/19/2022 12:28:28 PM, Old: 310.00, New: 400.00
Stop Wavelength Changed: 8/19/2022 12:28:28 PM, Old: 500.00, New: 390.00
Zero Mode Changed: 8/19/2022 12:28:31 PM, Old:ON, New:Reading
Zero Mode Changed: 8/19/2022 12:28:31 PM, Old:Reading, New:ON
Scan mode: Changed: 8/19/2022 12:29:17 PM, Old:Excitation, New:Emission
Excitation Wavelength Changed: 8/19/2022 12:29:17 PM, Old: 240.00, New: 330.00
Emission Wavelength Changed: 8/19/2022 12:29:17 PM, Old: 400.00, New: 340.00
Stop Wavelength Changed: 8/19/2022 12:29:17 PM, Old: 390.00, New: 500.00
Zero Mode Changed: 8/19/2022 12:29:19 PM, Old:ON, New:Reading
Zero Mode Changed: 8/19/2022 12:29:19 PM, Old:Reading, New:ON
Scan mode: Changed: 8/19/2022 12:30:02 PM, Old:Emission, New:Excitation
Excitation Wavelength Changed: 8/19/2022 12:30:02 PM, Old: 330.00, New: 240.00
Emission Wavelength Changed: 8/19/2022 12:30:02 PM, Old: 340.00, New: 410.00
Stop Wavelength Changed: 8/19/2022 12:30:02 PM, Old: 500.00, New: 400.00
Zero Mode Changed: 8/19/2022 12:30:08 PM, Old:ON, New:Reading
Zero Mode Changed: 8/19/2022 12:30:08 PM, Old:Reading, New:ON
Scan mode: Changed: 8/19/2022 12:30:53 PM, Old:Excitation, New:Emission
Excitation Wavelength Changed: 8/19/2022 12:30:53 PM, Old: 240.00, New: 335.00
Emission Wavelength Changed: 8/19/2022 12:30:53 PM, Old: 410.00, New: 345.00
Stop Wavelength Changed: 8/19/2022 12:30:53 PM, Old: 400.00, New: 600.00
Zero Mode Changed: 8/19/2022 12:30:55 PM, Old:ON, New:Reading
Zero Mode Changed: 8/19/2022 12:30:55 PM, Old:Reading, New:ON
Zero Mode Changed: 8/19/2022 12:34:51 PM, Old:ON, New:Reading
Zero Mode Changed: 8/19/2022 12:34:51 PM, Old:Reading, New:ON
Scan mode: Changed: 8/19/2022 12:35:39 PM, Old:Emission, New:Excitation
Excitation Wavelength Changed: 8/19/2022 12:35:39 PM, Old: 335.00, New: 240.00
Emission Wavelength Changed: 8/19/2022 12:35:39 PM, Old: 345.00, New: 410.00
Stop Wavelength Changed: 8/19/2022 12:35:39 PM, Old: 600.00, New: 400.00
Zero Mode Changed: 8/19/2022 12:35:42 PM, Old:ON, New:Reading
Zero Mode Changed: 8/19/2022 12:35:43 PM, Old:Reading, New:ON
Scan mode: Changed: 8/19/2022 12:36:52 PM, Old:Excitation, New:Emission
Excitation Wavelength Changed: 8/19/2022 12:36:52 PM, Old: 240.00, New: 300.00
Emission Wavelength Changed: 8/19/2022 12:36:52 PM, Old: 410.00, New: 310.00
Stop Wavelength Changed: 8/19/2022 12:36:52 PM, Old: 400.00, New: 600.00
Zero Mode Changed: 8/19/2022 12:36:54 PM, Old:ON, New:Reading
Zero Mode Changed: 8/19/2022 12:36:54 PM, Old:Reading, New:ON
Scan mode: Changed: 8/19/2022 12:37:46 PM, Old:Emission, New:Excitation
Excitation Wavelength Changed: 8/19/2022 12:37:46 PM, Old: 300.00, New: 240.00
Emission Wavelength Changed: 8/19/2022 12:37:46 PM, Old: 310.00, New: 350.00
Stop Wavelength Changed: 8/19/2022 12:37:46 PM, Old: 600.00, New: 340.00
Zero Mode Changed: 8/19/2022 12:37:49 PM, Old:ON, New:Reading
Zero Mode Changed: 8/19/2022 12:37:49 PM, Old:Reading, New:ON
Scan mode: Changed: 8/19/2022 12:38:28 PM, Old:Excitation, New:Emission
Excitation Wavelength Changed: 8/19/2022 12:38:28 PM, Old: 240.00, New: 295.00
Emission Wavelength Changed: 8/19/2022 12:38:28 PM, Old: 350.00, New: 305.00
Stop Wavelength Changed: 8/19/2022 12:38:28 PM, Old: 340.00, New: 550.00
Zero Mode Changed: 8/19/2022 12:38:31 PM, Old:ON, New:Reading
Zero Mode Changed: 8/19/2022 12:38:31 PM, Old:Reading, New:ON
Scan Control Changed: 8/19/2022 12:39:12 PM, Old:Medium, New:Slow
Ave. time (s): Changed: 8/19/2022 12:39:12 PM, Old:0.10000, New:0.50000
Zero Mode Changed: 8/19/2022 12:39:14 PM, Old:ON, New:Reading
Zero Mode Changed: 8/19/2022 12:39:14 PM, Old:Reading, New:ON
Excitation Wavelength Changed: 8/19/2022 12:41:46 PM, Old: 295.00, New: 335.00
Emission Wavelength Changed: 8/19/2022 12:41:46 PM, Old: 305.00, New: 345.00
Stop Wavelength Changed: 8/19/2022 12:41:46 PM, Old: 550.00, New: 600.00
Zero Mode Changed: 8/19/2022 12:41:49 PM, Old:ON, New:Reading
Zero Mode Changed: 8/19/2022 12:41:50 PM, Old:Reading, New:ON
Scan mode: Changed: 8/19/2022 12:46:36 PM, Old:Emission, New:Excitation
Excitation Wavelength Changed: 8/19/2022 12:46:36 PM, Old: 335.00, New: 240.00
Emission Wavelength Changed: 8/19/2022 12:46:36 PM, Old: 345.00, New: 410.00
Stop Wavelength Changed: 8/19/2022 12:46:36 PM, Old: 600.00, New: 400.00
Zero Mode Changed: 8/19/2022 12:46:39 PM, Old:ON, New:Reading
Zero Mode Changed: 8/19/2022 12:46:40 PM, Old:Reading, New:ON
Scan Control Changed: 8/19/2022 12:50:26 PM, Old:Slow, New:Medium
Ave. time (s): Changed: 8/19/2022 12:50:26 PM, Old:0.50000, New:0.10000
Zero Mode Changed: 8/19/2022 12:50:27 PM, Old:ON, New:Reading
Zero Mode Changed: 8/19/2022 12:50:27 PM, Old:Reading, New:ON
Scan mode: Changed: 8/19/2022 12:51:32 PM, Old:Excitation, New:Emission
Excitation Wavelength Changed: 8/19/2022 12:51:32 PM, Old: 240.00, New: 337.00
Emission Wavelength Changed: 8/19/2022 12:51:32 PM, Old: 410.00, New: 347.00
Stop Wavelength Changed: 8/19/2022 12:51:32 PM, Old: 400.00, New: 600.00
Zero Mode Changed: 8/19/2022 12:51:34 PM, Old:ON, New:Reading
Zero Mode Changed: 8/19/2022 12:51:35 PM, Old:Reading, New:ON
Scan mode: Changed: 8/19/2022 12:52:30 PM, Old:Emission, New:Excitation
Excitation Wavelength Changed: 8/19/2022 12:52:30 PM, Old: 337.00, New: 240.00
Emission Wavelength Changed: 8/19/2022 12:52:30 PM, Old: 347.00, New: 415.00
Stop Wavelength Changed: 8/19/2022 12:52:30 PM, Old: 600.00, New: 400.00
Zero Mode Changed: 8/19/2022 12:52:33 PM, Old:ON, New:Reading
Zero Mode Changed: 8/19/2022 12:52:33 PM, Old:Reading, New:ON
Scan mode: Changed: 8/19/2022 12:53:13 PM, Old:Excitation, New:Emission
Excitation Wavelength Changed: 8/19/2022 12:53:13 PM, Old: 240.00, New: 340.00
Emission Wavelength Changed: 8/19/2022 12:53:13 PM, Old: 415.00, New: 350.00
Stop Wavelength Changed: 8/19/2022 12:53:13 PM, Old: 400.00, New: 600.00
Zero Mode Changed: 8/19/2022 12:53:15 PM, Old:ON, New:Reading
Zero Mode Changed: 8/19/2022 12:53:15 PM, Old:Reading, New:ON
Zero Mode Changed: 8/19/2022 12:54:45 PM, Old:ON, New:Reading
Zero Mode Changed: 8/19/2022 12:54:46 PM, Old:Reading, New:ON
Zero Mode Changed: 8/19/2022 12:54:49 PM, Old:ON, New:Reading
Zero Mode Changed: 8/19/2022 12:54:49 PM, Old:Reading, New:ON
Scan Control Changed: 8/19/2022 12:54:51 PM, Old:Medium, New:Slow
Ave. time (s): Changed: 8/19/2022 12:54:51 PM, Old:0.10000, New:0.50000
Zero Mode Changed: 8/19/2022 12:54:55 PM, Old:ON, New:Reading
Zero Mode Changed: 8/19/2022 12:54:56 PM, Old:Reading, New:ON
Scan mode: Changed: 8/19/2022 12:57:28 PM, Old:Emission, New:Excitation
Excitation Wavelength Changed: 8/19/2022 12:57:28 PM, Old: 340.00, New: 240.00
Emission Wavelength Changed: 8/19/2022 12:57:28 PM, Old: 350.00, New: 420.00
Stop Wavelength Changed: 8/19/2022 12:57:28 PM, Old: 600.00, New: 410.00
Zero Mode Changed: 8/19/2022 12:57:31 PM, Old:ON, New:Reading
Zero Mode Changed: 8/19/2022 12:57:31 PM, Old:Reading, New:ON
Scan mode: Changed: 8/19/2022 12:59:36 PM, Old:Excitation, New:Emission
Excitation Wavelength Changed: 8/19/2022 12:59:36 PM, Old: 240.00, New: 295.00
Emission Wavelength Changed: 8/19/2022 12:59:36 PM, Old: 420.00, New: 305.00
Stop Wavelength Changed: 8/19/2022 12:59:36 PM, Old: 410.00, New: 550.00
Scan Control Changed: 8/19/2022 12:59:41 PM, Old:Slow, New:Medium
Ave. time (s): Changed: 8/19/2022 12:59:41 PM, Old:0.50000, New:0.10000
Zero Mode Changed: 8/19/2022 12:59:44 PM, Old:ON, New:Reading
Zero Mode Changed: 8/19/2022 12:59:44 PM, Old:Reading, New:ON
Scan mode: Changed: 8/19/2022 1:00:36 PM, Old:Emission, New:Excitation
Excitation Wavelength Changed: 8/19/2022 1:00:36 PM, Old: 295.00, New: 240.00
Emission Wavelength Changed: 8/19/2022 1:00:36 PM, Old: 305.00, New: 350.00
Stop Wavelength Changed: 8/19/2022 1:00:36 PM, Old: 550.00, New: 340.00
Zero Mode Changed: 8/19/2022 1:00:45 PM, Old:ON, New:Reading
Zero Mode Changed: 8/19/2022 1:00:45 PM, Old:Reading, New:ON
Zero Mode Changed: 8/19/2022 1:01:25 PM, Old:ON, New:Reading
Zero Mode Changed: 8/19/2022 1:01:25 PM, Old:Reading, New:ON
Emission Wavelength Changed: 8/19/2022 1:04:06 PM, Old: 350.00, New: 420.00
Stop Wavelength Changed: 8/19/2022 1:04:06 PM, Old: 340.00, New: 410.00
Zero Mode Changed: 8/19/2022 1:04:08 PM, Old:ON, New:Reading
Zero Mode Changed: 8/19/2022 1:04:08 PM, Old:Reading, New:ON
Scan mode: Changed: 8/19/2022 1:04:55 PM, Old:Excitation, New:Emission
Excitation Wavelength Changed: 8/19/2022 1:04:55 PM, Old: 240.00, New: 330.00
Emission Wavelength Changed: 8/19/2022 1:04:55 PM, Old: 420.00, New: 340.00
Stop Wavelength Changed: 8/19/2022 1:04:55 PM, Old: 410.00, New: 600.00
Zero Mode Changed: 8/19/2022 1:04:56 PM, Old:ON, New:Reading
Zero Mode Changed: 8/19/2022 1:04:57 PM, Old:Reading, New:ON
Scan mode: Changed: 8/19/2022 1:06:34 PM, Old:Emission, New:Excitation
User Delta Stop Changed: 8/19/2022 1:06:34 PM, Old: 450.00, New: 470.00
User Delta Increment Changed: 8/19/2022 1:06:34 PM, Old:  10.00, New:   0.15
Excitation Wavelength Changed: 8/19/2022 1:06:34 PM, Old: 330.00, New: 240.00
Emission Wavelength Changed: 8/19/2022 1:06:34 PM, Old: 340.00, New: 470.00
Stop Wavelength Changed: 8/19/2022 1:06:34 PM, Old: 600.00, New: 460.00
Zero Mode Changed: 8/19/2022 1:06:37 PM, Old:ON, New:Reading
Zero Mode Changed: 8/19/2022 1:06:37 PM, Old:Reading, New:ON
Scan mode: Changed: 8/19/2022 1:07:26 PM, Old:Excitation, New:Emission
Excitation Wavelength Changed: 8/19/2022 1:07:26 PM, Old: 240.00, New: 355.00
Emission Wavelength Changed: 8/19/2022 1:07:26 PM, Old: 470.00, New: 365.00
Stop Wavelength Changed: 8/19/2022 1:07:26 PM, Old: 460.00, New: 600.00
Zero Mode Changed: 8/19/2022 1:07:27 PM, Old:ON, New:Reading
Zero Mode Changed: 8/19/2022 1:07:27 PM, Old:Reading, New:ON
Scan mode: Changed: 8/19/2022 1:08:25 PM, Old:Emission, New:Excitation
User Delta Stop Changed: 8/19/2022 1:08:25 PM, Old: 470.00, New: 520.00
Excitation Wavelength Changed: 8/19/2022 1:08:25 PM, Old: 355.00, New: 270.00
Emission Wavelength Changed: 8/19/2022 1:08:25 PM, Old: 365.00, New: 520.00
Stop Wavelength Changed: 8/19/2022 1:08:25 PM, Old: 600.00, New: 510.00
Zero Mode Changed: 8/19/2022 1:08:29 PM, Old:ON, New:Reading
Zero Mode Changed: 8/19/2022 1:08:29 PM, Old:Reading, New:ON
Scan mode: Changed: 8/19/2022 1:09:40 PM, Old:Excitation, New:Emission
Excitation Wavelength Changed: 8/19/2022 1:09:40 PM, Old: 270.00, New: 345.00
Emission Wavelength Changed: 8/19/2022 1:09:40 PM, Old: 520.00, New: 355.00
Stop Wavelength Changed: 8/19/2022 1:09:40 PM, Old: 510.00, New: 600.00
Zero Mode Changed: 8/19/2022 1:09:42 PM, Old:ON, New:Reading
Zero Mode Changed: 8/19/2022 1:09:43 PM, Old:Reading, New:ON
Scan Control Changed: 8/19/2022 1:12:27 PM, Old:Medium, New:Slow
Ave. time (s): Changed: 8/19/2022 1:12:27 PM, Old:0.10000, New:0.50000
Zero Mode Changed: 8/19/2022 1:12:29 PM, Old:ON, New:Reading
Zero Mode Changed: 8/19/2022 1:12:30 PM, Old:Reading, New:ON
Scan mode: Changed: 8/19/2022 1:15:37 PM, Old:Emission, New:Excitation
Excitation Wavelength Changed: 8/19/2022 1:15:37 PM, Old: 345.00, New: 240.00
Emission Wavelength Changed: 8/19/2022 1:15:37 PM, Old: 355.00, New: 455.00
Stop Wavelength Changed: 8/19/2022 1:15:37 PM, Old: 600.00, New: 445.00
Zero Mode Changed: 8/19/2022 1:15:40 PM, Old:ON, New:Reading
Zero Mode Changed: 8/19/2022 1:15:41 PM, Old:Reading, New:ON
Scan mode: Changed: 8/19/2022 1:19:58 PM, Old:Excitation, New:Emission
Scan Control Changed: 8/19/2022 1:19:58 PM, Old:Slow, New:Medium
Ave. time (s): Changed: 8/19/2022 1:19:58 PM, Old:0.50000, New:0.10000
Excitation Wavelength Changed: 8/19/2022 1:19:58 PM, Old: 240.00, New: 295.00
Emission Wavelength Changed: 8/19/2022 1:19:58 PM, Old: 455.00, New: 305.00
Stop Wavelength Changed: 8/19/2022 1:19:58 PM, Old: 445.00, New: 550.00
Zero Mode Changed: 8/19/2022 1:20:00 PM, Old:ON, New:Reading
Zero Mode Changed: 8/19/2022 1:20:00 PM, Old:Reading, New:ON
Scan mode: Changed: 8/19/2022 12:22:27 PM, Old:Emission, New:Excitation
Excitation Wavelength Changed: 8/19/2022 12:22:27 PM, Old: 295.00, New: 240.00
Emission Wavelength Changed: 8/19/2022 12:22:27 PM, Old: 305.00, New: 350.00
Stop Wavelength Changed: 8/19/2022 12:22:27 PM, Old: 550.00, New: 340.00
Zero Mode Changed: 8/19/2022 12:22:31 PM, Old:ON, New:Reading
Zero Mode Changed: 8/19/2022 12:22:31 PM, Old:Reading, New:ON
Emission Wavelength Changed: 8/19/2022 12:35:02 PM, Old: 350.00, New: 420.00
Stop Wavelength Changed: 8/19/2022 12:35:02 PM, Old: 340.00, New: 410.00
Zero Mode Changed: 8/19/2022 12:35:04 PM, Old:ON, New:Reading
Zero Mode Changed: 8/19/2022 12:35:05 PM, Old:Reading, New:ON
Scan mode: Changed: 8/19/2022 12:36:08 PM, Old:Excitation, New:Emission
Excitation Wavelength Changed: 8/19/2022 12:36:08 PM, Old: 240.00, New: 360.00
Emission Wavelength Changed: 8/19/2022 12:36:08 PM, Old: 420.00, New: 370.00
Stop Wavelength Changed: 8/19/2022 12:36:08 PM, Old: 410.00, New: 700.00
Zero Mode Changed: 8/19/2022 12:36:09 PM, Old:ON, New:Reading
Zero Mode Changed: 8/19/2022 12:36:10 PM, Old:Reading, New:ON
Scan mode: Changed: 8/19/2022 12:37:08 PM, Old:Emission, New:Excitation
Excitation Wavelength Changed: 8/19/2022 12:37:08 PM, Old: 360.00, New: 240.00
Emission Wavelength Changed: 8/19/2022 12:37:08 PM, Old: 370.00, New: 440.00
Stop Wavelength Changed: 8/19/2022 12:37:08 PM, Old: 700.00, New: 430.00
Zero Mode Changed: 8/19/2022 12:37:11 PM, Old:ON, New:Reading
Zero Mode Changed: 8/19/2022 12:37:11 PM, Old:Reading, New:ON
Scan mode: Changed: 8/19/2022 12:38:01 PM, Old:Excitation, New:Emission
Excitation Wavelength Changed: 8/19/2022 12:38:01 PM, Old: 240.00, New: 365.00
Emission Wavelength Changed: 8/19/2022 12:38:01 PM, Old: 440.00, New: 375.00
Stop Wavelength Changed: 8/19/2022 12:38:01 PM, Old: 430.00, New: 700.00
Zero Mode Changed: 8/19/2022 12:38:03 PM, Old:ON, New:Reading
Zero Mode Changed: 8/19/2022 12:38:04 PM, Old:Reading, New:ON
Excitation Wavelength Changed: 8/19/2022 12:38:57 PM, Old: 365.00, New: 370.00
Emission Wavelength Changed: 8/19/2022 12:38:57 PM, Old: 375.00, New: 380.00
Zero Mode Changed: 8/19/2022 12:38:58 PM, Old:ON, New:Reading
Zero Mode Changed: 8/19/2022 12:38:59 PM, Old:Reading, New:ON
Scan mode: Changed: 8/19/2022 12:40:00 PM, Old:Emission, New:Excitation
Excitation Wavelength Changed: 8/19/2022 12:40:00 PM, Old: 370.00, New: 240.00
Emission Wavelength Changed: 8/19/2022 12:40:00 PM, Old: 380.00, New: 512.00
Stop Wavelength Changed: 8/19/2022 12:40:00 PM, Old: 700.00, New: 500.00
Zero Mode Changed: 8/19/2022 12:40:03 PM, Old:ON, New:Reading
Zero Mode Changed: 8/19/2022 12:40:04 PM, Old:Reading, New:ON
Scan mode: Changed: 8/19/2022 12:40:57 PM, Old:Excitation, New:Emission
Excitation Wavelength Changed: 8/19/2022 12:40:57 PM, Old: 240.00, New: 400.00
Emission Wavelength Changed: 8/19/2022 12:40:57 PM, Old: 512.00, New: 410.00
Stop Wavelength Changed: 8/19/2022 12:40:57 PM, Old: 500.00, New: 700.00
Zero Mode Changed: 8/19/2022 12:40:59 PM, Old:ON, New:Reading
Zero Mode Changed: 8/19/2022 12:41:00 PM, Old:Reading, New:ON
Scan mode: Changed: 8/19/2022 12:41:45 PM, Old:Emission, New:Excitation
Excitation Wavelength Changed: 8/19/2022 12:41:45 PM, Old: 400.00, New: 240.00
Emission Wavelength Changed: 8/19/2022 12:41:45 PM, Old: 410.00, New: 515.00
Stop Wavelength Changed: 8/19/2022 12:41:45 PM, Old: 700.00, New: 505.00
Zero Mode Changed: 8/19/2022 12:41:48 PM, Old:ON, New:Reading
Zero Mode Changed: 8/19/2022 12:41:49 PM, Old:Reading, New:ON
Emission Wavelength Changed: 8/19/2022 12:42:40 PM, Old: 515.00, New: 435.00
Stop Wavelength Changed: 8/19/2022 12:42:40 PM, Old: 505.00, New: 425.00
Zero Mode Changed: 8/19/2022 12:42:43 PM, Old:ON, New:Reading
Zero Mode Changed: 8/19/2022 12:42:43 PM, Old:Reading, New:ON
Scan mode: Changed: 8/19/2022 12:43:33 PM, Old:Excitation, New:Emission
Excitation Wavelength Changed: 8/19/2022 12:43:33 PM, Old: 240.00, New: 295.00
Emission Wavelength Changed: 8/19/2022 12:43:33 PM, Old: 435.00, New: 305.00
Stop Wavelength Changed: 8/19/2022 12:43:33 PM, Old: 425.00, New: 550.00
Zero Mode Changed: 8/19/2022 12:43:35 PM, Old:ON, New:Reading
Zero Mode Changed: 8/19/2022 12:43:35 PM, Old:Reading, New:ON
Scan mode: Changed: 8/19/2022 12:44:33 PM, Old:Emission, New:Excitation
Excitation Wavelength Changed: 8/19/2022 12:44:33 PM, Old: 295.00, New: 240.00
Emission Wavelength Changed: 8/19/2022 12:44:33 PM, Old: 305.00, New: 400.00
Stop Wavelength Changed: 8/19/2022 12:44:33 PM, Old: 550.00, New: 390.00
Zero Mode Changed: 8/19/2022 12:44:36 PM, Old:ON, New:Reading
Zero Mode Changed: 8/19/2022 12:44:37 PM, Old:Reading, New:ON
Scan mode: Changed: 8/19/2022 12:45:20 PM, Old:Excitation, New:Emission
Excitation Wavelength Changed: 8/19/2022 12:45:20 PM, Old: 240.00, New: 340.00
Emission Wavelength Changed: 8/19/2022 12:45:20 PM, Old: 400.00, New: 350.00
Stop Wavelength Changed: 8/19/2022 12:45:20 PM, Old: 390.00, New: 650.00
Zero Mode Changed: 8/19/2022 12:45:22 PM, Old:ON, New:Reading
Zero Mode Changed: 8/19/2022 12:45:22 PM, Old:Reading, New:ON
Scan mode: Changed: 8/19/2022 12:46:17 PM, Old:Emission, New:Excitation
Excitation Wavelength Changed: 8/19/2022 12:46:17 PM, Old: 340.00, New: 240.00
Emission Wavelength Changed: 8/19/2022 12:46:17 PM, Old: 350.00, New: 425.00
Stop Wavelength Changed: 8/19/2022 12:46:17 PM, Old: 650.00, New: 415.00
Zero Mode Changed: 8/19/2022 12:46:20 PM, Old:ON, New:Reading
Zero Mode Changed: 8/19/2022 12:46:21 PM, Old:Reading, New:ON
Scan mode: Changed: 8/19/2022 12:47:03 PM, Old:Excitation, New:Emission
Excitation Wavelength Changed: 8/19/2022 12:47:03 PM, Old: 240.00, New: 385.00
Emission Wavelength Changed: 8/19/2022 12:47:03 PM, Old: 425.00, New: 395.00
Stop Wavelength Changed: 8/19/2022 12:47:03 PM, Old: 415.00, New: 700.00
Zero Mode Changed: 8/19/2022 12:47:05 PM, Old:ON, New:Reading
Zero Mode Changed: 8/19/2022 12:47:05 PM, Old:Reading, New:ON
Excitation Wavelength Changed: 8/19/2022 12:47:56 PM, Old: 385.00, New: 365.00
Emission Wavelength Changed: 8/19/2022 12:47:56 PM, Old: 395.00, New: 375.00
Zero Mode Changed: 8/19/2022 12:47:59 PM, Old:ON, New:Reading
Zero Mode Changed: 8/19/2022 12:47:59 PM, Old:Reading, New:ON
3-D Mode Changed: 8/19/2022 12:50:41 PM, Old:OFF, New:ON
User Delta Stop Changed: 8/19/2022 12:50:41 PM, Old: 520.00, New: 400.00
User Delta Increment Changed: 8/19/2022 12:50:41 PM, Old:   0.15, New:   5.00
Excitation Wavelength Changed: 8/19/2022 12:50:41 PM, Old: 365.00, New: 330.00
Emission Wavelength Changed: 8/19/2022 12:50:41 PM, Old: 375.00, New: 410.00
Zero Mode Changed: 8/19/2022 12:50:43 PM, Old:ON, New:Reading
Zero Mode Changed: 8/19/2022 12:50:43 PM, Old:Reading, New:ON
Excitation Wavelength Changed: 8/19/2022 12:51:25 PM, Old: 330.00, New: 335.00
Excitation Wavelength Changed: 8/19/2022 12:51:55 PM, Old: 335.00, New: 340.00
Excitation Wavelength Changed: 8/19/2022 12:52:25 PM, Old: 340.00, New: 345.00
Excitation Wavelength Changed: 8/19/2022 12:52:55 PM, Old: 345.00, New: 350.00
Excitation Wavelength Changed: 8/19/2022 12:53:25 PM, Old: 350.00, New: 355.00
Excitation Wavelength Changed: 8/19/2022 12:53:55 PM, Old: 355.00, New: 360.00
Excitation Wavelength Changed: 8/19/2022 12:54:26 PM, Old: 360.00, New: 365.00
Excitation Wavelength Changed: 8/19/2022 12:54:56 PM, Old: 365.00, New: 370.00
Excitation Wavelength Changed: 8/19/2022 12:55:26 PM, Old: 370.00, New: 375.00
Excitation Wavelength Changed: 8/19/2022 12:55:56 PM, Old: 375.00, New: 380.00
Excitation Wavelength Changed: 8/19/2022 12:56:26 PM, Old: 380.00, New: 385.00
Excitation Wavelength Changed: 8/19/2022 12:56:56 PM, Old: 385.00, New: 390.00
Excitation Wavelength Changed: 8/19/2022 12:57:27 PM, Old: 390.00, New: 395.00
Excitation Wavelength Changed: 8/19/2022 12:57:57 PM, Old: 395.00, New: 400.00
Excitation Wavelength Changed: 8/19/2022 12:58:27 PM, Old: 400.00, New: 330.00
Excitation Wavelength Changed: 8/19/2022 1:09:07 PM, Old: 330.00, New: 295.00
Emission Wavelength Changed: 8/19/2022 1:09:07 PM, Old: 410.00, New: 305.00
Stop Wavelength Changed: 8/19/2022 1:09:07 PM, Old: 700.00, New: 550.00
Zero Mode Changed: 8/19/2022 1:09:08 PM, Old:ON, New:Reading
Zero Mode Changed: 8/19/2022 1:09:08 PM, Old:Reading, New:ON
Excitation Wavelength Changed: 8/19/2022 1:09:59 PM, Old: 295.00, New: 300.00
Excitation Wavelength Changed: 8/19/2022 1:10:08 PM, Old: 300.00, New: 305.00
3-D Mode Changed: 8/19/2022 1:10:15 PM, Old:ON, New:OFF
Excitation Wavelength Changed: 8/19/2022 1:10:15 PM, Old: 305.00, New: 295.00
Zero Mode Changed: 8/19/2022 1:10:16 PM, Old:ON, New:Reading
Zero Mode Changed: 8/19/2022 1:10:17 PM, Old:Reading, New:ON
Scan mode: Changed: 8/19/2022 1:10:57 PM, Old:Emission, New:Excitation
User Delta Increment Changed: 8/19/2022 1:10:57 PM, Old:   5.00, New:   0.15
Excitation Wavelength Changed: 8/19/2022 1:10:57 PM, Old: 295.00, New: 240.00
Emission Wavelength Changed: 8/19/2022 1:10:57 PM, Old: 305.00, New: 400.00
Stop Wavelength Changed: 8/19/2022 1:10:57 PM, Old: 550.00, New: 390.00
Zero Mode Changed: 8/19/2022 1:11:03 PM, Old:ON, New:Reading
Zero Mode Changed: 8/19/2022 1:11:03 PM, Old:Reading, New:ON
Scan mode: Changed: 8/19/2022 1:11:48 PM, Old:Excitation, New:Emission
Excitation Wavelength Changed: 8/19/2022 1:11:48 PM, Old: 240.00, New: 330.00
Emission Wavelength Changed: 8/19/2022 1:11:48 PM, Old: 400.00, New: 340.00
Stop Wavelength Changed: 8/19/2022 1:11:48 PM, Old: 390.00, New: 600.00
Zero Mode Changed: 8/19/2022 1:11:50 PM, Old:ON, New:Reading
Zero Mode Changed: 8/19/2022 1:11:51 PM, Old:Reading, New:ON
Scan mode: Changed: 8/19/2022 1:12:42 PM, Old:Emission, New:Excitation
Excitation Wavelength Changed: 8/19/2022 1:12:42 PM, Old: 330.00, New: 220.00
Emission Wavelength Changed: 8/19/2022 1:12:42 PM, Old: 340.00, New: 400.00
Stop Wavelength Changed: 8/19/2022 1:12:42 PM, Old: 600.00, New: 390.00
Zero Mode Changed: 8/19/2022 1:12:45 PM, Old:ON, New:Reading
Zero Mode Changed: 8/19/2022 1:12:46 PM, Old:Reading, New:ON
Excitation Wavelength Changed: 8/19/2022 1:13:19 PM, Old: 220.00, New: 290.00
Zero Mode Changed: 8/19/2022 1:13:21 PM, Old:ON, New:Reading
Zero Mode Changed: 8/19/2022 1:13:21 PM, Old:Reading, New:ON
Scan mode: Changed: 8/19/2022 1:14:02 PM, Old:Excitation, New:Emission
Excitation Wavelength Changed: 8/19/2022 1:14:02 PM, Old: 290.00, New: 260.00
Emission Wavelength Changed: 8/19/2022 1:14:02 PM, Old: 400.00, New: 270.00
Stop Wavelength Changed: 8/19/2022 1:14:02 PM, Old: 390.00, New: 500.00
Zero Mode Changed: 8/19/2022 1:14:05 PM, Old:ON, New:Reading
Zero Mode Changed: 8/19/2022 1:14:05 PM, Old:Reading, New:ON
3-D Mode Changed: 8/19/2022 1:15:52 PM, Old:OFF, New:ON
User Delta Stop Changed: 8/19/2022 1:15:52 PM, Old: 400.00, New: 330.00
User Delta Increment Changed: 8/19/2022 1:15:52 PM, Old:   0.15, New:   5.00
Emission Wavelength Changed: 8/19/2022 1:15:52 PM, Old: 270.00, New: 340.00
Zero Mode Changed: 8/19/2022 1:15:53 PM, Old:ON, New:Reading
Zero Mode Changed: 8/19/2022 1:15:53 PM, Old:Reading, New:ON
Excitation Wavelength Changed: 8/19/2022 1:16:21 PM, Old: 260.00, New: 265.00
Excitation Wavelength Changed: 8/19/2022 1:16:38 PM, Old: 265.00, New: 270.00
Excitation Wavelength Changed: 8/19/2022 1:16:55 PM, Old: 270.00, New: 275.00
Excitation Wavelength Changed: 8/19/2022 1:17:12 PM, Old: 275.00, New: 280.00
Excitation Wavelength Changed: 8/19/2022 1:17:29 PM, Old: 280.00, New: 285.00
Excitation Wavelength Changed: 8/19/2022 1:17:46 PM, Old: 285.00, New: 290.00
Excitation Wavelength Changed: 8/19/2022 1:18:03 PM, Old: 290.00, New: 295.00
Excitation Wavelength Changed: 8/19/2022 1:18:19 PM, Old: 295.00, New: 300.00
Excitation Wavelength Changed: 8/19/2022 1:18:36 PM, Old: 300.00, New: 305.00
Excitation Wavelength Changed: 8/19/2022 1:18:53 PM, Old: 305.00, New: 310.00
Excitation Wavelength Changed: 8/19/2022 1:18:56 PM, Old: 310.00, New: 315.00
Excitation Wavelength Changed: 8/19/2022 12:21:52 PM, Old: 315.00, New: 295.00
Emission Wavelength Changed: 8/19/2022 12:21:52 PM, Old: 340.00, New: 305.00
Stop Wavelength Changed: 8/19/2022 12:21:52 PM, Old: 500.00, New: 550.00
Zero Mode Changed: 8/19/2022 12:21:54 PM, Old:ON, New:Reading
Zero Mode Changed: 8/19/2022 12:21:54 PM, Old:Reading, New:ON
3-D Mode Changed: 8/19/2022 12:22:09 PM, Old:ON, New:OFF
Zero Mode Changed: 8/19/2022 12:22:11 PM, Old:ON, New:Reading
Zero Mode Changed: 8/19/2022 12:22:11 PM, Old:Reading, New:ON
Scan mode: Changed: 8/19/2022 12:23:09 PM, Old:Emission, New:Excitation
User Delta Stop Changed: 8/19/2022 12:23:09 PM, Old: 330.00, New: 370.00
User Delta Increment Changed: 8/19/2022 12:23:09 PM, Old:   5.00, New:   0.15
Excitation Wavelength Changed: 8/19/2022 12:23:09 PM, Old: 295.00, New: 240.00
Emission Wavelength Changed: 8/19/2022 12:23:09 PM, Old: 305.00, New: 370.00
Stop Wavelength Changed: 8/19/2022 12:23:09 PM, Old: 550.00, New: 360.00
Zero Mode Changed: 8/19/2022 12:23:12 PM, Old:ON, New:Reading
Zero Mode Changed: 8/19/2022 12:23:12 PM, Old:Reading, New:ON
Scan mode: Changed: 8/19/2022 12:23:53 PM, Old:Excitation, New:Emission
Excitation Wavelength Changed: 8/19/2022 12:23:53 PM, Old: 240.00, New: 320.00
Emission Wavelength Changed: 8/19/2022 12:23:53 PM, Old: 370.00, New: 330.00
Stop Wavelength Changed: 8/19/2022 12:23:53 PM, Old: 360.00, New: 650.00
Zero Mode Changed: 8/19/2022 12:23:56 PM, Old:ON, New:Reading
Zero Mode Changed: 8/19/2022 12:23:56 PM, Old:Reading, New:ON
Scan mode: Changed: 8/19/2022 12:25:02 PM, Old:Emission, New:Excitation
User Delta Stop Changed: 8/19/2022 12:25:02 PM, Old: 370.00, New: 520.00
Excitation Wavelength Changed: 8/19/2022 12:25:02 PM, Old: 320.00, New: 270.00
Emission Wavelength Changed: 8/19/2022 12:25:02 PM, Old: 330.00, New: 520.00
Stop Wavelength Changed: 8/19/2022 12:25:02 PM, Old: 650.00, New: 510.00
Zero Mode Changed: 8/19/2022 12:25:06 PM, Old:ON, New:Reading
Zero Mode Changed: 8/19/2022 12:25:06 PM, Old:Reading, New:ON
Scan mode: Changed: 8/19/2022 12:26:34 PM, Old:Excitation, New:Emission
Excitation Wavelength Changed: 8/19/2022 12:26:34 PM, Old: 270.00, New: 380.00
Emission Wavelength Changed: 8/19/2022 12:26:34 PM, Old: 520.00, New: 390.00
Stop Wavelength Changed: 8/19/2022 12:26:34 PM, Old: 510.00, New: 700.00
Zero Mode Changed: 8/19/2022 12:26:36 PM, Old:ON, New:Reading
Zero Mode Changed: 8/19/2022 12:26:36 PM, Old:Reading, New:ON
Scan mode: Changed: 8/19/2022 12:27:28 PM, Old:Emission, New:Excitation
Excitation Wavelength Changed: 8/19/2022 12:27:28 PM, Old: 380.00, New: 240.00
Emission Wavelength Changed: 8/19/2022 12:27:28 PM, Old: 390.00, New: 395.00
Stop Wavelength Changed: 8/19/2022 12:27:28 PM, Old: 700.00, New: 385.00
Zero Mode Changed: 8/19/2022 12:27:32 PM, Old:ON, New:Reading
Zero Mode Changed: 8/19/2022 12:27:32 PM, Old:Reading, New:ON
Emission Wavelength Changed: 8/19/2022 12:27:46 PM, Old: 395.00, New: 390.00
Stop Wavelength Changed: 8/19/2022 12:27:46 PM, Old: 385.00, New: 380.00
Zero Mode Changed: 8/19/2022 12:27:47 PM, Old:ON, New:Reading
Zero Mode Changed: 8/19/2022 12:27:47 PM, Old:Reading, New:ON
Scan mode: Changed: 8/19/2022 12:28:31 PM, Old:Excitation, New:Emission
Excitation Wavelength Changed: 8/19/2022 12:28:31 PM, Old: 240.00, New: 330.00
Emission Wavelength Changed: 8/19/2022 12:28:31 PM, Old: 390.00, New: 340.00
Stop Wavelength Changed: 8/19/2022 12:28:31 PM, Old: 380.00, New: 700.00
Zero Mode Changed: 8/19/2022 12:28:32 PM, Old:ON, New:Reading
Zero Mode Changed: 8/19/2022 12:28:33 PM, Old:Reading, New:ON
Scan mode: Changed: 8/19/2022 12:29:35 PM, Old:Emission, New:Excitation
Excitation Wavelength Changed: 8/19/2022 12:29:35 PM, Old: 330.00, New: 240.00
Emission Wavelength Changed: 8/19/2022 12:29:35 PM, Old: 340.00, New: 405.00
Stop Wavelength Changed: 8/19/2022 12:29:35 PM, Old: 700.00, New: 395.00
Zero Mode Changed: 8/19/2022 12:29:38 PM, Old:ON, New:Reading
Zero Mode Changed: 8/19/2022 12:29:38 PM, Old:Reading, New:ON
Scan mode: Changed: 8/19/2022 12:30:37 PM, Old:Excitation, New:Emission
Excitation Wavelength Changed: 8/19/2022 12:30:37 PM, Old: 240.00, New: 335.00
Emission Wavelength Changed: 8/19/2022 12:30:37 PM, Old: 405.00, New: 345.00
Stop Wavelength Changed: 8/19/2022 12:30:37 PM, Old: 395.00, New: 650.00
Zero Mode Changed: 8/19/2022 12:30:39 PM, Old:ON, New:Reading
Zero Mode Changed: 8/19/2022 12:30:39 PM, Old:Reading, New:ON
Scan mode: Changed: 8/19/2022 12:31:30 PM, Old:Emission, New:Excitation
Excitation Wavelength Changed: 8/19/2022 12:31:30 PM, Old: 335.00, New: 240.00
Emission Wavelength Changed: 8/19/2022 12:31:30 PM, Old: 345.00, New: 410.00
Stop Wavelength Changed: 8/19/2022 12:31:30 PM, Old: 650.00, New: 400.00
Zero Mode Changed: 8/19/2022 12:31:33 PM, Old:ON, New:Reading
Zero Mode Changed: 8/19/2022 12:31:34 PM, Old:Reading, New:ON
Emission Wavelength Changed: 8/19/2022 12:32:09 PM, Old: 410.00, New: 420.00
Stop Wavelength Changed: 8/19/2022 12:32:09 PM, Old: 400.00, New: 410.00
Zero Mode Changed: 8/19/2022 12:32:11 PM, Old:ON, New:Reading
Zero Mode Changed: 8/19/2022 12:32:12 PM, Old:Reading, New:ON
Emission Wavelength Changed: 8/19/2022 12:32:51 PM, Old: 420.00, New: 415.00
Stop Wavelength Changed: 8/19/2022 12:32:51 PM, Old: 410.00, New: 405.00
Zero Mode Changed: 8/19/2022 12:32:56 PM, Old:ON, New:Reading
Zero Mode Changed: 8/19/2022 12:32:56 PM, Old:Reading, New:ON
3-D Mode Changed: 8/19/2022 12:36:08 PM, Old:OFF, New:ON
User Delta Stop Changed: 8/19/2022 12:36:08 PM, Old: 520.00, New: 430.00
Emission Wavelength Changed: 8/19/2022 12:36:08 PM, Old: 415.00, New: 400.00
Stop Wavelength Changed: 8/19/2022 12:36:08 PM, Old: 405.00, New: 390.00
Zero Mode Changed: 8/19/2022 12:36:20 PM, Old:ON, New:Reading
Zero Mode Changed: 8/19/2022 12:36:20 PM, Old:Reading, New:ON
Emission Wavelength Changed: 8/19/2022 12:37:00 PM, Old: 400.00, New: 400.15
Emission Wavelength Changed: 8/19/2022 12:37:20 PM, Old: 400.15, New: 400.30
Emission Wavelength Changed: 8/19/2022 12:37:26 PM, Old: 400.30, New: 400.45
Scan mode: Changed: 8/19/2022 12:38:08 PM, Old:Excitation, New:Emission
3-D Mode Changed: 8/19/2022 12:38:08 PM, Old:ON, New:OFF
User Delta Increment Changed: 8/19/2022 12:38:08 PM, Old:   0.15, New:   5.00
Excitation Wavelength Changed: 8/19/2022 12:38:08 PM, Old: 240.00, New: 295.00
Emission Wavelength Changed: 8/19/2022 12:38:08 PM, Old: 400.45, New: 305.00
Stop Wavelength Changed: 8/19/2022 12:38:08 PM, Old: 390.00, New: 550.00
Zero Mode Changed: 8/19/2022 12:38:09 PM, Old:ON, New:Reading
Zero Mode Changed: 8/19/2022 12:38:10 PM, Old:Reading, New:ON
Ex. Slit Width (nm): Changed: 8/19/2022 12:39:13 PM, Old:5, New:10
Excitation Wavelength Changed: 8/19/2022 12:39:13 PM, Old: 295.00, New: 340.00
Emission Wavelength Changed: 8/19/2022 12:39:13 PM, Old: 305.00, New: 350.00
Stop Wavelength Changed: 8/19/2022 12:39:13 PM, Old: 550.00, New: 650.00
Zero Mode Changed: 8/19/2022 12:39:13 PM, Old:ON, New:OFF
Zero Mode Changed: 8/19/2022 12:39:15 PM, Old:OFF, New:Reading
Zero Mode Changed: 8/19/2022 12:39:15 PM, Old:Reading, New:ON
Scan mode: Changed: 8/19/2022 12:40:17 PM, Old:Emission, New:Excitation
User Delta Stop Changed: 8/19/2022 12:40:17 PM, Old: 430.00, New: 530.00
User Delta Increment Changed: 8/19/2022 12:40:17 PM, Old:   5.00, New:   0.15
Excitation Wavelength Changed: 8/19/2022 12:40:17 PM, Old: 340.00, New: 240.00
Emission Wavelength Changed: 8/19/2022 12:40:17 PM, Old: 350.00, New: 530.00
Stop Wavelength Changed: 8/19/2022 12:40:17 PM, Old: 650.00, New: 520.00
Zero Mode Changed: 8/19/2022 12:40:20 PM, Old:ON, New:Reading
Zero Mode Changed: 8/19/2022 12:40:21 PM, Old:Reading, New:ON
Scan mode: Changed: 8/19/2022 12:41:51 PM, Old:Excitation, New:Emission
Ex. Slit Width (nm): Changed: 8/19/2022 12:41:51 PM, Old:10, New:5
Excitation Wavelength Changed: 8/19/2022 12:41:51 PM, Old: 240.00, New: 455.00
Emission Wavelength Changed: 8/19/2022 12:41:51 PM, Old: 530.00, New: 465.00
Stop Wavelength Changed: 8/19/2022 12:41:51 PM, Old: 520.00, New: 700.00
Zero Mode Changed: 8/19/2022 12:41:51 PM, Old:ON, New:OFF
Zero Mode Changed: 8/19/2022 12:41:53 PM, Old:OFF, New:Reading
Zero Mode Changed: 8/19/2022 12:41:54 PM, Old:Reading, New:ON
End Method Modifications

CdSe 180sec em530,
CdSe 180sec em530
Collection Time: 8/19/2022 12:42:59 PM
Operator Name  :
Scan Software Version: 1.1(132)
Parameter List :
Instrument                        Cary Eclipse
Instrument Serial Number          E08013467
Data mode                         Fluorescence
Scan mode                         Excitation
X Mode                            Wavelength (nm)
Start (nm)                        290.00
Stop (nm)                         520.00
Em. Wavelength (nm)               530.00
Ex. Slit (nm)                     5
Em. Slit (nm)                     5
Scan rate (nm/min)                600.00
Data interval (nm)                1.0000
Averaging Time (s)                0.1000
Excitation filter                 Auto
Emission filter                   Open
PMT voltage (V)                   Medium
Corrected spectra                 OFF
Method Log     :
Method Name    : Default
Date/Time stamp: 8/19/2022 12:23:28 PM
Method Modifications:
Overlayed Graphs Changed: 8/19/2022 12:24:53 PM, Old:OFF, New:ON
Y max Changed: 8/19/2022 12:24:53 PM, Old:  1000.0000, New:   300.0000
Excitation Wavelength Changed: 8/19/2022 12:27:20 PM, Old: 350.00, New: 300.00
Emission Wavelength Changed: 8/19/2022 12:27:20 PM, Old: 400.00, New: 310.00
Stop Wavelength Changed: 8/19/2022 12:27:20 PM, Old: 600.00, New: 500.00
Zero Mode Changed: 8/19/2022 12:27:22 PM, Old:OFF, New:Reading
Zero Mode Changed: 8/19/2022 12:27:22 PM, Old:Reading, New:ON
Scan mode: Changed: 8/19/2022 12:28:28 PM, Old:Emission, New:Excitation
Excitation Wavelength Changed: 8/19/2022 12:28:28 PM, Old: 300.00, New: 240.00
Emission Wavelength Changed: 8/19/2022 12:28:28 PM, Old: 310.00, New: 400.00
Stop Wavelength Changed: 8/19/2022 12:28:28 PM, Old: 500.00, New: 390.00
Zero Mode Changed: 8/19/2022 12:28:31 PM, Old:ON, New:Reading
Zero Mode Changed: 8/19/2022 12:28:31 PM, Old:Reading, New:ON
Scan mode: Changed: 8/19/2022 12:29:17 PM, Old:Excitation, New:Emission
Excitation Wavelength Changed: 8/19/2022 12:29:17 PM, Old: 240.00, New: 330.00
Emission Wavelength Changed: 8/19/2022 12:29:17 PM, Old: 400.00, New: 340.00
Stop Wavelength Changed: 8/19/2022 12:29:17 PM, Old: 390.00, New: 500.00
Zero Mode Changed: 8/19/2022 12:29:19 PM, Old:ON, New:Reading
Zero Mode Changed: 8/19/2022 12:29:19 PM, Old:Reading, New:ON
Scan mode: Changed: 8/19/2022 12:30:02 PM, Old:Emission, New:Excitation
Excitation Wavelength Changed: 8/19/2022 12:30:02 PM, Old: 330.00, New: 240.00
Emission Wavelength Changed: 8/19/2022 12:30:02 PM, Old: 340.00, New: 410.00
Stop Wavelength Changed: 8/19/2022 12:30:02 PM, Old: 500.00, New: 400.00
Zero Mode Changed: 8/19/2022 12:30:08 PM, Old:ON, New:Reading
Zero Mode Changed: 8/19/2022 12:30:08 PM, Old:Reading, New:ON
Scan mode: Changed: 8/19/2022 12:30:53 PM, Old:Excitation, New:Emission
Excitation Wavelength Changed: 8/19/2022 12:30:53 PM, Old: 240.00, New: 335.00
Emission Wavelength Changed: 8/19/2022 12:30:53 PM, Old: 410.00, New: 345.00
Stop Wavelength Changed: 8/19/2022 12:30:53 PM, Old: 400.00, New: 600.00
Zero Mode Changed: 8/19/2022 12:30:55 PM, Old:ON, New:Reading
Zero Mode Changed: 8/19/2022 12:30:55 PM, Old:Reading, New:ON
Zero Mode Changed: 8/19/2022 12:34:51 PM, Old:ON, New:Reading
Zero Mode Changed: 8/19/2022 12:34:51 PM, Old:Reading, New:ON
Scan mode: Changed: 8/19/2022 12:35:39 PM, Old:Emission, New:Excitation
Excitation Wavelength Changed: 8/19/2022 12:35:39 PM, Old: 335.00, New: 240.00
Emission Wavelength Changed: 8/19/2022 12:35:39 PM, Old: 345.00, New: 410.00
Stop Wavelength Changed: 8/19/2022 12:35:39 PM, Old: 600.00, New: 400.00
Zero Mode Changed: 8/19/2022 12:35:42 PM, Old:ON, New:Reading
Zero Mode Changed: 8/19/2022 12:35:43 PM, Old:Reading, New:ON
Scan mode: Changed: 8/19/2022 12:36:52 PM, Old:Excitation, New:Emission
Excitation Wavelength Changed: 8/19/2022 12:36:52 PM, Old: 240.00, New: 300.00
Emission Wavelength Changed: 8/19/2022 12:36:52 PM, Old: 410.00, New: 310.00
Stop Wavelength Changed: 8/19/2022 12:36:52 PM, Old: 400.00, New: 600.00
Zero Mode Changed: 8/19/2022 12:36:54 PM, Old:ON, New:Reading
Zero Mode Changed: 8/19/2022 12:36:54 PM, Old:Reading, New:ON
Scan mode: Changed: 8/19/2022 12:37:46 PM, Old:Emission, New:Excitation
Excitation Wavelength Changed: 8/19/2022 12:37:46 PM, Old: 300.00, New: 240.00
Emission Wavelength Changed: 8/19/2022 12:37:46 PM, Old: 310.00, New: 350.00
Stop Wavelength Changed: 8/19/2022 12:37:46 PM, Old: 600.00, New: 340.00
Zero Mode Changed: 8/19/2022 12:37:49 PM, Old:ON, New:Reading
Zero Mode Changed: 8/19/2022 12:37:49 PM, Old:Reading, New:ON
Scan mode: Changed: 8/19/2022 12:38:28 PM, Old:Excitation, New:Emission
Excitation Wavelength Changed: 8/19/2022 12:38:28 PM, Old: 240.00, New: 295.00
Emission Wavelength Changed: 8/19/2022 12:38:28 PM, Old: 350.00, New: 305.00
Stop Wavelength Changed: 8/19/2022 12:38:28 PM, Old: 340.00, New: 550.00
Zero Mode Changed: 8/19/2022 12:38:31 PM, Old:ON, New:Reading
Zero Mode Changed: 8/19/2022 12:38:31 PM, Old:Reading, New:ON
Scan Control Changed: 8/19/2022 12:39:12 PM, Old:Medium, New:Slow
Ave. time (s): Changed: 8/19/2022 12:39:12 PM, Old:0.10000, New:0.50000
Zero Mode Changed: 8/19/2022 12:39:14 PM, Old:ON, New:Reading
Zero Mode Changed: 8/19/2022 12:39:14 PM, Old:Reading, New:ON
Excitation Wavelength Changed: 8/19/2022 12:41:46 PM, Old: 295.00, New: 335.00
Emission Wavelength Changed: 8/19/2022 12:41:46 PM, Old: 305.00, New: 345.00
Stop Wavelength Changed: 8/19/2022 12:41:46 PM, Old: 550.00, New: 600.00
Zero Mode Changed: 8/19/2022 12:41:49 PM, Old:ON, New:Reading
Zero Mode Changed: 8/19/2022 12:41:50 PM, Old:Reading, New:ON
Scan mode: Changed: 8/19/2022 12:46:36 PM, Old:Emission, New:Excitation
Excitation Wavelength Changed: 8/19/2022 12:46:36 PM, Old: 335.00, New: 240.00
Emission Wavelength Changed: 8/19/2022 12:46:36 PM, Old: 345.00, New: 410.00
Stop Wavelength Changed: 8/19/2022 12:46:36 PM, Old: 600.00, New: 400.00
Zero Mode Changed: 8/19/2022 12:46:39 PM, Old:ON, New:Reading
Zero Mode Changed: 8/19/2022 12:46:40 PM, Old:Reading, New:ON
Scan Control Changed: 8/19/2022 12:50:26 PM, Old:Slow, New:Medium
Ave. time (s): Changed: 8/19/2022 12:50:26 PM, Old:0.50000, New:0.10000
Zero Mode Changed: 8/19/2022 12:50:27 PM, Old:ON, New:Reading
Zero Mode Changed: 8/19/2022 12:50:27 PM, Old:Reading, New:ON
Scan mode: Changed: 8/19/2022 12:51:32 PM, Old:Excitation, New:Emission
Excitation Wavelength Changed: 8/19/2022 12:51:32 PM, Old: 240.00, New: 337.00
Emission Wavelength Changed: 8/19/2022 12:51:32 PM, Old: 410.00, New: 347.00
Stop Wavelength Changed: 8/19/2022 12:51:32 PM, Old: 400.00, New: 600.00
Zero Mode Changed: 8/19/2022 12:51:34 PM, Old:ON, New:Reading
Zero Mode Changed: 8/19/2022 12:51:35 PM, Old:Reading, New:ON
Scan mode: Changed: 8/19/2022 12:52:30 PM, Old:Emission, New:Excitation
Excitation Wavelength Changed: 8/19/2022 12:52:30 PM, Old: 337.00, New: 240.00
Emission Wavelength Changed: 8/19/2022 12:52:30 PM, Old: 347.00, New: 415.00
Stop Wavelength Changed: 8/19/2022 12:52:30 PM, Old: 600.00, New: 400.00
Zero Mode Changed: 8/19/2022 12:52:33 PM, Old:ON, New:Reading
Zero Mode Changed: 8/19/2022 12:52:33 PM, Old:Reading, New:ON
Scan mode: Changed: 8/19/2022 12:53:13 PM, Old:Excitation, New:Emission
Excitation Wavelength Changed: 8/19/2022 12:53:13 PM, Old: 240.00, New: 340.00
Emission Wavelength Changed: 8/19/2022 12:53:13 PM, Old: 415.00, New: 350.00
Stop Wavelength Changed: 8/19/2022 12:53:13 PM, Old: 400.00, New: 600.00
Zero Mode Changed: 8/19/2022 12:53:15 PM, Old:ON, New:Reading
Zero Mode Changed: 8/19/2022 12:53:15 PM, Old:Reading, New:ON
Zero Mode Changed: 8/19/2022 12:54:45 PM, Old:ON, New:Reading
Zero Mode Changed: 8/19/2022 12:54:46 PM, Old:Reading, New:ON
Zero Mode Changed: 8/19/2022 12:54:49 PM, Old:ON, New:Reading
Zero Mode Changed: 8/19/2022 12:54:49 PM, Old:Reading, New:ON
Scan Control Changed: 8/19/2022 12:54:51 PM, Old:Medium, New:Slow
Ave. time (s): Changed: 8/19/2022 12:54:51 PM, Old:0.10000, New:0.50000
Zero Mode Changed: 8/19/2022 12:54:55 PM, Old:ON, New:Reading
Zero Mode Changed: 8/19/2022 12:54:56 PM, Old:Reading, New:ON
Scan mode: Changed: 8/19/2022 12:57:28 PM, Old:Emission, New:Excitation
Excitation Wavelength Changed: 8/19/2022 12:57:28 PM, Old: 340.00, New: 240.00
Emission Wavelength Changed: 8/19/2022 12:57:28 PM, Old: 350.00, New: 420.00
Stop Wavelength Changed: 8/19/2022 12:57:28 PM, Old: 600.00, New: 410.00
Zero Mode Changed: 8/19/2022 12:57:31 PM, Old:ON, New:Reading
Zero Mode Changed: 8/19/2022 12:57:31 PM, Old:Reading, New:ON
Scan mode: Changed: 8/19/2022 12:59:36 PM, Old:Excitation, New:Emission
Excitation Wavelength Changed: 8/19/2022 12:59:36 PM, Old: 240.00, New: 295.00
Emission Wavelength Changed: 8/19/2022 12:59:36 PM, Old: 420.00, New: 305.00
Stop Wavelength Changed: 8/19/2022 12:59:36 PM, Old: 410.00, New: 550.00
Scan Control Changed: 8/19/2022 12:59:41 PM, Old:Slow, New:Medium
Ave. time (s): Changed: 8/19/2022 12:59:41 PM, Old:0.50000, New:0.10000
Zero Mode Changed: 8/19/2022 12:59:44 PM, Old:ON, New:Reading
Zero Mode Changed: 8/19/2022 12:59:44 PM, Old:Reading, New:ON
Scan mode: Changed: 8/19/2022 1:00:36 PM, Old:Emission, New:Excitation
Excitation Wavelength Changed: 8/19/2022 1:00:36 PM, Old: 295.00, New: 240.00
Emission Wavelength Changed: 8/19/2022 1:00:36 PM, Old: 305.00, New: 350.00
Stop Wavelength Changed: 8/19/2022 1:00:36 PM, Old: 550.00, New: 340.00
Zero Mode Changed: 8/19/2022 1:00:45 PM, Old:ON, New:Reading
Zero Mode Changed: 8/19/2022 1:00:45 PM, Old:Reading, New:ON
Zero Mode Changed: 8/19/2022 1:01:25 PM, Old:ON, New:Reading
Zero Mode Changed: 8/19/2022 1:01:25 PM, Old:Reading, New:ON
Emission Wavelength Changed: 8/19/2022 1:04:06 PM, Old: 350.00, New: 420.00
Stop Wavelength Changed: 8/19/2022 1:04:06 PM, Old: 340.00, New: 410.00
Zero Mode Changed: 8/19/2022 1:04:08 PM, Old:ON, New:Reading
Zero Mode Changed: 8/19/2022 1:04:08 PM, Old:Reading, New:ON
Scan mode: Changed: 8/19/2022 1:04:55 PM, Old:Excitation, New:Emission
Excitation Wavelength Changed: 8/19/2022 1:04:55 PM, Old: 240.00, New: 330.00
Emission Wavelength Changed: 8/19/2022 1:04:55 PM, Old: 420.00, New: 340.00
Stop Wavelength Changed: 8/19/2022 1:04:55 PM, Old: 410.00, New: 600.00
Zero Mode Changed: 8/19/2022 1:04:56 PM, Old:ON, New:Reading
Zero Mode Changed: 8/19/2022 1:04:57 PM, Old:Reading, New:ON
Scan mode: Changed: 8/19/2022 1:06:34 PM, Old:Emission, New:Excitation
User Delta Stop Changed: 8/19/2022 1:06:34 PM, Old: 450.00, New: 470.00
User Delta Increment Changed: 8/19/2022 1:06:34 PM, Old:  10.00, New:   0.15
Excitation Wavelength Changed: 8/19/2022 1:06:34 PM, Old: 330.00, New: 240.00
Emission Wavelength Changed: 8/19/2022 1:06:34 PM, Old: 340.00, New: 470.00
Stop Wavelength Changed: 8/19/2022 1:06:34 PM, Old: 600.00, New: 460.00
Zero Mode Changed: 8/19/2022 1:06:37 PM, Old:ON, New:Reading
Zero Mode Changed: 8/19/2022 1:06:37 PM, Old:Reading, New:ON
Scan mode: Changed: 8/19/2022 1:07:26 PM, Old:Excitation, New:Emission
Excitation Wavelength Changed: 8/19/2022 1:07:26 PM, Old: 240.00, New: 355.00
Emission Wavelength Changed: 8/19/2022 1:07:26 PM, Old: 470.00, New: 365.00
Stop Wavelength Changed: 8/19/2022 1:07:26 PM, Old: 460.00, New: 600.00
Zero Mode Changed: 8/19/2022 1:07:27 PM, Old:ON, New:Reading
Zero Mode Changed: 8/19/2022 1:07:27 PM, Old:Reading, New:ON
Scan mode: Changed: 8/19/2022 1:08:25 PM, Old:Emission, New:Excitation
User Delta Stop Changed: 8/19/2022 1:08:25 PM, Old: 470.00, New: 520.00
Excitation Wavelength Changed: 8/19/2022 1:08:25 PM, Old: 355.00, New: 270.00
Emission Wavelength Changed: 8/19/2022 1:08:25 PM, Old: 365.00, New: 520.00
Stop Wavelength Changed: 8/19/2022 1:08:25 PM, Old: 600.00, New: 510.00
Zero Mode Changed: 8/19/2022 1:08:29 PM, Old:ON, New:Reading
Zero Mode Changed: 8/19/2022 1:08:29 PM, Old:Reading, New:ON
Scan mode: Changed: 8/19/2022 1:09:40 PM, Old:Excitation, New:Emission
Excitation Wavelength Changed: 8/19/2022 1:09:40 PM, Old: 270.00, New: 345.00
Emission Wavelength Changed: 8/19/2022 1:09:40 PM, Old: 520.00, New: 355.00
Stop Wavelength Changed: 8/19/2022 1:09:40 PM, Old: 510.00, New: 600.00
Zero Mode Changed: 8/19/2022 1:09:42 PM, Old:ON, New:Reading
Zero Mode Changed: 8/19/2022 1:09:43 PM, Old:Reading, New:ON
Scan Control Changed: 8/19/2022 1:12:27 PM, Old:Medium, New:Slow
Ave. time (s): Changed: 8/19/2022 1:12:27 PM, Old:0.10000, New:0.50000
Zero Mode Changed: 8/19/2022 1:12:29 PM, Old:ON, New:Reading
Zero Mode Changed: 8/19/2022 1:12:30 PM, Old:Reading, New:ON
Scan mode: Changed: 8/19/2022 1:15:37 PM, Old:Emission, New:Excitation
Excitation Wavelength Changed: 8/19/2022 1:15:37 PM, Old: 345.00, New: 240.00
Emission Wavelength Changed: 8/19/2022 1:15:37 PM, Old: 355.00, New: 455.00
Stop Wavelength Changed: 8/19/2022 1:15:37 PM, Old: 600.00, New: 445.00
Zero Mode Changed: 8/19/2022 1:15:40 PM, Old:ON, New:Reading
Zero Mode Changed: 8/19/2022 1:15:41 PM, Old:Reading, New:ON
Scan mode: Changed: 8/19/2022 1:19:58 PM, Old:Excitation, New:Emission
Scan Control Changed: 8/19/2022 1:19:58 PM, Old:Slow, New:Medium
Ave. time (s): Changed: 8/19/2022 1:19:58 PM, Old:0.50000, New:0.10000
Excitation Wavelength Changed: 8/19/2022 1:19:58 PM, Old: 240.00, New: 295.00
Emission Wavelength Changed: 8/19/2022 1:19:58 PM, Old: 455.00, New: 305.00
Stop Wavelength Changed: 8/19/2022 1:19:58 PM, Old: 445.00, New: 550.00
Zero Mode Changed: 8/19/2022 1:20:00 PM, Old:ON, New:Reading
Zero Mode Changed: 8/19/2022 1:20:00 PM, Old:Reading, New:ON
Scan mode: Changed: 8/19/2022 12:22:27 PM, Old:Emission, New:Excitation
Excitation Wavelength Changed: 8/19/2022 12:22:27 PM, Old: 295.00, New: 240.00
Emission Wavelength Changed: 8/19/2022 12:22:27 PM, Old: 305.00, New: 350.00
Stop Wavelength Changed: 8/19/2022 12:22:27 PM, Old: 550.00, New: 340.00
Zero Mode Changed: 8/19/2022 12:22:31 PM, Old:ON, New:Reading
Zero Mode Changed: 8/19/2022 12:22:31 PM, Old:Reading, New:ON
Emission Wavelength Changed: 8/19/2022 12:35:02 PM, Old: 350.00, New: 420.00
Stop Wavelength Changed: 8/19/2022 12:35:02 PM, Old: 340.00, New: 410.00
Zero Mode Changed: 8/19/2022 12:35:04 PM, Old:ON, New:Reading
Zero Mode Changed: 8/19/2022 12:35:05 PM, Old:Reading, New:ON
Scan mode: Changed: 8/19/2022 12:36:08 PM, Old:Excitation, New:Emission
Excitation Wavelength Changed: 8/19/2022 12:36:08 PM, Old: 240.00, New: 360.00
Emission Wavelength Changed: 8/19/2022 12:36:08 PM, Old: 420.00, New: 370.00
Stop Wavelength Changed: 8/19/2022 12:36:08 PM, Old: 410.00, New: 700.00
Zero Mode Changed: 8/19/2022 12:36:09 PM, Old:ON, New:Reading
Zero Mode Changed: 8/19/2022 12:36:10 PM, Old:Reading, New:ON
Scan mode: Changed: 8/19/2022 12:37:08 PM, Old:Emission, New:Excitation
Excitation Wavelength Changed: 8/19/2022 12:37:08 PM, Old: 360.00, New: 240.00
Emission Wavelength Changed: 8/19/2022 12:37:08 PM, Old: 370.00, New: 440.00
Stop Wavelength Changed: 8/19/2022 12:37:08 PM, Old: 700.00, New: 430.00
Zero Mode Changed: 8/19/2022 12:37:11 PM, Old:ON, New:Reading
Zero Mode Changed: 8/19/2022 12:37:11 PM, Old:Reading, New:ON
Scan mode: Changed: 8/19/2022 12:38:01 PM, Old:Excitation, New:Emission
Excitation Wavelength Changed: 8/19/2022 12:38:01 PM, Old: 240.00, New: 365.00
Emission Wavelength Changed: 8/19/2022 12:38:01 PM, Old: 440.00, New: 375.00
Stop Wavelength Changed: 8/19/2022 12:38:01 PM, Old: 430.00, New: 700.00
Zero Mode Changed: 8/19/2022 12:38:03 PM, Old:ON, New:Reading
Zero Mode Changed: 8/19/2022 12:38:04 PM, Old:Reading, New:ON
Excitation Wavelength Changed: 8/19/2022 12:38:57 PM, Old: 365.00, New: 370.00
Emission Wavelength Changed: 8/19/2022 12:38:57 PM, Old: 375.00, New: 380.00
Zero Mode Changed: 8/19/2022 12:38:58 PM, Old:ON, New:Reading
Zero Mode Changed: 8/19/2022 12:38:59 PM, Old:Reading, New:ON
Scan mode: Changed: 8/19/2022 12:40:00 PM, Old:Emission, New:Excitation
Excitation Wavelength Changed: 8/19/2022 12:40:00 PM, Old: 370.00, New: 240.00
Emission Wavelength Changed: 8/19/2022 12:40:00 PM, Old: 380.00, New: 512.00
Stop Wavelength Changed: 8/19/2022 12:40:00 PM, Old: 700.00, New: 500.00
Zero Mode Changed: 8/19/2022 12:40:03 PM, Old:ON, New:Reading
Zero Mode Changed: 8/19/2022 12:40:04 PM, Old:Reading, New:ON
Scan mode: Changed: 8/19/2022 12:40:57 PM, Old:Excitation, New:Emission
Excitation Wavelength Changed: 8/19/2022 12:40:57 PM, Old: 240.00, New: 400.00
Emission Wavelength Changed: 8/19/2022 12:40:57 PM, Old: 512.00, New: 410.00
Stop Wavelength Changed: 8/19/2022 12:40:57 PM, Old: 500.00, New: 700.00
Zero Mode Changed: 8/19/2022 12:40:59 PM, Old:ON, New:Reading
Zero Mode Changed: 8/19/2022 12:41:00 PM, Old:Reading, New:ON
Scan mode: Changed: 8/19/2022 12:41:45 PM, Old:Emission, New:Excitation
Excitation Wavelength Changed: 8/19/2022 12:41:45 PM, Old: 400.00, New: 240.00
Emission Wavelength Changed: 8/19/2022 12:41:45 PM, Old: 410.00, New: 515.00
Stop Wavelength Changed: 8/19/2022 12:41:45 PM, Old: 700.00, New: 505.00
Zero Mode Changed: 8/19/2022 12:41:48 PM, Old:ON, New:Reading
Zero Mode Changed: 8/19/2022 12:41:49 PM, Old:Reading, New:ON
Emission Wavelength Changed: 8/19/2022 12:42:40 PM, Old: 515.00, New: 435.00
Stop Wavelength Changed: 8/19/2022 12:42:40 PM, Old: 505.00, New: 425.00
Zero Mode Changed: 8/19/2022 12:42:43 PM, Old:ON, New:Reading
Zero Mode Changed: 8/19/2022 12:42:43 PM, Old:Reading, New:ON
Scan mode: Changed: 8/19/2022 12:43:33 PM, Old:Excitation, New:Emission
Excitation Wavelength Changed: 8/19/2022 12:43:33 PM, Old: 240.00, New: 295.00
Emission Wavelength Changed: 8/19/2022 12:43:33 PM, Old: 435.00, New: 305.00
Stop Wavelength Changed: 8/19/2022 12:43:33 PM, Old: 425.00, New: 550.00
Zero Mode Changed: 8/19/2022 12:43:35 PM, Old:ON, New:Reading
Zero Mode Changed: 8/19/2022 12:43:35 PM, Old:Reading, New:ON
Scan mode: Changed: 8/19/2022 12:44:33 PM, Old:Emission, New:Excitation
Excitation Wavelength Changed: 8/19/2022 12:44:33 PM, Old: 295.00, New: 240.00
Emission Wavelength Changed: 8/19/2022 12:44:33 PM, Old: 305.00, New: 400.00
Stop Wavelength Changed: 8/19/2022 12:44:33 PM, Old: 550.00, New: 390.00
Zero Mode Changed: 8/19/2022 12:44:36 PM, Old:ON, New:Reading
Zero Mode Changed: 8/19/2022 12:44:37 PM, Old:Reading, New:ON
Scan mode: Changed: 8/19/2022 12:45:20 PM, Old:Excitation, New:Emission
Excitation Wavelength Changed: 8/19/2022 12:45:20 PM, Old: 240.00, New: 340.00
Emission Wavelength Changed: 8/19/2022 12:45:20 PM, Old: 400.00, New: 350.00
Stop Wavelength Changed: 8/19/2022 12:45:20 PM, Old: 390.00, New: 650.00
Zero Mode Changed: 8/19/2022 12:45:22 PM, Old:ON, New:Reading
Zero Mode Changed: 8/19/2022 12:45:22 PM, Old:Reading, New:ON
Scan mode: Changed: 8/19/2022 12:46:17 PM, Old:Emission, New:Excitation
Excitation Wavelength Changed: 8/19/2022 12:46:17 PM, Old: 340.00, New: 240.00
Emission Wavelength Changed: 8/19/2022 12:46:17 PM, Old: 350.00, New: 425.00
Stop Wavelength Changed: 8/19/2022 12:46:17 PM, Old: 650.00, New: 415.00
Zero Mode Changed: 8/19/2022 12:46:20 PM, Old:ON, New:Reading
Zero Mode Changed: 8/19/2022 12:46:21 PM, Old:Reading, New:ON
Scan mode: Changed: 8/19/2022 12:47:03 PM, Old:Excitation, New:Emission
Excitation Wavelength Changed: 8/19/2022 12:47:03 PM, Old: 240.00, New: 385.00
Emission Wavelength Changed: 8/19/2022 12:47:03 PM, Old: 425.00, New: 395.00
Stop Wavelength Changed: 8/19/2022 12:47:03 PM, Old: 415.00, New: 700.00
Zero Mode Changed: 8/19/2022 12:47:05 PM, Old:ON, New:Reading
Zero Mode Changed: 8/19/2022 12:47:05 PM, Old:Reading, New:ON
Excitation Wavelength Changed: 8/19/2022 12:47:56 PM, Old: 385.00, New: 365.00
Emission Wavelength Changed: 8/19/2022 12:47:56 PM, Old: 395.00, New: 375.00
Zero Mode Changed: 8/19/2022 12:47:59 PM, Old:ON, New:Reading
Zero Mode Changed: 8/19/2022 12:47:59 PM, Old:Reading, New:ON
3-D Mode Changed: 8/19/2022 12:50:41 PM, Old:OFF, New:ON
User Delta Stop Changed: 8/19/2022 12:50:41 PM, Old: 520.00, New: 400.00
User Delta Increment Changed: 8/19/2022 12:50:41 PM, Old:   0.15, New:   5.00
Excitation Wavelength Changed: 8/19/2022 12:50:41 PM, Old: 365.00, New: 330.00
Emission Wavelength Changed: 8/19/2022 12:50:41 PM, Old: 375.00, New: 410.00
Zero Mode Changed: 8/19/2022 12:50:43 PM, Old:ON, New:Reading
Zero Mode Changed: 8/19/2022 12:50:43 PM, Old:Reading, New:ON
Excitation Wavelength Changed: 8/19/2022 12:51:25 PM, Old: 330.00, New: 335.00
Excitation Wavelength Changed: 8/19/2022 12:51:55 PM, Old: 335.00, New: 340.00
Excitation Wavelength Changed: 8/19/2022 12:52:25 PM, Old: 340.00, New: 345.00
Excitation Wavelength Changed: 8/19/2022 12:52:55 PM, Old: 345.00, New: 350.00
Excitation Wavelength Changed: 8/19/2022 12:53:25 PM, Old: 350.00, New: 355.00
Excitation Wavelength Changed: 8/19/2022 12:53:55 PM, Old: 355.00, New: 360.00
Excitation Wavelength Changed: 8/19/2022 12:54:26 PM, Old: 360.00, New: 365.00
Excitation Wavelength Changed: 8/19/2022 12:54:56 PM, Old: 365.00, New: 370.00
Excitation Wavelength Changed: 8/19/2022 12:55:26 PM, Old: 370.00, New: 375.00
Excitation Wavelength Changed: 8/19/2022 12:55:56 PM, Old: 375.00, New: 380.00
Excitation Wavelength Changed: 8/19/2022 12:56:26 PM, Old: 380.00, New: 385.00
Excitation Wavelength Changed: 8/19/2022 12:56:56 PM, Old: 385.00, New: 390.00
Excitation Wavelength Changed: 8/19/2022 12:57:27 PM, Old: 390.00, New: 395.00
Excitation Wavelength Changed: 8/19/2022 12:57:57 PM, Old: 395.00, New: 400.00
Excitation Wavelength Changed: 8/19/2022 12:58:27 PM, Old: 400.00, New: 330.00
Excitation Wavelength Changed: 8/19/2022 1:09:07 PM, Old: 330.00, New: 295.00
Emission Wavelength Changed: 8/19/2022 1:09:07 PM, Old: 410.00, New: 305.00
Stop Wavelength Changed: 8/19/2022 1:09:07 PM, Old: 700.00, New: 550.00
Zero Mode Changed: 8/19/2022 1:09:08 PM, Old:ON, New:Reading
Zero Mode Changed: 8/19/2022 1:09:08 PM, Old:Reading, New:ON
Excitation Wavelength Changed: 8/19/2022 1:09:59 PM, Old: 295.00, New: 300.00
Excitation Wavelength Changed: 8/19/2022 1:10:08 PM, Old: 300.00, New: 305.00
3-D Mode Changed: 8/19/2022 1:10:15 PM, Old:ON, New:OFF
Excitation Wavelength Changed: 8/19/2022 1:10:15 PM, Old: 305.00, New: 295.00
Zero Mode Changed: 8/19/2022 1:10:16 PM, Old:ON, New:Reading
Zero Mode Changed: 8/19/2022 1:10:17 PM, Old:Reading, New:ON
Scan mode: Changed: 8/19/2022 1:10:57 PM, Old:Emission, New:Excitation
User Delta Increment Changed: 8/19/2022 1:10:57 PM, Old:   5.00, New:   0.15
Excitation Wavelength Changed: 8/19/2022 1:10:57 PM, Old: 295.00, New: 240.00
Emission Wavelength Changed: 8/19/2022 1:10:57 PM, Old: 305.00, New: 400.00
Stop Wavelength Changed: 8/19/2022 1:10:57 PM, Old: 550.00, New: 390.00
Zero Mode Changed: 8/19/2022 1:11:03 PM, Old:ON, New:Reading
Zero Mode Changed: 8/19/2022 1:11:03 PM, Old:Reading, New:ON
Scan mode: Changed: 8/19/2022 1:11:48 PM, Old:Excitation, New:Emission
Excitation Wavelength Changed: 8/19/2022 1:11:48 PM, Old: 240.00, New: 330.00
Emission Wavelength Changed: 8/19/2022 1:11:48 PM, Old: 400.00, New: 340.00
Stop Wavelength Changed: 8/19/2022 1:11:48 PM, Old: 390.00, New: 600.00
Zero Mode Changed: 8/19/2022 1:11:50 PM, Old:ON, New:Reading
Zero Mode Changed: 8/19/2022 1:11:51 PM, Old:Reading, New:ON
Scan mode: Changed: 8/19/2022 1:12:42 PM, Old:Emission, New:Excitation
Excitation Wavelength Changed: 8/19/2022 1:12:42 PM, Old: 330.00, New: 220.00
Emission Wavelength Changed: 8/19/2022 1:12:42 PM, Old: 340.00, New: 400.00
Stop Wavelength Changed: 8/19/2022 1:12:42 PM, Old: 600.00, New: 390.00
Zero Mode Changed: 8/19/2022 1:12:45 PM, Old:ON, New:Reading
Zero Mode Changed: 8/19/2022 1:12:46 PM, Old:Reading, New:ON
Excitation Wavelength Changed: 8/19/2022 1:13:19 PM, Old: 220.00, New: 290.00
Zero Mode Changed: 8/19/2022 1:13:21 PM, Old:ON, New:Reading
Zero Mode Changed: 8/19/2022 1:13:21 PM, Old:Reading, New:ON
Scan mode: Changed: 8/19/2022 1:14:02 PM, Old:Excitation, New:Emission
Excitation Wavelength Changed: 8/19/2022 1:14:02 PM, Old: 290.00, New: 260.00
Emission Wavelength Changed: 8/19/2022 1:14:02 PM, Old: 400.00, New: 270.00
Stop Wavelength Changed: 8/19/2022 1:14:02 PM, Old: 390.00, New: 500.00
Zero Mode Changed: 8/19/2022 1:14:05 PM, Old:ON, New:Reading
Zero Mode Changed: 8/19/2022 1:14:05 PM, Old:Reading, New:ON
3-D Mode Changed: 8/19/2022 1:15:52 PM, Old:OFF, New:ON
User Delta Stop Changed: 8/19/2022 1:15:52 PM, Old: 400.00, New: 330.00
User Delta Increment Changed: 8/19/2022 1:15:52 PM, Old:   0.15, New:   5.00
Emission Wavelength Changed: 8/19/2022 1:15:52 PM, Old: 270.00, New: 340.00
Zero Mode Changed: 8/19/2022 1:15:53 PM, Old:ON, New:Reading
Zero Mode Changed: 8/19/2022 1:15:53 PM, Old:Reading, New:ON
Excitation Wavelength Changed: 8/19/2022 1:16:21 PM, Old: 260.00, New: 265.00
Excitation Wavelength Changed: 8/19/2022 1:16:38 PM, Old: 265.00, New: 270.00
Excitation Wavelength Changed: 8/19/2022 1:16:55 PM, Old: 270.00, New: 275.00
Excitation Wavelength Changed: 8/19/2022 1:17:12 PM, Old: 275.00, New: 280.00
Excitation Wavelength Changed: 8/19/2022 1:17:29 PM, Old: 280.00, New: 285.00
Excitation Wavelength Changed: 8/19/2022 1:17:46 PM, Old: 285.00, New: 290.00
Excitation Wavelength Changed: 8/19/2022 1:18:03 PM, Old: 290.00, New: 295.00
Excitation Wavelength Changed: 8/19/2022 1:18:19 PM, Old: 295.00, New: 300.00
Excitation Wavelength Changed: 8/19/2022 1:18:36 PM, Old: 300.00, New: 305.00
Excitation Wavelength Changed: 8/19/2022 1:18:53 PM, Old: 305.00, New: 310.00
Excitation Wavelength Changed: 8/19/2022 1:18:56 PM, Old: 310.00, New: 315.00
Excitation Wavelength Changed: 8/19/2022 12:21:52 PM, Old: 315.00, New: 295.00
Emission Wavelength Changed: 8/19/2022 12:21:52 PM, Old: 340.00, New: 305.00
Stop Wavelength Changed: 8/19/2022 12:21:52 PM, Old: 500.00, New: 550.00
Zero Mode Changed: 8/19/2022 12:21:54 PM, Old:ON, New:Reading
Zero Mode Changed: 8/19/2022 12:21:54 PM, Old:Reading, New:ON
3-D Mode Changed: 8/19/2022 12:22:09 PM, Old:ON, New:OFF
Zero Mode Changed: 8/19/2022 12:22:11 PM, Old:ON, New:Reading
Zero Mode Changed: 8/19/2022 12:22:11 PM, Old:Reading, New:ON
Scan mode: Changed: 8/19/2022 12:23:09 PM, Old:Emission, New:Excitation
User Delta Stop Changed: 8/19/2022 12:23:09 PM, Old: 330.00, New: 370.00
User Delta Increment Changed: 8/19/2022 12:23:09 PM, Old:   5.00, New:   0.15
Excitation Wavelength Changed: 8/19/2022 12:23:09 PM, Old: 295.00, New: 240.00
Emission Wavelength Changed: 8/19/2022 12:23:09 PM, Old: 305.00, New: 370.00
Stop Wavelength Changed: 8/19/2022 12:23:09 PM, Old: 550.00, New: 360.00
Zero Mode Changed: 8/19/2022 12:23:12 PM, Old:ON, New:Reading
Zero Mode Changed: 8/19/2022 12:23:12 PM, Old:Reading, New:ON
Scan mode: Changed: 8/19/2022 12:23:53 PM, Old:Excitation, New:Emission
Excitation Wavelength Changed: 8/19/2022 12:23:53 PM, Old: 240.00, New: 320.00
Emission Wavelength Changed: 8/19/2022 12:23:53 PM, Old: 370.00, New: 330.00
Stop Wavelength Changed: 8/19/2022 12:23:53 PM, Old: 360.00, New: 650.00
Zero Mode Changed: 8/19/2022 12:23:56 PM, Old:ON, New:Reading
Zero Mode Changed: 8/19/2022 12:23:56 PM, Old:Reading, New:ON
Scan mode: Changed: 8/19/2022 12:25:02 PM, Old:Emission, New:Excitation
User Delta Stop Changed: 8/19/2022 12:25:02 PM, Old: 370.00, New: 520.00
Excitation Wavelength Changed: 8/19/2022 12:25:02 PM, Old: 320.00, New: 270.00
Emission Wavelength Changed: 8/19/2022 12:25:02 PM, Old: 330.00, New: 520.00
Stop Wavelength Changed: 8/19/2022 12:25:02 PM, Old: 650.00, New: 510.00
Zero Mode Changed: 8/19/2022 12:25:06 PM, Old:ON, New:Reading
Zero Mode Changed: 8/19/2022 12:25:06 PM, Old:Reading, New:ON
Scan mode: Changed: 8/19/2022 12:26:34 PM, Old:Excitation, New:Emission
Excitation Wavelength Changed: 8/19/2022 12:26:34 PM, Old: 270.00, New: 380.00
Emission Wavelength Changed: 8/19/2022 12:26:34 PM, Old: 520.00, New: 390.00
Stop Wavelength Changed: 8/19/2022 12:26:34 PM, Old: 510.00, New: 700.00
Zero Mode Changed: 8/19/2022 12:26:36 PM, Old:ON, New:Reading
Zero Mode Changed: 8/19/2022 12:26:36 PM, Old:Reading, New:ON
Scan mode: Changed: 8/19/2022 12:27:28 PM, Old:Emission, New:Excitation
Excitation Wavelength Changed: 8/19/2022 12:27:28 PM, Old: 380.00, New: 240.00
Emission Wavelength Changed: 8/19/2022 12:27:28 PM, Old: 390.00, New: 395.00
Stop Wavelength Changed: 8/19/2022 12:27:28 PM, Old: 700.00, New: 385.00
Zero Mode Changed: 8/19/2022 12:27:32 PM, Old:ON, New:Reading
Zero Mode Changed: 8/19/2022 12:27:32 PM, Old:Reading, New:ON
Emission Wavelength Changed: 8/19/2022 12:27:46 PM, Old: 395.00, New: 390.00
Stop Wavelength Changed: 8/19/2022 12:27:46 PM, Old: 385.00, New: 380.00
Zero Mode Changed: 8/19/2022 12:27:47 PM, Old:ON, New:Reading
Zero Mode Changed: 8/19/2022 12:27:47 PM, Old:Reading, New:ON
Scan mode: Changed: 8/19/2022 12:28:31 PM, Old:Excitation, New:Emission
Excitation Wavelength Changed: 8/19/2022 12:28:31 PM, Old: 240.00, New: 330.00
Emission Wavelength Changed: 8/19/2022 12:28:31 PM, Old: 390.00, New: 340.00
Stop Wavelength Changed: 8/19/2022 12:28:31 PM, Old: 380.00, New: 700.00
Zero Mode Changed: 8/19/2022 12:28:32 PM, Old:ON, New:Reading
Zero Mode Changed: 8/19/2022 12:28:33 PM, Old:Reading, New:ON
Scan mode: Changed: 8/19/2022 12:29:35 PM, Old:Emission, New:Excitation
Excitation Wavelength Changed: 8/19/2022 12:29:35 PM, Old: 330.00, New: 240.00
Emission Wavelength Changed: 8/19/2022 12:29:35 PM, Old: 340.00, New: 405.00
Stop Wavelength Changed: 8/19/2022 12:29:35 PM, Old: 700.00, New: 395.00
Zero Mode Changed: 8/19/2022 12:29:38 PM, Old:ON, New:Reading
Zero Mode Changed: 8/19/2022 12:29:38 PM, Old:Reading, New:ON
Scan mode: Changed: 8/19/2022 12:30:37 PM, Old:Excitation, New:Emission
Excitation Wavelength Changed: 8/19/2022 12:30:37 PM, Old: 240.00, New: 335.00
Emission Wavelength Changed: 8/19/2022 12:30:37 PM, Old: 405.00, New: 345.00
Stop Wavelength Changed: 8/19/2022 12:30:37 PM, Old: 395.00, New: 650.00
Zero Mode Changed: 8/19/2022 12:30:39 PM, Old:ON, New:Reading
Zero Mode Changed: 8/19/2022 12:30:39 PM, Old:Reading, New:ON
Scan mode: Changed: 8/19/2022 12:31:30 PM, Old:Emission, New:Excitation
Excitation Wavelength Changed: 8/19/2022 12:31:30 PM, Old: 335.00, New: 240.00
Emission Wavelength Changed: 8/19/2022 12:31:30 PM, Old: 345.00, New: 410.00
Stop Wavelength Changed: 8/19/2022 12:31:30 PM, Old: 650.00, New: 400.00
Zero Mode Changed: 8/19/2022 12:31:33 PM, Old:ON, New:Reading
Zero Mode Changed: 8/19/2022 12:31:34 PM, Old:Reading, New:ON
Emission Wavelength Changed: 8/19/2022 12:32:09 PM, Old: 410.00, New: 420.00
Stop Wavelength Changed: 8/19/2022 12:32:09 PM, Old: 400.00, New: 410.00
Zero Mode Changed: 8/19/2022 12:32:11 PM, Old:ON, New:Reading
Zero Mode Changed: 8/19/2022 12:32:12 PM, Old:Reading, New:ON
Emission Wavelength Changed: 8/19/2022 12:32:51 PM, Old: 420.00, New: 415.00
Stop Wavelength Changed: 8/19/2022 12:32:51 PM, Old: 410.00, New: 405.00
Zero Mode Changed: 8/19/2022 12:32:56 PM, Old:ON, New:Reading
Zero Mode Changed: 8/19/2022 12:32:56 PM, Old:Reading, New:ON
3-D Mode Changed: 8/19/2022 12:36:08 PM, Old:OFF, New:ON
User Delta Stop Changed: 8/19/2022 12:36:08 PM, Old: 520.00, New: 430.00
Emission Wavelength Changed: 8/19/2022 12:36:08 PM, Old: 415.00, New: 400.00
Stop Wavelength Changed: 8/19/2022 12:36:08 PM, Old: 405.00, New: 390.00
Zero Mode Changed: 8/19/2022 12:36:20 PM, Old:ON, New:Reading
Zero Mode Changed: 8/19/2022 12:36:20 PM, Old:Reading, New:ON
Emission Wavelength Changed: 8/19/2022 12:37:00 PM, Old: 400.00, New: 400.15
Emission Wavelength Changed: 8/19/2022 12:37:20 PM, Old: 400.15, New: 400.30
Emission Wavelength Changed: 8/19/2022 12:37:26 PM, Old: 400.30, New: 400.45
Scan mode: Changed: 8/19/2022 12:38:08 PM, Old:Excitation, New:Emission
3-D Mode Changed: 8/19/2022 12:38:08 PM, Old:ON, New:OFF
User Delta Increment Changed: 8/19/2022 12:38:08 PM, Old:   0.15, New:   5.00
Excitation Wavelength Changed: 8/19/2022 12:38:08 PM, Old: 240.00, New: 295.00
Emission Wavelength Changed: 8/19/2022 12:38:08 PM, Old: 400.45, New: 305.00
Stop Wavelength Changed: 8/19/2022 12:38:08 PM, Old: 390.00, New: 550.00
Zero Mode Changed: 8/19/2022 12:38:09 PM, Old:ON, New:Reading
Zero Mode Changed: 8/19/2022 12:38:10 PM, Old:Reading, New:ON
Ex. Slit Width (nm): Changed: 8/19/2022 12:39:13 PM, Old:5, New:10
Excitation Wavelength Changed: 8/19/2022 12:39:13 PM, Old: 295.00, New: 340.00
Emission Wavelength Changed: 8/19/2022 12:39:13 PM, Old: 305.00, New: 350.00
Stop Wavelength Changed: 8/19/2022 12:39:13 PM, Old: 550.00, New: 650.00
Zero Mode Changed: 8/19/2022 12:39:13 PM, Old:ON, New:OFF
Zero Mode Changed: 8/19/2022 12:39:15 PM, Old:OFF, New:Reading
Zero Mode Changed: 8/19/2022 12:39:15 PM, Old:Reading, New:ON
Scan mode: Changed: 8/19/2022 12:40:17 PM, Old:Emission, New:Excitation
User Delta Stop Changed: 8/19/2022 12:40:17 PM, Old: 430.00, New: 530.00
User Delta Increment Changed: 8/19/2022 12:40:17 PM, Old:   5.00, New:   0.15
Excitation Wavelength Changed: 8/19/2022 12:40:17 PM, Old: 340.00, New: 240.00
Emission Wavelength Changed: 8/19/2022 12:40:17 PM, Old: 350.00, New: 530.00
Stop Wavelength Changed: 8/19/2022 12:40:17 PM, Old: 650.00, New: 520.00
Zero Mode Changed: 8/19/2022 12:40:20 PM, Old:ON, New:Reading
Zero Mode Changed: 8/19/2022 12:40:21 PM, Old:Reading, New:ON
Scan mode: Changed: 8/19/2022 12:41:51 PM, Old:Excitation, New:Emission
Ex. Slit Width (nm): Changed: 8/19/2022 12:41:51 PM, Old:10, New:5
Excitation Wavelength Changed: 8/19/2022 12:41:51 PM, Old: 240.00, New: 455.00
Emission Wavelength Changed: 8/19/2022 12:41:51 PM, Old: 530.00, New: 465.00
Stop Wavelength Changed: 8/19/2022 12:41:51 PM, Old: 520.00, New: 700.00
Zero Mode Changed: 8/19/2022 12:41:51 PM, Old:ON, New:OFF
Zero Mode Changed: 8/19/2022 12:41:53 PM, Old:OFF, New:Reading
Zero Mode Changed: 8/19/2022 12:41:54 PM, Old:Reading, New:ON
Scan mode: Changed: 8/19/2022 12:42:51 PM, Old:Emission, New:Excitation
Excitation Wavelength Changed: 8/19/2022 12:42:51 PM, Old: 455.00, New: 290.00
Emission Wavelength Changed: 8/19/2022 12:42:51 PM, Old: 465.00, New: 530.00
Stop Wavelength Changed: 8/19/2022 12:42:51 PM, Old: 700.00, New: 520.00
Zero Mode Changed: 8/19/2022 12:42:54 PM, Old:ON, New:Reading
Zero Mode Changed: 8/19/2022 12:42:54 PM, Old:Reading, New:ON
End Method Modifications

CdSe 180sec ex420,
CdSe 180sec ex420
Collection Time: 8/19/2022 12:44:12 PM
Operator Name  :
Scan Software Version: 1.1(132)
Parameter List :
Instrument                        Cary Eclipse
Instrument Serial Number          E08013467
Data mode                         Fluorescence
Scan mode                         Emission
X Mode                            Wavelength (nm)
Start (nm)                        430.00
Stop (nm)                         700.00
Ex. Wavelength (nm)               420.00
Ex. Slit (nm)                     5
Em. Slit (nm)                     5
Scan rate (nm/min)                600.00
Data interval (nm)                1.0000
Averaging Time (s)                0.1000
Excitation filter                 Auto
Emission filter                   Open
PMT voltage (V)                   Medium
Corrected spectra                 OFF
Method Log     :
Method Name    : Default
Date/Time stamp: 8/19/2022 12:23:28 PM
Method Modifications:
Overlayed Graphs Changed: 8/19/2022 12:24:53 PM, Old:OFF, New:ON
Y max Changed: 8/19/2022 12:24:53 PM, Old:  1000.0000, New:   300.0000
Excitation Wavelength Changed: 8/19/2022 12:27:20 PM, Old: 350.00, New: 300.00
Emission Wavelength Changed: 8/19/2022 12:27:20 PM, Old: 400.00, New: 310.00
Stop Wavelength Changed: 8/19/2022 12:27:20 PM, Old: 600.00, New: 500.00
Zero Mode Changed: 8/19/2022 12:27:22 PM, Old:OFF, New:Reading
Zero Mode Changed: 8/19/2022 12:27:22 PM, Old:Reading, New:ON
Scan mode: Changed: 8/19/2022 12:28:28 PM, Old:Emission, New:Excitation
Excitation Wavelength Changed: 8/19/2022 12:28:28 PM, Old: 300.00, New: 240.00
Emission Wavelength Changed: 8/19/2022 12:28:28 PM, Old: 310.00, New: 400.00
Stop Wavelength Changed: 8/19/2022 12:28:28 PM, Old: 500.00, New: 390.00
Zero Mode Changed: 8/19/2022 12:28:31 PM, Old:ON, New:Reading
Zero Mode Changed: 8/19/2022 12:28:31 PM, Old:Reading, New:ON
Scan mode: Changed: 8/19/2022 12:29:17 PM, Old:Excitation, New:Emission
Excitation Wavelength Changed: 8/19/2022 12:29:17 PM, Old: 240.00, New: 330.00
Emission Wavelength Changed: 8/19/2022 12:29:17 PM, Old: 400.00, New: 340.00
Stop Wavelength Changed: 8/19/2022 12:29:17 PM, Old: 390.00, New: 500.00
Zero Mode Changed: 8/19/2022 12:29:19 PM, Old:ON, New:Reading
Zero Mode Changed: 8/19/2022 12:29:19 PM, Old:Reading, New:ON
Scan mode: Changed: 8/19/2022 12:30:02 PM, Old:Emission, New:Excitation
Excitation Wavelength Changed: 8/19/2022 12:30:02 PM, Old: 330.00, New: 240.00
Emission Wavelength Changed: 8/19/2022 12:30:02 PM, Old: 340.00, New: 410.00
Stop Wavelength Changed: 8/19/2022 12:30:02 PM, Old: 500.00, New: 400.00
Zero Mode Changed: 8/19/2022 12:30:08 PM, Old:ON, New:Reading
Zero Mode Changed: 8/19/2022 12:30:08 PM, Old:Reading, New:ON
Scan mode: Changed: 8/19/2022 12:30:53 PM, Old:Excitation, New:Emission
Excitation Wavelength Changed: 8/19/2022 12:30:53 PM, Old: 240.00, New: 335.00
Emission Wavelength Changed: 8/19/2022 12:30:53 PM, Old: 410.00, New: 345.00
Stop Wavelength Changed: 8/19/2022 12:30:53 PM, Old: 400.00, New: 600.00
Zero Mode Changed: 8/19/2022 12:30:55 PM, Old:ON, New:Reading
Zero Mode Changed: 8/19/2022 12:30:55 PM, Old:Reading, New:ON
Zero Mode Changed: 8/19/2022 12:34:51 PM, Old:ON, New:Reading
Zero Mode Changed: 8/19/2022 12:34:51 PM, Old:Reading, New:ON
Scan mode: Changed: 8/19/2022 12:35:39 PM, Old:Emission, New:Excitation
Excitation Wavelength Changed: 8/19/2022 12:35:39 PM, Old: 335.00, New: 240.00
Emission Wavelength Changed: 8/19/2022 12:35:39 PM, Old: 345.00, New: 410.00
Stop Wavelength Changed: 8/19/2022 12:35:39 PM, Old: 600.00, New: 400.00
Zero Mode Changed: 8/19/2022 12:35:42 PM, Old:ON, New:Reading
Zero Mode Changed: 8/19/2022 12:35:43 PM, Old:Reading, New:ON
Scan mode: Changed: 8/19/2022 12:36:52 PM, Old:Excitation, New:Emission
Excitation Wavelength Changed: 8/19/2022 12:36:52 PM, Old: 240.00, New: 300.00
Emission Wavelength Changed: 8/19/2022 12:36:52 PM, Old: 410.00, New: 310.00
Stop Wavelength Changed: 8/19/2022 12:36:52 PM, Old: 400.00, New: 600.00
Zero Mode Changed: 8/19/2022 12:36:54 PM, Old:ON, New:Reading
Zero Mode Changed: 8/19/2022 12:36:54 PM, Old:Reading, New:ON
Scan mode: Changed: 8/19/2022 12:37:46 PM, Old:Emission, New:Excitation
Excitation Wavelength Changed: 8/19/2022 12:37:46 PM, Old: 300.00, New: 240.00
Emission Wavelength Changed: 8/19/2022 12:37:46 PM, Old: 310.00, New: 350.00
Stop Wavelength Changed: 8/19/2022 12:37:46 PM, Old: 600.00, New: 340.00
Zero Mode Changed: 8/19/2022 12:37:49 PM, Old:ON, New:Reading
Zero Mode Changed: 8/19/2022 12:37:49 PM, Old:Reading, New:ON
Scan mode: Changed: 8/19/2022 12:38:28 PM, Old:Excitation, New:Emission
Excitation Wavelength Changed: 8/19/2022 12:38:28 PM, Old: 240.00, New: 295.00
Emission Wavelength Changed: 8/19/2022 12:38:28 PM, Old: 350.00, New: 305.00
Stop Wavelength Changed: 8/19/2022 12:38:28 PM, Old: 340.00, New: 550.00
Zero Mode Changed: 8/19/2022 12:38:31 PM, Old:ON, New:Reading
Zero Mode Changed: 8/19/2022 12:38:31 PM, Old:Reading, New:ON
Scan Control Changed: 8/19/2022 12:39:12 PM, Old:Medium, New:Slow
Ave. time (s): Changed: 8/19/2022 12:39:12 PM, Old:0.10000, New:0.50000
Zero Mode Changed: 8/19/2022 12:39:14 PM, Old:ON, New:Reading
Zero Mode Changed: 8/19/2022 12:39:14 PM, Old:Reading, New:ON
Excitation Wavelength Changed: 8/19/2022 12:41:46 PM, Old: 295.00, New: 335.00
Emission Wavelength Changed: 8/19/2022 12:41:46 PM, Old: 305.00, New: 345.00
Stop Wavelength Changed: 8/19/2022 12:41:46 PM, Old: 550.00, New: 600.00
Zero Mode Changed: 8/19/2022 12:41:49 PM, Old:ON, New:Reading
Zero Mode Changed: 8/19/2022 12:41:50 PM, Old:Reading, New:ON
Scan mode: Changed: 8/19/2022 12:46:36 PM, Old:Emission, New:Excitation
Excitation Wavelength Changed: 8/19/2022 12:46:36 PM, Old: 335.00, New: 240.00
Emission Wavelength Changed: 8/19/2022 12:46:36 PM, Old: 345.00, New: 410.00
Stop Wavelength Changed: 8/19/2022 12:46:36 PM, Old: 600.00, New: 400.00
Zero Mode Changed: 8/19/2022 12:46:39 PM, Old:ON, New:Reading
Zero Mode Changed: 8/19/2022 12:46:40 PM, Old:Reading, New:ON
Scan Control Changed: 8/19/2022 12:50:26 PM, Old:Slow, New:Medium
Ave. time (s): Changed: 8/19/2022 12:50:26 PM, Old:0.50000, New:0.10000
Zero Mode Changed: 8/19/2022 12:50:27 PM, Old:ON, New:Reading
Zero Mode Changed: 8/19/2022 12:50:27 PM, Old:Reading, New:ON
Scan mode: Changed: 8/19/2022 12:51:32 PM, Old:Excitation, New:Emission
Excitation Wavelength Changed: 8/19/2022 12:51:32 PM, Old: 240.00, New: 337.00
Emission Wavelength Changed: 8/19/2022 12:51:32 PM, Old: 410.00, New: 347.00
Stop Wavelength Changed: 8/19/2022 12:51:32 PM, Old: 400.00, New: 600.00
Zero Mode Changed: 8/19/2022 12:51:34 PM, Old:ON, New:Reading
Zero Mode Changed: 8/19/2022 12:51:35 PM, Old:Reading, New:ON
Scan mode: Changed: 8/19/2022 12:52:30 PM, Old:Emission, New:Excitation
Excitation Wavelength Changed: 8/19/2022 12:52:30 PM, Old: 337.00, New: 240.00
Emission Wavelength Changed: 8/19/2022 12:52:30 PM, Old: 347.00, New: 415.00
Stop Wavelength Changed: 8/19/2022 12:52:30 PM, Old: 600.00, New: 400.00
Zero Mode Changed: 8/19/2022 12:52:33 PM, Old:ON, New:Reading
Zero Mode Changed: 8/19/2022 12:52:33 PM, Old:Reading, New:ON
Scan mode: Changed: 8/19/2022 12:53:13 PM, Old:Excitation, New:Emission
Excitation Wavelength Changed: 8/19/2022 12:53:13 PM, Old: 240.00, New: 340.00
Emission Wavelength Changed: 8/19/2022 12:53:13 PM, Old: 415.00, New: 350.00
Stop Wavelength Changed: 8/19/2022 12:53:13 PM, Old: 400.00, New: 600.00
Zero Mode Changed: 8/19/2022 12:53:15 PM, Old:ON, New:Reading
Zero Mode Changed: 8/19/2022 12:53:15 PM, Old:Reading, New:ON
Zero Mode Changed: 8/19/2022 12:54:45 PM, Old:ON, New:Reading
Zero Mode Changed: 8/19/2022 12:54:46 PM, Old:Reading, New:ON
Zero Mode Changed: 8/19/2022 12:54:49 PM, Old:ON, New:Reading
Zero Mode Changed: 8/19/2022 12:54:49 PM, Old:Reading, New:ON
Scan Control Changed: 8/19/2022 12:54:51 PM, Old:Medium, New:Slow
Ave. time (s): Changed: 8/19/2022 12:54:51 PM, Old:0.10000, New:0.50000
Zero Mode Changed: 8/19/2022 12:54:55 PM, Old:ON, New:Reading
Zero Mode Changed: 8/19/2022 12:54:56 PM, Old:Reading, New:ON
Scan mode: Changed: 8/19/2022 12:57:28 PM, Old:Emission, New:Excitation
Excitation Wavelength Changed: 8/19/2022 12:57:28 PM, Old: 340.00, New: 240.00
Emission Wavelength Changed: 8/19/2022 12:57:28 PM, Old: 350.00, New: 420.00
Stop Wavelength Changed: 8/19/2022 12:57:28 PM, Old: 600.00, New: 410.00
Zero Mode Changed: 8/19/2022 12:57:31 PM, Old:ON, New:Reading
Zero Mode Changed: 8/19/2022 12:57:31 PM, Old:Reading, New:ON
Scan mode: Changed: 8/19/2022 12:59:36 PM, Old:Excitation, New:Emission
Excitation Wavelength Changed: 8/19/2022 12:59:36 PM, Old: 240.00, New: 295.00
Emission Wavelength Changed: 8/19/2022 12:59:36 PM, Old: 420.00, New: 305.00
Stop Wavelength Changed: 8/19/2022 12:59:36 PM, Old: 410.00, New: 550.00
Scan Control Changed: 8/19/2022 12:59:41 PM, Old:Slow, New:Medium
Ave. time (s): Changed: 8/19/2022 12:59:41 PM, Old:0.50000, New:0.10000
Zero Mode Changed: 8/19/2022 12:59:44 PM, Old:ON, New:Reading
Zero Mode Changed: 8/19/2022 12:59:44 PM, Old:Reading, New:ON
Scan mode: Changed: 8/19/2022 1:00:36 PM, Old:Emission, New:Excitation
Excitation Wavelength Changed: 8/19/2022 1:00:36 PM, Old: 295.00, New: 240.00
Emission Wavelength Changed: 8/19/2022 1:00:36 PM, Old: 305.00, New: 350.00
Stop Wavelength Changed: 8/19/2022 1:00:36 PM, Old: 550.00, New: 340.00
Zero Mode Changed: 8/19/2022 1:00:45 PM, Old:ON, New:Reading
Zero Mode Changed: 8/19/2022 1:00:45 PM, Old:Reading, New:ON
Zero Mode Changed: 8/19/2022 1:01:25 PM, Old:ON, New:Reading
Zero Mode Changed: 8/19/2022 1:01:25 PM, Old:Reading, New:ON
Emission Wavelength Changed: 8/19/2022 1:04:06 PM, Old: 350.00, New: 420.00
Stop Wavelength Changed: 8/19/2022 1:04:06 PM, Old: 340.00, New: 410.00
Zero Mode Changed: 8/19/2022 1:04:08 PM, Old:ON, New:Reading
Zero Mode Changed: 8/19/2022 1:04:08 PM, Old:Reading, New:ON
Scan mode: Changed: 8/19/2022 1:04:55 PM, Old:Excitation, New:Emission
Excitation Wavelength Changed: 8/19/2022 1:04:55 PM, Old: 240.00, New: 330.00
Emission Wavelength Changed: 8/19/2022 1:04:55 PM, Old: 420.00, New: 340.00
Stop Wavelength Changed: 8/19/2022 1:04:55 PM, Old: 410.00, New: 600.00
Zero Mode Changed: 8/19/2022 1:04:56 PM, Old:ON, New:Reading
Zero Mode Changed: 8/19/2022 1:04:57 PM, Old:Reading, New:ON
Scan mode: Changed: 8/19/2022 1:06:34 PM, Old:Emission, New:Excitation
User Delta Stop Changed: 8/19/2022 1:06:34 PM, Old: 450.00, New: 470.00
User Delta Increment Changed: 8/19/2022 1:06:34 PM, Old:  10.00, New:   0.15
Excitation Wavelength Changed: 8/19/2022 1:06:34 PM, Old: 330.00, New: 240.00
Emission Wavelength Changed: 8/19/2022 1:06:34 PM, Old: 340.00, New: 470.00
Stop Wavelength Changed: 8/19/2022 1:06:34 PM, Old: 600.00, New: 460.00
Zero Mode Changed: 8/19/2022 1:06:37 PM, Old:ON, New:Reading
Zero Mode Changed: 8/19/2022 1:06:37 PM, Old:Reading, New:ON
Scan mode: Changed: 8/19/2022 1:07:26 PM, Old:Excitation, New:Emission
Excitation Wavelength Changed: 8/19/2022 1:07:26 PM, Old: 240.00, New: 355.00
Emission Wavelength Changed: 8/19/2022 1:07:26 PM, Old: 470.00, New: 365.00
Stop Wavelength Changed: 8/19/2022 1:07:26 PM, Old: 460.00, New: 600.00
Zero Mode Changed: 8/19/2022 1:07:27 PM, Old:ON, New:Reading
Zero Mode Changed: 8/19/2022 1:07:27 PM, Old:Reading, New:ON
Scan mode: Changed: 8/19/2022 1:08:25 PM, Old:Emission, New:Excitation
User Delta Stop Changed: 8/19/2022 1:08:25 PM, Old: 470.00, New: 520.00
Excitation Wavelength Changed: 8/19/2022 1:08:25 PM, Old: 355.00, New: 270.00
Emission Wavelength Changed: 8/19/2022 1:08:25 PM, Old: 365.00, New: 520.00
Stop Wavelength Changed: 8/19/2022 1:08:25 PM, Old: 600.00, New: 510.00
Zero Mode Changed: 8/19/2022 1:08:29 PM, Old:ON, New:Reading
Zero Mode Changed: 8/19/2022 1:08:29 PM, Old:Reading, New:ON
Scan mode: Changed: 8/19/2022 1:09:40 PM, Old:Excitation, New:Emission
Excitation Wavelength Changed: 8/19/2022 1:09:40 PM, Old: 270.00, New: 345.00
Emission Wavelength Changed: 8/19/2022 1:09:40 PM, Old: 520.00, New: 355.00
Stop Wavelength Changed: 8/19/2022 1:09:40 PM, Old: 510.00, New: 600.00
Zero Mode Changed: 8/19/2022 1:09:42 PM, Old:ON, New:Reading
Zero Mode Changed: 8/19/2022 1:09:43 PM, Old:Reading, New:ON
Scan Control Changed: 8/19/2022 1:12:27 PM, Old:Medium, New:Slow
Ave. time (s): Changed: 8/19/2022 1:12:27 PM, Old:0.10000, New:0.50000
Zero Mode Changed: 8/19/2022 1:12:29 PM, Old:ON, New:Reading
Zero Mode Changed: 8/19/2022 1:12:30 PM, Old:Reading, New:ON
Scan mode: Changed: 8/19/2022 1:15:37 PM, Old:Emission, New:Excitation
Excitation Wavelength Changed: 8/19/2022 1:15:37 PM, Old: 345.00, New: 240.00
Emission Wavelength Changed: 8/19/2022 1:15:37 PM, Old: 355.00, New: 455.00
Stop Wavelength Changed: 8/19/2022 1:15:37 PM, Old: 600.00, New: 445.00
Zero Mode Changed: 8/19/2022 1:15:40 PM, Old:ON, New:Reading
Zero Mode Changed: 8/19/2022 1:15:41 PM, Old:Reading, New:ON
Scan mode: Changed: 8/19/2022 1:19:58 PM, Old:Excitation, New:Emission
Scan Control Changed: 8/19/2022 1:19:58 PM, Old:Slow, New:Medium
Ave. time (s): Changed: 8/19/2022 1:19:58 PM, Old:0.50000, New:0.10000
Excitation Wavelength Changed: 8/19/2022 1:19:58 PM, Old: 240.00, New: 295.00
Emission Wavelength Changed: 8/19/2022 1:19:58 PM, Old: 455.00, New: 305.00
Stop Wavelength Changed: 8/19/2022 1:19:58 PM, Old: 445.00, New: 550.00
Zero Mode Changed: 8/19/2022 1:20:00 PM, Old:ON, New:Reading
Zero Mode Changed: 8/19/2022 1:20:00 PM, Old:Reading, New:ON
Scan mode: Changed: 8/19/2022 12:22:27 PM, Old:Emission, New:Excitation
Excitation Wavelength Changed: 8/19/2022 12:22:27 PM, Old: 295.00, New: 240.00
Emission Wavelength Changed: 8/19/2022 12:22:27 PM, Old: 305.00, New: 350.00
Stop Wavelength Changed: 8/19/2022 12:22:27 PM, Old: 550.00, New: 340.00
Zero Mode Changed: 8/19/2022 12:22:31 PM, Old:ON, New:Reading
Zero Mode Changed: 8/19/2022 12:22:31 PM, Old:Reading, New:ON
Emission Wavelength Changed: 8/19/2022 12:35:02 PM, Old: 350.00, New: 420.00
Stop Wavelength Changed: 8/19/2022 12:35:02 PM, Old: 340.00, New: 410.00
Zero Mode Changed: 8/19/2022 12:35:04 PM, Old:ON, New:Reading
Zero Mode Changed: 8/19/2022 12:35:05 PM, Old:Reading, New:ON
Scan mode: Changed: 8/19/2022 12:36:08 PM, Old:Excitation, New:Emission
Excitation Wavelength Changed: 8/19/2022 12:36:08 PM, Old: 240.00, New: 360.00
Emission Wavelength Changed: 8/19/2022 12:36:08 PM, Old: 420.00, New: 370.00
Stop Wavelength Changed: 8/19/2022 12:36:08 PM, Old: 410.00, New: 700.00
Zero Mode Changed: 8/19/2022 12:36:09 PM, Old:ON, New:Reading
Zero Mode Changed: 8/19/2022 12:36:10 PM, Old:Reading, New:ON
Scan mode: Changed: 8/19/2022 12:37:08 PM, Old:Emission, New:Excitation
Excitation Wavelength Changed: 8/19/2022 12:37:08 PM, Old: 360.00, New: 240.00
Emission Wavelength Changed: 8/19/2022 12:37:08 PM, Old: 370.00, New: 440.00
Stop Wavelength Changed: 8/19/2022 12:37:08 PM, Old: 700.00, New: 430.00
Zero Mode Changed: 8/19/2022 12:37:11 PM, Old:ON, New:Reading
Zero Mode Changed: 8/19/2022 12:37:11 PM, Old:Reading, New:ON
Scan mode: Changed: 8/19/2022 12:38:01 PM, Old:Excitation, New:Emission
Excitation Wavelength Changed: 8/19/2022 12:38:01 PM, Old: 240.00, New: 365.00
Emission Wavelength Changed: 8/19/2022 12:38:01 PM, Old: 440.00, New: 375.00
Stop Wavelength Changed: 8/19/2022 12:38:01 PM, Old: 430.00, New: 700.00
Zero Mode Changed: 8/19/2022 12:38:03 PM, Old:ON, New:Reading
Zero Mode Changed: 8/19/2022 12:38:04 PM, Old:Reading, New:ON
Excitation Wavelength Changed: 8/19/2022 12:38:57 PM, Old: 365.00, New: 370.00
Emission Wavelength Changed: 8/19/2022 12:38:57 PM, Old: 375.00, New: 380.00
Zero Mode Changed: 8/19/2022 12:38:58 PM, Old:ON, New:Reading
Zero Mode Changed: 8/19/2022 12:38:59 PM, Old:Reading, New:ON
Scan mode: Changed: 8/19/2022 12:40:00 PM, Old:Emission, New:Excitation
Excitation Wavelength Changed: 8/19/2022 12:40:00 PM, Old: 370.00, New: 240.00
Emission Wavelength Changed: 8/19/2022 12:40:00 PM, Old: 380.00, New: 512.00
Stop Wavelength Changed: 8/19/2022 12:40:00 PM, Old: 700.00, New: 500.00
Zero Mode Changed: 8/19/2022 12:40:03 PM, Old:ON, New:Reading
Zero Mode Changed: 8/19/2022 12:40:04 PM, Old:Reading, New:ON
Scan mode: Changed: 8/19/2022 12:40:57 PM, Old:Excitation, New:Emission
Excitation Wavelength Changed: 8/19/2022 12:40:57 PM, Old: 240.00, New: 400.00
Emission Wavelength Changed: 8/19/2022 12:40:57 PM, Old: 512.00, New: 410.00
Stop Wavelength Changed: 8/19/2022 12:40:57 PM, Old: 500.00, New: 700.00
Zero Mode Changed: 8/19/2022 12:40:59 PM, Old:ON, New:Reading
Zero Mode Changed: 8/19/2022 12:41:00 PM, Old:Reading, New:ON
Scan mode: Changed: 8/19/2022 12:41:45 PM, Old:Emission, New:Excitation
Excitation Wavelength Changed: 8/19/2022 12:41:45 PM, Old: 400.00, New: 240.00
Emission Wavelength Changed: 8/19/2022 12:41:45 PM, Old: 410.00, New: 515.00
Stop Wavelength Changed: 8/19/2022 12:41:45 PM, Old: 700.00, New: 505.00
Zero Mode Changed: 8/19/2022 12:41:48 PM, Old:ON, New:Reading
Zero Mode Changed: 8/19/2022 12:41:49 PM, Old:Reading, New:ON
Emission Wavelength Changed: 8/19/2022 12:42:40 PM, Old: 515.00, New: 435.00
Stop Wavelength Changed: 8/19/2022 12:42:40 PM, Old: 505.00, New: 425.00
Zero Mode Changed: 8/19/2022 12:42:43 PM, Old:ON, New:Reading
Zero Mode Changed: 8/19/2022 12:42:43 PM, Old:Reading, New:ON
Scan mode: Changed: 8/19/2022 12:43:33 PM, Old:Excitation, New:Emission
Excitation Wavelength Changed: 8/19/2022 12:43:33 PM, Old: 240.00, New: 295.00
Emission Wavelength Changed: 8/19/2022 12:43:33 PM, Old: 435.00, New: 305.00
Stop Wavelength Changed: 8/19/2022 12:43:33 PM, Old: 425.00, New: 550.00
Zero Mode Changed: 8/19/2022 12:43:35 PM, Old:ON, New:Reading
Zero Mode Changed: 8/19/2022 12:43:35 PM, Old:Reading, New:ON
Scan mode: Changed: 8/19/2022 12:44:33 PM, Old:Emission, New:Excitation
Excitation Wavelength Changed: 8/19/2022 12:44:33 PM, Old: 295.00, New: 240.00
Emission Wavelength Changed: 8/19/2022 12:44:33 PM, Old: 305.00, New: 400.00
Stop Wavelength Changed: 8/19/2022 12:44:33 PM, Old: 550.00, New: 390.00
Zero Mode Changed: 8/19/2022 12:44:36 PM, Old:ON, New:Reading
Zero Mode Changed: 8/19/2022 12:44:37 PM, Old:Reading, New:ON
Scan mode: Changed: 8/19/2022 12:45:20 PM, Old:Excitation, New:Emission
Excitation Wavelength Changed: 8/19/2022 12:45:20 PM, Old: 240.00, New: 340.00
Emission Wavelength Changed: 8/19/2022 12:45:20 PM, Old: 400.00, New: 350.00
Stop Wavelength Changed: 8/19/2022 12:45:20 PM, Old: 390.00, New: 650.00
Zero Mode Changed: 8/19/2022 12:45:22 PM, Old:ON, New:Reading
Zero Mode Changed: 8/19/2022 12:45:22 PM, Old:Reading, New:ON
Scan mode: Changed: 8/19/2022 12:46:17 PM, Old:Emission, New:Excitation
Excitation Wavelength Changed: 8/19/2022 12:46:17 PM, Old: 340.00, New: 240.00
Emission Wavelength Changed: 8/19/2022 12:46:17 PM, Old: 350.00, New: 425.00
Stop Wavelength Changed: 8/19/2022 12:46:17 PM, Old: 650.00, New: 415.00
Zero Mode Changed: 8/19/2022 12:46:20 PM, Old:ON, New:Reading
Zero Mode Changed: 8/19/2022 12:46:21 PM, Old:Reading, New:ON
Scan mode: Changed: 8/19/2022 12:47:03 PM, Old:Excitation, New:Emission
Excitation Wavelength Changed: 8/19/2022 12:47:03 PM, Old: 240.00, New: 385.00
Emission Wavelength Changed: 8/19/2022 12:47:03 PM, Old: 425.00, New: 395.00
Stop Wavelength Changed: 8/19/2022 12:47:03 PM, Old: 415.00, New: 700.00
Zero Mode Changed: 8/19/2022 12:47:05 PM, Old:ON, New:Reading
Zero Mode Changed: 8/19/2022 12:47:05 PM, Old:Reading, New:ON
Excitation Wavelength Changed: 8/19/2022 12:47:56 PM, Old: 385.00, New: 365.00
Emission Wavelength Changed: 8/19/2022 12:47:56 PM, Old: 395.00, New: 375.00
Zero Mode Changed: 8/19/2022 12:47:59 PM, Old:ON, New:Reading
Zero Mode Changed: 8/19/2022 12:47:59 PM, Old:Reading, New:ON
3-D Mode Changed: 8/19/2022 12:50:41 PM, Old:OFF, New:ON
User Delta Stop Changed: 8/19/2022 12:50:41 PM, Old: 520.00, New: 400.00
User Delta Increment Changed: 8/19/2022 12:50:41 PM, Old:   0.15, New:   5.00
Excitation Wavelength Changed: 8/19/2022 12:50:41 PM, Old: 365.00, New: 330.00
Emission Wavelength Changed: 8/19/2022 12:50:41 PM, Old: 375.00, New: 410.00
Zero Mode Changed: 8/19/2022 12:50:43 PM, Old:ON, New:Reading
Zero Mode Changed: 8/19/2022 12:50:43 PM, Old:Reading, New:ON
Excitation Wavelength Changed: 8/19/2022 12:51:25 PM, Old: 330.00, New: 335.00
Excitation Wavelength Changed: 8/19/2022 12:51:55 PM, Old: 335.00, New: 340.00
Excitation Wavelength Changed: 8/19/2022 12:52:25 PM, Old: 340.00, New: 345.00
Excitation Wavelength Changed: 8/19/2022 12:52:55 PM, Old: 345.00, New: 350.00
Excitation Wavelength Changed: 8/19/2022 12:53:25 PM, Old: 350.00, New: 355.00
Excitation Wavelength Changed: 8/19/2022 12:53:55 PM, Old: 355.00, New: 360.00
Excitation Wavelength Changed: 8/19/2022 12:54:26 PM, Old: 360.00, New: 365.00
Excitation Wavelength Changed: 8/19/2022 12:54:56 PM, Old: 365.00, New: 370.00
Excitation Wavelength Changed: 8/19/2022 12:55:26 PM, Old: 370.00, New: 375.00
Excitation Wavelength Changed: 8/19/2022 12:55:56 PM, Old: 375.00, New: 380.00
Excitation Wavelength Changed: 8/19/2022 12:56:26 PM, Old: 380.00, New: 385.00
Excitation Wavelength Changed: 8/19/2022 12:56:56 PM, Old: 385.00, New: 390.00
Excitation Wavelength Changed: 8/19/2022 12:57:27 PM, Old: 390.00, New: 395.00
Excitation Wavelength Changed: 8/19/2022 12:57:57 PM, Old: 395.00, New: 400.00
Excitation Wavelength Changed: 8/19/2022 12:58:27 PM, Old: 400.00, New: 330.00
Excitation Wavelength Changed: 8/19/2022 1:09:07 PM, Old: 330.00, New: 295.00
Emission Wavelength Changed: 8/19/2022 1:09:07 PM, Old: 410.00, New: 305.00
Stop Wavelength Changed: 8/19/2022 1:09:07 PM, Old: 700.00, New: 550.00
Zero Mode Changed: 8/19/2022 1:09:08 PM, Old:ON, New:Reading
Zero Mode Changed: 8/19/2022 1:09:08 PM, Old:Reading, New:ON
Excitation Wavelength Changed: 8/19/2022 1:09:59 PM, Old: 295.00, New: 300.00
Excitation Wavelength Changed: 8/19/2022 1:10:08 PM, Old: 300.00, New: 305.00
3-D Mode Changed: 8/19/2022 1:10:15 PM, Old:ON, New:OFF
Excitation Wavelength Changed: 8/19/2022 1:10:15 PM, Old: 305.00, New: 295.00
Zero Mode Changed: 8/19/2022 1:10:16 PM, Old:ON, New:Reading
Zero Mode Changed: 8/19/2022 1:10:17 PM, Old:Reading, New:ON
Scan mode: Changed: 8/19/2022 1:10:57 PM, Old:Emission, New:Excitation
User Delta Increment Changed: 8/19/2022 1:10:57 PM, Old:   5.00, New:   0.15
Excitation Wavelength Changed: 8/19/2022 1:10:57 PM, Old: 295.00, New: 240.00
Emission Wavelength Changed: 8/19/2022 1:10:57 PM, Old: 305.00, New: 400.00
Stop Wavelength Changed: 8/19/2022 1:10:57 PM, Old: 550.00, New: 390.00
Zero Mode Changed: 8/19/2022 1:11:03 PM, Old:ON, New:Reading
Zero Mode Changed: 8/19/2022 1:11:03 PM, Old:Reading, New:ON
Scan mode: Changed: 8/19/2022 1:11:48 PM, Old:Excitation, New:Emission
Excitation Wavelength Changed: 8/19/2022 1:11:48 PM, Old: 240.00, New: 330.00
Emission Wavelength Changed: 8/19/2022 1:11:48 PM, Old: 400.00, New: 340.00
Stop Wavelength Changed: 8/19/2022 1:11:48 PM, Old: 390.00, New: 600.00
Zero Mode Changed: 8/19/2022 1:11:50 PM, Old:ON, New:Reading
Zero Mode Changed: 8/19/2022 1:11:51 PM, Old:Reading, New:ON
Scan mode: Changed: 8/19/2022 1:12:42 PM, Old:Emission, New:Excitation
Excitation Wavelength Changed: 8/19/2022 1:12:42 PM, Old: 330.00, New: 220.00
Emission Wavelength Changed: 8/19/2022 1:12:42 PM, Old: 340.00, New: 400.00
Stop Wavelength Changed: 8/19/2022 1:12:42 PM, Old: 600.00, New: 390.00
Zero Mode Changed: 8/19/2022 1:12:45 PM, Old:ON, New:Reading
Zero Mode Changed: 8/19/2022 1:12:46 PM, Old:Reading, New:ON
Excitation Wavelength Changed: 8/19/2022 1:13:19 PM, Old: 220.00, New: 290.00
Zero Mode Changed: 8/19/2022 1:13:21 PM, Old:ON, New:Reading
Zero Mode Changed: 8/19/2022 1:13:21 PM, Old:Reading, New:ON
Scan mode: Changed: 8/19/2022 1:14:02 PM, Old:Excitation, New:Emission
Excitation Wavelength Changed: 8/19/2022 1:14:02 PM, Old: 290.00, New: 260.00
Emission Wavelength Changed: 8/19/2022 1:14:02 PM, Old: 400.00, New: 270.00
Stop Wavelength Changed: 8/19/2022 1:14:02 PM, Old: 390.00, New: 500.00
Zero Mode Changed: 8/19/2022 1:14:05 PM, Old:ON, New:Reading
Zero Mode Changed: 8/19/2022 1:14:05 PM, Old:Reading, New:ON
3-D Mode Changed: 8/19/2022 1:15:52 PM, Old:OFF, New:ON
User Delta Stop Changed: 8/19/2022 1:15:52 PM, Old: 400.00, New: 330.00
User Delta Increment Changed: 8/19/2022 1:15:52 PM, Old:   0.15, New:   5.00
Emission Wavelength Changed: 8/19/2022 1:15:52 PM, Old: 270.00, New: 340.00
Zero Mode Changed: 8/19/2022 1:15:53 PM, Old:ON, New:Reading
Zero Mode Changed: 8/19/2022 1:15:53 PM, Old:Reading, New:ON
Excitation Wavelength Changed: 8/19/2022 1:16:21 PM, Old: 260.00, New: 265.00
Excitation Wavelength Changed: 8/19/2022 1:16:38 PM, Old: 265.00, New: 270.00
Excitation Wavelength Changed: 8/19/2022 1:16:55 PM, Old: 270.00, New: 275.00
Excitation Wavelength Changed: 8/19/2022 1:17:12 PM, Old: 275.00, New: 280.00
Excitation Wavelength Changed: 8/19/2022 1:17:29 PM, Old: 280.00, New: 285.00
Excitation Wavelength Changed: 8/19/2022 1:17:46 PM, Old: 285.00, New: 290.00
Excitation Wavelength Changed: 8/19/2022 1:18:03 PM, Old: 290.00, New: 295.00
Excitation Wavelength Changed: 8/19/2022 1:18:19 PM, Old: 295.00, New: 300.00
Excitation Wavelength Changed: 8/19/2022 1:18:36 PM, Old: 300.00, New: 305.00
Excitation Wavelength Changed: 8/19/2022 1:18:53 PM, Old: 305.00, New: 310.00
Excitation Wavelength Changed: 8/19/2022 1:18:56 PM, Old: 310.00, New: 315.00
Excitation Wavelength Changed: 8/19/2022 12:21:52 PM, Old: 315.00, New: 295.00
Emission Wavelength Changed: 8/19/2022 12:21:52 PM, Old: 340.00, New: 305.00
Stop Wavelength Changed: 8/19/2022 12:21:52 PM, Old: 500.00, New: 550.00
Zero Mode Changed: 8/19/2022 12:21:54 PM, Old:ON, New:Reading
Zero Mode Changed: 8/19/2022 12:21:54 PM, Old:Reading, New:ON
3-D Mode Changed: 8/19/2022 12:22:09 PM, Old:ON, New:OFF
Zero Mode Changed: 8/19/2022 12:22:11 PM, Old:ON, New:Reading
Zero Mode Changed: 8/19/2022 12:22:11 PM, Old:Reading, New:ON
Scan mode: Changed: 8/19/2022 12:23:09 PM, Old:Emission, New:Excitation
User Delta Stop Changed: 8/19/2022 12:23:09 PM, Old: 330.00, New: 370.00
User Delta Increment Changed: 8/19/2022 12:23:09 PM, Old:   5.00, New:   0.15
Excitation Wavelength Changed: 8/19/2022 12:23:09 PM, Old: 295.00, New: 240.00
Emission Wavelength Changed: 8/19/2022 12:23:09 PM, Old: 305.00, New: 370.00
Stop Wavelength Changed: 8/19/2022 12:23:09 PM, Old: 550.00, New: 360.00
Zero Mode Changed: 8/19/2022 12:23:12 PM, Old:ON, New:Reading
Zero Mode Changed: 8/19/2022 12:23:12 PM, Old:Reading, New:ON
Scan mode: Changed: 8/19/2022 12:23:53 PM, Old:Excitation, New:Emission
Excitation Wavelength Changed: 8/19/2022 12:23:53 PM, Old: 240.00, New: 320.00
Emission Wavelength Changed: 8/19/2022 12:23:53 PM, Old: 370.00, New: 330.00
Stop Wavelength Changed: 8/19/2022 12:23:53 PM, Old: 360.00, New: 650.00
Zero Mode Changed: 8/19/2022 12:23:56 PM, Old:ON, New:Reading
Zero Mode Changed: 8/19/2022 12:23:56 PM, Old:Reading, New:ON
Scan mode: Changed: 8/19/2022 12:25:02 PM, Old:Emission, New:Excitation
User Delta Stop Changed: 8/19/2022 12:25:02 PM, Old: 370.00, New: 520.00
Excitation Wavelength Changed: 8/19/2022 12:25:02 PM, Old: 320.00, New: 270.00
Emission Wavelength Changed: 8/19/2022 12:25:02 PM, Old: 330.00, New: 520.00
Stop Wavelength Changed: 8/19/2022 12:25:02 PM, Old: 650.00, New: 510.00
Zero Mode Changed: 8/19/2022 12:25:06 PM, Old:ON, New:Reading
Zero Mode Changed: 8/19/2022 12:25:06 PM, Old:Reading, New:ON
Scan mode: Changed: 8/19/2022 12:26:34 PM, Old:Excitation, New:Emission
Excitation Wavelength Changed: 8/19/2022 12:26:34 PM, Old: 270.00, New: 380.00
Emission Wavelength Changed: 8/19/2022 12:26:34 PM, Old: 520.00, New: 390.00
Stop Wavelength Changed: 8/19/2022 12:26:34 PM, Old: 510.00, New: 700.00
Zero Mode Changed: 8/19/2022 12:26:36 PM, Old:ON, New:Reading
Zero Mode Changed: 8/19/2022 12:26:36 PM, Old:Reading, New:ON
Scan mode: Changed: 8/19/2022 12:27:28 PM, Old:Emission, New:Excitation
Excitation Wavelength Changed: 8/19/2022 12:27:28 PM, Old: 380.00, New: 240.00
Emission Wavelength Changed: 8/19/2022 12:27:28 PM, Old: 390.00, New: 395.00
Stop Wavelength Changed: 8/19/2022 12:27:28 PM, Old: 700.00, New: 385.00
Zero Mode Changed: 8/19/2022 12:27:32 PM, Old:ON, New:Reading
Zero Mode Changed: 8/19/2022 12:27:32 PM, Old:Reading, New:ON
Emission Wavelength Changed: 8/19/2022 12:27:46 PM, Old: 395.00, New: 390.00
Stop Wavelength Changed: 8/19/2022 12:27:46 PM, Old: 385.00, New: 380.00
Zero Mode Changed: 8/19/2022 12:27:47 PM, Old:ON, New:Reading
Zero Mode Changed: 8/19/2022 12:27:47 PM, Old:Reading, New:ON
Scan mode: Changed: 8/19/2022 12:28:31 PM, Old:Excitation, New:Emission
Excitation Wavelength Changed: 8/19/2022 12:28:31 PM, Old: 240.00, New: 330.00
Emission Wavelength Changed: 8/19/2022 12:28:31 PM, Old: 390.00, New: 340.00
Stop Wavelength Changed: 8/19/2022 12:28:31 PM, Old: 380.00, New: 700.00
Zero Mode Changed: 8/19/2022 12:28:32 PM, Old:ON, New:Reading
Zero Mode Changed: 8/19/2022 12:28:33 PM, Old:Reading, New:ON
Scan mode: Changed: 8/19/2022 12:29:35 PM, Old:Emission, New:Excitation
Excitation Wavelength Changed: 8/19/2022 12:29:35 PM, Old: 330.00, New: 240.00
Emission Wavelength Changed: 8/19/2022 12:29:35 PM, Old: 340.00, New: 405.00
Stop Wavelength Changed: 8/19/2022 12:29:35 PM, Old: 700.00, New: 395.00
Zero Mode Changed: 8/19/2022 12:29:38 PM, Old:ON, New:Reading
Zero Mode Changed: 8/19/2022 12:29:38 PM, Old:Reading, New:ON
Scan mode: Changed: 8/19/2022 12:30:37 PM, Old:Excitation, New:Emission
Excitation Wavelength Changed: 8/19/2022 12:30:37 PM, Old: 240.00, New: 335.00
Emission Wavelength Changed: 8/19/2022 12:30:37 PM, Old: 405.00, New: 345.00
Stop Wavelength Changed: 8/19/2022 12:30:37 PM, Old: 395.00, New: 650.00
Zero Mode Changed: 8/19/2022 12:30:39 PM, Old:ON, New:Reading
Zero Mode Changed: 8/19/2022 12:30:39 PM, Old:Reading, New:ON
Scan mode: Changed: 8/19/2022 12:31:30 PM, Old:Emission, New:Excitation
Excitation Wavelength Changed: 8/19/2022 12:31:30 PM, Old: 335.00, New: 240.00
Emission Wavelength Changed: 8/19/2022 12:31:30 PM, Old: 345.00, New: 410.00
Stop Wavelength Changed: 8/19/2022 12:31:30 PM, Old: 650.00, New: 400.00
Zero Mode Changed: 8/19/2022 12:31:33 PM, Old:ON, New:Reading
Zero Mode Changed: 8/19/2022 12:31:34 PM, Old:Reading, New:ON
Emission Wavelength Changed: 8/19/2022 12:32:09 PM, Old: 410.00, New: 420.00
Stop Wavelength Changed: 8/19/2022 12:32:09 PM, Old: 400.00, New: 410.00
Zero Mode Changed: 8/19/2022 12:32:11 PM, Old:ON, New:Reading
Zero Mode Changed: 8/19/2022 12:32:12 PM, Old:Reading, New:ON
Emission Wavelength Changed: 8/19/2022 12:32:51 PM, Old: 420.00, New: 415.00
Stop Wavelength Changed: 8/19/2022 12:32:51 PM, Old: 410.00, New: 405.00
Zero Mode Changed: 8/19/2022 12:32:56 PM, Old:ON, New:Reading
Zero Mode Changed: 8/19/2022 12:32:56 PM, Old:Reading, New:ON
3-D Mode Changed: 8/19/2022 12:36:08 PM, Old:OFF, New:ON
User Delta Stop Changed: 8/19/2022 12:36:08 PM, Old: 520.00, New: 430.00
Emission Wavelength Changed: 8/19/2022 12:36:08 PM, Old: 415.00, New: 400.00
Stop Wavelength Changed: 8/19/2022 12:36:08 PM, Old: 405.00, New: 390.00
Zero Mode Changed: 8/19/2022 12:36:20 PM, Old:ON, New:Reading
Zero Mode Changed: 8/19/2022 12:36:20 PM, Old:Reading, New:ON
Emission Wavelength Changed: 8/19/2022 12:37:00 PM, Old: 400.00, New: 400.15
Emission Wavelength Changed: 8/19/2022 12:37:20 PM, Old: 400.15, New: 400.30
Emission Wavelength Changed: 8/19/2022 12:37:26 PM, Old: 400.30, New: 400.45
Scan mode: Changed: 8/19/2022 12:38:08 PM, Old:Excitation, New:Emission
3-D Mode Changed: 8/19/2022 12:38:08 PM, Old:ON, New:OFF
User Delta Increment Changed: 8/19/2022 12:38:08 PM, Old:   0.15, New:   5.00
Excitation Wavelength Changed: 8/19/2022 12:38:08 PM, Old: 240.00, New: 295.00
Emission Wavelength Changed: 8/19/2022 12:38:08 PM, Old: 400.45, New: 305.00
Stop Wavelength Changed: 8/19/2022 12:38:08 PM, Old: 390.00, New: 550.00
Zero Mode Changed: 8/19/2022 12:38:09 PM, Old:ON, New:Reading
Zero Mode Changed: 8/19/2022 12:38:10 PM, Old:Reading, New:ON
Ex. Slit Width (nm): Changed: 8/19/2022 12:39:13 PM, Old:5, New:10
Excitation Wavelength Changed: 8/19/2022 12:39:13 PM, Old: 295.00, New: 340.00
Emission Wavelength Changed: 8/19/2022 12:39:13 PM, Old: 305.00, New: 350.00
Stop Wavelength Changed: 8/19/2022 12:39:13 PM, Old: 550.00, New: 650.00
Zero Mode Changed: 8/19/2022 12:39:13 PM, Old:ON, New:OFF
Zero Mode Changed: 8/19/2022 12:39:15 PM, Old:OFF, New:Reading
Zero Mode Changed: 8/19/2022 12:39:15 PM, Old:Reading, New:ON
Scan mode: Changed: 8/19/2022 12:40:17 PM, Old:Emission, New:Excitation
User Delta Stop Changed: 8/19/2022 12:40:17 PM, Old: 430.00, New: 530.00
User Delta Increment Changed: 8/19/2022 12:40:17 PM, Old:   5.00, New:   0.15
Excitation Wavelength Changed: 8/19/2022 12:40:17 PM, Old: 340.00, New: 240.00
Emission Wavelength Changed: 8/19/2022 12:40:17 PM, Old: 350.00, New: 530.00
Stop Wavelength Changed: 8/19/2022 12:40:17 PM, Old: 650.00, New: 520.00
Zero Mode Changed: 8/19/2022 12:40:20 PM, Old:ON, New:Reading
Zero Mode Changed: 8/19/2022 12:40:21 PM, Old:Reading, New:ON
Scan mode: Changed: 8/19/2022 12:41:51 PM, Old:Excitation, New:Emission
Ex. Slit Width (nm): Changed: 8/19/2022 12:41:51 PM, Old:10, New:5
Excitation Wavelength Changed: 8/19/2022 12:41:51 PM, Old: 240.00, New: 455.00
Emission Wavelength Changed: 8/19/2022 12:41:51 PM, Old: 530.00, New: 465.00
Stop Wavelength Changed: 8/19/2022 12:41:51 PM, Old: 520.00, New: 700.00
Zero Mode Changed: 8/19/2022 12:41:51 PM, Old:ON, New:OFF
Zero Mode Changed: 8/19/2022 12:41:53 PM, Old:OFF, New:Reading
Zero Mode Changed: 8/19/2022 12:41:54 PM, Old:Reading, New:ON
Scan mode: Changed: 8/19/2022 12:42:51 PM, Old:Emission, New:Excitation
Excitation Wavelength Changed: 8/19/2022 12:42:51 PM, Old: 455.00, New: 290.00
Emission Wavelength Changed: 8/19/2022 12:42:51 PM, Old: 465.00, New: 530.00
Stop Wavelength Changed: 8/19/2022 12:42:51 PM, Old: 700.00, New: 520.00
Zero Mode Changed: 8/19/2022 12:42:54 PM, Old:ON, New:Reading
Zero Mode Changed: 8/19/2022 12:42:54 PM, Old:Reading, New:ON
Scan mode: Changed: 8/19/2022 12:44:03 PM, Old:Excitation, New:Emission
Excitation Wavelength Changed: 8/19/2022 12:44:03 PM, Old: 290.00, New: 420.00
Emission Wavelength Changed: 8/19/2022 12:44:03 PM, Old: 530.00, New: 430.00
Stop Wavelength Changed: 8/19/2022 12:44:03 PM, Old: 520.00, New: 700.00
Zero Mode Changed: 8/19/2022 12:44:05 PM, Old:ON, New:Reading
Zero Mode Changed: 8/19/2022 12:44:05 PM, Old:Reading, New:ON
End Method Modifications

CdSe 180sec ex330,
CdSe 180sec ex330
Collection Time: 8/19/2022 12:45:02 PM
Operator Name  :
Scan Software Version: 1.1(132)
Parameter List :
Instrument                        Cary Eclipse
Instrument Serial Number          E08013467
Data mode                         Fluorescence
Scan mode                         Emission
X Mode                            Wavelength (nm)
Start (nm)                        340.00
Stop (nm)                         650.00
Ex. Wavelength (nm)               330.00
Ex. Slit (nm)                     5
Em. Slit (nm)                     5
Scan rate (nm/min)                600.00
Data interval (nm)                1.0000
Averaging Time (s)                0.1000
Excitation filter                 Auto
Emission filter                   Open
PMT voltage (V)                   Medium
Corrected spectra                 OFF
Method Log     :
Method Name    : Default
Date/Time stamp: 8/19/2022 12:23:28 PM
Method Modifications:
Overlayed Graphs Changed: 8/19/2022 12:24:53 PM, Old:OFF, New:ON
Y max Changed: 8/19/2022 12:24:53 PM, Old:  1000.0000, New:   300.0000
Excitation Wavelength Changed: 8/19/2022 12:27:20 PM, Old: 350.00, New: 300.00
Emission Wavelength Changed: 8/19/2022 12:27:20 PM, Old: 400.00, New: 310.00
Stop Wavelength Changed: 8/19/2022 12:27:20 PM, Old: 600.00, New: 500.00
Zero Mode Changed: 8/19/2022 12:27:22 PM, Old:OFF, New:Reading
Zero Mode Changed: 8/19/2022 12:27:22 PM, Old:Reading, New:ON
Scan mode: Changed: 8/19/2022 12:28:28 PM, Old:Emission, New:Excitation
Excitation Wavelength Changed: 8/19/2022 12:28:28 PM, Old: 300.00, New: 240.00
Emission Wavelength Changed: 8/19/2022 12:28:28 PM, Old: 310.00, New: 400.00
Stop Wavelength Changed: 8/19/2022 12:28:28 PM, Old: 500.00, New: 390.00
Zero Mode Changed: 8/19/2022 12:28:31 PM, Old:ON, New:Reading
Zero Mode Changed: 8/19/2022 12:28:31 PM, Old:Reading, New:ON
Scan mode: Changed: 8/19/2022 12:29:17 PM, Old:Excitation, New:Emission
Excitation Wavelength Changed: 8/19/2022 12:29:17 PM, Old: 240.00, New: 330.00
Emission Wavelength Changed: 8/19/2022 12:29:17 PM, Old: 400.00, New: 340.00
Stop Wavelength Changed: 8/19/2022 12:29:17 PM, Old: 390.00, New: 500.00
Zero Mode Changed: 8/19/2022 12:29:19 PM, Old:ON, New:Reading
Zero Mode Changed: 8/19/2022 12:29:19 PM, Old:Reading, New:ON
Scan mode: Changed: 8/19/2022 12:30:02 PM, Old:Emission, New:Excitation
Excitation Wavelength Changed: 8/19/2022 12:30:02 PM, Old: 330.00, New: 240.00
Emission Wavelength Changed: 8/19/2022 12:30:02 PM, Old: 340.00, New: 410.00
Stop Wavelength Changed: 8/19/2022 12:30:02 PM, Old: 500.00, New: 400.00
Zero Mode Changed: 8/19/2022 12:30:08 PM, Old:ON, New:Reading
Zero Mode Changed: 8/19/2022 12:30:08 PM, Old:Reading, New:ON
Scan mode: Changed: 8/19/2022 12:30:53 PM, Old:Excitation, New:Emission
Excitation Wavelength Changed: 8/19/2022 12:30:53 PM, Old: 240.00, New: 335.00
Emission Wavelength Changed: 8/19/2022 12:30:53 PM, Old: 410.00, New: 345.00
Stop Wavelength Changed: 8/19/2022 12:30:53 PM, Old: 400.00, New: 600.00
Zero Mode Changed: 8/19/2022 12:30:55 PM, Old:ON, New:Reading
Zero Mode Changed: 8/19/2022 12:30:55 PM, Old:Reading, New:ON
Zero Mode Changed: 8/19/2022 12:34:51 PM, Old:ON, New:Reading
Zero Mode Changed: 8/19/2022 12:34:51 PM, Old:Reading, New:ON
Scan mode: Changed: 8/19/2022 12:35:39 PM, Old:Emission, New:Excitation
Excitation Wavelength Changed: 8/19/2022 12:35:39 PM, Old: 335.00, New: 240.00
Emission Wavelength Changed: 8/19/2022 12:35:39 PM, Old: 345.00, New: 410.00
Stop Wavelength Changed: 8/19/2022 12:35:39 PM, Old: 600.00, New: 400.00
Zero Mode Changed: 8/19/2022 12:35:42 PM, Old:ON, New:Reading
Zero Mode Changed: 8/19/2022 12:35:43 PM, Old:Reading, New:ON
Scan mode: Changed: 8/19/2022 12:36:52 PM, Old:Excitation, New:Emission
Excitation Wavelength Changed: 8/19/2022 12:36:52 PM, Old: 240.00, New: 300.00
Emission Wavelength Changed: 8/19/2022 12:36:52 PM, Old: 410.00, New: 310.00
Stop Wavelength Changed: 8/19/2022 12:36:52 PM, Old: 400.00, New: 600.00
Zero Mode Changed: 8/19/2022 12:36:54 PM, Old:ON, New:Reading
Zero Mode Changed: 8/19/2022 12:36:54 PM, Old:Reading, New:ON
Scan mode: Changed: 8/19/2022 12:37:46 PM, Old:Emission, New:Excitation
Excitation Wavelength Changed: 8/19/2022 12:37:46 PM, Old: 300.00, New: 240.00
Emission Wavelength Changed: 8/19/2022 12:37:46 PM, Old: 310.00, New: 350.00
Stop Wavelength Changed: 8/19/2022 12:37:46 PM, Old: 600.00, New: 340.00
Zero Mode Changed: 8/19/2022 12:37:49 PM, Old:ON, New:Reading
Zero Mode Changed: 8/19/2022 12:37:49 PM, Old:Reading, New:ON
Scan mode: Changed: 8/19/2022 12:38:28 PM, Old:Excitation, New:Emission
Excitation Wavelength Changed: 8/19/2022 12:38:28 PM, Old: 240.00, New: 295.00
Emission Wavelength Changed: 8/19/2022 12:38:28 PM, Old: 350.00, New: 305.00
Stop Wavelength Changed: 8/19/2022 12:38:28 PM, Old: 340.00, New: 550.00
Zero Mode Changed: 8/19/2022 12:38:31 PM, Old:ON, New:Reading
Zero Mode Changed: 8/19/2022 12:38:31 PM, Old:Reading, New:ON
Scan Control Changed: 8/19/2022 12:39:12 PM, Old:Medium, New:Slow
Ave. time (s): Changed: 8/19/2022 12:39:12 PM, Old:0.10000, New:0.50000
Zero Mode Changed: 8/19/2022 12:39:14 PM, Old:ON, New:Reading
Zero Mode Changed: 8/19/2022 12:39:14 PM, Old:Reading, New:ON
Excitation Wavelength Changed: 8/19/2022 12:41:46 PM, Old: 295.00, New: 335.00
Emission Wavelength Changed: 8/19/2022 12:41:46 PM, Old: 305.00, New: 345.00
Stop Wavelength Changed: 8/19/2022 12:41:46 PM, Old: 550.00, New: 600.00
Zero Mode Changed: 8/19/2022 12:41:49 PM, Old:ON, New:Reading
Zero Mode Changed: 8/19/2022 12:41:50 PM, Old:Reading, New:ON
Scan mode: Changed: 8/19/2022 12:46:36 PM, Old:Emission, New:Excitation
Excitation Wavelength Changed: 8/19/2022 12:46:36 PM, Old: 335.00, New: 240.00
Emission Wavelength Changed: 8/19/2022 12:46:36 PM, Old: 345.00, New: 410.00
Stop Wavelength Changed: 8/19/2022 12:46:36 PM, Old: 600.00, New: 400.00
Zero Mode Changed: 8/19/2022 12:46:39 PM, Old:ON, New:Reading
Zero Mode Changed: 8/19/2022 12:46:40 PM, Old:Reading, New:ON
Scan Control Changed: 8/19/2022 12:50:26 PM, Old:Slow, New:Medium
Ave. time (s): Changed: 8/19/2022 12:50:26 PM, Old:0.50000, New:0.10000
Zero Mode Changed: 8/19/2022 12:50:27 PM, Old:ON, New:Reading
Zero Mode Changed: 8/19/2022 12:50:27 PM, Old:Reading, New:ON
Scan mode: Changed: 8/19/2022 12:51:32 PM, Old:Excitation, New:Emission
Excitation Wavelength Changed: 8/19/2022 12:51:32 PM, Old: 240.00, New: 337.00
Emission Wavelength Changed: 8/19/2022 12:51:32 PM, Old: 410.00, New: 347.00
Stop Wavelength Changed: 8/19/2022 12:51:32 PM, Old: 400.00, New: 600.00
Zero Mode Changed: 8/19/2022 12:51:34 PM, Old:ON, New:Reading
Zero Mode Changed: 8/19/2022 12:51:35 PM, Old:Reading, New:ON
Scan mode: Changed: 8/19/2022 12:52:30 PM, Old:Emission, New:Excitation
Excitation Wavelength Changed: 8/19/2022 12:52:30 PM, Old: 337.00, New: 240.00
Emission Wavelength Changed: 8/19/2022 12:52:30 PM, Old: 347.00, New: 415.00
Stop Wavelength Changed: 8/19/2022 12:52:30 PM, Old: 600.00, New: 400.00
Zero Mode Changed: 8/19/2022 12:52:33 PM, Old:ON, New:Reading
Zero Mode Changed: 8/19/2022 12:52:33 PM, Old:Reading, New:ON
Scan mode: Changed: 8/19/2022 12:53:13 PM, Old:Excitation, New:Emission
Excitation Wavelength Changed: 8/19/2022 12:53:13 PM, Old: 240.00, New: 340.00
Emission Wavelength Changed: 8/19/2022 12:53:13 PM, Old: 415.00, New: 350.00
Stop Wavelength Changed: 8/19/2022 12:53:13 PM, Old: 400.00, New: 600.00
Zero Mode Changed: 8/19/2022 12:53:15 PM, Old:ON, New:Reading
Zero Mode Changed: 8/19/2022 12:53:15 PM, Old:Reading, New:ON
Zero Mode Changed: 8/19/2022 12:54:45 PM, Old:ON, New:Reading
Zero Mode Changed: 8/19/2022 12:54:46 PM, Old:Reading, New:ON
Zero Mode Changed: 8/19/2022 12:54:49 PM, Old:ON, New:Reading
Zero Mode Changed: 8/19/2022 12:54:49 PM, Old:Reading, New:ON
Scan Control Changed: 8/19/2022 12:54:51 PM, Old:Medium, New:Slow
Ave. time (s): Changed: 8/19/2022 12:54:51 PM, Old:0.10000, New:0.50000
Zero Mode Changed: 8/19/2022 12:54:55 PM, Old:ON, New:Reading
Zero Mode Changed: 8/19/2022 12:54:56 PM, Old:Reading, New:ON
Scan mode: Changed: 8/19/2022 12:57:28 PM, Old:Emission, New:Excitation
Excitation Wavelength Changed: 8/19/2022 12:57:28 PM, Old: 340.00, New: 240.00
Emission Wavelength Changed: 8/19/2022 12:57:28 PM, Old: 350.00, New: 420.00
Stop Wavelength Changed: 8/19/2022 12:57:28 PM, Old: 600.00, New: 410.00
Zero Mode Changed: 8/19/2022 12:57:31 PM, Old:ON, New:Reading
Zero Mode Changed: 8/19/2022 12:57:31 PM, Old:Reading, New:ON
Scan mode: Changed: 8/19/2022 12:59:36 PM, Old:Excitation, New:Emission
Excitation Wavelength Changed: 8/19/2022 12:59:36 PM, Old: 240.00, New: 295.00
Emission Wavelength Changed: 8/19/2022 12:59:36 PM, Old: 420.00, New: 305.00
Stop Wavelength Changed: 8/19/2022 12:59:36 PM, Old: 410.00, New: 550.00
Scan Control Changed: 8/19/2022 12:59:41 PM, Old:Slow, New:Medium
Ave. time (s): Changed: 8/19/2022 12:59:41 PM, Old:0.50000, New:0.10000
Zero Mode Changed: 8/19/2022 12:59:44 PM, Old:ON, New:Reading
Zero Mode Changed: 8/19/2022 12:59:44 PM, Old:Reading, New:ON
Scan mode: Changed: 8/19/2022 1:00:36 PM, Old:Emission, New:Excitation
Excitation Wavelength Changed: 8/19/2022 1:00:36 PM, Old: 295.00, New: 240.00
Emission Wavelength Changed: 8/19/2022 1:00:36 PM, Old: 305.00, New: 350.00
Stop Wavelength Changed: 8/19/2022 1:00:36 PM, Old: 550.00, New: 340.00
Zero Mode Changed: 8/19/2022 1:00:45 PM, Old:ON, New:Reading
Zero Mode Changed: 8/19/2022 1:00:45 PM, Old:Reading, New:ON
Zero Mode Changed: 8/19/2022 1:01:25 PM, Old:ON, New:Reading
Zero Mode Changed: 8/19/2022 1:01:25 PM, Old:Reading, New:ON
Emission Wavelength Changed: 8/19/2022 1:04:06 PM, Old: 350.00, New: 420.00
Stop Wavelength Changed: 8/19/2022 1:04:06 PM, Old: 340.00, New: 410.00
Zero Mode Changed: 8/19/2022 1:04:08 PM, Old:ON, New:Reading
Zero Mode Changed: 8/19/2022 1:04:08 PM, Old:Reading, New:ON
Scan mode: Changed: 8/19/2022 1:04:55 PM, Old:Excitation, New:Emission
Excitation Wavelength Changed: 8/19/2022 1:04:55 PM, Old: 240.00, New: 330.00
Emission Wavelength Changed: 8/19/2022 1:04:55 PM, Old: 420.00, New: 340.00
Stop Wavelength Changed: 8/19/2022 1:04:55 PM, Old: 410.00, New: 600.00
Zero Mode Changed: 8/19/2022 1:04:56 PM, Old:ON, New:Reading
Zero Mode Changed: 8/19/2022 1:04:57 PM, Old:Reading, New:ON
Scan mode: Changed: 8/19/2022 1:06:34 PM, Old:Emission, New:Excitation
User Delta Stop Changed: 8/19/2022 1:06:34 PM, Old: 450.00, New: 470.00
User Delta Increment Changed: 8/19/2022 1:06:34 PM, Old:  10.00, New:   0.15
Excitation Wavelength Changed: 8/19/2022 1:06:34 PM, Old: 330.00, New: 240.00
Emission Wavelength Changed: 8/19/2022 1:06:34 PM, Old: 340.00, New: 470.00
Stop Wavelength Changed: 8/19/2022 1:06:34 PM, Old: 600.00, New: 460.00
Zero Mode Changed: 8/19/2022 1:06:37 PM, Old:ON, New:Reading
Zero Mode Changed: 8/19/2022 1:06:37 PM, Old:Reading, New:ON
Scan mode: Changed: 8/19/2022 1:07:26 PM, Old:Excitation, New:Emission
Excitation Wavelength Changed: 8/19/2022 1:07:26 PM, Old: 240.00, New: 355.00
Emission Wavelength Changed: 8/19/2022 1:07:26 PM, Old: 470.00, New: 365.00
Stop Wavelength Changed: 8/19/2022 1:07:26 PM, Old: 460.00, New: 600.00
Zero Mode Changed: 8/19/2022 1:07:27 PM, Old:ON, New:Reading
Zero Mode Changed: 8/19/2022 1:07:27 PM, Old:Reading, New:ON
Scan mode: Changed: 8/19/2022 1:08:25 PM, Old:Emission, New:Excitation
User Delta Stop Changed: 8/19/2022 1:08:25 PM, Old: 470.00, New: 520.00
Excitation Wavelength Changed: 8/19/2022 1:08:25 PM, Old: 355.00, New: 270.00
Emission Wavelength Changed: 8/19/2022 1:08:25 PM, Old: 365.00, New: 520.00
Stop Wavelength Changed: 8/19/2022 1:08:25 PM, Old: 600.00, New: 510.00
Zero Mode Changed: 8/19/2022 1:08:29 PM, Old:ON, New:Reading
Zero Mode Changed: 8/19/2022 1:08:29 PM, Old:Reading, New:ON
Scan mode: Changed: 8/19/2022 1:09:40 PM, Old:Excitation, New:Emission
Excitation Wavelength Changed: 8/19/2022 1:09:40 PM, Old: 270.00, New: 345.00
Emission Wavelength Changed: 8/19/2022 1:09:40 PM, Old: 520.00, New: 355.00
Stop Wavelength Changed: 8/19/2022 1:09:40 PM, Old: 510.00, New: 600.00
Zero Mode Changed: 8/19/2022 1:09:42 PM, Old:ON, New:Reading
Zero Mode Changed: 8/19/2022 1:09:43 PM, Old:Reading, New:ON
Scan Control Changed: 8/19/2022 1:12:27 PM, Old:Medium, New:Slow
Ave. time (s): Changed: 8/19/2022 1:12:27 PM, Old:0.10000, New:0.50000
Zero Mode Changed: 8/19/2022 1:12:29 PM, Old:ON, New:Reading
Zero Mode Changed: 8/19/2022 1:12:30 PM, Old:Reading, New:ON
Scan mode: Changed: 8/19/2022 1:15:37 PM, Old:Emission, New:Excitation
Excitation Wavelength Changed: 8/19/2022 1:15:37 PM, Old: 345.00, New: 240.00
Emission Wavelength Changed: 8/19/2022 1:15:37 PM, Old: 355.00, New: 455.00
Stop Wavelength Changed: 8/19/2022 1:15:37 PM, Old: 600.00, New: 445.00
Zero Mode Changed: 8/19/2022 1:15:40 PM, Old:ON, New:Reading
Zero Mode Changed: 8/19/2022 1:15:41 PM, Old:Reading, New:ON
Scan mode: Changed: 8/19/2022 1:19:58 PM, Old:Excitation, New:Emission
Scan Control Changed: 8/19/2022 1:19:58 PM, Old:Slow, New:Medium
Ave. time (s): Changed: 8/19/2022 1:19:58 PM, Old:0.50000, New:0.10000
Excitation Wavelength Changed: 8/19/2022 1:19:58 PM, Old: 240.00, New: 295.00
Emission Wavelength Changed: 8/19/2022 1:19:58 PM, Old: 455.00, New: 305.00
Stop Wavelength Changed: 8/19/2022 1:19:58 PM, Old: 445.00, New: 550.00
Zero Mode Changed: 8/19/2022 1:20:00 PM, Old:ON, New:Reading
Zero Mode Changed: 8/19/2022 1:20:00 PM, Old:Reading, New:ON
Scan mode: Changed: 8/19/2022 12:22:27 PM, Old:Emission, New:Excitation
Excitation Wavelength Changed: 8/19/2022 12:22:27 PM, Old: 295.00, New: 240.00
Emission Wavelength Changed: 8/19/2022 12:22:27 PM, Old: 305.00, New: 350.00
Stop Wavelength Changed: 8/19/2022 12:22:27 PM, Old: 550.00, New: 340.00
Zero Mode Changed: 8/19/2022 12:22:31 PM, Old:ON, New:Reading
Zero Mode Changed: 8/19/2022 12:22:31 PM, Old:Reading, New:ON
Emission Wavelength Changed: 8/19/2022 12:35:02 PM, Old: 350.00, New: 420.00
Stop Wavelength Changed: 8/19/2022 12:35:02 PM, Old: 340.00, New: 410.00
Zero Mode Changed: 8/19/2022 12:35:04 PM, Old:ON, New:Reading
Zero Mode Changed: 8/19/2022 12:35:05 PM, Old:Reading, New:ON
Scan mode: Changed: 8/19/2022 12:36:08 PM, Old:Excitation, New:Emission
Excitation Wavelength Changed: 8/19/2022 12:36:08 PM, Old: 240.00, New: 360.00
Emission Wavelength Changed: 8/19/2022 12:36:08 PM, Old: 420.00, New: 370.00
Stop Wavelength Changed: 8/19/2022 12:36:08 PM, Old: 410.00, New: 700.00
Zero Mode Changed: 8/19/2022 12:36:09 PM, Old:ON, New:Reading
Zero Mode Changed: 8/19/2022 12:36:10 PM, Old:Reading, New:ON
Scan mode: Changed: 8/19/2022 12:37:08 PM, Old:Emission, New:Excitation
Excitation Wavelength Changed: 8/19/2022 12:37:08 PM, Old: 360.00, New: 240.00
Emission Wavelength Changed: 8/19/2022 12:37:08 PM, Old: 370.00, New: 440.00
Stop Wavelength Changed: 8/19/2022 12:37:08 PM, Old: 700.00, New: 430.00
Zero Mode Changed: 8/19/2022 12:37:11 PM, Old:ON, New:Reading
Zero Mode Changed: 8/19/2022 12:37:11 PM, Old:Reading, New:ON
Scan mode: Changed: 8/19/2022 12:38:01 PM, Old:Excitation, New:Emission
Excitation Wavelength Changed: 8/19/2022 12:38:01 PM, Old: 240.00, New: 365.00
Emission Wavelength Changed: 8/19/2022 12:38:01 PM, Old: 440.00, New: 375.00
Stop Wavelength Changed: 8/19/2022 12:38:01 PM, Old: 430.00, New: 700.00
Zero Mode Changed: 8/19/2022 12:38:03 PM, Old:ON, New:Reading
Zero Mode Changed: 8/19/2022 12:38:04 PM, Old:Reading, New:ON
Excitation Wavelength Changed: 8/19/2022 12:38:57 PM, Old: 365.00, New: 370.00
Emission Wavelength Changed: 8/19/2022 12:38:57 PM, Old: 375.00, New: 380.00
Zero Mode Changed: 8/19/2022 12:38:58 PM, Old:ON, New:Reading
Zero Mode Changed: 8/19/2022 12:38:59 PM, Old:Reading, New:ON
Scan mode: Changed: 8/19/2022 12:40:00 PM, Old:Emission, New:Excitation
Excitation Wavelength Changed: 8/19/2022 12:40:00 PM, Old: 370.00, New: 240.00
Emission Wavelength Changed: 8/19/2022 12:40:00 PM, Old: 380.00, New: 512.00
Stop Wavelength Changed: 8/19/2022 12:40:00 PM, Old: 700.00, New: 500.00
Zero Mode Changed: 8/19/2022 12:40:03 PM, Old:ON, New:Reading
Zero Mode Changed: 8/19/2022 12:40:04 PM, Old:Reading, New:ON
Scan mode: Changed: 8/19/2022 12:40:57 PM, Old:Excitation, New:Emission
Excitation Wavelength Changed: 8/19/2022 12:40:57 PM, Old: 240.00, New: 400.00
Emission Wavelength Changed: 8/19/2022 12:40:57 PM, Old: 512.00, New: 410.00
Stop Wavelength Changed: 8/19/2022 12:40:57 PM, Old: 500.00, New: 700.00
Zero Mode Changed: 8/19/2022 12:40:59 PM, Old:ON, New:Reading
Zero Mode Changed: 8/19/2022 12:41:00 PM, Old:Reading, New:ON
Scan mode: Changed: 8/19/2022 12:41:45 PM, Old:Emission, New:Excitation
Excitation Wavelength Changed: 8/19/2022 12:41:45 PM, Old: 400.00, New: 240.00
Emission Wavelength Changed: 8/19/2022 12:41:45 PM, Old: 410.00, New: 515.00
Stop Wavelength Changed: 8/19/2022 12:41:45 PM, Old: 700.00, New: 505.00
Zero Mode Changed: 8/19/2022 12:41:48 PM, Old:ON, New:Reading
Zero Mode Changed: 8/19/2022 12:41:49 PM, Old:Reading, New:ON
Emission Wavelength Changed: 8/19/2022 12:42:40 PM, Old: 515.00, New: 435.00
Stop Wavelength Changed: 8/19/2022 12:42:40 PM, Old: 505.00, New: 425.00
Zero Mode Changed: 8/19/2022 12:42:43 PM, Old:ON, New:Reading
Zero Mode Changed: 8/19/2022 12:42:43 PM, Old:Reading, New:ON
Scan mode: Changed: 8/19/2022 12:43:33 PM, Old:Excitation, New:Emission
Excitation Wavelength Changed: 8/19/2022 12:43:33 PM, Old: 240.00, New: 295.00
Emission Wavelength Changed: 8/19/2022 12:43:33 PM, Old: 435.00, New: 305.00
Stop Wavelength Changed: 8/19/2022 12:43:33 PM, Old: 425.00, New: 550.00
Zero Mode Changed: 8/19/2022 12:43:35 PM, Old:ON, New:Reading
Zero Mode Changed: 8/19/2022 12:43:35 PM, Old:Reading, New:ON
Scan mode: Changed: 8/19/2022 12:44:33 PM, Old:Emission, New:Excitation
Excitation Wavelength Changed: 8/19/2022 12:44:33 PM, Old: 295.00, New: 240.00
Emission Wavelength Changed: 8/19/2022 12:44:33 PM, Old: 305.00, New: 400.00
Stop Wavelength Changed: 8/19/2022 12:44:33 PM, Old: 550.00, New: 390.00
Zero Mode Changed: 8/19/2022 12:44:36 PM, Old:ON, New:Reading
Zero Mode Changed: 8/19/2022 12:44:37 PM, Old:Reading, New:ON
Scan mode: Changed: 8/19/2022 12:45:20 PM, Old:Excitation, New:Emission
Excitation Wavelength Changed: 8/19/2022 12:45:20 PM, Old: 240.00, New: 340.00
Emission Wavelength Changed: 8/19/2022 12:45:20 PM, Old: 400.00, New: 350.00
Stop Wavelength Changed: 8/19/2022 12:45:20 PM, Old: 390.00, New: 650.00
Zero Mode Changed: 8/19/2022 12:45:22 PM, Old:ON, New:Reading
Zero Mode Changed: 8/19/2022 12:45:22 PM, Old:Reading, New:ON
Scan mode: Changed: 8/19/2022 12:46:17 PM, Old:Emission, New:Excitation
Excitation Wavelength Changed: 8/19/2022 12:46:17 PM, Old: 340.00, New: 240.00
Emission Wavelength Changed: 8/19/2022 12:46:17 PM, Old: 350.00, New: 425.00
Stop Wavelength Changed: 8/19/2022 12:46:17 PM, Old: 650.00, New: 415.00
Zero Mode Changed: 8/19/2022 12:46:20 PM, Old:ON, New:Reading
Zero Mode Changed: 8/19/2022 12:46:21 PM, Old:Reading, New:ON
Scan mode: Changed: 8/19/2022 12:47:03 PM, Old:Excitation, New:Emission
Excitation Wavelength Changed: 8/19/2022 12:47:03 PM, Old: 240.00, New: 385.00
Emission Wavelength Changed: 8/19/2022 12:47:03 PM, Old: 425.00, New: 395.00
Stop Wavelength Changed: 8/19/2022 12:47:03 PM, Old: 415.00, New: 700.00
Zero Mode Changed: 8/19/2022 12:47:05 PM, Old:ON, New:Reading
Zero Mode Changed: 8/19/2022 12:47:05 PM, Old:Reading, New:ON
Excitation Wavelength Changed: 8/19/2022 12:47:56 PM, Old: 385.00, New: 365.00
Emission Wavelength Changed: 8/19/2022 12:47:56 PM, Old: 395.00, New: 375.00
Zero Mode Changed: 8/19/2022 12:47:59 PM, Old:ON, New:Reading
Zero Mode Changed: 8/19/2022 12:47:59 PM, Old:Reading, New:ON
3-D Mode Changed: 8/19/2022 12:50:41 PM, Old:OFF, New:ON
User Delta Stop Changed: 8/19/2022 12:50:41 PM, Old: 520.00, New: 400.00
User Delta Increment Changed: 8/19/2022 12:50:41 PM, Old:   0.15, New:   5.00
Excitation Wavelength Changed: 8/19/2022 12:50:41 PM, Old: 365.00, New: 330.00
Emission Wavelength Changed: 8/19/2022 12:50:41 PM, Old: 375.00, New: 410.00
Zero Mode Changed: 8/19/2022 12:50:43 PM, Old:ON, New:Reading
Zero Mode Changed: 8/19/2022 12:50:43 PM, Old:Reading, New:ON
Excitation Wavelength Changed: 8/19/2022 12:51:25 PM, Old: 330.00, New: 335.00
Excitation Wavelength Changed: 8/19/2022 12:51:55 PM, Old: 335.00, New: 340.00
Excitation Wavelength Changed: 8/19/2022 12:52:25 PM, Old: 340.00, New: 345.00
Excitation Wavelength Changed: 8/19/2022 12:52:55 PM, Old: 345.00, New: 350.00
Excitation Wavelength Changed: 8/19/2022 12:53:25 PM, Old: 350.00, New: 355.00
Excitation Wavelength Changed: 8/19/2022 12:53:55 PM, Old: 355.00, New: 360.00
Excitation Wavelength Changed: 8/19/2022 12:54:26 PM, Old: 360.00, New: 365.00
Excitation Wavelength Changed: 8/19/2022 12:54:56 PM, Old: 365.00, New: 370.00
Excitation Wavelength Changed: 8/19/2022 12:55:26 PM, Old: 370.00, New: 375.00
Excitation Wavelength Changed: 8/19/2022 12:55:56 PM, Old: 375.00, New: 380.00
Excitation Wavelength Changed: 8/19/2022 12:56:26 PM, Old: 380.00, New: 385.00
Excitation Wavelength Changed: 8/19/2022 12:56:56 PM, Old: 385.00, New: 390.00
Excitation Wavelength Changed: 8/19/2022 12:57:27 PM, Old: 390.00, New: 395.00
Excitation Wavelength Changed: 8/19/2022 12:57:57 PM, Old: 395.00, New: 400.00
Excitation Wavelength Changed: 8/19/2022 12:58:27 PM, Old: 400.00, New: 330.00
Excitation Wavelength Changed: 8/19/2022 1:09:07 PM, Old: 330.00, New: 295.00
Emission Wavelength Changed: 8/19/2022 1:09:07 PM, Old: 410.00, New: 305.00
Stop Wavelength Changed: 8/19/2022 1:09:07 PM, Old: 700.00, New: 550.00
Zero Mode Changed: 8/19/2022 1:09:08 PM, Old:ON, New:Reading
Zero Mode Changed: 8/19/2022 1:09:08 PM, Old:Reading, New:ON
Excitation Wavelength Changed: 8/19/2022 1:09:59 PM, Old: 295.00, New: 300.00
Excitation Wavelength Changed: 8/19/2022 1:10:08 PM, Old: 300.00, New: 305.00
3-D Mode Changed: 8/19/2022 1:10:15 PM, Old:ON, New:OFF
Excitation Wavelength Changed: 8/19/2022 1:10:15 PM, Old: 305.00, New: 295.00
Zero Mode Changed: 8/19/2022 1:10:16 PM, Old:ON, New:Reading
Zero Mode Changed: 8/19/2022 1:10:17 PM, Old:Reading, New:ON
Scan mode: Changed: 8/19/2022 1:10:57 PM, Old:Emission, New:Excitation
User Delta Increment Changed: 8/19/2022 1:10:57 PM, Old:   5.00, New:   0.15
Excitation Wavelength Changed: 8/19/2022 1:10:57 PM, Old: 295.00, New: 240.00
Emission Wavelength Changed: 8/19/2022 1:10:57 PM, Old: 305.00, New: 400.00
Stop Wavelength Changed: 8/19/2022 1:10:57 PM, Old: 550.00, New: 390.00
Zero Mode Changed: 8/19/2022 1:11:03 PM, Old:ON, New:Reading
Zero Mode Changed: 8/19/2022 1:11:03 PM, Old:Reading, New:ON
Scan mode: Changed: 8/19/2022 1:11:48 PM, Old:Excitation, New:Emission
Excitation Wavelength Changed: 8/19/2022 1:11:48 PM, Old: 240.00, New: 330.00
Emission Wavelength Changed: 8/19/2022 1:11:48 PM, Old: 400.00, New: 340.00
Stop Wavelength Changed: 8/19/2022 1:11:48 PM, Old: 390.00, New: 600.00
Zero Mode Changed: 8/19/2022 1:11:50 PM, Old:ON, New:Reading
Zero Mode Changed: 8/19/2022 1:11:51 PM, Old:Reading, New:ON
Scan mode: Changed: 8/19/2022 1:12:42 PM, Old:Emission, New:Excitation
Excitation Wavelength Changed: 8/19/2022 1:12:42 PM, Old: 330.00, New: 220.00
Emission Wavelength Changed: 8/19/2022 1:12:42 PM, Old: 340.00, New: 400.00
Stop Wavelength Changed: 8/19/2022 1:12:42 PM, Old: 600.00, New: 390.00
Zero Mode Changed: 8/19/2022 1:12:45 PM, Old:ON, New:Reading
Zero Mode Changed: 8/19/2022 1:12:46 PM, Old:Reading, New:ON
Excitation Wavelength Changed: 8/19/2022 1:13:19 PM, Old: 220.00, New: 290.00
Zero Mode Changed: 8/19/2022 1:13:21 PM, Old:ON, New:Reading
Zero Mode Changed: 8/19/2022 1:13:21 PM, Old:Reading, New:ON
Scan mode: Changed: 8/19/2022 1:14:02 PM, Old:Excitation, New:Emission
Excitation Wavelength Changed: 8/19/2022 1:14:02 PM, Old: 290.00, New: 260.00
Emission Wavelength Changed: 8/19/2022 1:14:02 PM, Old: 400.00, New: 270.00
Stop Wavelength Changed: 8/19/2022 1:14:02 PM, Old: 390.00, New: 500.00
Zero Mode Changed: 8/19/2022 1:14:05 PM, Old:ON, New:Reading
Zero Mode Changed: 8/19/2022 1:14:05 PM, Old:Reading, New:ON
3-D Mode Changed: 8/19/2022 1:15:52 PM, Old:OFF, New:ON
User Delta Stop Changed: 8/19/2022 1:15:52 PM, Old: 400.00, New: 330.00
User Delta Increment Changed: 8/19/2022 1:15:52 PM, Old:   0.15, New:   5.00
Emission Wavelength Changed: 8/19/2022 1:15:52 PM, Old: 270.00, New: 340.00
Zero Mode Changed: 8/19/2022 1:15:53 PM, Old:ON, New:Reading
Zero Mode Changed: 8/19/2022 1:15:53 PM, Old:Reading, New:ON
Excitation Wavelength Changed: 8/19/2022 1:16:21 PM, Old: 260.00, New: 265.00
Excitation Wavelength Changed: 8/19/2022 1:16:38 PM, Old: 265.00, New: 270.00
Excitation Wavelength Changed: 8/19/2022 1:16:55 PM, Old: 270.00, New: 275.00
Excitation Wavelength Changed: 8/19/2022 1:17:12 PM, Old: 275.00, New: 280.00
Excitation Wavelength Changed: 8/19/2022 1:17:29 PM, Old: 280.00, New: 285.00
Excitation Wavelength Changed: 8/19/2022 1:17:46 PM, Old: 285.00, New: 290.00
Excitation Wavelength Changed: 8/19/2022 1:18:03 PM, Old: 290.00, New: 295.00
Excitation Wavelength Changed: 8/19/2022 1:18:19 PM, Old: 295.00, New: 300.00
Excitation Wavelength Changed: 8/19/2022 1:18:36 PM, Old: 300.00, New: 305.00
Excitation Wavelength Changed: 8/19/2022 1:18:53 PM, Old: 305.00, New: 310.00
Excitation Wavelength Changed: 8/19/2022 1:18:56 PM, Old: 310.00, New: 315.00
Excitation Wavelength Changed: 8/19/2022 12:21:52 PM, Old: 315.00, New: 295.00
Emission Wavelength Changed: 8/19/2022 12:21:52 PM, Old: 340.00, New: 305.00
Stop Wavelength Changed: 8/19/2022 12:21:52 PM, Old: 500.00, New: 550.00
Zero Mode Changed: 8/19/2022 12:21:54 PM, Old:ON, New:Reading
Zero Mode Changed: 8/19/2022 12:21:54 PM, Old:Reading, New:ON
3-D Mode Changed: 8/19/2022 12:22:09 PM, Old:ON, New:OFF
Zero Mode Changed: 8/19/2022 12:22:11 PM, Old:ON, New:Reading
Zero Mode Changed: 8/19/2022 12:22:11 PM, Old:Reading, New:ON
Scan mode: Changed: 8/19/2022 12:23:09 PM, Old:Emission, New:Excitation
User Delta Stop Changed: 8/19/2022 12:23:09 PM, Old: 330.00, New: 370.00
User Delta Increment Changed: 8/19/2022 12:23:09 PM, Old:   5.00, New:   0.15
Excitation Wavelength Changed: 8/19/2022 12:23:09 PM, Old: 295.00, New: 240.00
Emission Wavelength Changed: 8/19/2022 12:23:09 PM, Old: 305.00, New: 370.00
Stop Wavelength Changed: 8/19/2022 12:23:09 PM, Old: 550.00, New: 360.00
Zero Mode Changed: 8/19/2022 12:23:12 PM, Old:ON, New:Reading
Zero Mode Changed: 8/19/2022 12:23:12 PM, Old:Reading, New:ON
Scan mode: Changed: 8/19/2022 12:23:53 PM, Old:Excitation, New:Emission
Excitation Wavelength Changed: 8/19/2022 12:23:53 PM, Old: 240.00, New: 320.00
Emission Wavelength Changed: 8/19/2022 12:23:53 PM, Old: 370.00, New: 330.00
Stop Wavelength Changed: 8/19/2022 12:23:53 PM, Old: 360.00, New: 650.00
Zero Mode Changed: 8/19/2022 12:23:56 PM, Old:ON, New:Reading
Zero Mode Changed: 8/19/2022 12:23:56 PM, Old:Reading, New:ON
Scan mode: Changed: 8/19/2022 12:25:02 PM, Old:Emission, New:Excitation
User Delta Stop Changed: 8/19/2022 12:25:02 PM, Old: 370.00, New: 520.00
Excitation Wavelength Changed: 8/19/2022 12:25:02 PM, Old: 320.00, New: 270.00
Emission Wavelength Changed: 8/19/2022 12:25:02 PM, Old: 330.00, New: 520.00
Stop Wavelength Changed: 8/19/2022 12:25:02 PM, Old: 650.00, New: 510.00
Zero Mode Changed: 8/19/2022 12:25:06 PM, Old:ON, New:Reading
Zero Mode Changed: 8/19/2022 12:25:06 PM, Old:Reading, New:ON
Scan mode: Changed: 8/19/2022 12:26:34 PM, Old:Excitation, New:Emission
Excitation Wavelength Changed: 8/19/2022 12:26:34 PM, Old: 270.00, New: 380.00
Emission Wavelength Changed: 8/19/2022 12:26:34 PM, Old: 520.00, New: 390.00
Stop Wavelength Changed: 8/19/2022 12:26:34 PM, Old: 510.00, New: 700.00
Zero Mode Changed: 8/19/2022 12:26:36 PM, Old:ON, New:Reading
Zero Mode Changed: 8/19/2022 12:26:36 PM, Old:Reading, New:ON
Scan mode: Changed: 8/19/2022 12:27:28 PM, Old:Emission, New:Excitation
Excitation Wavelength Changed: 8/19/2022 12:27:28 PM, Old: 380.00, New: 240.00
Emission Wavelength Changed: 8/19/2022 12:27:28 PM, Old: 390.00, New: 395.00
Stop Wavelength Changed: 8/19/2022 12:27:28 PM, Old: 700.00, New: 385.00
Zero Mode Changed: 8/19/2022 12:27:32 PM, Old:ON, New:Reading
Zero Mode Changed: 8/19/2022 12:27:32 PM, Old:Reading, New:ON
Emission Wavelength Changed: 8/19/2022 12:27:46 PM, Old: 395.00, New: 390.00
Stop Wavelength Changed: 8/19/2022 12:27:46 PM, Old: 385.00, New: 380.00
Zero Mode Changed: 8/19/2022 12:27:47 PM, Old:ON, New:Reading
Zero Mode Changed: 8/19/2022 12:27:47 PM, Old:Reading, New:ON
Scan mode: Changed: 8/19/2022 12:28:31 PM, Old:Excitation, New:Emission
Excitation Wavelength Changed: 8/19/2022 12:28:31 PM, Old: 240.00, New: 330.00
Emission Wavelength Changed: 8/19/2022 12:28:31 PM, Old: 390.00, New: 340.00
Stop Wavelength Changed: 8/19/2022 12:28:31 PM, Old: 380.00, New: 700.00
Zero Mode Changed: 8/19/2022 12:28:32 PM, Old:ON, New:Reading
Zero Mode Changed: 8/19/2022 12:28:33 PM, Old:Reading, New:ON
Scan mode: Changed: 8/19/2022 12:29:35 PM, Old:Emission, New:Excitation
Excitation Wavelength Changed: 8/19/2022 12:29:35 PM, Old: 330.00, New: 240.00
Emission Wavelength Changed: 8/19/2022 12:29:35 PM, Old: 340.00, New: 405.00
Stop Wavelength Changed: 8/19/2022 12:29:35 PM, Old: 700.00, New: 395.00
Zero Mode Changed: 8/19/2022 12:29:38 PM, Old:ON, New:Reading
Zero Mode Changed: 8/19/2022 12:29:38 PM, Old:Reading, New:ON
Scan mode: Changed: 8/19/2022 12:30:37 PM, Old:Excitation, New:Emission
Excitation Wavelength Changed: 8/19/2022 12:30:37 PM, Old: 240.00, New: 335.00
Emission Wavelength Changed: 8/19/2022 12:30:37 PM, Old: 405.00, New: 345.00
Stop Wavelength Changed: 8/19/2022 12:30:37 PM, Old: 395.00, New: 650.00
Zero Mode Changed: 8/19/2022 12:30:39 PM, Old:ON, New:Reading
Zero Mode Changed: 8/19/2022 12:30:39 PM, Old:Reading, New:ON
Scan mode: Changed: 8/19/2022 12:31:30 PM, Old:Emission, New:Excitation
Excitation Wavelength Changed: 8/19/2022 12:31:30 PM, Old: 335.00, New: 240.00
Emission Wavelength Changed: 8/19/2022 12:31:30 PM, Old: 345.00, New: 410.00
Stop Wavelength Changed: 8/19/2022 12:31:30 PM, Old: 650.00, New: 400.00
Zero Mode Changed: 8/19/2022 12:31:33 PM, Old:ON, New:Reading
Zero Mode Changed: 8/19/2022 12:31:34 PM, Old:Reading, New:ON
Emission Wavelength Changed: 8/19/2022 12:32:09 PM, Old: 410.00, New: 420.00
Stop Wavelength Changed: 8/19/2022 12:32:09 PM, Old: 400.00, New: 410.00
Zero Mode Changed: 8/19/2022 12:32:11 PM, Old:ON, New:Reading
Zero Mode Changed: 8/19/2022 12:32:12 PM, Old:Reading, New:ON
Emission Wavelength Changed: 8/19/2022 12:32:51 PM, Old: 420.00, New: 415.00
Stop Wavelength Changed: 8/19/2022 12:32:51 PM, Old: 410.00, New: 405.00
Zero Mode Changed: 8/19/2022 12:32:56 PM, Old:ON, New:Reading
Zero Mode Changed: 8/19/2022 12:32:56 PM, Old:Reading, New:ON
3-D Mode Changed: 8/19/2022 12:36:08 PM, Old:OFF, New:ON
User Delta Stop Changed: 8/19/2022 12:36:08 PM, Old: 520.00, New: 430.00
Emission Wavelength Changed: 8/19/2022 12:36:08 PM, Old: 415.00, New: 400.00
Stop Wavelength Changed: 8/19/2022 12:36:08 PM, Old: 405.00, New: 390.00
Zero Mode Changed: 8/19/2022 12:36:20 PM, Old:ON, New:Reading
Zero Mode Changed: 8/19/2022 12:36:20 PM, Old:Reading, New:ON
Emission Wavelength Changed: 8/19/2022 12:37:00 PM, Old: 400.00, New: 400.15
Emission Wavelength Changed: 8/19/2022 12:37:20 PM, Old: 400.15, New: 400.30
Emission Wavelength Changed: 8/19/2022 12:37:26 PM, Old: 400.30, New: 400.45
Scan mode: Changed: 8/19/2022 12:38:08 PM, Old:Excitation, New:Emission
3-D Mode Changed: 8/19/2022 12:38:08 PM, Old:ON, New:OFF
User Delta Increment Changed: 8/19/2022 12:38:08 PM, Old:   0.15, New:   5.00
Excitation Wavelength Changed: 8/19/2022 12:38:08 PM, Old: 240.00, New: 295.00
Emission Wavelength Changed: 8/19/2022 12:38:08 PM, Old: 400.45, New: 305.00
Stop Wavelength Changed: 8/19/2022 12:38:08 PM, Old: 390.00, New: 550.00
Zero Mode Changed: 8/19/2022 12:38:09 PM, Old:ON, New:Reading
Zero Mode Changed: 8/19/2022 12:38:10 PM, Old:Reading, New:ON
Ex. Slit Width (nm): Changed: 8/19/2022 12:39:13 PM, Old:5, New:10
Excitation Wavelength Changed: 8/19/2022 12:39:13 PM, Old: 295.00, New: 340.00
Emission Wavelength Changed: 8/19/2022 12:39:13 PM, Old: 305.00, New: 350.00
Stop Wavelength Changed: 8/19/2022 12:39:13 PM, Old: 550.00, New: 650.00
Zero Mode Changed: 8/19/2022 12:39:13 PM, Old:ON, New:OFF
Zero Mode Changed: 8/19/2022 12:39:15 PM, Old:OFF, New:Reading
Zero Mode Changed: 8/19/2022 12:39:15 PM, Old:Reading, New:ON
Scan mode: Changed: 8/19/2022 12:40:17 PM, Old:Emission, New:Excitation
User Delta Stop Changed: 8/19/2022 12:40:17 PM, Old: 430.00, New: 530.00
User Delta Increment Changed: 8/19/2022 12:40:17 PM, Old:   5.00, New:   0.15
Excitation Wavelength Changed: 8/19/2022 12:40:17 PM, Old: 340.00, New: 240.00
Emission Wavelength Changed: 8/19/2022 12:40:17 PM, Old: 350.00, New: 530.00
Stop Wavelength Changed: 8/19/2022 12:40:17 PM, Old: 650.00, New: 520.00
Zero Mode Changed: 8/19/2022 12:40:20 PM, Old:ON, New:Reading
Zero Mode Changed: 8/19/2022 12:40:21 PM, Old:Reading, New:ON
Scan mode: Changed: 8/19/2022 12:41:51 PM, Old:Excitation, New:Emission
Ex. Slit Width (nm): Changed: 8/19/2022 12:41:51 PM, Old:10, New:5
Excitation Wavelength Changed: 8/19/2022 12:41:51 PM, Old: 240.00, New: 455.00
Emission Wavelength Changed: 8/19/2022 12:41:51 PM, Old: 530.00, New: 465.00
Stop Wavelength Changed: 8/19/2022 12:41:51 PM, Old: 520.00, New: 700.00
Zero Mode Changed: 8/19/2022 12:41:51 PM, Old:ON, New:OFF
Zero Mode Changed: 8/19/2022 12:41:53 PM, Old:OFF, New:Reading
Zero Mode Changed: 8/19/2022 12:41:54 PM, Old:Reading, New:ON
Scan mode: Changed: 8/19/2022 12:42:51 PM, Old:Emission, New:Excitation
Excitation Wavelength Changed: 8/19/2022 12:42:51 PM, Old: 455.00, New: 290.00
Emission Wavelength Changed: 8/19/2022 12:42:51 PM, Old: 465.00, New: 530.00
Stop Wavelength Changed: 8/19/2022 12:42:51 PM, Old: 700.00, New: 520.00
Zero Mode Changed: 8/19/2022 12:42:54 PM, Old:ON, New:Reading
Zero Mode Changed: 8/19/2022 12:42:54 PM, Old:Reading, New:ON
Scan mode: Changed: 8/19/2022 12:44:03 PM, Old:Excitation, New:Emission
Excitation Wavelength Changed: 8/19/2022 12:44:03 PM, Old: 290.00, New: 420.00
Emission Wavelength Changed: 8/19/2022 12:44:03 PM, Old: 530.00, New: 430.00
Stop Wavelength Changed: 8/19/2022 12:44:03 PM, Old: 520.00, New: 700.00
Zero Mode Changed: 8/19/2022 12:44:05 PM, Old:ON, New:Reading
Zero Mode Changed: 8/19/2022 12:44:05 PM, Old:Reading, New:ON
Excitation Wavelength Changed: 8/19/2022 12:44:53 PM, Old: 420.00, New: 330.00
Emission Wavelength Changed: 8/19/2022 12:44:53 PM, Old: 430.00, New: 340.00
Stop Wavelength Changed: 8/19/2022 12:44:53 PM, Old: 700.00, New: 650.00
Zero Mode Changed: 8/19/2022 12:44:56 PM, Old:ON, New:Reading
Zero Mode Changed: 8/19/2022 12:44:56 PM, Old:Reading, New:ON
End Method Modifications

CdSe 180sec em420,
CdSe 180sec em420
Collection Time: 8/19/2022 12:46:01 PM
Operator Name  :
Scan Software Version: 1.1(132)
Parameter List :
Instrument                        Cary Eclipse
Instrument Serial Number          E08013467
Data mode                         Fluorescence
Scan mode                         Excitation
X Mode                            Wavelength (nm)
Start (nm)                        240.00
Stop (nm)                         410.00
Em. Wavelength (nm)               420.00
Ex. Slit (nm)                     5
Em. Slit (nm)                     5
Scan rate (nm/min)                600.00
Data interval (nm)                1.0000
Averaging Time (s)                0.1000
Excitation filter                 Auto
Emission filter                   Open
PMT voltage (V)                   Medium
Corrected spectra                 OFF
Method Log     :
Method Name    : Default
Date/Time stamp: 8/19/2022 12:23:28 PM
Method Modifications:
Overlayed Graphs Changed: 8/19/2022 12:24:53 PM, Old:OFF, New:ON
Y max Changed: 8/19/2022 12:24:53 PM, Old:  1000.0000, New:   300.0000
Excitation Wavelength Changed: 8/19/2022 12:27:20 PM, Old: 350.00, New: 300.00
Emission Wavelength Changed: 8/19/2022 12:27:20 PM, Old: 400.00, New: 310.00
Stop Wavelength Changed: 8/19/2022 12:27:20 PM, Old: 600.00, New: 500.00
Zero Mode Changed: 8/19/2022 12:27:22 PM, Old:OFF, New:Reading
Zero Mode Changed: 8/19/2022 12:27:22 PM, Old:Reading, New:ON
Scan mode: Changed: 8/19/2022 12:28:28 PM, Old:Emission, New:Excitation
Excitation Wavelength Changed: 8/19/2022 12:28:28 PM, Old: 300.00, New: 240.00
Emission Wavelength Changed: 8/19/2022 12:28:28 PM, Old: 310.00, New: 400.00
Stop Wavelength Changed: 8/19/2022 12:28:28 PM, Old: 500.00, New: 390.00
Zero Mode Changed: 8/19/2022 12:28:31 PM, Old:ON, New:Reading
Zero Mode Changed: 8/19/2022 12:28:31 PM, Old:Reading, New:ON
Scan mode: Changed: 8/19/2022 12:29:17 PM, Old:Excitation, New:Emission
Excitation Wavelength Changed: 8/19/2022 12:29:17 PM, Old: 240.00, New: 330.00
Emission Wavelength Changed: 8/19/2022 12:29:17 PM, Old: 400.00, New: 340.00
Stop Wavelength Changed: 8/19/2022 12:29:17 PM, Old: 390.00, New: 500.00
Zero Mode Changed: 8/19/2022 12:29:19 PM, Old:ON, New:Reading
Zero Mode Changed: 8/19/2022 12:29:19 PM, Old:Reading, New:ON
Scan mode: Changed: 8/19/2022 12:30:02 PM, Old:Emission, New:Excitation
Excitation Wavelength Changed: 8/19/2022 12:30:02 PM, Old: 330.00, New: 240.00
Emission Wavelength Changed: 8/19/2022 12:30:02 PM, Old: 340.00, New: 410.00
Stop Wavelength Changed: 8/19/2022 12:30:02 PM, Old: 500.00, New: 400.00
Zero Mode Changed: 8/19/2022 12:30:08 PM, Old:ON, New:Reading
Zero Mode Changed: 8/19/2022 12:30:08 PM, Old:Reading, New:ON
Scan mode: Changed: 8/19/2022 12:30:53 PM, Old:Excitation, New:Emission
Excitation Wavelength Changed: 8/19/2022 12:30:53 PM, Old: 240.00, New: 335.00
Emission Wavelength Changed: 8/19/2022 12:30:53 PM, Old: 410.00, New: 345.00
Stop Wavelength Changed: 8/19/2022 12:30:53 PM, Old: 400.00, New: 600.00
Zero Mode Changed: 8/19/2022 12:30:55 PM, Old:ON, New:Reading
Zero Mode Changed: 8/19/2022 12:30:55 PM, Old:Reading, New:ON
Zero Mode Changed: 8/19/2022 12:34:51 PM, Old:ON, New:Reading
Zero Mode Changed: 8/19/2022 12:34:51 PM, Old:Reading, New:ON
Scan mode: Changed: 8/19/2022 12:35:39 PM, Old:Emission, New:Excitation
Excitation Wavelength Changed: 8/19/2022 12:35:39 PM, Old: 335.00, New: 240.00
Emission Wavelength Changed: 8/19/2022 12:35:39 PM, Old: 345.00, New: 410.00
Stop Wavelength Changed: 8/19/2022 12:35:39 PM, Old: 600.00, New: 400.00
Zero Mode Changed: 8/19/2022 12:35:42 PM, Old:ON, New:Reading
Zero Mode Changed: 8/19/2022 12:35:43 PM, Old:Reading, New:ON
Scan mode: Changed: 8/19/2022 12:36:52 PM, Old:Excitation, New:Emission
Excitation Wavelength Changed: 8/19/2022 12:36:52 PM, Old: 240.00, New: 300.00
Emission Wavelength Changed: 8/19/2022 12:36:52 PM, Old: 410.00, New: 310.00
Stop Wavelength Changed: 8/19/2022 12:36:52 PM, Old: 400.00, New: 600.00
Zero Mode Changed: 8/19/2022 12:36:54 PM, Old:ON, New:Reading
Zero Mode Changed: 8/19/2022 12:36:54 PM, Old:Reading, New:ON
Scan mode: Changed: 8/19/2022 12:37:46 PM, Old:Emission, New:Excitation
Excitation Wavelength Changed: 8/19/2022 12:37:46 PM, Old: 300.00, New: 240.00
Emission Wavelength Changed: 8/19/2022 12:37:46 PM, Old: 310.00, New: 350.00
Stop Wavelength Changed: 8/19/2022 12:37:46 PM, Old: 600.00, New: 340.00
Zero Mode Changed: 8/19/2022 12:37:49 PM, Old:ON, New:Reading
Zero Mode Changed: 8/19/2022 12:37:49 PM, Old:Reading, New:ON
Scan mode: Changed: 8/19/2022 12:38:28 PM, Old:Excitation, New:Emission
Excitation Wavelength Changed: 8/19/2022 12:38:28 PM, Old: 240.00, New: 295.00
Emission Wavelength Changed: 8/19/2022 12:38:28 PM, Old: 350.00, New: 305.00
Stop Wavelength Changed: 8/19/2022 12:38:28 PM, Old: 340.00, New: 550.00
Zero Mode Changed: 8/19/2022 12:38:31 PM, Old:ON, New:Reading
Zero Mode Changed: 8/19/2022 12:38:31 PM, Old:Reading, New:ON
Scan Control Changed: 8/19/2022 12:39:12 PM, Old:Medium, New:Slow
Ave. time (s): Changed: 8/19/2022 12:39:12 PM, Old:0.10000, New:0.50000
Zero Mode Changed: 8/19/2022 12:39:14 PM, Old:ON, New:Reading
Zero Mode Changed: 8/19/2022 12:39:14 PM, Old:Reading, New:ON
Excitation Wavelength Changed: 8/19/2022 12:41:46 PM, Old: 295.00, New: 335.00
Emission Wavelength Changed: 8/19/2022 12:41:46 PM, Old: 305.00, New: 345.00
Stop Wavelength Changed: 8/19/2022 12:41:46 PM, Old: 550.00, New: 600.00
Zero Mode Changed: 8/19/2022 12:41:49 PM, Old:ON, New:Reading
Zero Mode Changed: 8/19/2022 12:41:50 PM, Old:Reading, New:ON
Scan mode: Changed: 8/19/2022 12:46:36 PM, Old:Emission, New:Excitation
Excitation Wavelength Changed: 8/19/2022 12:46:36 PM, Old: 335.00, New: 240.00
Emission Wavelength Changed: 8/19/2022 12:46:36 PM, Old: 345.00, New: 410.00
Stop Wavelength Changed: 8/19/2022 12:46:36 PM, Old: 600.00, New: 400.00
Zero Mode Changed: 8/19/2022 12:46:39 PM, Old:ON, New:Reading
Zero Mode Changed: 8/19/2022 12:46:40 PM, Old:Reading, New:ON
Scan Control Changed: 8/19/2022 12:50:26 PM, Old:Slow, New:Medium
Ave. time (s): Changed: 8/19/2022 12:50:26 PM, Old:0.50000, New:0.10000
Zero Mode Changed: 8/19/2022 12:50:27 PM, Old:ON, New:Reading
Zero Mode Changed: 8/19/2022 12:50:27 PM, Old:Reading, New:ON
Scan mode: Changed: 8/19/2022 12:51:32 PM, Old:Excitation, New:Emission
Excitation Wavelength Changed: 8/19/2022 12:51:32 PM, Old: 240.00, New: 337.00
Emission Wavelength Changed: 8/19/2022 12:51:32 PM, Old: 410.00, New: 347.00
Stop Wavelength Changed: 8/19/2022 12:51:32 PM, Old: 400.00, New: 600.00
Zero Mode Changed: 8/19/2022 12:51:34 PM, Old:ON, New:Reading
Zero Mode Changed: 8/19/2022 12:51:35 PM, Old:Reading, New:ON
Scan mode: Changed: 8/19/2022 12:52:30 PM, Old:Emission, New:Excitation
Excitation Wavelength Changed: 8/19/2022 12:52:30 PM, Old: 337.00, New: 240.00
Emission Wavelength Changed: 8/19/2022 12:52:30 PM, Old: 347.00, New: 415.00
Stop Wavelength Changed: 8/19/2022 12:52:30 PM, Old: 600.00, New: 400.00
Zero Mode Changed: 8/19/2022 12:52:33 PM, Old:ON, New:Reading
Zero Mode Changed: 8/19/2022 12:52:33 PM, Old:Reading, New:ON
Scan mode: Changed: 8/19/2022 12:53:13 PM, Old:Excitation, New:Emission
Excitation Wavelength Changed: 8/19/2022 12:53:13 PM, Old: 240.00, New: 340.00
Emission Wavelength Changed: 8/19/2022 12:53:13 PM, Old: 415.00, New: 350.00
Stop Wavelength Changed: 8/19/2022 12:53:13 PM, Old: 400.00, New: 600.00
Zero Mode Changed: 8/19/2022 12:53:15 PM, Old:ON, New:Reading
Zero Mode Changed: 8/19/2022 12:53:15 PM, Old:Reading, New:ON
Zero Mode Changed: 8/19/2022 12:54:45 PM, Old:ON, New:Reading
Zero Mode Changed: 8/19/2022 12:54:46 PM, Old:Reading, New:ON
Zero Mode Changed: 8/19/2022 12:54:49 PM, Old:ON, New:Reading
Zero Mode Changed: 8/19/2022 12:54:49 PM, Old:Reading, New:ON
Scan Control Changed: 8/19/2022 12:54:51 PM, Old:Medium, New:Slow
Ave. time (s): Changed: 8/19/2022 12:54:51 PM, Old:0.10000, New:0.50000
Zero Mode Changed: 8/19/2022 12:54:55 PM, Old:ON, New:Reading
Zero Mode Changed: 8/19/2022 12:54:56 PM, Old:Reading, New:ON
Scan mode: Changed: 8/19/2022 12:57:28 PM, Old:Emission, New:Excitation
Excitation Wavelength Changed: 8/19/2022 12:57:28 PM, Old: 340.00, New: 240.00
Emission Wavelength Changed: 8/19/2022 12:57:28 PM, Old: 350.00, New: 420.00
Stop Wavelength Changed: 8/19/2022 12:57:28 PM, Old: 600.00, New: 410.00
Zero Mode Changed: 8/19/2022 12:57:31 PM, Old:ON, New:Reading
Zero Mode Changed: 8/19/2022 12:57:31 PM, Old:Reading, New:ON
Scan mode: Changed: 8/19/2022 12:59:36 PM, Old:Excitation, New:Emission
Excitation Wavelength Changed: 8/19/2022 12:59:36 PM, Old: 240.00, New: 295.00
Emission Wavelength Changed: 8/19/2022 12:59:36 PM, Old: 420.00, New: 305.00
Stop Wavelength Changed: 8/19/2022 12:59:36 PM, Old: 410.00, New: 550.00
Scan Control Changed: 8/19/2022 12:59:41 PM, Old:Slow, New:Medium
Ave. time (s): Changed: 8/19/2022 12:59:41 PM, Old:0.50000, New:0.10000
Zero Mode Changed: 8/19/2022 12:59:44 PM, Old:ON, New:Reading
Zero Mode Changed: 8/19/2022 12:59:44 PM, Old:Reading, New:ON
Scan mode: Changed: 8/19/2022 1:00:36 PM, Old:Emission, New:Excitation
Excitation Wavelength Changed: 8/19/2022 1:00:36 PM, Old: 295.00, New: 240.00
Emission Wavelength Changed: 8/19/2022 1:00:36 PM, Old: 305.00, New: 350.00
Stop Wavelength Changed: 8/19/2022 1:00:36 PM, Old: 550.00, New: 340.00
Zero Mode Changed: 8/19/2022 1:00:45 PM, Old:ON, New:Reading
Zero Mode Changed: 8/19/2022 1:00:45 PM, Old:Reading, New:ON
Zero Mode Changed: 8/19/2022 1:01:25 PM, Old:ON, New:Reading
Zero Mode Changed: 8/19/2022 1:01:25 PM, Old:Reading, New:ON
Emission Wavelength Changed: 8/19/2022 1:04:06 PM, Old: 350.00, New: 420.00
Stop Wavelength Changed: 8/19/2022 1:04:06 PM, Old: 340.00, New: 410.00
Zero Mode Changed: 8/19/2022 1:04:08 PM, Old:ON, New:Reading
Zero Mode Changed: 8/19/2022 1:04:08 PM, Old:Reading, New:ON
Scan mode: Changed: 8/19/2022 1:04:55 PM, Old:Excitation, New:Emission
Excitation Wavelength Changed: 8/19/2022 1:04:55 PM, Old: 240.00, New: 330.00
Emission Wavelength Changed: 8/19/2022 1:04:55 PM, Old: 420.00, New: 340.00
Stop Wavelength Changed: 8/19/2022 1:04:55 PM, Old: 410.00, New: 600.00
Zero Mode Changed: 8/19/2022 1:04:56 PM, Old:ON, New:Reading
Zero Mode Changed: 8/19/2022 1:04:57 PM, Old:Reading, New:ON
Scan mode: Changed: 8/19/2022 1:06:34 PM, Old:Emission, New:Excitation
User Delta Stop Changed: 8/19/2022 1:06:34 PM, Old: 450.00, New: 470.00
User Delta Increment Changed: 8/19/2022 1:06:34 PM, Old:  10.00, New:   0.15
Excitation Wavelength Changed: 8/19/2022 1:06:34 PM, Old: 330.00, New: 240.00
Emission Wavelength Changed: 8/19/2022 1:06:34 PM, Old: 340.00, New: 470.00
Stop Wavelength Changed: 8/19/2022 1:06:34 PM, Old: 600.00, New: 460.00
Zero Mode Changed: 8/19/2022 1:06:37 PM, Old:ON, New:Reading
Zero Mode Changed: 8/19/2022 1:06:37 PM, Old:Reading, New:ON
Scan mode: Changed: 8/19/2022 1:07:26 PM, Old:Excitation, New:Emission
Excitation Wavelength Changed: 8/19/2022 1:07:26 PM, Old: 240.00, New: 355.00
Emission Wavelength Changed: 8/19/2022 1:07:26 PM, Old: 470.00, New: 365.00
Stop Wavelength Changed: 8/19/2022 1:07:26 PM, Old: 460.00, New: 600.00
Zero Mode Changed: 8/19/2022 1:07:27 PM, Old:ON, New:Reading
Zero Mode Changed: 8/19/2022 1:07:27 PM, Old:Reading, New:ON
Scan mode: Changed: 8/19/2022 1:08:25 PM, Old:Emission, New:Excitation
User Delta Stop Changed: 8/19/2022 1:08:25 PM, Old: 470.00, New: 520.00
Excitation Wavelength Changed: 8/19/2022 1:08:25 PM, Old: 355.00, New: 270.00
Emission Wavelength Changed: 8/19/2022 1:08:25 PM, Old: 365.00, New: 520.00
Stop Wavelength Changed: 8/19/2022 1:08:25 PM, Old: 600.00, New: 510.00
Zero Mode Changed: 8/19/2022 1:08:29 PM, Old:ON, New:Reading
Zero Mode Changed: 8/19/2022 1:08:29 PM, Old:Reading, New:ON
Scan mode: Changed: 8/19/2022 1:09:40 PM, Old:Excitation, New:Emission
Excitation Wavelength Changed: 8/19/2022 1:09:40 PM, Old: 270.00, New: 345.00
Emission Wavelength Changed: 8/19/2022 1:09:40 PM, Old: 520.00, New: 355.00
Stop Wavelength Changed: 8/19/2022 1:09:40 PM, Old: 510.00, New: 600.00
Zero Mode Changed: 8/19/2022 1:09:42 PM, Old:ON, New:Reading
Zero Mode Changed: 8/19/2022 1:09:43 PM, Old:Reading, New:ON
Scan Control Changed: 8/19/2022 1:12:27 PM, Old:Medium, New:Slow
Ave. time (s): Changed: 8/19/2022 1:12:27 PM, Old:0.10000, New:0.50000
Zero Mode Changed: 8/19/2022 1:12:29 PM, Old:ON, New:Reading
Zero Mode Changed: 8/19/2022 1:12:30 PM, Old:Reading, New:ON
Scan mode: Changed: 8/19/2022 1:15:37 PM, Old:Emission, New:Excitation
Excitation Wavelength Changed: 8/19/2022 1:15:37 PM, Old: 345.00, New: 240.00
Emission Wavelength Changed: 8/19/2022 1:15:37 PM, Old: 355.00, New: 455.00
Stop Wavelength Changed: 8/19/2022 1:15:37 PM, Old: 600.00, New: 445.00
Zero Mode Changed: 8/19/2022 1:15:40 PM, Old:ON, New:Reading
Zero Mode Changed: 8/19/2022 1:15:41 PM, Old:Reading, New:ON
Scan mode: Changed: 8/19/2022 1:19:58 PM, Old:Excitation, New:Emission
Scan Control Changed: 8/19/2022 1:19:58 PM, Old:Slow, New:Medium
Ave. time (s): Changed: 8/19/2022 1:19:58 PM, Old:0.50000, New:0.10000
Excitation Wavelength Changed: 8/19/2022 1:19:58 PM, Old: 240.00, New: 295.00
Emission Wavelength Changed: 8/19/2022 1:19:58 PM, Old: 455.00, New: 305.00
Stop Wavelength Changed: 8/19/2022 1:19:58 PM, Old: 445.00, New: 550.00
Zero Mode Changed: 8/19/2022 1:20:00 PM, Old:ON, New:Reading
Zero Mode Changed: 8/19/2022 1:20:00 PM, Old:Reading, New:ON
Scan mode: Changed: 8/19/2022 12:22:27 PM, Old:Emission, New:Excitation
Excitation Wavelength Changed: 8/19/2022 12:22:27 PM, Old: 295.00, New: 240.00
Emission Wavelength Changed: 8/19/2022 12:22:27 PM, Old: 305.00, New: 350.00
Stop Wavelength Changed: 8/19/2022 12:22:27 PM, Old: 550.00, New: 340.00
Zero Mode Changed: 8/19/2022 12:22:31 PM, Old:ON, New:Reading
Zero Mode Changed: 8/19/2022 12:22:31 PM, Old:Reading, New:ON
Emission Wavelength Changed: 8/19/2022 12:35:02 PM, Old: 350.00, New: 420.00
Stop Wavelength Changed: 8/19/2022 12:35:02 PM, Old: 340.00, New: 410.00
Zero Mode Changed: 8/19/2022 12:35:04 PM, Old:ON, New:Reading
Zero Mode Changed: 8/19/2022 12:35:05 PM, Old:Reading, New:ON
Scan mode: Changed: 8/19/2022 12:36:08 PM, Old:Excitation, New:Emission
Excitation Wavelength Changed: 8/19/2022 12:36:08 PM, Old: 240.00, New: 360.00
Emission Wavelength Changed: 8/19/2022 12:36:08 PM, Old: 420.00, New: 370.00
Stop Wavelength Changed: 8/19/2022 12:36:08 PM, Old: 410.00, New: 700.00
Zero Mode Changed: 8/19/2022 12:36:09 PM, Old:ON, New:Reading
Zero Mode Changed: 8/19/2022 12:36:10 PM, Old:Reading, New:ON
Scan mode: Changed: 8/19/2022 12:37:08 PM, Old:Emission, New:Excitation
Excitation Wavelength Changed: 8/19/2022 12:37:08 PM, Old: 360.00, New: 240.00
Emission Wavelength Changed: 8/19/2022 12:37:08 PM, Old: 370.00, New: 440.00
Stop Wavelength Changed: 8/19/2022 12:37:08 PM, Old: 700.00, New: 430.00
Zero Mode Changed: 8/19/2022 12:37:11 PM, Old:ON, New:Reading
Zero Mode Changed: 8/19/2022 12:37:11 PM, Old:Reading, New:ON
Scan mode: Changed: 8/19/2022 12:38:01 PM, Old:Excitation, New:Emission
Excitation Wavelength Changed: 8/19/2022 12:38:01 PM, Old: 240.00, New: 365.00
Emission Wavelength Changed: 8/19/2022 12:38:01 PM, Old: 440.00, New: 375.00
Stop Wavelength Changed: 8/19/2022 12:38:01 PM, Old: 430.00, New: 700.00
Zero Mode Changed: 8/19/2022 12:38:03 PM, Old:ON, New:Reading
Zero Mode Changed: 8/19/2022 12:38:04 PM, Old:Reading, New:ON
Excitation Wavelength Changed: 8/19/2022 12:38:57 PM, Old: 365.00, New: 370.00
Emission Wavelength Changed: 8/19/2022 12:38:57 PM, Old: 375.00, New: 380.00
Zero Mode Changed: 8/19/2022 12:38:58 PM, Old:ON, New:Reading
Zero Mode Changed: 8/19/2022 12:38:59 PM, Old:Reading, New:ON
Scan mode: Changed: 8/19/2022 12:40:00 PM, Old:Emission, New:Excitation
Excitation Wavelength Changed: 8/19/2022 12:40:00 PM, Old: 370.00, New: 240.00
Emission Wavelength Changed: 8/19/2022 12:40:00 PM, Old: 380.00, New: 512.00
Stop Wavelength Changed: 8/19/2022 12:40:00 PM, Old: 700.00, New: 500.00
Zero Mode Changed: 8/19/2022 12:40:03 PM, Old:ON, New:Reading
Zero Mode Changed: 8/19/2022 12:40:04 PM, Old:Reading, New:ON
Scan mode: Changed: 8/19/2022 12:40:57 PM, Old:Excitation, New:Emission
Excitation Wavelength Changed: 8/19/2022 12:40:57 PM, Old: 240.00, New: 400.00
Emission Wavelength Changed: 8/19/2022 12:40:57 PM, Old: 512.00, New: 410.00
Stop Wavelength Changed: 8/19/2022 12:40:57 PM, Old: 500.00, New: 700.00
Zero Mode Changed: 8/19/2022 12:40:59 PM, Old:ON, New:Reading
Zero Mode Changed: 8/19/2022 12:41:00 PM, Old:Reading, New:ON
Scan mode: Changed: 8/19/2022 12:41:45 PM, Old:Emission, New:Excitation
Excitation Wavelength Changed: 8/19/2022 12:41:45 PM, Old: 400.00, New: 240.00
Emission Wavelength Changed: 8/19/2022 12:41:45 PM, Old: 410.00, New: 515.00
Stop Wavelength Changed: 8/19/2022 12:41:45 PM, Old: 700.00, New: 505.00
Zero Mode Changed: 8/19/2022 12:41:48 PM, Old:ON, New:Reading
Zero Mode Changed: 8/19/2022 12:41:49 PM, Old:Reading, New:ON
Emission Wavelength Changed: 8/19/2022 12:42:40 PM, Old: 515.00, New: 435.00
Stop Wavelength Changed: 8/19/2022 12:42:40 PM, Old: 505.00, New: 425.00
Zero Mode Changed: 8/19/2022 12:42:43 PM, Old:ON, New:Reading
Zero Mode Changed: 8/19/2022 12:42:43 PM, Old:Reading, New:ON
Scan mode: Changed: 8/19/2022 12:43:33 PM, Old:Excitation, New:Emission
Excitation Wavelength Changed: 8/19/2022 12:43:33 PM, Old: 240.00, New: 295.00
Emission Wavelength Changed: 8/19/2022 12:43:33 PM, Old: 435.00, New: 305.00
Stop Wavelength Changed: 8/19/2022 12:43:33 PM, Old: 425.00, New: 550.00
Zero Mode Changed: 8/19/2022 12:43:35 PM, Old:ON, New:Reading
Zero Mode Changed: 8/19/2022 12:43:35 PM, Old:Reading, New:ON
Scan mode: Changed: 8/19/2022 12:44:33 PM, Old:Emission, New:Excitation
Excitation Wavelength Changed: 8/19/2022 12:44:33 PM, Old: 295.00, New: 240.00
Emission Wavelength Changed: 8/19/2022 12:44:33 PM, Old: 305.00, New: 400.00
Stop Wavelength Changed: 8/19/2022 12:44:33 PM, Old: 550.00, New: 390.00
Zero Mode Changed: 8/19/2022 12:44:36 PM, Old:ON, New:Reading
Zero Mode Changed: 8/19/2022 12:44:37 PM, Old:Reading, New:ON
Scan mode: Changed: 8/19/2022 12:45:20 PM, Old:Excitation, New:Emission
Excitation Wavelength Changed: 8/19/2022 12:45:20 PM, Old: 240.00, New: 340.00
Emission Wavelength Changed: 8/19/2022 12:45:20 PM, Old: 400.00, New: 350.00
Stop Wavelength Changed: 8/19/2022 12:45:20 PM, Old: 390.00, New: 650.00
Zero Mode Changed: 8/19/2022 12:45:22 PM, Old:ON, New:Reading
Zero Mode Changed: 8/19/2022 12:45:22 PM, Old:Reading, New:ON
Scan mode: Changed: 8/19/2022 12:46:17 PM, Old:Emission, New:Excitation
Excitation Wavelength Changed: 8/19/2022 12:46:17 PM, Old: 340.00, New: 240.00
Emission Wavelength Changed: 8/19/2022 12:46:17 PM, Old: 350.00, New: 425.00
Stop Wavelength Changed: 8/19/2022 12:46:17 PM, Old: 650.00, New: 415.00
Zero Mode Changed: 8/19/2022 12:46:20 PM, Old:ON, New:Reading
Zero Mode Changed: 8/19/2022 12:46:21 PM, Old:Reading, New:ON
Scan mode: Changed: 8/19/2022 12:47:03 PM, Old:Excitation, New:Emission
Excitation Wavelength Changed: 8/19/2022 12:47:03 PM, Old: 240.00, New: 385.00
Emission Wavelength Changed: 8/19/2022 12:47:03 PM, Old: 425.00, New: 395.00
Stop Wavelength Changed: 8/19/2022 12:47:03 PM, Old: 415.00, New: 700.00
Zero Mode Changed: 8/19/2022 12:47:05 PM, Old:ON, New:Reading
Zero Mode Changed: 8/19/2022 12:47:05 PM, Old:Reading, New:ON
Excitation Wavelength Changed: 8/19/2022 12:47:56 PM, Old: 385.00, New: 365.00
Emission Wavelength Changed: 8/19/2022 12:47:56 PM, Old: 395.00, New: 375.00
Zero Mode Changed: 8/19/2022 12:47:59 PM, Old:ON, New:Reading
Zero Mode Changed: 8/19/2022 12:47:59 PM, Old:Reading, New:ON
3-D Mode Changed: 8/19/2022 12:50:41 PM, Old:OFF, New:ON
User Delta Stop Changed: 8/19/2022 12:50:41 PM, Old: 520.00, New: 400.00
User Delta Increment Changed: 8/19/2022 12:50:41 PM, Old:   0.15, New:   5.00
Excitation Wavelength Changed: 8/19/2022 12:50:41 PM, Old: 365.00, New: 330.00
Emission Wavelength Changed: 8/19/2022 12:50:41 PM, Old: 375.00, New: 410.00
Zero Mode Changed: 8/19/2022 12:50:43 PM, Old:ON, New:Reading
Zero Mode Changed: 8/19/2022 12:50:43 PM, Old:Reading, New:ON
Excitation Wavelength Changed: 8/19/2022 12:51:25 PM, Old: 330.00, New: 335.00
Excitation Wavelength Changed: 8/19/2022 12:51:55 PM, Old: 335.00, New: 340.00
Excitation Wavelength Changed: 8/19/2022 12:52:25 PM, Old: 340.00, New: 345.00
Excitation Wavelength Changed: 8/19/2022 12:52:55 PM, Old: 345.00, New: 350.00
Excitation Wavelength Changed: 8/19/2022 12:53:25 PM, Old: 350.00, New: 355.00
Excitation Wavelength Changed: 8/19/2022 12:53:55 PM, Old: 355.00, New: 360.00
Excitation Wavelength Changed: 8/19/2022 12:54:26 PM, Old: 360.00, New: 365.00
Excitation Wavelength Changed: 8/19/2022 12:54:56 PM, Old: 365.00, New: 370.00
Excitation Wavelength Changed: 8/19/2022 12:55:26 PM, Old: 370.00, New: 375.00
Excitation Wavelength Changed: 8/19/2022 12:55:56 PM, Old: 375.00, New: 380.00
Excitation Wavelength Changed: 8/19/2022 12:56:26 PM, Old: 380.00, New: 385.00
Excitation Wavelength Changed: 8/19/2022 12:56:56 PM, Old: 385.00, New: 390.00
Excitation Wavelength Changed: 8/19/2022 12:57:27 PM, Old: 390.00, New: 395.00
Excitation Wavelength Changed: 8/19/2022 12:57:57 PM, Old: 395.00, New: 400.00
Excitation Wavelength Changed: 8/19/2022 12:58:27 PM, Old: 400.00, New: 330.00
Excitation Wavelength Changed: 8/19/2022 1:09:07 PM, Old: 330.00, New: 295.00
Emission Wavelength Changed: 8/19/2022 1:09:07 PM, Old: 410.00, New: 305.00
Stop Wavelength Changed: 8/19/2022 1:09:07 PM, Old: 700.00, New: 550.00
Zero Mode Changed: 8/19/2022 1:09:08 PM, Old:ON, New:Reading
Zero Mode Changed: 8/19/2022 1:09:08 PM, Old:Reading, New:ON
Excitation Wavelength Changed: 8/19/2022 1:09:59 PM, Old: 295.00, New: 300.00
Excitation Wavelength Changed: 8/19/2022 1:10:08 PM, Old: 300.00, New: 305.00
3-D Mode Changed: 8/19/2022 1:10:15 PM, Old:ON, New:OFF
Excitation Wavelength Changed: 8/19/2022 1:10:15 PM, Old: 305.00, New: 295.00
Zero Mode Changed: 8/19/2022 1:10:16 PM, Old:ON, New:Reading
Zero Mode Changed: 8/19/2022 1:10:17 PM, Old:Reading, New:ON
Scan mode: Changed: 8/19/2022 1:10:57 PM, Old:Emission, New:Excitation
User Delta Increment Changed: 8/19/2022 1:10:57 PM, Old:   5.00, New:   0.15
Excitation Wavelength Changed: 8/19/2022 1:10:57 PM, Old: 295.00, New: 240.00
Emission Wavelength Changed: 8/19/2022 1:10:57 PM, Old: 305.00, New: 400.00
Stop Wavelength Changed: 8/19/2022 1:10:57 PM, Old: 550.00, New: 390.00
Zero Mode Changed: 8/19/2022 1:11:03 PM, Old:ON, New:Reading
Zero Mode Changed: 8/19/2022 1:11:03 PM, Old:Reading, New:ON
Scan mode: Changed: 8/19/2022 1:11:48 PM, Old:Excitation, New:Emission
Excitation Wavelength Changed: 8/19/2022 1:11:48 PM, Old: 240.00, New: 330.00
Emission Wavelength Changed: 8/19/2022 1:11:48 PM, Old: 400.00, New: 340.00
Stop Wavelength Changed: 8/19/2022 1:11:48 PM, Old: 390.00, New: 600.00
Zero Mode Changed: 8/19/2022 1:11:50 PM, Old:ON, New:Reading
Zero Mode Changed: 8/19/2022 1:11:51 PM, Old:Reading, New:ON
Scan mode: Changed: 8/19/2022 1:12:42 PM, Old:Emission, New:Excitation
Excitation Wavelength Changed: 8/19/2022 1:12:42 PM, Old: 330.00, New: 220.00
Emission Wavelength Changed: 8/19/2022 1:12:42 PM, Old: 340.00, New: 400.00
Stop Wavelength Changed: 8/19/2022 1:12:42 PM, Old: 600.00, New: 390.00
Zero Mode Changed: 8/19/2022 1:12:45 PM, Old:ON, New:Reading
Zero Mode Changed: 8/19/2022 1:12:46 PM, Old:Reading, New:ON
Excitation Wavelength Changed: 8/19/2022 1:13:19 PM, Old: 220.00, New: 290.00
Zero Mode Changed: 8/19/2022 1:13:21 PM, Old:ON, New:Reading
Zero Mode Changed: 8/19/2022 1:13:21 PM, Old:Reading, New:ON
Scan mode: Changed: 8/19/2022 1:14:02 PM, Old:Excitation, New:Emission
Excitation Wavelength Changed: 8/19/2022 1:14:02 PM, Old: 290.00, New: 260.00
Emission Wavelength Changed: 8/19/2022 1:14:02 PM, Old: 400.00, New: 270.00
Stop Wavelength Changed: 8/19/2022 1:14:02 PM, Old: 390.00, New: 500.00
Zero Mode Changed: 8/19/2022 1:14:05 PM, Old:ON, New:Reading
Zero Mode Changed: 8/19/2022 1:14:05 PM, Old:Reading, New:ON
3-D Mode Changed: 8/19/2022 1:15:52 PM, Old:OFF, New:ON
User Delta Stop Changed: 8/19/2022 1:15:52 PM, Old: 400.00, New: 330.00
User Delta Increment Changed: 8/19/2022 1:15:52 PM, Old:   0.15, New:   5.00
Emission Wavelength Changed: 8/19/2022 1:15:52 PM, Old: 270.00, New: 340.00
Zero Mode Changed: 8/19/2022 1:15:53 PM, Old:ON, New:Reading
Zero Mode Changed: 8/19/2022 1:15:53 PM, Old:Reading, New:ON
Excitation Wavelength Changed: 8/19/2022 1:16:21 PM, Old: 260.00, New: 265.00
Excitation Wavelength Changed: 8/19/2022 1:16:38 PM, Old: 265.00, New: 270.00
Excitation Wavelength Changed: 8/19/2022 1:16:55 PM, Old: 270.00, New: 275.00
Excitation Wavelength Changed: 8/19/2022 1:17:12 PM, Old: 275.00, New: 280.00
Excitation Wavelength Changed: 8/19/2022 1:17:29 PM, Old: 280.00, New: 285.00
Excitation Wavelength Changed: 8/19/2022 1:17:46 PM, Old: 285.00, New: 290.00
Excitation Wavelength Changed: 8/19/2022 1:18:03 PM, Old: 290.00, New: 295.00
Excitation Wavelength Changed: 8/19/2022 1:18:19 PM, Old: 295.00, New: 300.00
Excitation Wavelength Changed: 8/19/2022 1:18:36 PM, Old: 300.00, New: 305.00
Excitation Wavelength Changed: 8/19/2022 1:18:53 PM, Old: 305.00, New: 310.00
Excitation Wavelength Changed: 8/19/2022 1:18:56 PM, Old: 310.00, New: 315.00
Excitation Wavelength Changed: 8/19/2022 12:21:52 PM, Old: 315.00, New: 295.00
Emission Wavelength Changed: 8/19/2022 12:21:52 PM, Old: 340.00, New: 305.00
Stop Wavelength Changed: 8/19/2022 12:21:52 PM, Old: 500.00, New: 550.00
Zero Mode Changed: 8/19/2022 12:21:54 PM, Old:ON, New:Reading
Zero Mode Changed: 8/19/2022 12:21:54 PM, Old:Reading, New:ON
3-D Mode Changed: 8/19/2022 12:22:09 PM, Old:ON, New:OFF
Zero Mode Changed: 8/19/2022 12:22:11 PM, Old:ON, New:Reading
Zero Mode Changed: 8/19/2022 12:22:11 PM, Old:Reading, New:ON
Scan mode: Changed: 8/19/2022 12:23:09 PM, Old:Emission, New:Excitation
User Delta Stop Changed: 8/19/2022 12:23:09 PM, Old: 330.00, New: 370.00
User Delta Increment Changed: 8/19/2022 12:23:09 PM, Old:   5.00, New:   0.15
Excitation Wavelength Changed: 8/19/2022 12:23:09 PM, Old: 295.00, New: 240.00
Emission Wavelength Changed: 8/19/2022 12:23:09 PM, Old: 305.00, New: 370.00
Stop Wavelength Changed: 8/19/2022 12:23:09 PM, Old: 550.00, New: 360.00
Zero Mode Changed: 8/19/2022 12:23:12 PM, Old:ON, New:Reading
Zero Mode Changed: 8/19/2022 12:23:12 PM, Old:Reading, New:ON
Scan mode: Changed: 8/19/2022 12:23:53 PM, Old:Excitation, New:Emission
Excitation Wavelength Changed: 8/19/2022 12:23:53 PM, Old: 240.00, New: 320.00
Emission Wavelength Changed: 8/19/2022 12:23:53 PM, Old: 370.00, New: 330.00
Stop Wavelength Changed: 8/19/2022 12:23:53 PM, Old: 360.00, New: 650.00
Zero Mode Changed: 8/19/2022 12:23:56 PM, Old:ON, New:Reading
Zero Mode Changed: 8/19/2022 12:23:56 PM, Old:Reading, New:ON
Scan mode: Changed: 8/19/2022 12:25:02 PM, Old:Emission, New:Excitation
User Delta Stop Changed: 8/19/2022 12:25:02 PM, Old: 370.00, New: 520.00
Excitation Wavelength Changed: 8/19/2022 12:25:02 PM, Old: 320.00, New: 270.00
Emission Wavelength Changed: 8/19/2022 12:25:02 PM, Old: 330.00, New: 520.00
Stop Wavelength Changed: 8/19/2022 12:25:02 PM, Old: 650.00, New: 510.00
Zero Mode Changed: 8/19/2022 12:25:06 PM, Old:ON, New:Reading
Zero Mode Changed: 8/19/2022 12:25:06 PM, Old:Reading, New:ON
Scan mode: Changed: 8/19/2022 12:26:34 PM, Old:Excitation, New:Emission
Excitation Wavelength Changed: 8/19/2022 12:26:34 PM, Old: 270.00, New: 380.00
Emission Wavelength Changed: 8/19/2022 12:26:34 PM, Old: 520.00, New: 390.00
Stop Wavelength Changed: 8/19/2022 12:26:34 PM, Old: 510.00, New: 700.00
Zero Mode Changed: 8/19/2022 12:26:36 PM, Old:ON, New:Reading
Zero Mode Changed: 8/19/2022 12:26:36 PM, Old:Reading, New:ON
Scan mode: Changed: 8/19/2022 12:27:28 PM, Old:Emission, New:Excitation
Excitation Wavelength Changed: 8/19/2022 12:27:28 PM, Old: 380.00, New: 240.00
Emission Wavelength Changed: 8/19/2022 12:27:28 PM, Old: 390.00, New: 395.00
Stop Wavelength Changed: 8/19/2022 12:27:28 PM, Old: 700.00, New: 385.00
Zero Mode Changed: 8/19/2022 12:27:32 PM, Old:ON, New:Reading
Zero Mode Changed: 8/19/2022 12:27:32 PM, Old:Reading, New:ON
Emission Wavelength Changed: 8/19/2022 12:27:46 PM, Old: 395.00, New: 390.00
Stop Wavelength Changed: 8/19/2022 12:27:46 PM, Old: 385.00, New: 380.00
Zero Mode Changed: 8/19/2022 12:27:47 PM, Old:ON, New:Reading
Zero Mode Changed: 8/19/2022 12:27:47 PM, Old:Reading, New:ON
Scan mode: Changed: 8/19/2022 12:28:31 PM, Old:Excitation, New:Emission
Excitation Wavelength Changed: 8/19/2022 12:28:31 PM, Old: 240.00, New: 330.00
Emission Wavelength Changed: 8/19/2022 12:28:31 PM, Old: 390.00, New: 340.00
Stop Wavelength Changed: 8/19/2022 12:28:31 PM, Old: 380.00, New: 700.00
Zero Mode Changed: 8/19/2022 12:28:32 PM, Old:ON, New:Reading
Zero Mode Changed: 8/19/2022 12:28:33 PM, Old:Reading, New:ON
Scan mode: Changed: 8/19/2022 12:29:35 PM, Old:Emission, New:Excitation
Excitation Wavelength Changed: 8/19/2022 12:29:35 PM, Old: 330.00, New: 240.00
Emission Wavelength Changed: 8/19/2022 12:29:35 PM, Old: 340.00, New: 405.00
Stop Wavelength Changed: 8/19/2022 12:29:35 PM, Old: 700.00, New: 395.00
Zero Mode Changed: 8/19/2022 12:29:38 PM, Old:ON, New:Reading
Zero Mode Changed: 8/19/2022 12:29:38 PM, Old:Reading, New:ON
Scan mode: Changed: 8/19/2022 12:30:37 PM, Old:Excitation, New:Emission
Excitation Wavelength Changed: 8/19/2022 12:30:37 PM, Old: 240.00, New: 335.00
Emission Wavelength Changed: 8/19/2022 12:30:37 PM, Old: 405.00, New: 345.00
Stop Wavelength Changed: 8/19/2022 12:30:37 PM, Old: 395.00, New: 650.00
Zero Mode Changed: 8/19/2022 12:30:39 PM, Old:ON, New:Reading
Zero Mode Changed: 8/19/2022 12:30:39 PM, Old:Reading, New:ON
Scan mode: Changed: 8/19/2022 12:31:30 PM, Old:Emission, New:Excitation
Excitation Wavelength Changed: 8/19/2022 12:31:30 PM, Old: 335.00, New: 240.00
Emission Wavelength Changed: 8/19/2022 12:31:30 PM, Old: 345.00, New: 410.00
Stop Wavelength Changed: 8/19/2022 12:31:30 PM, Old: 650.00, New: 400.00
Zero Mode Changed: 8/19/2022 12:31:33 PM, Old:ON, New:Reading
Zero Mode Changed: 8/19/2022 12:31:34 PM, Old:Reading, New:ON
Emission Wavelength Changed: 8/19/2022 12:32:09 PM, Old: 410.00, New: 420.00
Stop Wavelength Changed: 8/19/2022 12:32:09 PM, Old: 400.00, New: 410.00
Zero Mode Changed: 8/19/2022 12:32:11 PM, Old:ON, New:Reading
Zero Mode Changed: 8/19/2022 12:32:12 PM, Old:Reading, New:ON
Emission Wavelength Changed: 8/19/2022 12:32:51 PM, Old: 420.00, New: 415.00
Stop Wavelength Changed: 8/19/2022 12:32:51 PM, Old: 410.00, New: 405.00
Zero Mode Changed: 8/19/2022 12:32:56 PM, Old:ON, New:Reading
Zero Mode Changed: 8/19/2022 12:32:56 PM, Old:Reading, New:ON
3-D Mode Changed: 8/19/2022 12:36:08 PM, Old:OFF, New:ON
User Delta Stop Changed: 8/19/2022 12:36:08 PM, Old: 520.00, New: 430.00
Emission Wavelength Changed: 8/19/2022 12:36:08 PM, Old: 415.00, New: 400.00
Stop Wavelength Changed: 8/19/2022 12:36:08 PM, Old: 405.00, New: 390.00
Zero Mode Changed: 8/19/2022 12:36:20 PM, Old:ON, New:Reading
Zero Mode Changed: 8/19/2022 12:36:20 PM, Old:Reading, New:ON
Emission Wavelength Changed: 8/19/2022 12:37:00 PM, Old: 400.00, New: 400.15
Emission Wavelength Changed: 8/19/2022 12:37:20 PM, Old: 400.15, New: 400.30
Emission Wavelength Changed: 8/19/2022 12:37:26 PM, Old: 400.30, New: 400.45
Scan mode: Changed: 8/19/2022 12:38:08 PM, Old:Excitation, New:Emission
3-D Mode Changed: 8/19/2022 12:38:08 PM, Old:ON, New:OFF
User Delta Increment Changed: 8/19/2022 12:38:08 PM, Old:   0.15, New:   5.00
Excitation Wavelength Changed: 8/19/2022 12:38:08 PM, Old: 240.00, New: 295.00
Emission Wavelength Changed: 8/19/2022 12:38:08 PM, Old: 400.45, New: 305.00
Stop Wavelength Changed: 8/19/2022 12:38:08 PM, Old: 390.00, New: 550.00
Zero Mode Changed: 8/19/2022 12:38:09 PM, Old:ON, New:Reading
Zero Mode Changed: 8/19/2022 12:38:10 PM, Old:Reading, New:ON
Ex. Slit Width (nm): Changed: 8/19/2022 12:39:13 PM, Old:5, New:10
Excitation Wavelength Changed: 8/19/2022 12:39:13 PM, Old: 295.00, New: 340.00
Emission Wavelength Changed: 8/19/2022 12:39:13 PM, Old: 305.00, New: 350.00
Stop Wavelength Changed: 8/19/2022 12:39:13 PM, Old: 550.00, New: 650.00
Zero Mode Changed: 8/19/2022 12:39:13 PM, Old:ON, New:OFF
Zero Mode Changed: 8/19/2022 12:39:15 PM, Old:OFF, New:Reading
Zero Mode Changed: 8/19/2022 12:39:15 PM, Old:Reading, New:ON
Scan mode: Changed: 8/19/2022 12:40:17 PM, Old:Emission, New:Excitation
User Delta Stop Changed: 8/19/2022 12:40:17 PM, Old: 430.00, New: 530.00
User Delta Increment Changed: 8/19/2022 12:40:17 PM, Old:   5.00, New:   0.15
Excitation Wavelength Changed: 8/19/2022 12:40:17 PM, Old: 340.00, New: 240.00
Emission Wavelength Changed: 8/19/2022 12:40:17 PM, Old: 350.00, New: 530.00
Stop Wavelength Changed: 8/19/2022 12:40:17 PM, Old: 650.00, New: 520.00
Zero Mode Changed: 8/19/2022 12:40:20 PM, Old:ON, New:Reading
Zero Mode Changed: 8/19/2022 12:40:21 PM, Old:Reading, New:ON
Scan mode: Changed: 8/19/2022 12:41:51 PM, Old:Excitation, New:Emission
Ex. Slit Width (nm): Changed: 8/19/2022 12:41:51 PM, Old:10, New:5
Excitation Wavelength Changed: 8/19/2022 12:41:51 PM, Old: 240.00, New: 455.00
Emission Wavelength Changed: 8/19/2022 12:41:51 PM, Old: 530.00, New: 465.00
Stop Wavelength Changed: 8/19/2022 12:41:51 PM, Old: 520.00, New: 700.00
Zero Mode Changed: 8/19/2022 12:41:51 PM, Old:ON, New:OFF
Zero Mode Changed: 8/19/2022 12:41:53 PM, Old:OFF, New:Reading
Zero Mode Changed: 8/19/2022 12:41:54 PM, Old:Reading, New:ON
Scan mode: Changed: 8/19/2022 12:42:51 PM, Old:Emission, New:Excitation
Excitation Wavelength Changed: 8/19/2022 12:42:51 PM, Old: 455.00, New: 290.00
Emission Wavelength Changed: 8/19/2022 12:42:51 PM, Old: 465.00, New: 530.00
Stop Wavelength Changed: 8/19/2022 12:42:51 PM, Old: 700.00, New: 520.00
Zero Mode Changed: 8/19/2022 12:42:54 PM, Old:ON, New:Reading
Zero Mode Changed: 8/19/2022 12:42:54 PM, Old:Reading, New:ON
Scan mode: Changed: 8/19/2022 12:44:03 PM, Old:Excitation, New:Emission
Excitation Wavelength Changed: 8/19/2022 12:44:03 PM, Old: 290.00, New: 420.00
Emission Wavelength Changed: 8/19/2022 12:44:03 PM, Old: 530.00, New: 430.00
Stop Wavelength Changed: 8/19/2022 12:44:03 PM, Old: 520.00, New: 700.00
Zero Mode Changed: 8/19/2022 12:44:05 PM, Old:ON, New:Reading
Zero Mode Changed: 8/19/2022 12:44:05 PM, Old:Reading, New:ON
Excitation Wavelength Changed: 8/19/2022 12:44:53 PM, Old: 420.00, New: 330.00
Emission Wavelength Changed: 8/19/2022 12:44:53 PM, Old: 430.00, New: 340.00
Stop Wavelength Changed: 8/19/2022 12:44:53 PM, Old: 700.00, New: 650.00
Zero Mode Changed: 8/19/2022 12:44:56 PM, Old:ON, New:Reading
Zero Mode Changed: 8/19/2022 12:44:56 PM, Old:Reading, New:ON
Scan mode: Changed: 8/19/2022 12:45:51 PM, Old:Emission, New:Excitation
Excitation Wavelength Changed: 8/19/2022 12:45:51 PM, Old: 330.00, New: 240.00
Emission Wavelength Changed: 8/19/2022 12:45:51 PM, Old: 340.00, New: 420.00
Stop Wavelength Changed: 8/19/2022 12:45:51 PM, Old: 650.00, New: 410.00
Zero Mode Changed: 8/19/2022 12:45:54 PM, Old:ON, New:Reading
Zero Mode Changed: 8/19/2022 12:45:55 PM, Old:Reading, New:ON
End Method Modifications

CdSe 180sec ex355,
CdSe 180sec ex355
Collection Time: 8/19/2022 12:46:53 PM
Operator Name  :
Scan Software Version: 1.1(132)
Parameter List :
Instrument                        Cary Eclipse
Instrument Serial Number          E08013467
Data mode                         Fluorescence
Scan mode                         Emission
X Mode                            Wavelength (nm)
Start (nm)                        365.00
Stop (nm)                         700.00
Ex. Wavelength (nm)               355.00
Ex. Slit (nm)                     5
Em. Slit (nm)                     5
Scan rate (nm/min)                600.00
Data interval (nm)                1.0000
Averaging Time (s)                0.1000
Excitation filter                 Auto
Emission filter                   Open
PMT voltage (V)                   Medium
Corrected spectra                 OFF
Method Log     :
Method Name    : Default
Date/Time stamp: 8/19/2022 12:23:28 PM
Method Modifications:
Overlayed Graphs Changed: 8/19/2022 12:24:53 PM, Old:OFF, New:ON
Y max Changed: 8/19/2022 12:24:53 PM, Old:  1000.0000, New:   300.0000
Excitation Wavelength Changed: 8/19/2022 12:27:20 PM, Old: 350.00, New: 300.00
Emission Wavelength Changed: 8/19/2022 12:27:20 PM, Old: 400.00, New: 310.00
Stop Wavelength Changed: 8/19/2022 12:27:20 PM, Old: 600.00, New: 500.00
Zero Mode Changed: 8/19/2022 12:27:22 PM, Old:OFF, New:Reading
Zero Mode Changed: 8/19/2022 12:27:22 PM, Old:Reading, New:ON
Scan mode: Changed: 8/19/2022 12:28:28 PM, Old:Emission, New:Excitation
Excitation Wavelength Changed: 8/19/2022 12:28:28 PM, Old: 300.00, New: 240.00
Emission Wavelength Changed: 8/19/2022 12:28:28 PM, Old: 310.00, New: 400.00
Stop Wavelength Changed: 8/19/2022 12:28:28 PM, Old: 500.00, New: 390.00
Zero Mode Changed: 8/19/2022 12:28:31 PM, Old:ON, New:Reading
Zero Mode Changed: 8/19/2022 12:28:31 PM, Old:Reading, New:ON
Scan mode: Changed: 8/19/2022 12:29:17 PM, Old:Excitation, New:Emission
Excitation Wavelength Changed: 8/19/2022 12:29:17 PM, Old: 240.00, New: 330.00
Emission Wavelength Changed: 8/19/2022 12:29:17 PM, Old: 400.00, New: 340.00
Stop Wavelength Changed: 8/19/2022 12:29:17 PM, Old: 390.00, New: 500.00
Zero Mode Changed: 8/19/2022 12:29:19 PM, Old:ON, New:Reading
Zero Mode Changed: 8/19/2022 12:29:19 PM, Old:Reading, New:ON
Scan mode: Changed: 8/19/2022 12:30:02 PM, Old:Emission, New:Excitation
Excitation Wavelength Changed: 8/19/2022 12:30:02 PM, Old: 330.00, New: 240.00
Emission Wavelength Changed: 8/19/2022 12:30:02 PM, Old: 340.00, New: 410.00
Stop Wavelength Changed: 8/19/2022 12:30:02 PM, Old: 500.00, New: 400.00
Zero Mode Changed: 8/19/2022 12:30:08 PM, Old:ON, New:Reading
Zero Mode Changed: 8/19/2022 12:30:08 PM, Old:Reading, New:ON
Scan mode: Changed: 8/19/2022 12:30:53 PM, Old:Excitation, New:Emission
Excitation Wavelength Changed: 8/19/2022 12:30:53 PM, Old: 240.00, New: 335.00
Emission Wavelength Changed: 8/19/2022 12:30:53 PM, Old: 410.00, New: 345.00
Stop Wavelength Changed: 8/19/2022 12:30:53 PM, Old: 400.00, New: 600.00
Zero Mode Changed: 8/19/2022 12:30:55 PM, Old:ON, New:Reading
Zero Mode Changed: 8/19/2022 12:30:55 PM, Old:Reading, New:ON
Zero Mode Changed: 8/19/2022 12:34:51 PM, Old:ON, New:Reading
Zero Mode Changed: 8/19/2022 12:34:51 PM, Old:Reading, New:ON
Scan mode: Changed: 8/19/2022 12:35:39 PM, Old:Emission, New:Excitation
Excitation Wavelength Changed: 8/19/2022 12:35:39 PM, Old: 335.00, New: 240.00
Emission Wavelength Changed: 8/19/2022 12:35:39 PM, Old: 345.00, New: 410.00
Stop Wavelength Changed: 8/19/2022 12:35:39 PM, Old: 600.00, New: 400.00
Zero Mode Changed: 8/19/2022 12:35:42 PM, Old:ON, New:Reading
Zero Mode Changed: 8/19/2022 12:35:43 PM, Old:Reading, New:ON
Scan mode: Changed: 8/19/2022 12:36:52 PM, Old:Excitation, New:Emission
Excitation Wavelength Changed: 8/19/2022 12:36:52 PM, Old: 240.00, New: 300.00
Emission Wavelength Changed: 8/19/2022 12:36:52 PM, Old: 410.00, New: 310.00
Stop Wavelength Changed: 8/19/2022 12:36:52 PM, Old: 400.00, New: 600.00
Zero Mode Changed: 8/19/2022 12:36:54 PM, Old:ON, New:Reading
Zero Mode Changed: 8/19/2022 12:36:54 PM, Old:Reading, New:ON
Scan mode: Changed: 8/19/2022 12:37:46 PM, Old:Emission, New:Excitation
Excitation Wavelength Changed: 8/19/2022 12:37:46 PM, Old: 300.00, New: 240.00
Emission Wavelength Changed: 8/19/2022 12:37:46 PM, Old: 310.00, New: 350.00
Stop Wavelength Changed: 8/19/2022 12:37:46 PM, Old: 600.00, New: 340.00
Zero Mode Changed: 8/19/2022 12:37:49 PM, Old:ON, New:Reading
Zero Mode Changed: 8/19/2022 12:37:49 PM, Old:Reading, New:ON
Scan mode: Changed: 8/19/2022 12:38:28 PM, Old:Excitation, New:Emission
Excitation Wavelength Changed: 8/19/2022 12:38:28 PM, Old: 240.00, New: 295.00
Emission Wavelength Changed: 8/19/2022 12:38:28 PM, Old: 350.00, New: 305.00
Stop Wavelength Changed: 8/19/2022 12:38:28 PM, Old: 340.00, New: 550.00
Zero Mode Changed: 8/19/2022 12:38:31 PM, Old:ON, New:Reading
Zero Mode Changed: 8/19/2022 12:38:31 PM, Old:Reading, New:ON
Scan Control Changed: 8/19/2022 12:39:12 PM, Old:Medium, New:Slow
Ave. time (s): Changed: 8/19/2022 12:39:12 PM, Old:0.10000, New:0.50000
Zero Mode Changed: 8/19/2022 12:39:14 PM, Old:ON, New:Reading
Zero Mode Changed: 8/19/2022 12:39:14 PM, Old:Reading, New:ON
Excitation Wavelength Changed: 8/19/2022 12:41:46 PM, Old: 295.00, New: 335.00
Emission Wavelength Changed: 8/19/2022 12:41:46 PM, Old: 305.00, New: 345.00
Stop Wavelength Changed: 8/19/2022 12:41:46 PM, Old: 550.00, New: 600.00
Zero Mode Changed: 8/19/2022 12:41:49 PM, Old:ON, New:Reading
Zero Mode Changed: 8/19/2022 12:41:50 PM, Old:Reading, New:ON
Scan mode: Changed: 8/19/2022 12:46:36 PM, Old:Emission, New:Excitation
Excitation Wavelength Changed: 8/19/2022 12:46:36 PM, Old: 335.00, New: 240.00
Emission Wavelength Changed: 8/19/2022 12:46:36 PM, Old: 345.00, New: 410.00
Stop Wavelength Changed: 8/19/2022 12:46:36 PM, Old: 600.00, New: 400.00
Zero Mode Changed: 8/19/2022 12:46:39 PM, Old:ON, New:Reading
Zero Mode Changed: 8/19/2022 12:46:40 PM, Old:Reading, New:ON
Scan Control Changed: 8/19/2022 12:50:26 PM, Old:Slow, New:Medium
Ave. time (s): Changed: 8/19/2022 12:50:26 PM, Old:0.50000, New:0.10000
Zero Mode Changed: 8/19/2022 12:50:27 PM, Old:ON, New:Reading
Zero Mode Changed: 8/19/2022 12:50:27 PM, Old:Reading, New:ON
Scan mode: Changed: 8/19/2022 12:51:32 PM, Old:Excitation, New:Emission
Excitation Wavelength Changed: 8/19/2022 12:51:32 PM, Old: 240.00, New: 337.00
Emission Wavelength Changed: 8/19/2022 12:51:32 PM, Old: 410.00, New: 347.00
Stop Wavelength Changed: 8/19/2022 12:51:32 PM, Old: 400.00, New: 600.00
Zero Mode Changed: 8/19/2022 12:51:34 PM, Old:ON, New:Reading
Zero Mode Changed: 8/19/2022 12:51:35 PM, Old:Reading, New:ON
Scan mode: Changed: 8/19/2022 12:52:30 PM, Old:Emission, New:Excitation
Excitation Wavelength Changed: 8/19/2022 12:52:30 PM, Old: 337.00, New: 240.00
Emission Wavelength Changed: 8/19/2022 12:52:30 PM, Old: 347.00, New: 415.00
Stop Wavelength Changed: 8/19/2022 12:52:30 PM, Old: 600.00, New: 400.00
Zero Mode Changed: 8/19/2022 12:52:33 PM, Old:ON, New:Reading
Zero Mode Changed: 8/19/2022 12:52:33 PM, Old:Reading, New:ON
Scan mode: Changed: 8/19/2022 12:53:13 PM, Old:Excitation, New:Emission
Excitation Wavelength Changed: 8/19/2022 12:53:13 PM, Old: 240.00, New: 340.00
Emission Wavelength Changed: 8/19/2022 12:53:13 PM, Old: 415.00, New: 350.00
Stop Wavelength Changed: 8/19/2022 12:53:13 PM, Old: 400.00, New: 600.00
Zero Mode Changed: 8/19/2022 12:53:15 PM, Old:ON, New:Reading
Zero Mode Changed: 8/19/2022 12:53:15 PM, Old:Reading, New:ON
Zero Mode Changed: 8/19/2022 12:54:45 PM, Old:ON, New:Reading
Zero Mode Changed: 8/19/2022 12:54:46 PM, Old:Reading, New:ON
Zero Mode Changed: 8/19/2022 12:54:49 PM, Old:ON, New:Reading
Zero Mode Changed: 8/19/2022 12:54:49 PM, Old:Reading, New:ON
Scan Control Changed: 8/19/2022 12:54:51 PM, Old:Medium, New:Slow
Ave. time (s): Changed: 8/19/2022 12:54:51 PM, Old:0.10000, New:0.50000
Zero Mode Changed: 8/19/2022 12:54:55 PM, Old:ON, New:Reading
Zero Mode Changed: 8/19/2022 12:54:56 PM, Old:Reading, New:ON
Scan mode: Changed: 8/19/2022 12:57:28 PM, Old:Emission, New:Excitation
Excitation Wavelength Changed: 8/19/2022 12:57:28 PM, Old: 340.00, New: 240.00
Emission Wavelength Changed: 8/19/2022 12:57:28 PM, Old: 350.00, New: 420.00
Stop Wavelength Changed: 8/19/2022 12:57:28 PM, Old: 600.00, New: 410.00
Zero Mode Changed: 8/19/2022 12:57:31 PM, Old:ON, New:Reading
Zero Mode Changed: 8/19/2022 12:57:31 PM, Old:Reading, New:ON
Scan mode: Changed: 8/19/2022 12:59:36 PM, Old:Excitation, New:Emission
Excitation Wavelength Changed: 8/19/2022 12:59:36 PM, Old: 240.00, New: 295.00
Emission Wavelength Changed: 8/19/2022 12:59:36 PM, Old: 420.00, New: 305.00
Stop Wavelength Changed: 8/19/2022 12:59:36 PM, Old: 410.00, New: 550.00
Scan Control Changed: 8/19/2022 12:59:41 PM, Old:Slow, New:Medium
Ave. time (s): Changed: 8/19/2022 12:59:41 PM, Old:0.50000, New:0.10000
Zero Mode Changed: 8/19/2022 12:59:44 PM, Old:ON, New:Reading
Zero Mode Changed: 8/19/2022 12:59:44 PM, Old:Reading, New:ON
Scan mode: Changed: 8/19/2022 1:00:36 PM, Old:Emission, New:Excitation
Excitation Wavelength Changed: 8/19/2022 1:00:36 PM, Old: 295.00, New: 240.00
Emission Wavelength Changed: 8/19/2022 1:00:36 PM, Old: 305.00, New: 350.00
Stop Wavelength Changed: 8/19/2022 1:00:36 PM, Old: 550.00, New: 340.00
Zero Mode Changed: 8/19/2022 1:00:45 PM, Old:ON, New:Reading
Zero Mode Changed: 8/19/2022 1:00:45 PM, Old:Reading, New:ON
Zero Mode Changed: 8/19/2022 1:01:25 PM, Old:ON, New:Reading
Zero Mode Changed: 8/19/2022 1:01:25 PM, Old:Reading, New:ON
Emission Wavelength Changed: 8/19/2022 1:04:06 PM, Old: 350.00, New: 420.00
Stop Wavelength Changed: 8/19/2022 1:04:06 PM, Old: 340.00, New: 410.00
Zero Mode Changed: 8/19/2022 1:04:08 PM, Old:ON, New:Reading
Zero Mode Changed: 8/19/2022 1:04:08 PM, Old:Reading, New:ON
Scan mode: Changed: 8/19/2022 1:04:55 PM, Old:Excitation, New:Emission
Excitation Wavelength Changed: 8/19/2022 1:04:55 PM, Old: 240.00, New: 330.00
Emission Wavelength Changed: 8/19/2022 1:04:55 PM, Old: 420.00, New: 340.00
Stop Wavelength Changed: 8/19/2022 1:04:55 PM, Old: 410.00, New: 600.00
Zero Mode Changed: 8/19/2022 1:04:56 PM, Old:ON, New:Reading
Zero Mode Changed: 8/19/2022 1:04:57 PM, Old:Reading, New:ON
Scan mode: Changed: 8/19/2022 1:06:34 PM, Old:Emission, New:Excitation
User Delta Stop Changed: 8/19/2022 1:06:34 PM, Old: 450.00, New: 470.00
User Delta Increment Changed: 8/19/2022 1:06:34 PM, Old:  10.00, New:   0.15
Excitation Wavelength Changed: 8/19/2022 1:06:34 PM, Old: 330.00, New: 240.00
Emission Wavelength Changed: 8/19/2022 1:06:34 PM, Old: 340.00, New: 470.00
Stop Wavelength Changed: 8/19/2022 1:06:34 PM, Old: 600.00, New: 460.00
Zero Mode Changed: 8/19/2022 1:06:37 PM, Old:ON, New:Reading
Zero Mode Changed: 8/19/2022 1:06:37 PM, Old:Reading, New:ON
Scan mode: Changed: 8/19/2022 1:07:26 PM, Old:Excitation, New:Emission
Excitation Wavelength Changed: 8/19/2022 1:07:26 PM, Old: 240.00, New: 355.00
Emission Wavelength Changed: 8/19/2022 1:07:26 PM, Old: 470.00, New: 365.00
Stop Wavelength Changed: 8/19/2022 1:07:26 PM, Old: 460.00, New: 600.00
Zero Mode Changed: 8/19/2022 1:07:27 PM, Old:ON, New:Reading
Zero Mode Changed: 8/19/2022 1:07:27 PM, Old:Reading, New:ON
Scan mode: Changed: 8/19/2022 1:08:25 PM, Old:Emission, New:Excitation
User Delta Stop Changed: 8/19/2022 1:08:25 PM, Old: 470.00, New: 520.00
Excitation Wavelength Changed: 8/19/2022 1:08:25 PM, Old: 355.00, New: 270.00
Emission Wavelength Changed: 8/19/2022 1:08:25 PM, Old: 365.00, New: 520.00
Stop Wavelength Changed: 8/19/2022 1:08:25 PM, Old: 600.00, New: 510.00
Zero Mode Changed: 8/19/2022 1:08:29 PM, Old:ON, New:Reading
Zero Mode Changed: 8/19/2022 1:08:29 PM, Old:Reading, New:ON
Scan mode: Changed: 8/19/2022 1:09:40 PM, Old:Excitation, New:Emission
Excitation Wavelength Changed: 8/19/2022 1:09:40 PM, Old: 270.00, New: 345.00
Emission Wavelength Changed: 8/19/2022 1:09:40 PM, Old: 520.00, New: 355.00
Stop Wavelength Changed: 8/19/2022 1:09:40 PM, Old: 510.00, New: 600.00
Zero Mode Changed: 8/19/2022 1:09:42 PM, Old:ON, New:Reading
Zero Mode Changed: 8/19/2022 1:09:43 PM, Old:Reading, New:ON
Scan Control Changed: 8/19/2022 1:12:27 PM, Old:Medium, New:Slow
Ave. time (s): Changed: 8/19/2022 1:12:27 PM, Old:0.10000, New:0.50000
Zero Mode Changed: 8/19/2022 1:12:29 PM, Old:ON, New:Reading
Zero Mode Changed: 8/19/2022 1:12:30 PM, Old:Reading, New:ON
Scan mode: Changed: 8/19/2022 1:15:37 PM, Old:Emission, New:Excitation
Excitation Wavelength Changed: 8/19/2022 1:15:37 PM, Old: 345.00, New: 240.00
Emission Wavelength Changed: 8/19/2022 1:15:37 PM, Old: 355.00, New: 455.00
Stop Wavelength Changed: 8/19/2022 1:15:37 PM, Old: 600.00, New: 445.00
Zero Mode Changed: 8/19/2022 1:15:40 PM, Old:ON, New:Reading
Zero Mode Changed: 8/19/2022 1:15:41 PM, Old:Reading, New:ON
Scan mode: Changed: 8/19/2022 1:19:58 PM, Old:Excitation, New:Emission
Scan Control Changed: 8/19/2022 1:19:58 PM, Old:Slow, New:Medium
Ave. time (s): Changed: 8/19/2022 1:19:58 PM, Old:0.50000, New:0.10000
Excitation Wavelength Changed: 8/19/2022 1:19:58 PM, Old: 240.00, New: 295.00
Emission Wavelength Changed: 8/19/2022 1:19:58 PM, Old: 455.00, New: 305.00
Stop Wavelength Changed: 8/19/2022 1:19:58 PM, Old: 445.00, New: 550.00
Zero Mode Changed: 8/19/2022 1:20:00 PM, Old:ON, New:Reading
Zero Mode Changed: 8/19/2022 1:20:00 PM, Old:Reading, New:ON
Scan mode: Changed: 8/19/2022 12:22:27 PM, Old:Emission, New:Excitation
Excitation Wavelength Changed: 8/19/2022 12:22:27 PM, Old: 295.00, New: 240.00
Emission Wavelength Changed: 8/19/2022 12:22:27 PM, Old: 305.00, New: 350.00
Stop Wavelength Changed: 8/19/2022 12:22:27 PM, Old: 550.00, New: 340.00
Zero Mode Changed: 8/19/2022 12:22:31 PM, Old:ON, New:Reading
Zero Mode Changed: 8/19/2022 12:22:31 PM, Old:Reading, New:ON
Emission Wavelength Changed: 8/19/2022 12:35:02 PM, Old: 350.00, New: 420.00
Stop Wavelength Changed: 8/19/2022 12:35:02 PM, Old: 340.00, New: 410.00
Zero Mode Changed: 8/19/2022 12:35:04 PM, Old:ON, New:Reading
Zero Mode Changed: 8/19/2022 12:35:05 PM, Old:Reading, New:ON
Scan mode: Changed: 8/19/2022 12:36:08 PM, Old:Excitation, New:Emission
Excitation Wavelength Changed: 8/19/2022 12:36:08 PM, Old: 240.00, New: 360.00
Emission Wavelength Changed: 8/19/2022 12:36:08 PM, Old: 420.00, New: 370.00
Stop Wavelength Changed: 8/19/2022 12:36:08 PM, Old: 410.00, New: 700.00
Zero Mode Changed: 8/19/2022 12:36:09 PM, Old:ON, New:Reading
Zero Mode Changed: 8/19/2022 12:36:10 PM, Old:Reading, New:ON
Scan mode: Changed: 8/19/2022 12:37:08 PM, Old:Emission, New:Excitation
Excitation Wavelength Changed: 8/19/2022 12:37:08 PM, Old: 360.00, New: 240.00
Emission Wavelength Changed: 8/19/2022 12:37:08 PM, Old: 370.00, New: 440.00
Stop Wavelength Changed: 8/19/2022 12:37:08 PM, Old: 700.00, New: 430.00
Zero Mode Changed: 8/19/2022 12:37:11 PM, Old:ON, New:Reading
Zero Mode Changed: 8/19/2022 12:37:11 PM, Old:Reading, New:ON
Scan mode: Changed: 8/19/2022 12:38:01 PM, Old:Excitation, New:Emission
Excitation Wavelength Changed: 8/19/2022 12:38:01 PM, Old: 240.00, New: 365.00
Emission Wavelength Changed: 8/19/2022 12:38:01 PM, Old: 440.00, New: 375.00
Stop Wavelength Changed: 8/19/2022 12:38:01 PM, Old: 430.00, New: 700.00
Zero Mode Changed: 8/19/2022 12:38:03 PM, Old:ON, New:Reading
Zero Mode Changed: 8/19/2022 12:38:04 PM, Old:Reading, New:ON
Excitation Wavelength Changed: 8/19/2022 12:38:57 PM, Old: 365.00, New: 370.00
Emission Wavelength Changed: 8/19/2022 12:38:57 PM, Old: 375.00, New: 380.00
Zero Mode Changed: 8/19/2022 12:38:58 PM, Old:ON, New:Reading
Zero Mode Changed: 8/19/2022 12:38:59 PM, Old:Reading, New:ON
Scan mode: Changed: 8/19/2022 12:40:00 PM, Old:Emission, New:Excitation
Excitation Wavelength Changed: 8/19/2022 12:40:00 PM, Old: 370.00, New: 240.00
Emission Wavelength Changed: 8/19/2022 12:40:00 PM, Old: 380.00, New: 512.00
Stop Wavelength Changed: 8/19/2022 12:40:00 PM, Old: 700.00, New: 500.00
Zero Mode Changed: 8/19/2022 12:40:03 PM, Old:ON, New:Reading
Zero Mode Changed: 8/19/2022 12:40:04 PM, Old:Reading, New:ON
Scan mode: Changed: 8/19/2022 12:40:57 PM, Old:Excitation, New:Emission
Excitation Wavelength Changed: 8/19/2022 12:40:57 PM, Old: 240.00, New: 400.00
Emission Wavelength Changed: 8/19/2022 12:40:57 PM, Old: 512.00, New: 410.00
Stop Wavelength Changed: 8/19/2022 12:40:57 PM, Old: 500.00, New: 700.00
Zero Mode Changed: 8/19/2022 12:40:59 PM, Old:ON, New:Reading
Zero Mode Changed: 8/19/2022 12:41:00 PM, Old:Reading, New:ON
Scan mode: Changed: 8/19/2022 12:41:45 PM, Old:Emission, New:Excitation
Excitation Wavelength Changed: 8/19/2022 12:41:45 PM, Old: 400.00, New: 240.00
Emission Wavelength Changed: 8/19/2022 12:41:45 PM, Old: 410.00, New: 515.00
Stop Wavelength Changed: 8/19/2022 12:41:45 PM, Old: 700.00, New: 505.00
Zero Mode Changed: 8/19/2022 12:41:48 PM, Old:ON, New:Reading
Zero Mode Changed: 8/19/2022 12:41:49 PM, Old:Reading, New:ON
Emission Wavelength Changed: 8/19/2022 12:42:40 PM, Old: 515.00, New: 435.00
Stop Wavelength Changed: 8/19/2022 12:42:40 PM, Old: 505.00, New: 425.00
Zero Mode Changed: 8/19/2022 12:42:43 PM, Old:ON, New:Reading
Zero Mode Changed: 8/19/2022 12:42:43 PM, Old:Reading, New:ON
Scan mode: Changed: 8/19/2022 12:43:33 PM, Old:Excitation, New:Emission
Excitation Wavelength Changed: 8/19/2022 12:43:33 PM, Old: 240.00, New: 295.00
Emission Wavelength Changed: 8/19/2022 12:43:33 PM, Old: 435.00, New: 305.00
Stop Wavelength Changed: 8/19/2022 12:43:33 PM, Old: 425.00, New: 550.00
Zero Mode Changed: 8/19/2022 12:43:35 PM, Old:ON, New:Reading
Zero Mode Changed: 8/19/2022 12:43:35 PM, Old:Reading, New:ON
Scan mode: Changed: 8/19/2022 12:44:33 PM, Old:Emission, New:Excitation
Excitation Wavelength Changed: 8/19/2022 12:44:33 PM, Old: 295.00, New: 240.00
Emission Wavelength Changed: 8/19/2022 12:44:33 PM, Old: 305.00, New: 400.00
Stop Wavelength Changed: 8/19/2022 12:44:33 PM, Old: 550.00, New: 390.00
Zero Mode Changed: 8/19/2022 12:44:36 PM, Old:ON, New:Reading
Zero Mode Changed: 8/19/2022 12:44:37 PM, Old:Reading, New:ON
Scan mode: Changed: 8/19/2022 12:45:20 PM, Old:Excitation, New:Emission
Excitation Wavelength Changed: 8/19/2022 12:45:20 PM, Old: 240.00, New: 340.00
Emission Wavelength Changed: 8/19/2022 12:45:20 PM, Old: 400.00, New: 350.00
Stop Wavelength Changed: 8/19/2022 12:45:20 PM, Old: 390.00, New: 650.00
Zero Mode Changed: 8/19/2022 12:45:22 PM, Old:ON, New:Reading
Zero Mode Changed: 8/19/2022 12:45:22 PM, Old:Reading, New:ON
Scan mode: Changed: 8/19/2022 12:46:17 PM, Old:Emission, New:Excitation
Excitation Wavelength Changed: 8/19/2022 12:46:17 PM, Old: 340.00, New: 240.00
Emission Wavelength Changed: 8/19/2022 12:46:17 PM, Old: 350.00, New: 425.00
Stop Wavelength Changed: 8/19/2022 12:46:17 PM, Old: 650.00, New: 415.00
Zero Mode Changed: 8/19/2022 12:46:20 PM, Old:ON, New:Reading
Zero Mode Changed: 8/19/2022 12:46:21 PM, Old:Reading, New:ON
Scan mode: Changed: 8/19/2022 12:47:03 PM, Old:Excitation, New:Emission
Excitation Wavelength Changed: 8/19/2022 12:47:03 PM, Old: 240.00, New: 385.00
Emission Wavelength Changed: 8/19/2022 12:47:03 PM, Old: 425.00, New: 395.00
Stop Wavelength Changed: 8/19/2022 12:47:03 PM, Old: 415.00, New: 700.00
Zero Mode Changed: 8/19/2022 12:47:05 PM, Old:ON, New:Reading
Zero Mode Changed: 8/19/2022 12:47:05 PM, Old:Reading, New:ON
Excitation Wavelength Changed: 8/19/2022 12:47:56 PM, Old: 385.00, New: 365.00
Emission Wavelength Changed: 8/19/2022 12:47:56 PM, Old: 395.00, New: 375.00
Zero Mode Changed: 8/19/2022 12:47:59 PM, Old:ON, New:Reading
Zero Mode Changed: 8/19/2022 12:47:59 PM, Old:Reading, New:ON
3-D Mode Changed: 8/19/2022 12:50:41 PM, Old:OFF, New:ON
User Delta Stop Changed: 8/19/2022 12:50:41 PM, Old: 520.00, New: 400.00
User Delta Increment Changed: 8/19/2022 12:50:41 PM, Old:   0.15, New:   5.00
Excitation Wavelength Changed: 8/19/2022 12:50:41 PM, Old: 365.00, New: 330.00
Emission Wavelength Changed: 8/19/2022 12:50:41 PM, Old: 375.00, New: 410.00
Zero Mode Changed: 8/19/2022 12:50:43 PM, Old:ON, New:Reading
Zero Mode Changed: 8/19/2022 12:50:43 PM, Old:Reading, New:ON
Excitation Wavelength Changed: 8/19/2022 12:51:25 PM, Old: 330.00, New: 335.00
Excitation Wavelength Changed: 8/19/2022 12:51:55 PM, Old: 335.00, New: 340.00
Excitation Wavelength Changed: 8/19/2022 12:52:25 PM, Old: 340.00, New: 345.00
Excitation Wavelength Changed: 8/19/2022 12:52:55 PM, Old: 345.00, New: 350.00
Excitation Wavelength Changed: 8/19/2022 12:53:25 PM, Old: 350.00, New: 355.00
Excitation Wavelength Changed: 8/19/2022 12:53:55 PM, Old: 355.00, New: 360.00
Excitation Wavelength Changed: 8/19/2022 12:54:26 PM, Old: 360.00, New: 365.00
Excitation Wavelength Changed: 8/19/2022 12:54:56 PM, Old: 365.00, New: 370.00
Excitation Wavelength Changed: 8/19/2022 12:55:26 PM, Old: 370.00, New: 375.00
Excitation Wavelength Changed: 8/19/2022 12:55:56 PM, Old: 375.00, New: 380.00
Excitation Wavelength Changed: 8/19/2022 12:56:26 PM, Old: 380.00, New: 385.00
Excitation Wavelength Changed: 8/19/2022 12:56:56 PM, Old: 385.00, New: 390.00
Excitation Wavelength Changed: 8/19/2022 12:57:27 PM, Old: 390.00, New: 395.00
Excitation Wavelength Changed: 8/19/2022 12:57:57 PM, Old: 395.00, New: 400.00
Excitation Wavelength Changed: 8/19/2022 12:58:27 PM, Old: 400.00, New: 330.00
Excitation Wavelength Changed: 8/19/2022 1:09:07 PM, Old: 330.00, New: 295.00
Emission Wavelength Changed: 8/19/2022 1:09:07 PM, Old: 410.00, New: 305.00
Stop Wavelength Changed: 8/19/2022 1:09:07 PM, Old: 700.00, New: 550.00
Zero Mode Changed: 8/19/2022 1:09:08 PM, Old:ON, New:Reading
Zero Mode Changed: 8/19/2022 1:09:08 PM, Old:Reading, New:ON
Excitation Wavelength Changed: 8/19/2022 1:09:59 PM, Old: 295.00, New: 300.00
Excitation Wavelength Changed: 8/19/2022 1:10:08 PM, Old: 300.00, New: 305.00
3-D Mode Changed: 8/19/2022 1:10:15 PM, Old:ON, New:OFF
Excitation Wavelength Changed: 8/19/2022 1:10:15 PM, Old: 305.00, New: 295.00
Zero Mode Changed: 8/19/2022 1:10:16 PM, Old:ON, New:Reading
Zero Mode Changed: 8/19/2022 1:10:17 PM, Old:Reading, New:ON
Scan mode: Changed: 8/19/2022 1:10:57 PM, Old:Emission, New:Excitation
User Delta Increment Changed: 8/19/2022 1:10:57 PM, Old:   5.00, New:   0.15
Excitation Wavelength Changed: 8/19/2022 1:10:57 PM, Old: 295.00, New: 240.00
Emission Wavelength Changed: 8/19/2022 1:10:57 PM, Old: 305.00, New: 400.00
Stop Wavelength Changed: 8/19/2022 1:10:57 PM, Old: 550.00, New: 390.00
Zero Mode Changed: 8/19/2022 1:11:03 PM, Old:ON, New:Reading
Zero Mode Changed: 8/19/2022 1:11:03 PM, Old:Reading, New:ON
Scan mode: Changed: 8/19/2022 1:11:48 PM, Old:Excitation, New:Emission
Excitation Wavelength Changed: 8/19/2022 1:11:48 PM, Old: 240.00, New: 330.00
Emission Wavelength Changed: 8/19/2022 1:11:48 PM, Old: 400.00, New: 340.00
Stop Wavelength Changed: 8/19/2022 1:11:48 PM, Old: 390.00, New: 600.00
Zero Mode Changed: 8/19/2022 1:11:50 PM, Old:ON, New:Reading
Zero Mode Changed: 8/19/2022 1:11:51 PM, Old:Reading, New:ON
Scan mode: Changed: 8/19/2022 1:12:42 PM, Old:Emission, New:Excitation
Excitation Wavelength Changed: 8/19/2022 1:12:42 PM, Old: 330.00, New: 220.00
Emission Wavelength Changed: 8/19/2022 1:12:42 PM, Old: 340.00, New: 400.00
Stop Wavelength Changed: 8/19/2022 1:12:42 PM, Old: 600.00, New: 390.00
Zero Mode Changed: 8/19/2022 1:12:45 PM, Old:ON, New:Reading
Zero Mode Changed: 8/19/2022 1:12:46 PM, Old:Reading, New:ON
Excitation Wavelength Changed: 8/19/2022 1:13:19 PM, Old: 220.00, New: 290.00
Zero Mode Changed: 8/19/2022 1:13:21 PM, Old:ON, New:Reading
Zero Mode Changed: 8/19/2022 1:13:21 PM, Old:Reading, New:ON
Scan mode: Changed: 8/19/2022 1:14:02 PM, Old:Excitation, New:Emission
Excitation Wavelength Changed: 8/19/2022 1:14:02 PM, Old: 290.00, New: 260.00
Emission Wavelength Changed: 8/19/2022 1:14:02 PM, Old: 400.00, New: 270.00
Stop Wavelength Changed: 8/19/2022 1:14:02 PM, Old: 390.00, New: 500.00
Zero Mode Changed: 8/19/2022 1:14:05 PM, Old:ON, New:Reading
Zero Mode Changed: 8/19/2022 1:14:05 PM, Old:Reading, New:ON
3-D Mode Changed: 8/19/2022 1:15:52 PM, Old:OFF, New:ON
User Delta Stop Changed: 8/19/2022 1:15:52 PM, Old: 400.00, New: 330.00
User Delta Increment Changed: 8/19/2022 1:15:52 PM, Old:   0.15, New:   5.00
Emission Wavelength Changed: 8/19/2022 1:15:52 PM, Old: 270.00, New: 340.00
Zero Mode Changed: 8/19/2022 1:15:53 PM, Old:ON, New:Reading
Zero Mode Changed: 8/19/2022 1:15:53 PM, Old:Reading, New:ON
Excitation Wavelength Changed: 8/19/2022 1:16:21 PM, Old: 260.00, New: 265.00
Excitation Wavelength Changed: 8/19/2022 1:16:38 PM, Old: 265.00, New: 270.00
Excitation Wavelength Changed: 8/19/2022 1:16:55 PM, Old: 270.00, New: 275.00
Excitation Wavelength Changed: 8/19/2022 1:17:12 PM, Old: 275.00, New: 280.00
Excitation Wavelength Changed: 8/19/2022 1:17:29 PM, Old: 280.00, New: 285.00
Excitation Wavelength Changed: 8/19/2022 1:17:46 PM, Old: 285.00, New: 290.00
Excitation Wavelength Changed: 8/19/2022 1:18:03 PM, Old: 290.00, New: 295.00
Excitation Wavelength Changed: 8/19/2022 1:18:19 PM, Old: 295.00, New: 300.00
Excitation Wavelength Changed: 8/19/2022 1:18:36 PM, Old: 300.00, New: 305.00
Excitation Wavelength Changed: 8/19/2022 1:18:53 PM, Old: 305.00, New: 310.00
Excitation Wavelength Changed: 8/19/2022 1:18:56 PM, Old: 310.00, New: 315.00
Excitation Wavelength Changed: 8/19/2022 12:21:52 PM, Old: 315.00, New: 295.00
Emission Wavelength Changed: 8/19/2022 12:21:52 PM, Old: 340.00, New: 305.00
Stop Wavelength Changed: 8/19/2022 12:21:52 PM, Old: 500.00, New: 550.00
Zero Mode Changed: 8/19/2022 12:21:54 PM, Old:ON, New:Reading
Zero Mode Changed: 8/19/2022 12:21:54 PM, Old:Reading, New:ON
3-D Mode Changed: 8/19/2022 12:22:09 PM, Old:ON, New:OFF
Zero Mode Changed: 8/19/2022 12:22:11 PM, Old:ON, New:Reading
Zero Mode Changed: 8/19/2022 12:22:11 PM, Old:Reading, New:ON
Scan mode: Changed: 8/19/2022 12:23:09 PM, Old:Emission, New:Excitation
User Delta Stop Changed: 8/19/2022 12:23:09 PM, Old: 330.00, New: 370.00
User Delta Increment Changed: 8/19/2022 12:23:09 PM, Old:   5.00, New:   0.15
Excitation Wavelength Changed: 8/19/2022 12:23:09 PM, Old: 295.00, New: 240.00
Emission Wavelength Changed: 8/19/2022 12:23:09 PM, Old: 305.00, New: 370.00
Stop Wavelength Changed: 8/19/2022 12:23:09 PM, Old: 550.00, New: 360.00
Zero Mode Changed: 8/19/2022 12:23:12 PM, Old:ON, New:Reading
Zero Mode Changed: 8/19/2022 12:23:12 PM, Old:Reading, New:ON
Scan mode: Changed: 8/19/2022 12:23:53 PM, Old:Excitation, New:Emission
Excitation Wavelength Changed: 8/19/2022 12:23:53 PM, Old: 240.00, New: 320.00
Emission Wavelength Changed: 8/19/2022 12:23:53 PM, Old: 370.00, New: 330.00
Stop Wavelength Changed: 8/19/2022 12:23:53 PM, Old: 360.00, New: 650.00
Zero Mode Changed: 8/19/2022 12:23:56 PM, Old:ON, New:Reading
Zero Mode Changed: 8/19/2022 12:23:56 PM, Old:Reading, New:ON
Scan mode: Changed: 8/19/2022 12:25:02 PM, Old:Emission, New:Excitation
User Delta Stop Changed: 8/19/2022 12:25:02 PM, Old: 370.00, New: 520.00
Excitation Wavelength Changed: 8/19/2022 12:25:02 PM, Old: 320.00, New: 270.00
Emission Wavelength Changed: 8/19/2022 12:25:02 PM, Old: 330.00, New: 520.00
Stop Wavelength Changed: 8/19/2022 12:25:02 PM, Old: 650.00, New: 510.00
Zero Mode Changed: 8/19/2022 12:25:06 PM, Old:ON, New:Reading
Zero Mode Changed: 8/19/2022 12:25:06 PM, Old:Reading, New:ON
Scan mode: Changed: 8/19/2022 12:26:34 PM, Old:Excitation, New:Emission
Excitation Wavelength Changed: 8/19/2022 12:26:34 PM, Old: 270.00, New: 380.00
Emission Wavelength Changed: 8/19/2022 12:26:34 PM, Old: 520.00, New: 390.00
Stop Wavelength Changed: 8/19/2022 12:26:34 PM, Old: 510.00, New: 700.00
Zero Mode Changed: 8/19/2022 12:26:36 PM, Old:ON, New:Reading
Zero Mode Changed: 8/19/2022 12:26:36 PM, Old:Reading, New:ON
Scan mode: Changed: 8/19/2022 12:27:28 PM, Old:Emission, New:Excitation
Excitation Wavelength Changed: 8/19/2022 12:27:28 PM, Old: 380.00, New: 240.00
Emission Wavelength Changed: 8/19/2022 12:27:28 PM, Old: 390.00, New: 395.00
Stop Wavelength Changed: 8/19/2022 12:27:28 PM, Old: 700.00, New: 385.00
Zero Mode Changed: 8/19/2022 12:27:32 PM, Old:ON, New:Reading
Zero Mode Changed: 8/19/2022 12:27:32 PM, Old:Reading, New:ON
Emission Wavelength Changed: 8/19/2022 12:27:46 PM, Old: 395.00, New: 390.00
Stop Wavelength Changed: 8/19/2022 12:27:46 PM, Old: 385.00, New: 380.00
Zero Mode Changed: 8/19/2022 12:27:47 PM, Old:ON, New:Reading
Zero Mode Changed: 8/19/2022 12:27:47 PM, Old:Reading, New:ON
Scan mode: Changed: 8/19/2022 12:28:31 PM, Old:Excitation, New:Emission
Excitation Wavelength Changed: 8/19/2022 12:28:31 PM, Old: 240.00, New: 330.00
Emission Wavelength Changed: 8/19/2022 12:28:31 PM, Old: 390.00, New: 340.00
Stop Wavelength Changed: 8/19/2022 12:28:31 PM, Old: 380.00, New: 700.00
Zero Mode Changed: 8/19/2022 12:28:32 PM, Old:ON, New:Reading
Zero Mode Changed: 8/19/2022 12:28:33 PM, Old:Reading, New:ON
Scan mode: Changed: 8/19/2022 12:29:35 PM, Old:Emission, New:Excitation
Excitation Wavelength Changed: 8/19/2022 12:29:35 PM, Old: 330.00, New: 240.00
Emission Wavelength Changed: 8/19/2022 12:29:35 PM, Old: 340.00, New: 405.00
Stop Wavelength Changed: 8/19/2022 12:29:35 PM, Old: 700.00, New: 395.00
Zero Mode Changed: 8/19/2022 12:29:38 PM, Old:ON, New:Reading
Zero Mode Changed: 8/19/2022 12:29:38 PM, Old:Reading, New:ON
Scan mode: Changed: 8/19/2022 12:30:37 PM, Old:Excitation, New:Emission
Excitation Wavelength Changed: 8/19/2022 12:30:37 PM, Old: 240.00, New: 335.00
Emission Wavelength Changed: 8/19/2022 12:30:37 PM, Old: 405.00, New: 345.00
Stop Wavelength Changed: 8/19/2022 12:30:37 PM, Old: 395.00, New: 650.00
Zero Mode Changed: 8/19/2022 12:30:39 PM, Old:ON, New:Reading
Zero Mode Changed: 8/19/2022 12:30:39 PM, Old:Reading, New:ON
Scan mode: Changed: 8/19/2022 12:31:30 PM, Old:Emission, New:Excitation
Excitation Wavelength Changed: 8/19/2022 12:31:30 PM, Old: 335.00, New: 240.00
Emission Wavelength Changed: 8/19/2022 12:31:30 PM, Old: 345.00, New: 410.00
Stop Wavelength Changed: 8/19/2022 12:31:30 PM, Old: 650.00, New: 400.00
Zero Mode Changed: 8/19/2022 12:31:33 PM, Old:ON, New:Reading
Zero Mode Changed: 8/19/2022 12:31:34 PM, Old:Reading, New:ON
Emission Wavelength Changed: 8/19/2022 12:32:09 PM, Old: 410.00, New: 420.00
Stop Wavelength Changed: 8/19/2022 12:32:09 PM, Old: 400.00, New: 410.00
Zero Mode Changed: 8/19/2022 12:32:11 PM, Old:ON, New:Reading
Zero Mode Changed: 8/19/2022 12:32:12 PM, Old:Reading, New:ON
Emission Wavelength Changed: 8/19/2022 12:32:51 PM, Old: 420.00, New: 415.00
Stop Wavelength Changed: 8/19/2022 12:32:51 PM, Old: 410.00, New: 405.00
Zero Mode Changed: 8/19/2022 12:32:56 PM, Old:ON, New:Reading
Zero Mode Changed: 8/19/2022 12:32:56 PM, Old:Reading, New:ON
3-D Mode Changed: 8/19/2022 12:36:08 PM, Old:OFF, New:ON
User Delta Stop Changed: 8/19/2022 12:36:08 PM, Old: 520.00, New: 430.00
Emission Wavelength Changed: 8/19/2022 12:36:08 PM, Old: 415.00, New: 400.00
Stop Wavelength Changed: 8/19/2022 12:36:08 PM, Old: 405.00, New: 390.00
Zero Mode Changed: 8/19/2022 12:36:20 PM, Old:ON, New:Reading
Zero Mode Changed: 8/19/2022 12:36:20 PM, Old:Reading, New:ON
Emission Wavelength Changed: 8/19/2022 12:37:00 PM, Old: 400.00, New: 400.15
Emission Wavelength Changed: 8/19/2022 12:37:20 PM, Old: 400.15, New: 400.30
Emission Wavelength Changed: 8/19/2022 12:37:26 PM, Old: 400.30, New: 400.45
Scan mode: Changed: 8/19/2022 12:38:08 PM, Old:Excitation, New:Emission
3-D Mode Changed: 8/19/2022 12:38:08 PM, Old:ON, New:OFF
User Delta Increment Changed: 8/19/2022 12:38:08 PM, Old:   0.15, New:   5.00
Excitation Wavelength Changed: 8/19/2022 12:38:08 PM, Old: 240.00, New: 295.00
Emission Wavelength Changed: 8/19/2022 12:38:08 PM, Old: 400.45, New: 305.00
Stop Wavelength Changed: 8/19/2022 12:38:08 PM, Old: 390.00, New: 550.00
Zero Mode Changed: 8/19/2022 12:38:09 PM, Old:ON, New:Reading
Zero Mode Changed: 8/19/2022 12:38:10 PM, Old:Reading, New:ON
Ex. Slit Width (nm): Changed: 8/19/2022 12:39:13 PM, Old:5, New:10
Excitation Wavelength Changed: 8/19/2022 12:39:13 PM, Old: 295.00, New: 340.00
Emission Wavelength Changed: 8/19/2022 12:39:13 PM, Old: 305.00, New: 350.00
Stop Wavelength Changed: 8/19/2022 12:39:13 PM, Old: 550.00, New: 650.00
Zero Mode Changed: 8/19/2022 12:39:13 PM, Old:ON, New:OFF
Zero Mode Changed: 8/19/2022 12:39:15 PM, Old:OFF, New:Reading
Zero Mode Changed: 8/19/2022 12:39:15 PM, Old:Reading, New:ON
Scan mode: Changed: 8/19/2022 12:40:17 PM, Old:Emission, New:Excitation
User Delta Stop Changed: 8/19/2022 12:40:17 PM, Old: 430.00, New: 530.00
User Delta Increment Changed: 8/19/2022 12:40:17 PM, Old:   5.00, New:   0.15
Excitation Wavelength Changed: 8/19/2022 12:40:17 PM, Old: 340.00, New: 240.00
Emission Wavelength Changed: 8/19/2022 12:40:17 PM, Old: 350.00, New: 530.00
Stop Wavelength Changed: 8/19/2022 12:40:17 PM, Old: 650.00, New: 520.00
Zero Mode Changed: 8/19/2022 12:40:20 PM, Old:ON, New:Reading
Zero Mode Changed: 8/19/2022 12:40:21 PM, Old:Reading, New:ON
Scan mode: Changed: 8/19/2022 12:41:51 PM, Old:Excitation, New:Emission
Ex. Slit Width (nm): Changed: 8/19/2022 12:41:51 PM, Old:10, New:5
Excitation Wavelength Changed: 8/19/2022 12:41:51 PM, Old: 240.00, New: 455.00
Emission Wavelength Changed: 8/19/2022 12:41:51 PM, Old: 530.00, New: 465.00
Stop Wavelength Changed: 8/19/2022 12:41:51 PM, Old: 520.00, New: 700.00
Zero Mode Changed: 8/19/2022 12:41:51 PM, Old:ON, New:OFF
Zero Mode Changed: 8/19/2022 12:41:53 PM, Old:OFF, New:Reading
Zero Mode Changed: 8/19/2022 12:41:54 PM, Old:Reading, New:ON
Scan mode: Changed: 8/19/2022 12:42:51 PM, Old:Emission, New:Excitation
Excitation Wavelength Changed: 8/19/2022 12:42:51 PM, Old: 455.00, New: 290.00
Emission Wavelength Changed: 8/19/2022 12:42:51 PM, Old: 465.00, New: 530.00
Stop Wavelength Changed: 8/19/2022 12:42:51 PM, Old: 700.00, New: 520.00
Zero Mode Changed: 8/19/2022 12:42:54 PM, Old:ON, New:Reading
Zero Mode Changed: 8/19/2022 12:42:54 PM, Old:Reading, New:ON
Scan mode: Changed: 8/19/2022 12:44:03 PM, Old:Excitation, New:Emission
Excitation Wavelength Changed: 8/19/2022 12:44:03 PM, Old: 290.00, New: 420.00
Emission Wavelength Changed: 8/19/2022 12:44:03 PM, Old: 530.00, New: 430.00
Stop Wavelength Changed: 8/19/2022 12:44:03 PM, Old: 520.00, New: 700.00
Zero Mode Changed: 8/19/2022 12:44:05 PM, Old:ON, New:Reading
Zero Mode Changed: 8/19/2022 12:44:05 PM, Old:Reading, New:ON
Excitation Wavelength Changed: 8/19/2022 12:44:53 PM, Old: 420.00, New: 330.00
Emission Wavelength Changed: 8/19/2022 12:44:53 PM, Old: 430.00, New: 340.00
Stop Wavelength Changed: 8/19/2022 12:44:53 PM, Old: 700.00, New: 650.00
Zero Mode Changed: 8/19/2022 12:44:56 PM, Old:ON, New:Reading
Zero Mode Changed: 8/19/2022 12:44:56 PM, Old:Reading, New:ON
Scan mode: Changed: 8/19/2022 12:45:51 PM, Old:Emission, New:Excitation
Excitation Wavelength Changed: 8/19/2022 12:45:51 PM, Old: 330.00, New: 240.00
Emission Wavelength Changed: 8/19/2022 12:45:51 PM, Old: 340.00, New: 420.00
Stop Wavelength Changed: 8/19/2022 12:45:51 PM, Old: 650.00, New: 410.00
Zero Mode Changed: 8/19/2022 12:45:54 PM, Old:ON, New:Reading
Zero Mode Changed: 8/19/2022 12:45:55 PM, Old:Reading, New:ON
Scan mode: Changed: 8/19/2022 12:46:45 PM, Old:Excitation, New:Emission
Excitation Wavelength Changed: 8/19/2022 12:46:45 PM, Old: 240.00, New: 355.00
Emission Wavelength Changed: 8/19/2022 12:46:45 PM, Old: 420.00, New: 365.00
Stop Wavelength Changed: 8/19/2022 12:46:45 PM, Old: 410.00, New: 700.00
Zero Mode Changed: 8/19/2022 12:46:47 PM, Old:ON, New:Reading
Zero Mode Changed: 8/19/2022 12:46:47 PM, Old:Reading, New:ON
End Method Modifications

CdSe 180sec em455,
CdSe 180sec em455
Collection Time: 8/19/2022 12:47:51 PM
Operator Name  :
Scan Software Version: 1.1(132)
Parameter List :
Instrument                        Cary Eclipse
Instrument Serial Number          E08013467
Data mode                         Fluorescence
Scan mode                         Excitation
X Mode                            Wavelength (nm)
Start (nm)                        240.00
Stop (nm)                         445.00
Em. Wavelength (nm)               455.00
Ex. Slit (nm)                     5
Em. Slit (nm)                     5
Scan rate (nm/min)                600.00
Data interval (nm)                1.0000
Averaging Time (s)                0.1000
Excitation filter                 Auto
Emission filter                   Open
PMT voltage (V)                   Medium
Corrected spectra                 OFF
Method Log     :
Method Name    : Default
Date/Time stamp: 8/19/2022 12:23:28 PM
Method Modifications:
Overlayed Graphs Changed: 8/19/2022 12:24:53 PM, Old:OFF, New:ON
Y max Changed: 8/19/2022 12:24:53 PM, Old:  1000.0000, New:   300.0000
Excitation Wavelength Changed: 8/19/2022 12:27:20 PM, Old: 350.00, New: 300.00
Emission Wavelength Changed: 8/19/2022 12:27:20 PM, Old: 400.00, New: 310.00
Stop Wavelength Changed: 8/19/2022 12:27:20 PM, Old: 600.00, New: 500.00
Zero Mode Changed: 8/19/2022 12:27:22 PM, Old:OFF, New:Reading
Zero Mode Changed: 8/19/2022 12:27:22 PM, Old:Reading, New:ON
Scan mode: Changed: 8/19/2022 12:28:28 PM, Old:Emission, New:Excitation
Excitation Wavelength Changed: 8/19/2022 12:28:28 PM, Old: 300.00, New: 240.00
Emission Wavelength Changed: 8/19/2022 12:28:28 PM, Old: 310.00, New: 400.00
Stop Wavelength Changed: 8/19/2022 12:28:28 PM, Old: 500.00, New: 390.00
Zero Mode Changed: 8/19/2022 12:28:31 PM, Old:ON, New:Reading
Zero Mode Changed: 8/19/2022 12:28:31 PM, Old:Reading, New:ON
Scan mode: Changed: 8/19/2022 12:29:17 PM, Old:Excitation, New:Emission
Excitation Wavelength Changed: 8/19/2022 12:29:17 PM, Old: 240.00, New: 330.00
Emission Wavelength Changed: 8/19/2022 12:29:17 PM, Old: 400.00, New: 340.00
Stop Wavelength Changed: 8/19/2022 12:29:17 PM, Old: 390.00, New: 500.00
Zero Mode Changed: 8/19/2022 12:29:19 PM, Old:ON, New:Reading
Zero Mode Changed: 8/19/2022 12:29:19 PM, Old:Reading, New:ON
Scan mode: Changed: 8/19/2022 12:30:02 PM, Old:Emission, New:Excitation
Excitation Wavelength Changed: 8/19/2022 12:30:02 PM, Old: 330.00, New: 240.00
Emission Wavelength Changed: 8/19/2022 12:30:02 PM, Old: 340.00, New: 410.00
Stop Wavelength Changed: 8/19/2022 12:30:02 PM, Old: 500.00, New: 400.00
Zero Mode Changed: 8/19/2022 12:30:08 PM, Old:ON, New:Reading
Zero Mode Changed: 8/19/2022 12:30:08 PM, Old:Reading, New:ON
Scan mode: Changed: 8/19/2022 12:30:53 PM, Old:Excitation, New:Emission
Excitation Wavelength Changed: 8/19/2022 12:30:53 PM, Old: 240.00, New: 335.00
Emission Wavelength Changed: 8/19/2022 12:30:53 PM, Old: 410.00, New: 345.00
Stop Wavelength Changed: 8/19/2022 12:30:53 PM, Old: 400.00, New: 600.00
Zero Mode Changed: 8/19/2022 12:30:55 PM, Old:ON, New:Reading
Zero Mode Changed: 8/19/2022 12:30:55 PM, Old:Reading, New:ON
Zero Mode Changed: 8/19/2022 12:34:51 PM, Old:ON, New:Reading
Zero Mode Changed: 8/19/2022 12:34:51 PM, Old:Reading, New:ON
Scan mode: Changed: 8/19/2022 12:35:39 PM, Old:Emission, New:Excitation
Excitation Wavelength Changed: 8/19/2022 12:35:39 PM, Old: 335.00, New: 240.00
Emission Wavelength Changed: 8/19/2022 12:35:39 PM, Old: 345.00, New: 410.00
Stop Wavelength Changed: 8/19/2022 12:35:39 PM, Old: 600.00, New: 400.00
Zero Mode Changed: 8/19/2022 12:35:42 PM, Old:ON, New:Reading
Zero Mode Changed: 8/19/2022 12:35:43 PM, Old:Reading, New:ON
Scan mode: Changed: 8/19/2022 12:36:52 PM, Old:Excitation, New:Emission
Excitation Wavelength Changed: 8/19/2022 12:36:52 PM, Old: 240.00, New: 300.00
Emission Wavelength Changed: 8/19/2022 12:36:52 PM, Old: 410.00, New: 310.00
Stop Wavelength Changed: 8/19/2022 12:36:52 PM, Old: 400.00, New: 600.00
Zero Mode Changed: 8/19/2022 12:36:54 PM, Old:ON, New:Reading
Zero Mode Changed: 8/19/2022 12:36:54 PM, Old:Reading, New:ON
Scan mode: Changed: 8/19/2022 12:37:46 PM, Old:Emission, New:Excitation
Excitation Wavelength Changed: 8/19/2022 12:37:46 PM, Old: 300.00, New: 240.00
Emission Wavelength Changed: 8/19/2022 12:37:46 PM, Old: 310.00, New: 350.00
Stop Wavelength Changed: 8/19/2022 12:37:46 PM, Old: 600.00, New: 340.00
Zero Mode Changed: 8/19/2022 12:37:49 PM, Old:ON, New:Reading
Zero Mode Changed: 8/19/2022 12:37:49 PM, Old:Reading, New:ON
Scan mode: Changed: 8/19/2022 12:38:28 PM, Old:Excitation, New:Emission
Excitation Wavelength Changed: 8/19/2022 12:38:28 PM, Old: 240.00, New: 295.00
Emission Wavelength Changed: 8/19/2022 12:38:28 PM, Old: 350.00, New: 305.00
Stop Wavelength Changed: 8/19/2022 12:38:28 PM, Old: 340.00, New: 550.00
Zero Mode Changed: 8/19/2022 12:38:31 PM, Old:ON, New:Reading
Zero Mode Changed: 8/19/2022 12:38:31 PM, Old:Reading, New:ON
Scan Control Changed: 8/19/2022 12:39:12 PM, Old:Medium, New:Slow
Ave. time (s): Changed: 8/19/2022 12:39:12 PM, Old:0.10000, New:0.50000
Zero Mode Changed: 8/19/2022 12:39:14 PM, Old:ON, New:Reading
Zero Mode Changed: 8/19/2022 12:39:14 PM, Old:Reading, New:ON
Excitation Wavelength Changed: 8/19/2022 12:41:46 PM, Old: 295.00, New: 335.00
Emission Wavelength Changed: 8/19/2022 12:41:46 PM, Old: 305.00, New: 345.00
Stop Wavelength Changed: 8/19/2022 12:41:46 PM, Old: 550.00, New: 600.00
Zero Mode Changed: 8/19/2022 12:41:49 PM, Old:ON, New:Reading
Zero Mode Changed: 8/19/2022 12:41:50 PM, Old:Reading, New:ON
Scan mode: Changed: 8/19/2022 12:46:36 PM, Old:Emission, New:Excitation
Excitation Wavelength Changed: 8/19/2022 12:46:36 PM, Old: 335.00, New: 240.00
Emission Wavelength Changed: 8/19/2022 12:46:36 PM, Old: 345.00, New: 410.00
Stop Wavelength Changed: 8/19/2022 12:46:36 PM, Old: 600.00, New: 400.00
Zero Mode Changed: 8/19/2022 12:46:39 PM, Old:ON, New:Reading
Zero Mode Changed: 8/19/2022 12:46:40 PM, Old:Reading, New:ON
Scan Control Changed: 8/19/2022 12:50:26 PM, Old:Slow, New:Medium
Ave. time (s): Changed: 8/19/2022 12:50:26 PM, Old:0.50000, New:0.10000
Zero Mode Changed: 8/19/2022 12:50:27 PM, Old:ON, New:Reading
Zero Mode Changed: 8/19/2022 12:50:27 PM, Old:Reading, New:ON
Scan mode: Changed: 8/19/2022 12:51:32 PM, Old:Excitation, New:Emission
Excitation Wavelength Changed: 8/19/2022 12:51:32 PM, Old: 240.00, New: 337.00
Emission Wavelength Changed: 8/19/2022 12:51:32 PM, Old: 410.00, New: 347.00
Stop Wavelength Changed: 8/19/2022 12:51:32 PM, Old: 400.00, New: 600.00
Zero Mode Changed: 8/19/2022 12:51:34 PM, Old:ON, New:Reading
Zero Mode Changed: 8/19/2022 12:51:35 PM, Old:Reading, New:ON
Scan mode: Changed: 8/19/2022 12:52:30 PM, Old:Emission, New:Excitation
Excitation Wavelength Changed: 8/19/2022 12:52:30 PM, Old: 337.00, New: 240.00
Emission Wavelength Changed: 8/19/2022 12:52:30 PM, Old: 347.00, New: 415.00
Stop Wavelength Changed: 8/19/2022 12:52:30 PM, Old: 600.00, New: 400.00
Zero Mode Changed: 8/19/2022 12:52:33 PM, Old:ON, New:Reading
Zero Mode Changed: 8/19/2022 12:52:33 PM, Old:Reading, New:ON
Scan mode: Changed: 8/19/2022 12:53:13 PM, Old:Excitation, New:Emission
Excitation Wavelength Changed: 8/19/2022 12:53:13 PM, Old: 240.00, New: 340.00
Emission Wavelength Changed: 8/19/2022 12:53:13 PM, Old: 415.00, New: 350.00
Stop Wavelength Changed: 8/19/2022 12:53:13 PM, Old: 400.00, New: 600.00
Zero Mode Changed: 8/19/2022 12:53:15 PM, Old:ON, New:Reading
Zero Mode Changed: 8/19/2022 12:53:15 PM, Old:Reading, New:ON
Zero Mode Changed: 8/19/2022 12:54:45 PM, Old:ON, New:Reading
Zero Mode Changed: 8/19/2022 12:54:46 PM, Old:Reading, New:ON
Zero Mode Changed: 8/19/2022 12:54:49 PM, Old:ON, New:Reading
Zero Mode Changed: 8/19/2022 12:54:49 PM, Old:Reading, New:ON
Scan Control Changed: 8/19/2022 12:54:51 PM, Old:Medium, New:Slow
Ave. time (s): Changed: 8/19/2022 12:54:51 PM, Old:0.10000, New:0.50000
Zero Mode Changed: 8/19/2022 12:54:55 PM, Old:ON, New:Reading
Zero Mode Changed: 8/19/2022 12:54:56 PM, Old:Reading, New:ON
Scan mode: Changed: 8/19/2022 12:57:28 PM, Old:Emission, New:Excitation
Excitation Wavelength Changed: 8/19/2022 12:57:28 PM, Old: 340.00, New: 240.00
Emission Wavelength Changed: 8/19/2022 12:57:28 PM, Old: 350.00, New: 420.00
Stop Wavelength Changed: 8/19/2022 12:57:28 PM, Old: 600.00, New: 410.00
Zero Mode Changed: 8/19/2022 12:57:31 PM, Old:ON, New:Reading
Zero Mode Changed: 8/19/2022 12:57:31 PM, Old:Reading, New:ON
Scan mode: Changed: 8/19/2022 12:59:36 PM, Old:Excitation, New:Emission
Excitation Wavelength Changed: 8/19/2022 12:59:36 PM, Old: 240.00, New: 295.00
Emission Wavelength Changed: 8/19/2022 12:59:36 PM, Old: 420.00, New: 305.00
Stop Wavelength Changed: 8/19/2022 12:59:36 PM, Old: 410.00, New: 550.00
Scan Control Changed: 8/19/2022 12:59:41 PM, Old:Slow, New:Medium
Ave. time (s): Changed: 8/19/2022 12:59:41 PM, Old:0.50000, New:0.10000
Zero Mode Changed: 8/19/2022 12:59:44 PM, Old:ON, New:Reading
Zero Mode Changed: 8/19/2022 12:59:44 PM, Old:Reading, New:ON
Scan mode: Changed: 8/19/2022 1:00:36 PM, Old:Emission, New:Excitation
Excitation Wavelength Changed: 8/19/2022 1:00:36 PM, Old: 295.00, New: 240.00
Emission Wavelength Changed: 8/19/2022 1:00:36 PM, Old: 305.00, New: 350.00
Stop Wavelength Changed: 8/19/2022 1:00:36 PM, Old: 550.00, New: 340.00
Zero Mode Changed: 8/19/2022 1:00:45 PM, Old:ON, New:Reading
Zero Mode Changed: 8/19/2022 1:00:45 PM, Old:Reading, New:ON
Zero Mode Changed: 8/19/2022 1:01:25 PM, Old:ON, New:Reading
Zero Mode Changed: 8/19/2022 1:01:25 PM, Old:Reading, New:ON
Emission Wavelength Changed: 8/19/2022 1:04:06 PM, Old: 350.00, New: 420.00
Stop Wavelength Changed: 8/19/2022 1:04:06 PM, Old: 340.00, New: 410.00
Zero Mode Changed: 8/19/2022 1:04:08 PM, Old:ON, New:Reading
Zero Mode Changed: 8/19/2022 1:04:08 PM, Old:Reading, New:ON
Scan mode: Changed: 8/19/2022 1:04:55 PM, Old:Excitation, New:Emission
Excitation Wavelength Changed: 8/19/2022 1:04:55 PM, Old: 240.00, New: 330.00
Emission Wavelength Changed: 8/19/2022 1:04:55 PM, Old: 420.00, New: 340.00
Stop Wavelength Changed: 8/19/2022 1:04:55 PM, Old: 410.00, New: 600.00
Zero Mode Changed: 8/19/2022 1:04:56 PM, Old:ON, New:Reading
Zero Mode Changed: 8/19/2022 1:04:57 PM, Old:Reading, New:ON
Scan mode: Changed: 8/19/2022 1:06:34 PM, Old:Emission, New:Excitation
User Delta Stop Changed: 8/19/2022 1:06:34 PM, Old: 450.00, New: 470.00
User Delta Increment Changed: 8/19/2022 1:06:34 PM, Old:  10.00, New:   0.15
Excitation Wavelength Changed: 8/19/2022 1:06:34 PM, Old: 330.00, New: 240.00
Emission Wavelength Changed: 8/19/2022 1:06:34 PM, Old: 340.00, New: 470.00
Stop Wavelength Changed: 8/19/2022 1:06:34 PM, Old: 600.00, New: 460.00
Zero Mode Changed: 8/19/2022 1:06:37 PM, Old:ON, New:Reading
Zero Mode Changed: 8/19/2022 1:06:37 PM, Old:Reading, New:ON
Scan mode: Changed: 8/19/2022 1:07:26 PM, Old:Excitation, New:Emission
Excitation Wavelength Changed: 8/19/2022 1:07:26 PM, Old: 240.00, New: 355.00
Emission Wavelength Changed: 8/19/2022 1:07:26 PM, Old: 470.00, New: 365.00
Stop Wavelength Changed: 8/19/2022 1:07:26 PM, Old: 460.00, New: 600.00
Zero Mode Changed: 8/19/2022 1:07:27 PM, Old:ON, New:Reading
Zero Mode Changed: 8/19/2022 1:07:27 PM, Old:Reading, New:ON
Scan mode: Changed: 8/19/2022 1:08:25 PM, Old:Emission, New:Excitation
User Delta Stop Changed: 8/19/2022 1:08:25 PM, Old: 470.00, New: 520.00
Excitation Wavelength Changed: 8/19/2022 1:08:25 PM, Old: 355.00, New: 270.00
Emission Wavelength Changed: 8/19/2022 1:08:25 PM, Old: 365.00, New: 520.00
Stop Wavelength Changed: 8/19/2022 1:08:25 PM, Old: 600.00, New: 510.00
Zero Mode Changed: 8/19/2022 1:08:29 PM, Old:ON, New:Reading
Zero Mode Changed: 8/19/2022 1:08:29 PM, Old:Reading, New:ON
Scan mode: Changed: 8/19/2022 1:09:40 PM, Old:Excitation, New:Emission
Excitation Wavelength Changed: 8/19/2022 1:09:40 PM, Old: 270.00, New: 345.00
Emission Wavelength Changed: 8/19/2022 1:09:40 PM, Old: 520.00, New: 355.00
Stop Wavelength Changed: 8/19/2022 1:09:40 PM, Old: 510.00, New: 600.00
Zero Mode Changed: 8/19/2022 1:09:42 PM, Old:ON, New:Reading
Zero Mode Changed: 8/19/2022 1:09:43 PM, Old:Reading, New:ON
Scan Control Changed: 8/19/2022 1:12:27 PM, Old:Medium, New:Slow
Ave. time (s): Changed: 8/19/2022 1:12:27 PM, Old:0.10000, New:0.50000
Zero Mode Changed: 8/19/2022 1:12:29 PM, Old:ON, New:Reading
Zero Mode Changed: 8/19/2022 1:12:30 PM, Old:Reading, New:ON
Scan mode: Changed: 8/19/2022 1:15:37 PM, Old:Emission, New:Excitation
Excitation Wavelength Changed: 8/19/2022 1:15:37 PM, Old: 345.00, New: 240.00
Emission Wavelength Changed: 8/19/2022 1:15:37 PM, Old: 355.00, New: 455.00
Stop Wavelength Changed: 8/19/2022 1:15:37 PM, Old: 600.00, New: 445.00
Zero Mode Changed: 8/19/2022 1:15:40 PM, Old:ON, New:Reading
Zero Mode Changed: 8/19/2022 1:15:41 PM, Old:Reading, New:ON
Scan mode: Changed: 8/19/2022 1:19:58 PM, Old:Excitation, New:Emission
Scan Control Changed: 8/19/2022 1:19:58 PM, Old:Slow, New:Medium
Ave. time (s): Changed: 8/19/2022 1:19:58 PM, Old:0.50000, New:0.10000
Excitation Wavelength Changed: 8/19/2022 1:19:58 PM, Old: 240.00, New: 295.00
Emission Wavelength Changed: 8/19/2022 1:19:58 PM, Old: 455.00, New: 305.00
Stop Wavelength Changed: 8/19/2022 1:19:58 PM, Old: 445.00, New: 550.00
Zero Mode Changed: 8/19/2022 1:20:00 PM, Old:ON, New:Reading
Zero Mode Changed: 8/19/2022 1:20:00 PM, Old:Reading, New:ON
Scan mode: Changed: 8/19/2022 12:22:27 PM, Old:Emission, New:Excitation
Excitation Wavelength Changed: 8/19/2022 12:22:27 PM, Old: 295.00, New: 240.00
Emission Wavelength Changed: 8/19/2022 12:22:27 PM, Old: 305.00, New: 350.00
Stop Wavelength Changed: 8/19/2022 12:22:27 PM, Old: 550.00, New: 340.00
Zero Mode Changed: 8/19/2022 12:22:31 PM, Old:ON, New:Reading
Zero Mode Changed: 8/19/2022 12:22:31 PM, Old:Reading, New:ON
Emission Wavelength Changed: 8/19/2022 12:35:02 PM, Old: 350.00, New: 420.00
Stop Wavelength Changed: 8/19/2022 12:35:02 PM, Old: 340.00, New: 410.00
Zero Mode Changed: 8/19/2022 12:35:04 PM, Old:ON, New:Reading
Zero Mode Changed: 8/19/2022 12:35:05 PM, Old:Reading, New:ON
Scan mode: Changed: 8/19/2022 12:36:08 PM, Old:Excitation, New:Emission
Excitation Wavelength Changed: 8/19/2022 12:36:08 PM, Old: 240.00, New: 360.00
Emission Wavelength Changed: 8/19/2022 12:36:08 PM, Old: 420.00, New: 370.00
Stop Wavelength Changed: 8/19/2022 12:36:08 PM, Old: 410.00, New: 700.00
Zero Mode Changed: 8/19/2022 12:36:09 PM, Old:ON, New:Reading
Zero Mode Changed: 8/19/2022 12:36:10 PM, Old:Reading, New:ON
Scan mode: Changed: 8/19/2022 12:37:08 PM, Old:Emission, New:Excitation
Excitation Wavelength Changed: 8/19/2022 12:37:08 PM, Old: 360.00, New: 240.00
Emission Wavelength Changed: 8/19/2022 12:37:08 PM, Old: 370.00, New: 440.00
Stop Wavelength Changed: 8/19/2022 12:37:08 PM, Old: 700.00, New: 430.00
Zero Mode Changed: 8/19/2022 12:37:11 PM, Old:ON, New:Reading
Zero Mode Changed: 8/19/2022 12:37:11 PM, Old:Reading, New:ON
Scan mode: Changed: 8/19/2022 12:38:01 PM, Old:Excitation, New:Emission
Excitation Wavelength Changed: 8/19/2022 12:38:01 PM, Old: 240.00, New: 365.00
Emission Wavelength Changed: 8/19/2022 12:38:01 PM, Old: 440.00, New: 375.00
Stop Wavelength Changed: 8/19/2022 12:38:01 PM, Old: 430.00, New: 700.00
Zero Mode Changed: 8/19/2022 12:38:03 PM, Old:ON, New:Reading
Zero Mode Changed: 8/19/2022 12:38:04 PM, Old:Reading, New:ON
Excitation Wavelength Changed: 8/19/2022 12:38:57 PM, Old: 365.00, New: 370.00
Emission Wavelength Changed: 8/19/2022 12:38:57 PM, Old: 375.00, New: 380.00
Zero Mode Changed: 8/19/2022 12:38:58 PM, Old:ON, New:Reading
Zero Mode Changed: 8/19/2022 12:38:59 PM, Old:Reading, New:ON
Scan mode: Changed: 8/19/2022 12:40:00 PM, Old:Emission, New:Excitation
Excitation Wavelength Changed: 8/19/2022 12:40:00 PM, Old: 370.00, New: 240.00
Emission Wavelength Changed: 8/19/2022 12:40:00 PM, Old: 380.00, New: 512.00
Stop Wavelength Changed: 8/19/2022 12:40:00 PM, Old: 700.00, New: 500.00
Zero Mode Changed: 8/19/2022 12:40:03 PM, Old:ON, New:Reading
Zero Mode Changed: 8/19/2022 12:40:04 PM, Old:Reading, New:ON
Scan mode: Changed: 8/19/2022 12:40:57 PM, Old:Excitation, New:Emission
Excitation Wavelength Changed: 8/19/2022 12:40:57 PM, Old: 240.00, New: 400.00
Emission Wavelength Changed: 8/19/2022 12:40:57 PM, Old: 512.00, New: 410.00
Stop Wavelength Changed: 8/19/2022 12:40:57 PM, Old: 500.00, New: 700.00
Zero Mode Changed: 8/19/2022 12:40:59 PM, Old:ON, New:Reading
Zero Mode Changed: 8/19/2022 12:41:00 PM, Old:Reading, New:ON
Scan mode: Changed: 8/19/2022 12:41:45 PM, Old:Emission, New:Excitation
Excitation Wavelength Changed: 8/19/2022 12:41:45 PM, Old: 400.00, New: 240.00
Emission Wavelength Changed: 8/19/2022 12:41:45 PM, Old: 410.00, New: 515.00
Stop Wavelength Changed: 8/19/2022 12:41:45 PM, Old: 700.00, New: 505.00
Zero Mode Changed: 8/19/2022 12:41:48 PM, Old:ON, New:Reading
Zero Mode Changed: 8/19/2022 12:41:49 PM, Old:Reading, New:ON
Emission Wavelength Changed: 8/19/2022 12:42:40 PM, Old: 515.00, New: 435.00
Stop Wavelength Changed: 8/19/2022 12:42:40 PM, Old: 505.00, New: 425.00
Zero Mode Changed: 8/19/2022 12:42:43 PM, Old:ON, New:Reading
Zero Mode Changed: 8/19/2022 12:42:43 PM, Old:Reading, New:ON
Scan mode: Changed: 8/19/2022 12:43:33 PM, Old:Excitation, New:Emission
Excitation Wavelength Changed: 8/19/2022 12:43:33 PM, Old: 240.00, New: 295.00
Emission Wavelength Changed: 8/19/2022 12:43:33 PM, Old: 435.00, New: 305.00
Stop Wavelength Changed: 8/19/2022 12:43:33 PM, Old: 425.00, New: 550.00
Zero Mode Changed: 8/19/2022 12:43:35 PM, Old:ON, New:Reading
Zero Mode Changed: 8/19/2022 12:43:35 PM, Old:Reading, New:ON
Scan mode: Changed: 8/19/2022 12:44:33 PM, Old:Emission, New:Excitation
Excitation Wavelength Changed: 8/19/2022 12:44:33 PM, Old: 295.00, New: 240.00
Emission Wavelength Changed: 8/19/2022 12:44:33 PM, Old: 305.00, New: 400.00
Stop Wavelength Changed: 8/19/2022 12:44:33 PM, Old: 550.00, New: 390.00
Zero Mode Changed: 8/19/2022 12:44:36 PM, Old:ON, New:Reading
Zero Mode Changed: 8/19/2022 12:44:37 PM, Old:Reading, New:ON
Scan mode: Changed: 8/19/2022 12:45:20 PM, Old:Excitation, New:Emission
Excitation Wavelength Changed: 8/19/2022 12:45:20 PM, Old: 240.00, New: 340.00
Emission Wavelength Changed: 8/19/2022 12:45:20 PM, Old: 400.00, New: 350.00
Stop Wavelength Changed: 8/19/2022 12:45:20 PM, Old: 390.00, New: 650.00
Zero Mode Changed: 8/19/2022 12:45:22 PM, Old:ON, New:Reading
Zero Mode Changed: 8/19/2022 12:45:22 PM, Old:Reading, New:ON
Scan mode: Changed: 8/19/2022 12:46:17 PM, Old:Emission, New:Excitation
Excitation Wavelength Changed: 8/19/2022 12:46:17 PM, Old: 340.00, New: 240.00
Emission Wavelength Changed: 8/19/2022 12:46:17 PM, Old: 350.00, New: 425.00
Stop Wavelength Changed: 8/19/2022 12:46:17 PM, Old: 650.00, New: 415.00
Zero Mode Changed: 8/19/2022 12:46:20 PM, Old:ON, New:Reading
Zero Mode Changed: 8/19/2022 12:46:21 PM, Old:Reading, New:ON
Scan mode: Changed: 8/19/2022 12:47:03 PM, Old:Excitation, New:Emission
Excitation Wavelength Changed: 8/19/2022 12:47:03 PM, Old: 240.00, New: 385.00
Emission Wavelength Changed: 8/19/2022 12:47:03 PM, Old: 425.00, New: 395.00
Stop Wavelength Changed: 8/19/2022 12:47:03 PM, Old: 415.00, New: 700.00
Zero Mode Changed: 8/19/2022 12:47:05 PM, Old:ON, New:Reading
Zero Mode Changed: 8/19/2022 12:47:05 PM, Old:Reading, New:ON
Excitation Wavelength Changed: 8/19/2022 12:47:56 PM, Old: 385.00, New: 365.00
Emission Wavelength Changed: 8/19/2022 12:47:56 PM, Old: 395.00, New: 375.00
Zero Mode Changed: 8/19/2022 12:47:59 PM, Old:ON, New:Reading
Zero Mode Changed: 8/19/2022 12:47:59 PM, Old:Reading, New:ON
3-D Mode Changed: 8/19/2022 12:50:41 PM, Old:OFF, New:ON
User Delta Stop Changed: 8/19/2022 12:50:41 PM, Old: 520.00, New: 400.00
User Delta Increment Changed: 8/19/2022 12:50:41 PM, Old:   0.15, New:   5.00
Excitation Wavelength Changed: 8/19/2022 12:50:41 PM, Old: 365.00, New: 330.00
Emission Wavelength Changed: 8/19/2022 12:50:41 PM, Old: 375.00, New: 410.00
Zero Mode Changed: 8/19/2022 12:50:43 PM, Old:ON, New:Reading
Zero Mode Changed: 8/19/2022 12:50:43 PM, Old:Reading, New:ON
Excitation Wavelength Changed: 8/19/2022 12:51:25 PM, Old: 330.00, New: 335.00
Excitation Wavelength Changed: 8/19/2022 12:51:55 PM, Old: 335.00, New: 340.00
Excitation Wavelength Changed: 8/19/2022 12:52:25 PM, Old: 340.00, New: 345.00
Excitation Wavelength Changed: 8/19/2022 12:52:55 PM, Old: 345.00, New: 350.00
Excitation Wavelength Changed: 8/19/2022 12:53:25 PM, Old: 350.00, New: 355.00
Excitation Wavelength Changed: 8/19/2022 12:53:55 PM, Old: 355.00, New: 360.00
Excitation Wavelength Changed: 8/19/2022 12:54:26 PM, Old: 360.00, New: 365.00
Excitation Wavelength Changed: 8/19/2022 12:54:56 PM, Old: 365.00, New: 370.00
Excitation Wavelength Changed: 8/19/2022 12:55:26 PM, Old: 370.00, New: 375.00
Excitation Wavelength Changed: 8/19/2022 12:55:56 PM, Old: 375.00, New: 380.00
Excitation Wavelength Changed: 8/19/2022 12:56:26 PM, Old: 380.00, New: 385.00
Excitation Wavelength Changed: 8/19/2022 12:56:56 PM, Old: 385.00, New: 390.00
Excitation Wavelength Changed: 8/19/2022 12:57:27 PM, Old: 390.00, New: 395.00
Excitation Wavelength Changed: 8/19/2022 12:57:57 PM, Old: 395.00, New: 400.00
Excitation Wavelength Changed: 8/19/2022 12:58:27 PM, Old: 400.00, New: 330.00
Excitation Wavelength Changed: 8/19/2022 1:09:07 PM, Old: 330.00, New: 295.00
Emission Wavelength Changed: 8/19/2022 1:09:07 PM, Old: 410.00, New: 305.00
Stop Wavelength Changed: 8/19/2022 1:09:07 PM, Old: 700.00, New: 550.00
Zero Mode Changed: 8/19/2022 1:09:08 PM, Old:ON, New:Reading
Zero Mode Changed: 8/19/2022 1:09:08 PM, Old:Reading, New:ON
Excitation Wavelength Changed: 8/19/2022 1:09:59 PM, Old: 295.00, New: 300.00
Excitation Wavelength Changed: 8/19/2022 1:10:08 PM, Old: 300.00, New: 305.00
3-D Mode Changed: 8/19/2022 1:10:15 PM, Old:ON, New:OFF
Excitation Wavelength Changed: 8/19/2022 1:10:15 PM, Old: 305.00, New: 295.00
Zero Mode Changed: 8/19/2022 1:10:16 PM, Old:ON, New:Reading
Zero Mode Changed: 8/19/2022 1:10:17 PM, Old:Reading, New:ON
Scan mode: Changed: 8/19/2022 1:10:57 PM, Old:Emission, New:Excitation
User Delta Increment Changed: 8/19/2022 1:10:57 PM, Old:   5.00, New:   0.15
Excitation Wavelength Changed: 8/19/2022 1:10:57 PM, Old: 295.00, New: 240.00
Emission Wavelength Changed: 8/19/2022 1:10:57 PM, Old: 305.00, New: 400.00
Stop Wavelength Changed: 8/19/2022 1:10:57 PM, Old: 550.00, New: 390.00
Zero Mode Changed: 8/19/2022 1:11:03 PM, Old:ON, New:Reading
Zero Mode Changed: 8/19/2022 1:11:03 PM, Old:Reading, New:ON
Scan mode: Changed: 8/19/2022 1:11:48 PM, Old:Excitation, New:Emission
Excitation Wavelength Changed: 8/19/2022 1:11:48 PM, Old: 240.00, New: 330.00
Emission Wavelength Changed: 8/19/2022 1:11:48 PM, Old: 400.00, New: 340.00
Stop Wavelength Changed: 8/19/2022 1:11:48 PM, Old: 390.00, New: 600.00
Zero Mode Changed: 8/19/2022 1:11:50 PM, Old:ON, New:Reading
Zero Mode Changed: 8/19/2022 1:11:51 PM, Old:Reading, New:ON
Scan mode: Changed: 8/19/2022 1:12:42 PM, Old:Emission, New:Excitation
Excitation Wavelength Changed: 8/19/2022 1:12:42 PM, Old: 330.00, New: 220.00
Emission Wavelength Changed: 8/19/2022 1:12:42 PM, Old: 340.00, New: 400.00
Stop Wavelength Changed: 8/19/2022 1:12:42 PM, Old: 600.00, New: 390.00
Zero Mode Changed: 8/19/2022 1:12:45 PM, Old:ON, New:Reading
Zero Mode Changed: 8/19/2022 1:12:46 PM, Old:Reading, New:ON
Excitation Wavelength Changed: 8/19/2022 1:13:19 PM, Old: 220.00, New: 290.00
Zero Mode Changed: 8/19/2022 1:13:21 PM, Old:ON, New:Reading
Zero Mode Changed: 8/19/2022 1:13:21 PM, Old:Reading, New:ON
Scan mode: Changed: 8/19/2022 1:14:02 PM, Old:Excitation, New:Emission
Excitation Wavelength Changed: 8/19/2022 1:14:02 PM, Old: 290.00, New: 260.00
Emission Wavelength Changed: 8/19/2022 1:14:02 PM, Old: 400.00, New: 270.00
Stop Wavelength Changed: 8/19/2022 1:14:02 PM, Old: 390.00, New: 500.00
Zero Mode Changed: 8/19/2022 1:14:05 PM, Old:ON, New:Reading
Zero Mode Changed: 8/19/2022 1:14:05 PM, Old:Reading, New:ON
3-D Mode Changed: 8/19/2022 1:15:52 PM, Old:OFF, New:ON
User Delta Stop Changed: 8/19/2022 1:15:52 PM, Old: 400.00, New: 330.00
User Delta Increment Changed: 8/19/2022 1:15:52 PM, Old:   0.15, New:   5.00
Emission Wavelength Changed: 8/19/2022 1:15:52 PM, Old: 270.00, New: 340.00
Zero Mode Changed: 8/19/2022 1:15:53 PM, Old:ON, New:Reading
Zero Mode Changed: 8/19/2022 1:15:53 PM, Old:Reading, New:ON
Excitation Wavelength Changed: 8/19/2022 1:16:21 PM, Old: 260.00, New: 265.00
Excitation Wavelength Changed: 8/19/2022 1:16:38 PM, Old: 265.00, New: 270.00
Excitation Wavelength Changed: 8/19/2022 1:16:55 PM, Old: 270.00, New: 275.00
Excitation Wavelength Changed: 8/19/2022 1:17:12 PM, Old: 275.00, New: 280.00
Excitation Wavelength Changed: 8/19/2022 1:17:29 PM, Old: 280.00, New: 285.00
Excitation Wavelength Changed: 8/19/2022 1:17:46 PM, Old: 285.00, New: 290.00
Excitation Wavelength Changed: 8/19/2022 1:18:03 PM, Old: 290.00, New: 295.00
Excitation Wavelength Changed: 8/19/2022 1:18:19 PM, Old: 295.00, New: 300.00
Excitation Wavelength Changed: 8/19/2022 1:18:36 PM, Old: 300.00, New: 305.00
Excitation Wavelength Changed: 8/19/2022 1:18:53 PM, Old: 305.00, New: 310.00
Excitation Wavelength Changed: 8/19/2022 1:18:56 PM, Old: 310.00, New: 315.00
Excitation Wavelength Changed: 8/19/2022 12:21:52 PM, Old: 315.00, New: 295.00
Emission Wavelength Changed: 8/19/2022 12:21:52 PM, Old: 340.00, New: 305.00
Stop Wavelength Changed: 8/19/2022 12:21:52 PM, Old: 500.00, New: 550.00
Zero Mode Changed: 8/19/2022 12:21:54 PM, Old:ON, New:Reading
Zero Mode Changed: 8/19/2022 12:21:54 PM, Old:Reading, New:ON
3-D Mode Changed: 8/19/2022 12:22:09 PM, Old:ON, New:OFF
Zero Mode Changed: 8/19/2022 12:22:11 PM, Old:ON, New:Reading
Zero Mode Changed: 8/19/2022 12:22:11 PM, Old:Reading, New:ON
Scan mode: Changed: 8/19/2022 12:23:09 PM, Old:Emission, New:Excitation
User Delta Stop Changed: 8/19/2022 12:23:09 PM, Old: 330.00, New: 370.00
User Delta Increment Changed: 8/19/2022 12:23:09 PM, Old:   5.00, New:   0.15
Excitation Wavelength Changed: 8/19/2022 12:23:09 PM, Old: 295.00, New: 240.00
Emission Wavelength Changed: 8/19/2022 12:23:09 PM, Old: 305.00, New: 370.00
Stop Wavelength Changed: 8/19/2022 12:23:09 PM, Old: 550.00, New: 360.00
Zero Mode Changed: 8/19/2022 12:23:12 PM, Old:ON, New:Reading
Zero Mode Changed: 8/19/2022 12:23:12 PM, Old:Reading, New:ON
Scan mode: Changed: 8/19/2022 12:23:53 PM, Old:Excitation, New:Emission
Excitation Wavelength Changed: 8/19/2022 12:23:53 PM, Old: 240.00, New: 320.00
Emission Wavelength Changed: 8/19/2022 12:23:53 PM, Old: 370.00, New: 330.00
Stop Wavelength Changed: 8/19/2022 12:23:53 PM, Old: 360.00, New: 650.00
Zero Mode Changed: 8/19/2022 12:23:56 PM, Old:ON, New:Reading
Zero Mode Changed: 8/19/2022 12:23:56 PM, Old:Reading, New:ON
Scan mode: Changed: 8/19/2022 12:25:02 PM, Old:Emission, New:Excitation
User Delta Stop Changed: 8/19/2022 12:25:02 PM, Old: 370.00, New: 520.00
Excitation Wavelength Changed: 8/19/2022 12:25:02 PM, Old: 320.00, New: 270.00
Emission Wavelength Changed: 8/19/2022 12:25:02 PM, Old: 330.00, New: 520.00
Stop Wavelength Changed: 8/19/2022 12:25:02 PM, Old: 650.00, New: 510.00
Zero Mode Changed: 8/19/2022 12:25:06 PM, Old:ON, New:Reading
Zero Mode Changed: 8/19/2022 12:25:06 PM, Old:Reading, New:ON
Scan mode: Changed: 8/19/2022 12:26:34 PM, Old:Excitation, New:Emission
Excitation Wavelength Changed: 8/19/2022 12:26:34 PM, Old: 270.00, New: 380.00
Emission Wavelength Changed: 8/19/2022 12:26:34 PM, Old: 520.00, New: 390.00
Stop Wavelength Changed: 8/19/2022 12:26:34 PM, Old: 510.00, New: 700.00
Zero Mode Changed: 8/19/2022 12:26:36 PM, Old:ON, New:Reading
Zero Mode Changed: 8/19/2022 12:26:36 PM, Old:Reading, New:ON
Scan mode: Changed: 8/19/2022 12:27:28 PM, Old:Emission, New:Excitation
Excitation Wavelength Changed: 8/19/2022 12:27:28 PM, Old: 380.00, New: 240.00
Emission Wavelength Changed: 8/19/2022 12:27:28 PM, Old: 390.00, New: 395.00
Stop Wavelength Changed: 8/19/2022 12:27:28 PM, Old: 700.00, New: 385.00
Zero Mode Changed: 8/19/2022 12:27:32 PM, Old:ON, New:Reading
Zero Mode Changed: 8/19/2022 12:27:32 PM, Old:Reading, New:ON
Emission Wavelength Changed: 8/19/2022 12:27:46 PM, Old: 395.00, New: 390.00
Stop Wavelength Changed: 8/19/2022 12:27:46 PM, Old: 385.00, New: 380.00
Zero Mode Changed: 8/19/2022 12:27:47 PM, Old:ON, New:Reading
Zero Mode Changed: 8/19/2022 12:27:47 PM, Old:Reading, New:ON
Scan mode: Changed: 8/19/2022 12:28:31 PM, Old:Excitation, New:Emission
Excitation Wavelength Changed: 8/19/2022 12:28:31 PM, Old: 240.00, New: 330.00
Emission Wavelength Changed: 8/19/2022 12:28:31 PM, Old: 390.00, New: 340.00
Stop Wavelength Changed: 8/19/2022 12:28:31 PM, Old: 380.00, New: 700.00
Zero Mode Changed: 8/19/2022 12:28:32 PM, Old:ON, New:Reading
Zero Mode Changed: 8/19/2022 12:28:33 PM, Old:Reading, New:ON
Scan mode: Changed: 8/19/2022 12:29:35 PM, Old:Emission, New:Excitation
Excitation Wavelength Changed: 8/19/2022 12:29:35 PM, Old: 330.00, New: 240.00
Emission Wavelength Changed: 8/19/2022 12:29:35 PM, Old: 340.00, New: 405.00
Stop Wavelength Changed: 8/19/2022 12:29:35 PM, Old: 700.00, New: 395.00
Zero Mode Changed: 8/19/2022 12:29:38 PM, Old:ON, New:Reading
Zero Mode Changed: 8/19/2022 12:29:38 PM, Old:Reading, New:ON
Scan mode: Changed: 8/19/2022 12:30:37 PM, Old:Excitation, New:Emission
Excitation Wavelength Changed: 8/19/2022 12:30:37 PM, Old: 240.00, New: 335.00
Emission Wavelength Changed: 8/19/2022 12:30:37 PM, Old: 405.00, New: 345.00
Stop Wavelength Changed: 8/19/2022 12:30:37 PM, Old: 395.00, New: 650.00
Zero Mode Changed: 8/19/2022 12:30:39 PM, Old:ON, New:Reading
Zero Mode Changed: 8/19/2022 12:30:39 PM, Old:Reading, New:ON
Scan mode: Changed: 8/19/2022 12:31:30 PM, Old:Emission, New:Excitation
Excitation Wavelength Changed: 8/19/2022 12:31:30 PM, Old: 335.00, New: 240.00
Emission Wavelength Changed: 8/19/2022 12:31:30 PM, Old: 345.00, New: 410.00
Stop Wavelength Changed: 8/19/2022 12:31:30 PM, Old: 650.00, New: 400.00
Zero Mode Changed: 8/19/2022 12:31:33 PM, Old:ON, New:Reading
Zero Mode Changed: 8/19/2022 12:31:34 PM, Old:Reading, New:ON
Emission Wavelength Changed: 8/19/2022 12:32:09 PM, Old: 410.00, New: 420.00
Stop Wavelength Changed: 8/19/2022 12:32:09 PM, Old: 400.00, New: 410.00
Zero Mode Changed: 8/19/2022 12:32:11 PM, Old:ON, New:Reading
Zero Mode Changed: 8/19/2022 12:32:12 PM, Old:Reading, New:ON
Emission Wavelength Changed: 8/19/2022 12:32:51 PM, Old: 420.00, New: 415.00
Stop Wavelength Changed: 8/19/2022 12:32:51 PM, Old: 410.00, New: 405.00
Zero Mode Changed: 8/19/2022 12:32:56 PM, Old:ON, New:Reading
Zero Mode Changed: 8/19/2022 12:32:56 PM, Old:Reading, New:ON
3-D Mode Changed: 8/19/2022 12:36:08 PM, Old:OFF, New:ON
User Delta Stop Changed: 8/19/2022 12:36:08 PM, Old: 520.00, New: 430.00
Emission Wavelength Changed: 8/19/2022 12:36:08 PM, Old: 415.00, New: 400.00
Stop Wavelength Changed: 8/19/2022 12:36:08 PM, Old: 405.00, New: 390.00
Zero Mode Changed: 8/19/2022 12:36:20 PM, Old:ON, New:Reading
Zero Mode Changed: 8/19/2022 12:36:20 PM, Old:Reading, New:ON
Emission Wavelength Changed: 8/19/2022 12:37:00 PM, Old: 400.00, New: 400.15
Emission Wavelength Changed: 8/19/2022 12:37:20 PM, Old: 400.15, New: 400.30
Emission Wavelength Changed: 8/19/2022 12:37:26 PM, Old: 400.30, New: 400.45
Scan mode: Changed: 8/19/2022 12:38:08 PM, Old:Excitation, New:Emission
3-D Mode Changed: 8/19/2022 12:38:08 PM, Old:ON, New:OFF
User Delta Increment Changed: 8/19/2022 12:38:08 PM, Old:   0.15, New:   5.00
Excitation Wavelength Changed: 8/19/2022 12:38:08 PM, Old: 240.00, New: 295.00
Emission Wavelength Changed: 8/19/2022 12:38:08 PM, Old: 400.45, New: 305.00
Stop Wavelength Changed: 8/19/2022 12:38:08 PM, Old: 390.00, New: 550.00
Zero Mode Changed: 8/19/2022 12:38:09 PM, Old:ON, New:Reading
Zero Mode Changed: 8/19/2022 12:38:10 PM, Old:Reading, New:ON
Ex. Slit Width (nm): Changed: 8/19/2022 12:39:13 PM, Old:5, New:10
Excitation Wavelength Changed: 8/19/2022 12:39:13 PM, Old: 295.00, New: 340.00
Emission Wavelength Changed: 8/19/2022 12:39:13 PM, Old: 305.00, New: 350.00
Stop Wavelength Changed: 8/19/2022 12:39:13 PM, Old: 550.00, New: 650.00
Zero Mode Changed: 8/19/2022 12:39:13 PM, Old:ON, New:OFF
Zero Mode Changed: 8/19/2022 12:39:15 PM, Old:OFF, New:Reading
Zero Mode Changed: 8/19/2022 12:39:15 PM, Old:Reading, New:ON
Scan mode: Changed: 8/19/2022 12:40:17 PM, Old:Emission, New:Excitation
User Delta Stop Changed: 8/19/2022 12:40:17 PM, Old: 430.00, New: 530.00
User Delta Increment Changed: 8/19/2022 12:40:17 PM, Old:   5.00, New:   0.15
Excitation Wavelength Changed: 8/19/2022 12:40:17 PM, Old: 340.00, New: 240.00
Emission Wavelength Changed: 8/19/2022 12:40:17 PM, Old: 350.00, New: 530.00
Stop Wavelength Changed: 8/19/2022 12:40:17 PM, Old: 650.00, New: 520.00
Zero Mode Changed: 8/19/2022 12:40:20 PM, Old:ON, New:Reading
Zero Mode Changed: 8/19/2022 12:40:21 PM, Old:Reading, New:ON
Scan mode: Changed: 8/19/2022 12:41:51 PM, Old:Excitation, New:Emission
Ex. Slit Width (nm): Changed: 8/19/2022 12:41:51 PM, Old:10, New:5
Excitation Wavelength Changed: 8/19/2022 12:41:51 PM, Old: 240.00, New: 455.00
Emission Wavelength Changed: 8/19/2022 12:41:51 PM, Old: 530.00, New: 465.00
Stop Wavelength Changed: 8/19/2022 12:41:51 PM, Old: 520.00, New: 700.00
Zero Mode Changed: 8/19/2022 12:41:51 PM, Old:ON, New:OFF
Zero Mode Changed: 8/19/2022 12:41:53 PM, Old:OFF, New:Reading
Zero Mode Changed: 8/19/2022 12:41:54 PM, Old:Reading, New:ON
Scan mode: Changed: 8/19/2022 12:42:51 PM, Old:Emission, New:Excitation
Excitation Wavelength Changed: 8/19/2022 12:42:51 PM, Old: 455.00, New: 290.00
Emission Wavelength Changed: 8/19/2022 12:42:51 PM, Old: 465.00, New: 530.00
Stop Wavelength Changed: 8/19/2022 12:42:51 PM, Old: 700.00, New: 520.00
Zero Mode Changed: 8/19/2022 12:42:54 PM, Old:ON, New:Reading
Zero Mode Changed: 8/19/2022 12:42:54 PM, Old:Reading, New:ON
Scan mode: Changed: 8/19/2022 12:44:03 PM, Old:Excitation, New:Emission
Excitation Wavelength Changed: 8/19/2022 12:44:03 PM, Old: 290.00, New: 420.00
Emission Wavelength Changed: 8/19/2022 12:44:03 PM, Old: 530.00, New: 430.00
Stop Wavelength Changed: 8/19/2022 12:44:03 PM, Old: 520.00, New: 700.00
Zero Mode Changed: 8/19/2022 12:44:05 PM, Old:ON, New:Reading
Zero Mode Changed: 8/19/2022 12:44:05 PM, Old:Reading, New:ON
Excitation Wavelength Changed: 8/19/2022 12:44:53 PM, Old: 420.00, New: 330.00
Emission Wavelength Changed: 8/19/2022 12:44:53 PM, Old: 430.00, New: 340.00
Stop Wavelength Changed: 8/19/2022 12:44:53 PM, Old: 700.00, New: 650.00
Zero Mode Changed: 8/19/2022 12:44:56 PM, Old:ON, New:Reading
Zero Mode Changed: 8/19/2022 12:44:56 PM, Old:Reading, New:ON
Scan mode: Changed: 8/19/2022 12:45:51 PM, Old:Emission, New:Excitation
Excitation Wavelength Changed: 8/19/2022 12:45:51 PM, Old: 330.00, New: 240.00
Emission Wavelength Changed: 8/19/2022 12:45:51 PM, Old: 340.00, New: 420.00
Stop Wavelength Changed: 8/19/2022 12:45:51 PM, Old: 650.00, New: 410.00
Zero Mode Changed: 8/19/2022 12:45:54 PM, Old:ON, New:Reading
Zero Mode Changed: 8/19/2022 12:45:55 PM, Old:Reading, New:ON
Scan mode: Changed: 8/19/2022 12:46:45 PM, Old:Excitation, New:Emission
Excitation Wavelength Changed: 8/19/2022 12:46:45 PM, Old: 240.00, New: 355.00
Emission Wavelength Changed: 8/19/2022 12:46:45 PM, Old: 420.00, New: 365.00
Stop Wavelength Changed: 8/19/2022 12:46:45 PM, Old: 410.00, New: 700.00
Zero Mode Changed: 8/19/2022 12:46:47 PM, Old:ON, New:Reading
Zero Mode Changed: 8/19/2022 12:46:47 PM, Old:Reading, New:ON
Scan mode: Changed: 8/19/2022 12:47:42 PM, Old:Emission, New:Excitation
Excitation Wavelength Changed: 8/19/2022 12:47:42 PM, Old: 355.00, New: 240.00
Emission Wavelength Changed: 8/19/2022 12:47:42 PM, Old: 365.00, New: 455.00
Stop Wavelength Changed: 8/19/2022 12:47:42 PM, Old: 700.00, New: 445.00
Zero Mode Changed: 8/19/2022 12:47:45 PM, Old:ON, New:Reading
Zero Mode Changed: 8/19/2022 12:47:45 PM, Old:Reading, New:ON
End Method Modifications

CdSe 180sec ex390,
CdSe 180sec ex390
Collection Time: 8/19/2022 12:48:42 PM
Operator Name  :
Scan Software Version: 1.1(132)
Parameter List :
Instrument                        Cary Eclipse
Instrument Serial Number          E08013467
Data mode                         Fluorescence
Scan mode                         Emission
X Mode                            Wavelength (nm)
Start (nm)                        400.00
Stop (nm)                         700.00
Ex. Wavelength (nm)               390.00
Ex. Slit (nm)                     5
Em. Slit (nm)                     5
Scan rate (nm/min)                600.00
Data interval (nm)                1.0000
Averaging Time (s)                0.1000
Excitation filter                 Auto
Emission filter                   Open
PMT voltage (V)                   Medium
Corrected spectra                 OFF
Method Log     :
Method Name    : Default
Date/Time stamp: 8/19/2022 12:23:28 PM
Method Modifications:
Overlayed Graphs Changed: 8/19/2022 12:24:53 PM, Old:OFF, New:ON
Y max Changed: 8/19/2022 12:24:53 PM, Old:  1000.0000, New:   300.0000
Excitation Wavelength Changed: 8/19/2022 12:27:20 PM, Old: 350.00, New: 300.00
Emission Wavelength Changed: 8/19/2022 12:27:20 PM, Old: 400.00, New: 310.00
Stop Wavelength Changed: 8/19/2022 12:27:20 PM, Old: 600.00, New: 500.00
Zero Mode Changed: 8/19/2022 12:27:22 PM, Old:OFF, New:Reading
Zero Mode Changed: 8/19/2022 12:27:22 PM, Old:Reading, New:ON
Scan mode: Changed: 8/19/2022 12:28:28 PM, Old:Emission, New:Excitation
Excitation Wavelength Changed: 8/19/2022 12:28:28 PM, Old: 300.00, New: 240.00
Emission Wavelength Changed: 8/19/2022 12:28:28 PM, Old: 310.00, New: 400.00
Stop Wavelength Changed: 8/19/2022 12:28:28 PM, Old: 500.00, New: 390.00
Zero Mode Changed: 8/19/2022 12:28:31 PM, Old:ON, New:Reading
Zero Mode Changed: 8/19/2022 12:28:31 PM, Old:Reading, New:ON
Scan mode: Changed: 8/19/2022 12:29:17 PM, Old:Excitation, New:Emission
Excitation Wavelength Changed: 8/19/2022 12:29:17 PM, Old: 240.00, New: 330.00
Emission Wavelength Changed: 8/19/2022 12:29:17 PM, Old: 400.00, New: 340.00
Stop Wavelength Changed: 8/19/2022 12:29:17 PM, Old: 390.00, New: 500.00
Zero Mode Changed: 8/19/2022 12:29:19 PM, Old:ON, New:Reading
Zero Mode Changed: 8/19/2022 12:29:19 PM, Old:Reading, New:ON
Scan mode: Changed: 8/19/2022 12:30:02 PM, Old:Emission, New:Excitation
Excitation Wavelength Changed: 8/19/2022 12:30:02 PM, Old: 330.00, New: 240.00
Emission Wavelength Changed: 8/19/2022 12:30:02 PM, Old: 340.00, New: 410.00
Stop Wavelength Changed: 8/19/2022 12:30:02 PM, Old: 500.00, New: 400.00
Zero Mode Changed: 8/19/2022 12:30:08 PM, Old:ON, New:Reading
Zero Mode Changed: 8/19/2022 12:30:08 PM, Old:Reading, New:ON
Scan mode: Changed: 8/19/2022 12:30:53 PM, Old:Excitation, New:Emission
Excitation Wavelength Changed: 8/19/2022 12:30:53 PM, Old: 240.00, New: 335.00
Emission Wavelength Changed: 8/19/2022 12:30:53 PM, Old: 410.00, New: 345.00
Stop Wavelength Changed: 8/19/2022 12:30:53 PM, Old: 400.00, New: 600.00
Zero Mode Changed: 8/19/2022 12:30:55 PM, Old:ON, New:Reading
Zero Mode Changed: 8/19/2022 12:30:55 PM, Old:Reading, New:ON
Zero Mode Changed: 8/19/2022 12:34:51 PM, Old:ON, New:Reading
Zero Mode Changed: 8/19/2022 12:34:51 PM, Old:Reading, New:ON
Scan mode: Changed: 8/19/2022 12:35:39 PM, Old:Emission, New:Excitation
Excitation Wavelength Changed: 8/19/2022 12:35:39 PM, Old: 335.00, New: 240.00
Emission Wavelength Changed: 8/19/2022 12:35:39 PM, Old: 345.00, New: 410.00
Stop Wavelength Changed: 8/19/2022 12:35:39 PM, Old: 600.00, New: 400.00
Zero Mode Changed: 8/19/2022 12:35:42 PM, Old:ON, New:Reading
Zero Mode Changed: 8/19/2022 12:35:43 PM, Old:Reading, New:ON
Scan mode: Changed: 8/19/2022 12:36:52 PM, Old:Excitation, New:Emission
Excitation Wavelength Changed: 8/19/2022 12:36:52 PM, Old: 240.00, New: 300.00
Emission Wavelength Changed: 8/19/2022 12:36:52 PM, Old: 410.00, New: 310.00
Stop Wavelength Changed: 8/19/2022 12:36:52 PM, Old: 400.00, New: 600.00
Zero Mode Changed: 8/19/2022 12:36:54 PM, Old:ON, New:Reading
Zero Mode Changed: 8/19/2022 12:36:54 PM, Old:Reading, New:ON
Scan mode: Changed: 8/19/2022 12:37:46 PM, Old:Emission, New:Excitation
Excitation Wavelength Changed: 8/19/2022 12:37:46 PM, Old: 300.00, New: 240.00
Emission Wavelength Changed: 8/19/2022 12:37:46 PM, Old: 310.00, New: 350.00
Stop Wavelength Changed: 8/19/2022 12:37:46 PM, Old: 600.00, New: 340.00
Zero Mode Changed: 8/19/2022 12:37:49 PM, Old:ON, New:Reading
Zero Mode Changed: 8/19/2022 12:37:49 PM, Old:Reading, New:ON
Scan mode: Changed: 8/19/2022 12:38:28 PM, Old:Excitation, New:Emission
Excitation Wavelength Changed: 8/19/2022 12:38:28 PM, Old: 240.00, New: 295.00
Emission Wavelength Changed: 8/19/2022 12:38:28 PM, Old: 350.00, New: 305.00
Stop Wavelength Changed: 8/19/2022 12:38:28 PM, Old: 340.00, New: 550.00
Zero Mode Changed: 8/19/2022 12:38:31 PM, Old:ON, New:Reading
Zero Mode Changed: 8/19/2022 12:38:31 PM, Old:Reading, New:ON
Scan Control Changed: 8/19/2022 12:39:12 PM, Old:Medium, New:Slow
Ave. time (s): Changed: 8/19/2022 12:39:12 PM, Old:0.10000, New:0.50000
Zero Mode Changed: 8/19/2022 12:39:14 PM, Old:ON, New:Reading
Zero Mode Changed: 8/19/2022 12:39:14 PM, Old:Reading, New:ON
Excitation Wavelength Changed: 8/19/2022 12:41:46 PM, Old: 295.00, New: 335.00
Emission Wavelength Changed: 8/19/2022 12:41:46 PM, Old: 305.00, New: 345.00
Stop Wavelength Changed: 8/19/2022 12:41:46 PM, Old: 550.00, New: 600.00
Zero Mode Changed: 8/19/2022 12:41:49 PM, Old:ON, New:Reading
Zero Mode Changed: 8/19/2022 12:41:50 PM, Old:Reading, New:ON
Scan mode: Changed: 8/19/2022 12:46:36 PM, Old:Emission, New:Excitation
Excitation Wavelength Changed: 8/19/2022 12:46:36 PM, Old: 335.00, New: 240.00
Emission Wavelength Changed: 8/19/2022 12:46:36 PM, Old: 345.00, New: 410.00
Stop Wavelength Changed: 8/19/2022 12:46:36 PM, Old: 600.00, New: 400.00
Zero Mode Changed: 8/19/2022 12:46:39 PM, Old:ON, New:Reading
Zero Mode Changed: 8/19/2022 12:46:40 PM, Old:Reading, New:ON
Scan Control Changed: 8/19/2022 12:50:26 PM, Old:Slow, New:Medium
Ave. time (s): Changed: 8/19/2022 12:50:26 PM, Old:0.50000, New:0.10000
Zero Mode Changed: 8/19/2022 12:50:27 PM, Old:ON, New:Reading
Zero Mode Changed: 8/19/2022 12:50:27 PM, Old:Reading, New:ON
Scan mode: Changed: 8/19/2022 12:51:32 PM, Old:Excitation, New:Emission
Excitation Wavelength Changed: 8/19/2022 12:51:32 PM, Old: 240.00, New: 337.00
Emission Wavelength Changed: 8/19/2022 12:51:32 PM, Old: 410.00, New: 347.00
Stop Wavelength Changed: 8/19/2022 12:51:32 PM, Old: 400.00, New: 600.00
Zero Mode Changed: 8/19/2022 12:51:34 PM, Old:ON, New:Reading
Zero Mode Changed: 8/19/2022 12:51:35 PM, Old:Reading, New:ON
Scan mode: Changed: 8/19/2022 12:52:30 PM, Old:Emission, New:Excitation
Excitation Wavelength Changed: 8/19/2022 12:52:30 PM, Old: 337.00, New: 240.00
Emission Wavelength Changed: 8/19/2022 12:52:30 PM, Old: 347.00, New: 415.00
Stop Wavelength Changed: 8/19/2022 12:52:30 PM, Old: 600.00, New: 400.00
Zero Mode Changed: 8/19/2022 12:52:33 PM, Old:ON, New:Reading
Zero Mode Changed: 8/19/2022 12:52:33 PM, Old:Reading, New:ON
Scan mode: Changed: 8/19/2022 12:53:13 PM, Old:Excitation, New:Emission
Excitation Wavelength Changed: 8/19/2022 12:53:13 PM, Old: 240.00, New: 340.00
Emission Wavelength Changed: 8/19/2022 12:53:13 PM, Old: 415.00, New: 350.00
Stop Wavelength Changed: 8/19/2022 12:53:13 PM, Old: 400.00, New: 600.00
Zero Mode Changed: 8/19/2022 12:53:15 PM, Old:ON, New:Reading
Zero Mode Changed: 8/19/2022 12:53:15 PM, Old:Reading, New:ON
Zero Mode Changed: 8/19/2022 12:54:45 PM, Old:ON, New:Reading
Zero Mode Changed: 8/19/2022 12:54:46 PM, Old:Reading, New:ON
Zero Mode Changed: 8/19/2022 12:54:49 PM, Old:ON, New:Reading
Zero Mode Changed: 8/19/2022 12:54:49 PM, Old:Reading, New:ON
Scan Control Changed: 8/19/2022 12:54:51 PM, Old:Medium, New:Slow
Ave. time (s): Changed: 8/19/2022 12:54:51 PM, Old:0.10000, New:0.50000
Zero Mode Changed: 8/19/2022 12:54:55 PM, Old:ON, New:Reading
Zero Mode Changed: 8/19/2022 12:54:56 PM, Old:Reading, New:ON
Scan mode: Changed: 8/19/2022 12:57:28 PM, Old:Emission, New:Excitation
Excitation Wavelength Changed: 8/19/2022 12:57:28 PM, Old: 340.00, New: 240.00
Emission Wavelength Changed: 8/19/2022 12:57:28 PM, Old: 350.00, New: 420.00
Stop Wavelength Changed: 8/19/2022 12:57:28 PM, Old: 600.00, New: 410.00
Zero Mode Changed: 8/19/2022 12:57:31 PM, Old:ON, New:Reading
Zero Mode Changed: 8/19/2022 12:57:31 PM, Old:Reading, New:ON
Scan mode: Changed: 8/19/2022 12:59:36 PM, Old:Excitation, New:Emission
Excitation Wavelength Changed: 8/19/2022 12:59:36 PM, Old: 240.00, New: 295.00
Emission Wavelength Changed: 8/19/2022 12:59:36 PM, Old: 420.00, New: 305.00
Stop Wavelength Changed: 8/19/2022 12:59:36 PM, Old: 410.00, New: 550.00
Scan Control Changed: 8/19/2022 12:59:41 PM, Old:Slow, New:Medium
Ave. time (s): Changed: 8/19/2022 12:59:41 PM, Old:0.50000, New:0.10000
Zero Mode Changed: 8/19/2022 12:59:44 PM, Old:ON, New:Reading
Zero Mode Changed: 8/19/2022 12:59:44 PM, Old:Reading, New:ON
Scan mode: Changed: 8/19/2022 1:00:36 PM, Old:Emission, New:Excitation
Excitation Wavelength Changed: 8/19/2022 1:00:36 PM, Old: 295.00, New: 240.00
Emission Wavelength Changed: 8/19/2022 1:00:36 PM, Old: 305.00, New: 350.00
Stop Wavelength Changed: 8/19/2022 1:00:36 PM, Old: 550.00, New: 340.00
Zero Mode Changed: 8/19/2022 1:00:45 PM, Old:ON, New:Reading
Zero Mode Changed: 8/19/2022 1:00:45 PM, Old:Reading, New:ON
Zero Mode Changed: 8/19/2022 1:01:25 PM, Old:ON, New:Reading
Zero Mode Changed: 8/19/2022 1:01:25 PM, Old:Reading, New:ON
Emission Wavelength Changed: 8/19/2022 1:04:06 PM, Old: 350.00, New: 420.00
Stop Wavelength Changed: 8/19/2022 1:04:06 PM, Old: 340.00, New: 410.00
Zero Mode Changed: 8/19/2022 1:04:08 PM, Old:ON, New:Reading
Zero Mode Changed: 8/19/2022 1:04:08 PM, Old:Reading, New:ON
Scan mode: Changed: 8/19/2022 1:04:55 PM, Old:Excitation, New:Emission
Excitation Wavelength Changed: 8/19/2022 1:04:55 PM, Old: 240.00, New: 330.00
Emission Wavelength Changed: 8/19/2022 1:04:55 PM, Old: 420.00, New: 340.00
Stop Wavelength Changed: 8/19/2022 1:04:55 PM, Old: 410.00, New: 600.00
Zero Mode Changed: 8/19/2022 1:04:56 PM, Old:ON, New:Reading
Zero Mode Changed: 8/19/2022 1:04:57 PM, Old:Reading, New:ON
Scan mode: Changed: 8/19/2022 1:06:34 PM, Old:Emission, New:Excitation
User Delta Stop Changed: 8/19/2022 1:06:34 PM, Old: 450.00, New: 470.00
User Delta Increment Changed: 8/19/2022 1:06:34 PM, Old:  10.00, New:   0.15
Excitation Wavelength Changed: 8/19/2022 1:06:34 PM, Old: 330.00, New: 240.00
Emission Wavelength Changed: 8/19/2022 1:06:34 PM, Old: 340.00, New: 470.00
Stop Wavelength Changed: 8/19/2022 1:06:34 PM, Old: 600.00, New: 460.00
Zero Mode Changed: 8/19/2022 1:06:37 PM, Old:ON, New:Reading
Zero Mode Changed: 8/19/2022 1:06:37 PM, Old:Reading, New:ON
Scan mode: Changed: 8/19/2022 1:07:26 PM, Old:Excitation, New:Emission
Excitation Wavelength Changed: 8/19/2022 1:07:26 PM, Old: 240.00, New: 355.00
Emission Wavelength Changed: 8/19/2022 1:07:26 PM, Old: 470.00, New: 365.00
Stop Wavelength Changed: 8/19/2022 1:07:26 PM, Old: 460.00, New: 600.00
Zero Mode Changed: 8/19/2022 1:07:27 PM, Old:ON, New:Reading
Zero Mode Changed: 8/19/2022 1:07:27 PM, Old:Reading, New:ON
Scan mode: Changed: 8/19/2022 1:08:25 PM, Old:Emission, New:Excitation
User Delta Stop Changed: 8/19/2022 1:08:25 PM, Old: 470.00, New: 520.00
Excitation Wavelength Changed: 8/19/2022 1:08:25 PM, Old: 355.00, New: 270.00
Emission Wavelength Changed: 8/19/2022 1:08:25 PM, Old: 365.00, New: 520.00
Stop Wavelength Changed: 8/19/2022 1:08:25 PM, Old: 600.00, New: 510.00
Zero Mode Changed: 8/19/2022 1:08:29 PM, Old:ON, New:Reading
Zero Mode Changed: 8/19/2022 1:08:29 PM, Old:Reading, New:ON
Scan mode: Changed: 8/19/2022 1:09:40 PM, Old:Excitation, New:Emission
Excitation Wavelength Changed: 8/19/2022 1:09:40 PM, Old: 270.00, New: 345.00
Emission Wavelength Changed: 8/19/2022 1:09:40 PM, Old: 520.00, New: 355.00
Stop Wavelength Changed: 8/19/2022 1:09:40 PM, Old: 510.00, New: 600.00
Zero Mode Changed: 8/19/2022 1:09:42 PM, Old:ON, New:Reading
Zero Mode Changed: 8/19/2022 1:09:43 PM, Old:Reading, New:ON
Scan Control Changed: 8/19/2022 1:12:27 PM, Old:Medium, New:Slow
Ave. time (s): Changed: 8/19/2022 1:12:27 PM, Old:0.10000, New:0.50000
Zero Mode Changed: 8/19/2022 1:12:29 PM, Old:ON, New:Reading
Zero Mode Changed: 8/19/2022 1:12:30 PM, Old:Reading, New:ON
Scan mode: Changed: 8/19/2022 1:15:37 PM, Old:Emission, New:Excitation
Excitation Wavelength Changed: 8/19/2022 1:15:37 PM, Old: 345.00, New: 240.00
Emission Wavelength Changed: 8/19/2022 1:15:37 PM, Old: 355.00, New: 455.00
Stop Wavelength Changed: 8/19/2022 1:15:37 PM, Old: 600.00, New: 445.00
Zero Mode Changed: 8/19/2022 1:15:40 PM, Old:ON, New:Reading
Zero Mode Changed: 8/19/2022 1:15:41 PM, Old:Reading, New:ON
Scan mode: Changed: 8/19/2022 1:19:58 PM, Old:Excitation, New:Emission
Scan Control Changed: 8/19/2022 1:19:58 PM, Old:Slow, New:Medium
Ave. time (s): Changed: 8/19/2022 1:19:58 PM, Old:0.50000, New:0.10000
Excitation Wavelength Changed: 8/19/2022 1:19:58 PM, Old: 240.00, New: 295.00
Emission Wavelength Changed: 8/19/2022 1:19:58 PM, Old: 455.00, New: 305.00
Stop Wavelength Changed: 8/19/2022 1:19:58 PM, Old: 445.00, New: 550.00
Zero Mode Changed: 8/19/2022 1:20:00 PM, Old:ON, New:Reading
Zero Mode Changed: 8/19/2022 1:20:00 PM, Old:Reading, New:ON
Scan mode: Changed: 8/19/2022 12:22:27 PM, Old:Emission, New:Excitation
Excitation Wavelength Changed: 8/19/2022 12:22:27 PM, Old: 295.00, New: 240.00
Emission Wavelength Changed: 8/19/2022 12:22:27 PM, Old: 305.00, New: 350.00
Stop Wavelength Changed: 8/19/2022 12:22:27 PM, Old: 550.00, New: 340.00
Zero Mode Changed: 8/19/2022 12:22:31 PM, Old:ON, New:Reading
Zero Mode Changed: 8/19/2022 12:22:31 PM, Old:Reading, New:ON
Emission Wavelength Changed: 8/19/2022 12:35:02 PM, Old: 350.00, New: 420.00
Stop Wavelength Changed: 8/19/2022 12:35:02 PM, Old: 340.00, New: 410.00
Zero Mode Changed: 8/19/2022 12:35:04 PM, Old:ON, New:Reading
Zero Mode Changed: 8/19/2022 12:35:05 PM, Old:Reading, New:ON
Scan mode: Changed: 8/19/2022 12:36:08 PM, Old:Excitation, New:Emission
Excitation Wavelength Changed: 8/19/2022 12:36:08 PM, Old: 240.00, New: 360.00
Emission Wavelength Changed: 8/19/2022 12:36:08 PM, Old: 420.00, New: 370.00
Stop Wavelength Changed: 8/19/2022 12:36:08 PM, Old: 410.00, New: 700.00
Zero Mode Changed: 8/19/2022 12:36:09 PM, Old:ON, New:Reading
Zero Mode Changed: 8/19/2022 12:36:10 PM, Old:Reading, New:ON
Scan mode: Changed: 8/19/2022 12:37:08 PM, Old:Emission, New:Excitation
Excitation Wavelength Changed: 8/19/2022 12:37:08 PM, Old: 360.00, New: 240.00
Emission Wavelength Changed: 8/19/2022 12:37:08 PM, Old: 370.00, New: 440.00
Stop Wavelength Changed: 8/19/2022 12:37:08 PM, Old: 700.00, New: 430.00
Zero Mode Changed: 8/19/2022 12:37:11 PM, Old:ON, New:Reading
Zero Mode Changed: 8/19/2022 12:37:11 PM, Old:Reading, New:ON
Scan mode: Changed: 8/19/2022 12:38:01 PM, Old:Excitation, New:Emission
Excitation Wavelength Changed: 8/19/2022 12:38:01 PM, Old: 240.00, New: 365.00
Emission Wavelength Changed: 8/19/2022 12:38:01 PM, Old: 440.00, New: 375.00
Stop Wavelength Changed: 8/19/2022 12:38:01 PM, Old: 430.00, New: 700.00
Zero Mode Changed: 8/19/2022 12:38:03 PM, Old:ON, New:Reading
Zero Mode Changed: 8/19/2022 12:38:04 PM, Old:Reading, New:ON
Excitation Wavelength Changed: 8/19/2022 12:38:57 PM, Old: 365.00, New: 370.00
Emission Wavelength Changed: 8/19/2022 12:38:57 PM, Old: 375.00, New: 380.00
Zero Mode Changed: 8/19/2022 12:38:58 PM, Old:ON, New:Reading
Zero Mode Changed: 8/19/2022 12:38:59 PM, Old:Reading, New:ON
Scan mode: Changed: 8/19/2022 12:40:00 PM, Old:Emission, New:Excitation
Excitation Wavelength Changed: 8/19/2022 12:40:00 PM, Old: 370.00, New: 240.00
Emission Wavelength Changed: 8/19/2022 12:40:00 PM, Old: 380.00, New: 512.00
Stop Wavelength Changed: 8/19/2022 12:40:00 PM, Old: 700.00, New: 500.00
Zero Mode Changed: 8/19/2022 12:40:03 PM, Old:ON, New:Reading
Zero Mode Changed: 8/19/2022 12:40:04 PM, Old:Reading, New:ON
Scan mode: Changed: 8/19/2022 12:40:57 PM, Old:Excitation, New:Emission
Excitation Wavelength Changed: 8/19/2022 12:40:57 PM, Old: 240.00, New: 400.00
Emission Wavelength Changed: 8/19/2022 12:40:57 PM, Old: 512.00, New: 410.00
Stop Wavelength Changed: 8/19/2022 12:40:57 PM, Old: 500.00, New: 700.00
Zero Mode Changed: 8/19/2022 12:40:59 PM, Old:ON, New:Reading
Zero Mode Changed: 8/19/2022 12:41:00 PM, Old:Reading, New:ON
Scan mode: Changed: 8/19/2022 12:41:45 PM, Old:Emission, New:Excitation
Excitation Wavelength Changed: 8/19/2022 12:41:45 PM, Old: 400.00, New: 240.00
Emission Wavelength Changed: 8/19/2022 12:41:45 PM, Old: 410.00, New: 515.00
Stop Wavelength Changed: 8/19/2022 12:41:45 PM, Old: 700.00, New: 505.00
Zero Mode Changed: 8/19/2022 12:41:48 PM, Old:ON, New:Reading
Zero Mode Changed: 8/19/2022 12:41:49 PM, Old:Reading, New:ON
Emission Wavelength Changed: 8/19/2022 12:42:40 PM, Old: 515.00, New: 435.00
Stop Wavelength Changed: 8/19/2022 12:42:40 PM, Old: 505.00, New: 425.00
Zero Mode Changed: 8/19/2022 12:42:43 PM, Old:ON, New:Reading
Zero Mode Changed: 8/19/2022 12:42:43 PM, Old:Reading, New:ON
Scan mode: Changed: 8/19/2022 12:43:33 PM, Old:Excitation, New:Emission
Excitation Wavelength Changed: 8/19/2022 12:43:33 PM, Old: 240.00, New: 295.00
Emission Wavelength Changed: 8/19/2022 12:43:33 PM, Old: 435.00, New: 305.00
Stop Wavelength Changed: 8/19/2022 12:43:33 PM, Old: 425.00, New: 550.00
Zero Mode Changed: 8/19/2022 12:43:35 PM, Old:ON, New:Reading
Zero Mode Changed: 8/19/2022 12:43:35 PM, Old:Reading, New:ON
Scan mode: Changed: 8/19/2022 12:44:33 PM, Old:Emission, New:Excitation
Excitation Wavelength Changed: 8/19/2022 12:44:33 PM, Old: 295.00, New: 240.00
Emission Wavelength Changed: 8/19/2022 12:44:33 PM, Old: 305.00, New: 400.00
Stop Wavelength Changed: 8/19/2022 12:44:33 PM, Old: 550.00, New: 390.00
Zero Mode Changed: 8/19/2022 12:44:36 PM, Old:ON, New:Reading
Zero Mode Changed: 8/19/2022 12:44:37 PM, Old:Reading, New:ON
Scan mode: Changed: 8/19/2022 12:45:20 PM, Old:Excitation, New:Emission
Excitation Wavelength Changed: 8/19/2022 12:45:20 PM, Old: 240.00, New: 340.00
Emission Wavelength Changed: 8/19/2022 12:45:20 PM, Old: 400.00, New: 350.00
Stop Wavelength Changed: 8/19/2022 12:45:20 PM, Old: 390.00, New: 650.00
Zero Mode Changed: 8/19/2022 12:45:22 PM, Old:ON, New:Reading
Zero Mode Changed: 8/19/2022 12:45:22 PM, Old:Reading, New:ON
Scan mode: Changed: 8/19/2022 12:46:17 PM, Old:Emission, New:Excitation
Excitation Wavelength Changed: 8/19/2022 12:46:17 PM, Old: 340.00, New: 240.00
Emission Wavelength Changed: 8/19/2022 12:46:17 PM, Old: 350.00, New: 425.00
Stop Wavelength Changed: 8/19/2022 12:46:17 PM, Old: 650.00, New: 415.00
Zero Mode Changed: 8/19/2022 12:46:20 PM, Old:ON, New:Reading
Zero Mode Changed: 8/19/2022 12:46:21 PM, Old:Reading, New:ON
Scan mode: Changed: 8/19/2022 12:47:03 PM, Old:Excitation, New:Emission
Excitation Wavelength Changed: 8/19/2022 12:47:03 PM, Old: 240.00, New: 385.00
Emission Wavelength Changed: 8/19/2022 12:47:03 PM, Old: 425.00, New: 395.00
Stop Wavelength Changed: 8/19/2022 12:47:03 PM, Old: 415.00, New: 700.00
Zero Mode Changed: 8/19/2022 12:47:05 PM, Old:ON, New:Reading
Zero Mode Changed: 8/19/2022 12:47:05 PM, Old:Reading, New:ON
Excitation Wavelength Changed: 8/19/2022 12:47:56 PM, Old: 385.00, New: 365.00
Emission Wavelength Changed: 8/19/2022 12:47:56 PM, Old: 395.00, New: 375.00
Zero Mode Changed: 8/19/2022 12:47:59 PM, Old:ON, New:Reading
Zero Mode Changed: 8/19/2022 12:47:59 PM, Old:Reading, New:ON
3-D Mode Changed: 8/19/2022 12:50:41 PM, Old:OFF, New:ON
User Delta Stop Changed: 8/19/2022 12:50:41 PM, Old: 520.00, New: 400.00
User Delta Increment Changed: 8/19/2022 12:50:41 PM, Old:   0.15, New:   5.00
Excitation Wavelength Changed: 8/19/2022 12:50:41 PM, Old: 365.00, New: 330.00
Emission Wavelength Changed: 8/19/2022 12:50:41 PM, Old: 375.00, New: 410.00
Zero Mode Changed: 8/19/2022 12:50:43 PM, Old:ON, New:Reading
Zero Mode Changed: 8/19/2022 12:50:43 PM, Old:Reading, New:ON
Excitation Wavelength Changed: 8/19/2022 12:51:25 PM, Old: 330.00, New: 335.00
Excitation Wavelength Changed: 8/19/2022 12:51:55 PM, Old: 335.00, New: 340.00
Excitation Wavelength Changed: 8/19/2022 12:52:25 PM, Old: 340.00, New: 345.00
Excitation Wavelength Changed: 8/19/2022 12:52:55 PM, Old: 345.00, New: 350.00
Excitation Wavelength Changed: 8/19/2022 12:53:25 PM, Old: 350.00, New: 355.00
Excitation Wavelength Changed: 8/19/2022 12:53:55 PM, Old: 355.00, New: 360.00
Excitation Wavelength Changed: 8/19/2022 12:54:26 PM, Old: 360.00, New: 365.00
Excitation Wavelength Changed: 8/19/2022 12:54:56 PM, Old: 365.00, New: 370.00
Excitation Wavelength Changed: 8/19/2022 12:55:26 PM, Old: 370.00, New: 375.00
Excitation Wavelength Changed: 8/19/2022 12:55:56 PM, Old: 375.00, New: 380.00
Excitation Wavelength Changed: 8/19/2022 12:56:26 PM, Old: 380.00, New: 385.00
Excitation Wavelength Changed: 8/19/2022 12:56:56 PM, Old: 385.00, New: 390.00
Excitation Wavelength Changed: 8/19/2022 12:57:27 PM, Old: 390.00, New: 395.00
Excitation Wavelength Changed: 8/19/2022 12:57:57 PM, Old: 395.00, New: 400.00
Excitation Wavelength Changed: 8/19/2022 12:58:27 PM, Old: 400.00, New: 330.00
Excitation Wavelength Changed: 8/19/2022 1:09:07 PM, Old: 330.00, New: 295.00
Emission Wavelength Changed: 8/19/2022 1:09:07 PM, Old: 410.00, New: 305.00
Stop Wavelength Changed: 8/19/2022 1:09:07 PM, Old: 700.00, New: 550.00
Zero Mode Changed: 8/19/2022 1:09:08 PM, Old:ON, New:Reading
Zero Mode Changed: 8/19/2022 1:09:08 PM, Old:Reading, New:ON
Excitation Wavelength Changed: 8/19/2022 1:09:59 PM, Old: 295.00, New: 300.00
Excitation Wavelength Changed: 8/19/2022 1:10:08 PM, Old: 300.00, New: 305.00
3-D Mode Changed: 8/19/2022 1:10:15 PM, Old:ON, New:OFF
Excitation Wavelength Changed: 8/19/2022 1:10:15 PM, Old: 305.00, New: 295.00
Zero Mode Changed: 8/19/2022 1:10:16 PM, Old:ON, New:Reading
Zero Mode Changed: 8/19/2022 1:10:17 PM, Old:Reading, New:ON
Scan mode: Changed: 8/19/2022 1:10:57 PM, Old:Emission, New:Excitation
User Delta Increment Changed: 8/19/2022 1:10:57 PM, Old:   5.00, New:   0.15
Excitation Wavelength Changed: 8/19/2022 1:10:57 PM, Old: 295.00, New: 240.00
Emission Wavelength Changed: 8/19/2022 1:10:57 PM, Old: 305.00, New: 400.00
Stop Wavelength Changed: 8/19/2022 1:10:57 PM, Old: 550.00, New: 390.00
Zero Mode Changed: 8/19/2022 1:11:03 PM, Old:ON, New:Reading
Zero Mode Changed: 8/19/2022 1:11:03 PM, Old:Reading, New:ON
Scan mode: Changed: 8/19/2022 1:11:48 PM, Old:Excitation, New:Emission
Excitation Wavelength Changed: 8/19/2022 1:11:48 PM, Old: 240.00, New: 330.00
Emission Wavelength Changed: 8/19/2022 1:11:48 PM, Old: 400.00, New: 340.00
Stop Wavelength Changed: 8/19/2022 1:11:48 PM, Old: 390.00, New: 600.00
Zero Mode Changed: 8/19/2022 1:11:50 PM, Old:ON, New:Reading
Zero Mode Changed: 8/19/2022 1:11:51 PM, Old:Reading, New:ON
Scan mode: Changed: 8/19/2022 1:12:42 PM, Old:Emission, New:Excitation
Excitation Wavelength Changed: 8/19/2022 1:12:42 PM, Old: 330.00, New: 220.00
Emission Wavelength Changed: 8/19/2022 1:12:42 PM, Old: 340.00, New: 400.00
Stop Wavelength Changed: 8/19/2022 1:12:42 PM, Old: 600.00, New: 390.00
Zero Mode Changed: 8/19/2022 1:12:45 PM, Old:ON, New:Reading
Zero Mode Changed: 8/19/2022 1:12:46 PM, Old:Reading, New:ON
Excitation Wavelength Changed: 8/19/2022 1:13:19 PM, Old: 220.00, New: 290.00
Zero Mode Changed: 8/19/2022 1:13:21 PM, Old:ON, New:Reading
Zero Mode Changed: 8/19/2022 1:13:21 PM, Old:Reading, New:ON
Scan mode: Changed: 8/19/2022 1:14:02 PM, Old:Excitation, New:Emission
Excitation Wavelength Changed: 8/19/2022 1:14:02 PM, Old: 290.00, New: 260.00
Emission Wavelength Changed: 8/19/2022 1:14:02 PM, Old: 400.00, New: 270.00
Stop Wavelength Changed: 8/19/2022 1:14:02 PM, Old: 390.00, New: 500.00
Zero Mode Changed: 8/19/2022 1:14:05 PM, Old:ON, New:Reading
Zero Mode Changed: 8/19/2022 1:14:05 PM, Old:Reading, New:ON
3-D Mode Changed: 8/19/2022 1:15:52 PM, Old:OFF, New:ON
User Delta Stop Changed: 8/19/2022 1:15:52 PM, Old: 400.00, New: 330.00
User Delta Increment Changed: 8/19/2022 1:15:52 PM, Old:   0.15, New:   5.00
Emission Wavelength Changed: 8/19/2022 1:15:52 PM, Old: 270.00, New: 340.00
Zero Mode Changed: 8/19/2022 1:15:53 PM, Old:ON, New:Reading
Zero Mode Changed: 8/19/2022 1:15:53 PM, Old:Reading, New:ON
Excitation Wavelength Changed: 8/19/2022 1:16:21 PM, Old: 260.00, New: 265.00
Excitation Wavelength Changed: 8/19/2022 1:16:38 PM, Old: 265.00, New: 270.00
Excitation Wavelength Changed: 8/19/2022 1:16:55 PM, Old: 270.00, New: 275.00
Excitation Wavelength Changed: 8/19/2022 1:17:12 PM, Old: 275.00, New: 280.00
Excitation Wavelength Changed: 8/19/2022 1:17:29 PM, Old: 280.00, New: 285.00
Excitation Wavelength Changed: 8/19/2022 1:17:46 PM, Old: 285.00, New: 290.00
Excitation Wavelength Changed: 8/19/2022 1:18:03 PM, Old: 290.00, New: 295.00
Excitation Wavelength Changed: 8/19/2022 1:18:19 PM, Old: 295.00, New: 300.00
Excitation Wavelength Changed: 8/19/2022 1:18:36 PM, Old: 300.00, New: 305.00
Excitation Wavelength Changed: 8/19/2022 1:18:53 PM, Old: 305.00, New: 310.00
Excitation Wavelength Changed: 8/19/2022 1:18:56 PM, Old: 310.00, New: 315.00
Excitation Wavelength Changed: 8/19/2022 12:21:52 PM, Old: 315.00, New: 295.00
Emission Wavelength Changed: 8/19/2022 12:21:52 PM, Old: 340.00, New: 305.00
Stop Wavelength Changed: 8/19/2022 12:21:52 PM, Old: 500.00, New: 550.00
Zero Mode Changed: 8/19/2022 12:21:54 PM, Old:ON, New:Reading
Zero Mode Changed: 8/19/2022 12:21:54 PM, Old:Reading, New:ON
3-D Mode Changed: 8/19/2022 12:22:09 PM, Old:ON, New:OFF
Zero Mode Changed: 8/19/2022 12:22:11 PM, Old:ON, New:Reading
Zero Mode Changed: 8/19/2022 12:22:11 PM, Old:Reading, New:ON
Scan mode: Changed: 8/19/2022 12:23:09 PM, Old:Emission, New:Excitation
User Delta Stop Changed: 8/19/2022 12:23:09 PM, Old: 330.00, New: 370.00
User Delta Increment Changed: 8/19/2022 12:23:09 PM, Old:   5.00, New:   0.15
Excitation Wavelength Changed: 8/19/2022 12:23:09 PM, Old: 295.00, New: 240.00
Emission Wavelength Changed: 8/19/2022 12:23:09 PM, Old: 305.00, New: 370.00
Stop Wavelength Changed: 8/19/2022 12:23:09 PM, Old: 550.00, New: 360.00
Zero Mode Changed: 8/19/2022 12:23:12 PM, Old:ON, New:Reading
Zero Mode Changed: 8/19/2022 12:23:12 PM, Old:Reading, New:ON
Scan mode: Changed: 8/19/2022 12:23:53 PM, Old:Excitation, New:Emission
Excitation Wavelength Changed: 8/19/2022 12:23:53 PM, Old: 240.00, New: 320.00
Emission Wavelength Changed: 8/19/2022 12:23:53 PM, Old: 370.00, New: 330.00
Stop Wavelength Changed: 8/19/2022 12:23:53 PM, Old: 360.00, New: 650.00
Zero Mode Changed: 8/19/2022 12:23:56 PM, Old:ON, New:Reading
Zero Mode Changed: 8/19/2022 12:23:56 PM, Old:Reading, New:ON
Scan mode: Changed: 8/19/2022 12:25:02 PM, Old:Emission, New:Excitation
User Delta Stop Changed: 8/19/2022 12:25:02 PM, Old: 370.00, New: 520.00
Excitation Wavelength Changed: 8/19/2022 12:25:02 PM, Old: 320.00, New: 270.00
Emission Wavelength Changed: 8/19/2022 12:25:02 PM, Old: 330.00, New: 520.00
Stop Wavelength Changed: 8/19/2022 12:25:02 PM, Old: 650.00, New: 510.00
Zero Mode Changed: 8/19/2022 12:25:06 PM, Old:ON, New:Reading
Zero Mode Changed: 8/19/2022 12:25:06 PM, Old:Reading, New:ON
Scan mode: Changed: 8/19/2022 12:26:34 PM, Old:Excitation, New:Emission
Excitation Wavelength Changed: 8/19/2022 12:26:34 PM, Old: 270.00, New: 380.00
Emission Wavelength Changed: 8/19/2022 12:26:34 PM, Old: 520.00, New: 390.00
Stop Wavelength Changed: 8/19/2022 12:26:34 PM, Old: 510.00, New: 700.00
Zero Mode Changed: 8/19/2022 12:26:36 PM, Old:ON, New:Reading
Zero Mode Changed: 8/19/2022 12:26:36 PM, Old:Reading, New:ON
Scan mode: Changed: 8/19/2022 12:27:28 PM, Old:Emission, New:Excitation
Excitation Wavelength Changed: 8/19/2022 12:27:28 PM, Old: 380.00, New: 240.00
Emission Wavelength Changed: 8/19/2022 12:27:28 PM, Old: 390.00, New: 395.00
Stop Wavelength Changed: 8/19/2022 12:27:28 PM, Old: 700.00, New: 385.00
Zero Mode Changed: 8/19/2022 12:27:32 PM, Old:ON, New:Reading
Zero Mode Changed: 8/19/2022 12:27:32 PM, Old:Reading, New:ON
Emission Wavelength Changed: 8/19/2022 12:27:46 PM, Old: 395.00, New: 390.00
Stop Wavelength Changed: 8/19/2022 12:27:46 PM, Old: 385.00, New: 380.00
Zero Mode Changed: 8/19/2022 12:27:47 PM, Old:ON, New:Reading
Zero Mode Changed: 8/19/2022 12:27:47 PM, Old:Reading, New:ON
Scan mode: Changed: 8/19/2022 12:28:31 PM, Old:Excitation, New:Emission
Excitation Wavelength Changed: 8/19/2022 12:28:31 PM, Old: 240.00, New: 330.00
Emission Wavelength Changed: 8/19/2022 12:28:31 PM, Old: 390.00, New: 340.00
Stop Wavelength Changed: 8/19/2022 12:28:31 PM, Old: 380.00, New: 700.00
Zero Mode Changed: 8/19/2022 12:28:32 PM, Old:ON, New:Reading
Zero Mode Changed: 8/19/2022 12:28:33 PM, Old:Reading, New:ON
Scan mode: Changed: 8/19/2022 12:29:35 PM, Old:Emission, New:Excitation
Excitation Wavelength Changed: 8/19/2022 12:29:35 PM, Old: 330.00, New: 240.00
Emission Wavelength Changed: 8/19/2022 12:29:35 PM, Old: 340.00, New: 405.00
Stop Wavelength Changed: 8/19/2022 12:29:35 PM, Old: 700.00, New: 395.00
Zero Mode Changed: 8/19/2022 12:29:38 PM, Old:ON, New:Reading
Zero Mode Changed: 8/19/2022 12:29:38 PM, Old:Reading, New:ON
Scan mode: Changed: 8/19/2022 12:30:37 PM, Old:Excitation, New:Emission
Excitation Wavelength Changed: 8/19/2022 12:30:37 PM, Old: 240.00, New: 335.00
Emission Wavelength Changed: 8/19/2022 12:30:37 PM, Old: 405.00, New: 345.00
Stop Wavelength Changed: 8/19/2022 12:30:37 PM, Old: 395.00, New: 650.00
Zero Mode Changed: 8/19/2022 12:30:39 PM, Old:ON, New:Reading
Zero Mode Changed: 8/19/2022 12:30:39 PM, Old:Reading, New:ON
Scan mode: Changed: 8/19/2022 12:31:30 PM, Old:Emission, New:Excitation
Excitation Wavelength Changed: 8/19/2022 12:31:30 PM, Old: 335.00, New: 240.00
Emission Wavelength Changed: 8/19/2022 12:31:30 PM, Old: 345.00, New: 410.00
Stop Wavelength Changed: 8/19/2022 12:31:30 PM, Old: 650.00, New: 400.00
Zero Mode Changed: 8/19/2022 12:31:33 PM, Old:ON, New:Reading
Zero Mode Changed: 8/19/2022 12:31:34 PM, Old:Reading, New:ON
Emission Wavelength Changed: 8/19/2022 12:32:09 PM, Old: 410.00, New: 420.00
Stop Wavelength Changed: 8/19/2022 12:32:09 PM, Old: 400.00, New: 410.00
Zero Mode Changed: 8/19/2022 12:32:11 PM, Old:ON, New:Reading
Zero Mode Changed: 8/19/2022 12:32:12 PM, Old:Reading, New:ON
Emission Wavelength Changed: 8/19/2022 12:32:51 PM, Old: 420.00, New: 415.00
Stop Wavelength Changed: 8/19/2022 12:32:51 PM, Old: 410.00, New: 405.00
Zero Mode Changed: 8/19/2022 12:32:56 PM, Old:ON, New:Reading
Zero Mode Changed: 8/19/2022 12:32:56 PM, Old:Reading, New:ON
3-D Mode Changed: 8/19/2022 12:36:08 PM, Old:OFF, New:ON
User Delta Stop Changed: 8/19/2022 12:36:08 PM, Old: 520.00, New: 430.00
Emission Wavelength Changed: 8/19/2022 12:36:08 PM, Old: 415.00, New: 400.00
Stop Wavelength Changed: 8/19/2022 12:36:08 PM, Old: 405.00, New: 390.00
Zero Mode Changed: 8/19/2022 12:36:20 PM, Old:ON, New:Reading
Zero Mode Changed: 8/19/2022 12:36:20 PM, Old:Reading, New:ON
Emission Wavelength Changed: 8/19/2022 12:37:00 PM, Old: 400.00, New: 400.15
Emission Wavelength Changed: 8/19/2022 12:37:20 PM, Old: 400.15, New: 400.30
Emission Wavelength Changed: 8/19/2022 12:37:26 PM, Old: 400.30, New: 400.45
Scan mode: Changed: 8/19/2022 12:38:08 PM, Old:Excitation, New:Emission
3-D Mode Changed: 8/19/2022 12:38:08 PM, Old:ON, New:OFF
User Delta Increment Changed: 8/19/2022 12:38:08 PM, Old:   0.15, New:   5.00
Excitation Wavelength Changed: 8/19/2022 12:38:08 PM, Old: 240.00, New: 295.00
Emission Wavelength Changed: 8/19/2022 12:38:08 PM, Old: 400.45, New: 305.00
Stop Wavelength Changed: 8/19/2022 12:38:08 PM, Old: 390.00, New: 550.00
Zero Mode Changed: 8/19/2022 12:38:09 PM, Old:ON, New:Reading
Zero Mode Changed: 8/19/2022 12:38:10 PM, Old:Reading, New:ON
Ex. Slit Width (nm): Changed: 8/19/2022 12:39:13 PM, Old:5, New:10
Excitation Wavelength Changed: 8/19/2022 12:39:13 PM, Old: 295.00, New: 340.00
Emission Wavelength Changed: 8/19/2022 12:39:13 PM, Old: 305.00, New: 350.00
Stop Wavelength Changed: 8/19/2022 12:39:13 PM, Old: 550.00, New: 650.00
Zero Mode Changed: 8/19/2022 12:39:13 PM, Old:ON, New:OFF
Zero Mode Changed: 8/19/2022 12:39:15 PM, Old:OFF, New:Reading
Zero Mode Changed: 8/19/2022 12:39:15 PM, Old:Reading, New:ON
Scan mode: Changed: 8/19/2022 12:40:17 PM, Old:Emission, New:Excitation
User Delta Stop Changed: 8/19/2022 12:40:17 PM, Old: 430.00, New: 530.00
User Delta Increment Changed: 8/19/2022 12:40:17 PM, Old:   5.00, New:   0.15
Excitation Wavelength Changed: 8/19/2022 12:40:17 PM, Old: 340.00, New: 240.00
Emission Wavelength Changed: 8/19/2022 12:40:17 PM, Old: 350.00, New: 530.00
Stop Wavelength Changed: 8/19/2022 12:40:17 PM, Old: 650.00, New: 520.00
Zero Mode Changed: 8/19/2022 12:40:20 PM, Old:ON, New:Reading
Zero Mode Changed: 8/19/2022 12:40:21 PM, Old:Reading, New:ON
Scan mode: Changed: 8/19/2022 12:41:51 PM, Old:Excitation, New:Emission
Ex. Slit Width (nm): Changed: 8/19/2022 12:41:51 PM, Old:10, New:5
Excitation Wavelength Changed: 8/19/2022 12:41:51 PM, Old: 240.00, New: 455.00
Emission Wavelength Changed: 8/19/2022 12:41:51 PM, Old: 530.00, New: 465.00
Stop Wavelength Changed: 8/19/2022 12:41:51 PM, Old: 520.00, New: 700.00
Zero Mode Changed: 8/19/2022 12:41:51 PM, Old:ON, New:OFF
Zero Mode Changed: 8/19/2022 12:41:53 PM, Old:OFF, New:Reading
Zero Mode Changed: 8/19/2022 12:41:54 PM, Old:Reading, New:ON
Scan mode: Changed: 8/19/2022 12:42:51 PM, Old:Emission, New:Excitation
Excitation Wavelength Changed: 8/19/2022 12:42:51 PM, Old: 455.00, New: 290.00
Emission Wavelength Changed: 8/19/2022 12:42:51 PM, Old: 465.00, New: 530.00
Stop Wavelength Changed: 8/19/2022 12:42:51 PM, Old: 700.00, New: 520.00
Zero Mode Changed: 8/19/2022 12:42:54 PM, Old:ON, New:Reading
Zero Mode Changed: 8/19/2022 12:42:54 PM, Old:Reading, New:ON
Scan mode: Changed: 8/19/2022 12:44:03 PM, Old:Excitation, New:Emission
Excitation Wavelength Changed: 8/19/2022 12:44:03 PM, Old: 290.00, New: 420.00
Emission Wavelength Changed: 8/19/2022 12:44:03 PM, Old: 530.00, New: 430.00
Stop Wavelength Changed: 8/19/2022 12:44:03 PM, Old: 520.00, New: 700.00
Zero Mode Changed: 8/19/2022 12:44:05 PM, Old:ON, New:Reading
Zero Mode Changed: 8/19/2022 12:44:05 PM, Old:Reading, New:ON
Excitation Wavelength Changed: 8/19/2022 12:44:53 PM, Old: 420.00, New: 330.00
Emission Wavelength Changed: 8/19/2022 12:44:53 PM, Old: 430.00, New: 340.00
Stop Wavelength Changed: 8/19/2022 12:44:53 PM, Old: 700.00, New: 650.00
Zero Mode Changed: 8/19/2022 12:44:56 PM, Old:ON, New:Reading
Zero Mode Changed: 8/19/2022 12:44:56 PM, Old:Reading, New:ON
Scan mode: Changed: 8/19/2022 12:45:51 PM, Old:Emission, New:Excitation
Excitation Wavelength Changed: 8/19/2022 12:45:51 PM, Old: 330.00, New: 240.00
Emission Wavelength Changed: 8/19/2022 12:45:51 PM, Old: 340.00, New: 420.00
Stop Wavelength Changed: 8/19/2022 12:45:51 PM, Old: 650.00, New: 410.00
Zero Mode Changed: 8/19/2022 12:45:54 PM, Old:ON, New:Reading
Zero Mode Changed: 8/19/2022 12:45:55 PM, Old:Reading, New:ON
Scan mode: Changed: 8/19/2022 12:46:45 PM, Old:Excitation, New:Emission
Excitation Wavelength Changed: 8/19/2022 12:46:45 PM, Old: 240.00, New: 355.00
Emission Wavelength Changed: 8/19/2022 12:46:45 PM, Old: 420.00, New: 365.00
Stop Wavelength Changed: 8/19/2022 12:46:45 PM, Old: 410.00, New: 700.00
Zero Mode Changed: 8/19/2022 12:46:47 PM, Old:ON, New:Reading
Zero Mode Changed: 8/19/2022 12:46:47 PM, Old:Reading, New:ON
Scan mode: Changed: 8/19/2022 12:47:42 PM, Old:Emission, New:Excitation
Excitation Wavelength Changed: 8/19/2022 12:47:42 PM, Old: 355.00, New: 240.00
Emission Wavelength Changed: 8/19/2022 12:47:42 PM, Old: 365.00, New: 455.00
Stop Wavelength Changed: 8/19/2022 12:47:42 PM, Old: 700.00, New: 445.00
Zero Mode Changed: 8/19/2022 12:47:45 PM, Old:ON, New:Reading
Zero Mode Changed: 8/19/2022 12:47:45 PM, Old:Reading, New:ON
Scan mode: Changed: 8/19/2022 12:48:35 PM, Old:Excitation, New:Emission
Excitation Wavelength Changed: 8/19/2022 12:48:35 PM, Old: 240.00, New: 390.00
Emission Wavelength Changed: 8/19/2022 12:48:35 PM, Old: 455.00, New: 400.00
Stop Wavelength Changed: 8/19/2022 12:48:35 PM, Old: 445.00, New: 700.00
Zero Mode Changed: 8/19/2022 12:48:37 PM, Old:ON, New:Reading
Zero Mode Changed: 8/19/2022 12:48:37 PM, Old:Reading, New:ON
End Method Modifications

CdSe 180sec em460,
CdSe 180sec em460
Collection Time: 8/19/2022 12:49:36 PM
Operator Name  :
Scan Software Version: 1.1(132)
Parameter List :
Instrument                        Cary Eclipse
Instrument Serial Number          E08013467
Data mode                         Fluorescence
Scan mode                         Excitation
X Mode                            Wavelength (nm)
Start (nm)                        240.00
Stop (nm)                         450.00
Em. Wavelength (nm)               460.00
Ex. Slit (nm)                     5
Em. Slit (nm)                     5
Scan rate (nm/min)                600.00
Data interval (nm)                1.0000
Averaging Time (s)                0.1000
Excitation filter                 Auto
Emission filter                   Open
PMT voltage (V)                   Medium
Corrected spectra                 OFF
Method Log     :
Method Name    : Default
Date/Time stamp: 8/19/2022 12:23:28 PM
Method Modifications:
Overlayed Graphs Changed: 8/19/2022 12:24:53 PM, Old:OFF, New:ON
Y max Changed: 8/19/2022 12:24:53 PM, Old:  1000.0000, New:   300.0000
Excitation Wavelength Changed: 8/19/2022 12:27:20 PM, Old: 350.00, New: 300.00
Emission Wavelength Changed: 8/19/2022 12:27:20 PM, Old: 400.00, New: 310.00
Stop Wavelength Changed: 8/19/2022 12:27:20 PM, Old: 600.00, New: 500.00
Zero Mode Changed: 8/19/2022 12:27:22 PM, Old:OFF, New:Reading
Zero Mode Changed: 8/19/2022 12:27:22 PM, Old:Reading, New:ON
Scan mode: Changed: 8/19/2022 12:28:28 PM, Old:Emission, New:Excitation
Excitation Wavelength Changed: 8/19/2022 12:28:28 PM, Old: 300.00, New: 240.00
Emission Wavelength Changed: 8/19/2022 12:28:28 PM, Old: 310.00, New: 400.00
Stop Wavelength Changed: 8/19/2022 12:28:28 PM, Old: 500.00, New: 390.00
Zero Mode Changed: 8/19/2022 12:28:31 PM, Old:ON, New:Reading
Zero Mode Changed: 8/19/2022 12:28:31 PM, Old:Reading, New:ON
Scan mode: Changed: 8/19/2022 12:29:17 PM, Old:Excitation, New:Emission
Excitation Wavelength Changed: 8/19/2022 12:29:17 PM, Old: 240.00, New: 330.00
Emission Wavelength Changed: 8/19/2022 12:29:17 PM, Old: 400.00, New: 340.00
Stop Wavelength Changed: 8/19/2022 12:29:17 PM, Old: 390.00, New: 500.00
Zero Mode Changed: 8/19/2022 12:29:19 PM, Old:ON, New:Reading
Zero Mode Changed: 8/19/2022 12:29:19 PM, Old:Reading, New:ON
Scan mode: Changed: 8/19/2022 12:30:02 PM, Old:Emission, New:Excitation
Excitation Wavelength Changed: 8/19/2022 12:30:02 PM, Old: 330.00, New: 240.00
Emission Wavelength Changed: 8/19/2022 12:30:02 PM, Old: 340.00, New: 410.00
Stop Wavelength Changed: 8/19/2022 12:30:02 PM, Old: 500.00, New: 400.00
Zero Mode Changed: 8/19/2022 12:30:08 PM, Old:ON, New:Reading
Zero Mode Changed: 8/19/2022 12:30:08 PM, Old:Reading, New:ON
Scan mode: Changed: 8/19/2022 12:30:53 PM, Old:Excitation, New:Emission
Excitation Wavelength Changed: 8/19/2022 12:30:53 PM, Old: 240.00, New: 335.00
Emission Wavelength Changed: 8/19/2022 12:30:53 PM, Old: 410.00, New: 345.00
Stop Wavelength Changed: 8/19/2022 12:30:53 PM, Old: 400.00, New: 600.00
Zero Mode Changed: 8/19/2022 12:30:55 PM, Old:ON, New:Reading
Zero Mode Changed: 8/19/2022 12:30:55 PM, Old:Reading, New:ON
Zero Mode Changed: 8/19/2022 12:34:51 PM, Old:ON, New:Reading
Zero Mode Changed: 8/19/2022 12:34:51 PM, Old:Reading, New:ON
Scan mode: Changed: 8/19/2022 12:35:39 PM, Old:Emission, New:Excitation
Excitation Wavelength Changed: 8/19/2022 12:35:39 PM, Old: 335.00, New: 240.00
Emission Wavelength Changed: 8/19/2022 12:35:39 PM, Old: 345.00, New: 410.00
Stop Wavelength Changed: 8/19/2022 12:35:39 PM, Old: 600.00, New: 400.00
Zero Mode Changed: 8/19/2022 12:35:42 PM, Old:ON, New:Reading
Zero Mode Changed: 8/19/2022 12:35:43 PM, Old:Reading, New:ON
Scan mode: Changed: 8/19/2022 12:36:52 PM, Old:Excitation, New:Emission
Excitation Wavelength Changed: 8/19/2022 12:36:52 PM, Old: 240.00, New: 300.00
Emission Wavelength Changed: 8/19/2022 12:36:52 PM, Old: 410.00, New: 310.00
Stop Wavelength Changed: 8/19/2022 12:36:52 PM, Old: 400.00, New: 600.00
Zero Mode Changed: 8/19/2022 12:36:54 PM, Old:ON, New:Reading
Zero Mode Changed: 8/19/2022 12:36:54 PM, Old:Reading, New:ON
Scan mode: Changed: 8/19/2022 12:37:46 PM, Old:Emission, New:Excitation
Excitation Wavelength Changed: 8/19/2022 12:37:46 PM, Old: 300.00, New: 240.00
Emission Wavelength Changed: 8/19/2022 12:37:46 PM, Old: 310.00, New: 350.00
Stop Wavelength Changed: 8/19/2022 12:37:46 PM, Old: 600.00, New: 340.00
Zero Mode Changed: 8/19/2022 12:37:49 PM, Old:ON, New:Reading
Zero Mode Changed: 8/19/2022 12:37:49 PM, Old:Reading, New:ON
Scan mode: Changed: 8/19/2022 12:38:28 PM, Old:Excitation, New:Emission
Excitation Wavelength Changed: 8/19/2022 12:38:28 PM, Old: 240.00, New: 295.00
Emission Wavelength Changed: 8/19/2022 12:38:28 PM, Old: 350.00, New: 305.00
Stop Wavelength Changed: 8/19/2022 12:38:28 PM, Old: 340.00, New: 550.00
Zero Mode Changed: 8/19/2022 12:38:31 PM, Old:ON, New:Reading
Zero Mode Changed: 8/19/2022 12:38:31 PM, Old:Reading, New:ON
Scan Control Changed: 8/19/2022 12:39:12 PM, Old:Medium, New:Slow
Ave. time (s): Changed: 8/19/2022 12:39:12 PM, Old:0.10000, New:0.50000
Zero Mode Changed: 8/19/2022 12:39:14 PM, Old:ON, New:Reading
Zero Mode Changed: 8/19/2022 12:39:14 PM, Old:Reading, New:ON
Excitation Wavelength Changed: 8/19/2022 12:41:46 PM, Old: 295.00, New: 335.00
Emission Wavelength Changed: 8/19/2022 12:41:46 PM, Old: 305.00, New: 345.00
Stop Wavelength Changed: 8/19/2022 12:41:46 PM, Old: 550.00, New: 600.00
Zero Mode Changed: 8/19/2022 12:41:49 PM, Old:ON, New:Reading
Zero Mode Changed: 8/19/2022 12:41:50 PM, Old:Reading, New:ON
Scan mode: Changed: 8/19/2022 12:46:36 PM, Old:Emission, New:Excitation
Excitation Wavelength Changed: 8/19/2022 12:46:36 PM, Old: 335.00, New: 240.00
Emission Wavelength Changed: 8/19/2022 12:46:36 PM, Old: 345.00, New: 410.00
Stop Wavelength Changed: 8/19/2022 12:46:36 PM, Old: 600.00, New: 400.00
Zero Mode Changed: 8/19/2022 12:46:39 PM, Old:ON, New:Reading
Zero Mode Changed: 8/19/2022 12:46:40 PM, Old:Reading, New:ON
Scan Control Changed: 8/19/2022 12:50:26 PM, Old:Slow, New:Medium
Ave. time (s): Changed: 8/19/2022 12:50:26 PM, Old:0.50000, New:0.10000
Zero Mode Changed: 8/19/2022 12:50:27 PM, Old:ON, New:Reading
Zero Mode Changed: 8/19/2022 12:50:27 PM, Old:Reading, New:ON
Scan mode: Changed: 8/19/2022 12:51:32 PM, Old:Excitation, New:Emission
Excitation Wavelength Changed: 8/19/2022 12:51:32 PM, Old: 240.00, New: 337.00
Emission Wavelength Changed: 8/19/2022 12:51:32 PM, Old: 410.00, New: 347.00
Stop Wavelength Changed: 8/19/2022 12:51:32 PM, Old: 400.00, New: 600.00
Zero Mode Changed: 8/19/2022 12:51:34 PM, Old:ON, New:Reading
Zero Mode Changed: 8/19/2022 12:51:35 PM, Old:Reading, New:ON
Scan mode: Changed: 8/19/2022 12:52:30 PM, Old:Emission, New:Excitation
Excitation Wavelength Changed: 8/19/2022 12:52:30 PM, Old: 337.00, New: 240.00
Emission Wavelength Changed: 8/19/2022 12:52:30 PM, Old: 347.00, New: 415.00
Stop Wavelength Changed: 8/19/2022 12:52:30 PM, Old: 600.00, New: 400.00
Zero Mode Changed: 8/19/2022 12:52:33 PM, Old:ON, New:Reading
Zero Mode Changed: 8/19/2022 12:52:33 PM, Old:Reading, New:ON
Scan mode: Changed: 8/19/2022 12:53:13 PM, Old:Excitation, New:Emission
Excitation Wavelength Changed: 8/19/2022 12:53:13 PM, Old: 240.00, New: 340.00
Emission Wavelength Changed: 8/19/2022 12:53:13 PM, Old: 415.00, New: 350.00
Stop Wavelength Changed: 8/19/2022 12:53:13 PM, Old: 400.00, New: 600.00
Zero Mode Changed: 8/19/2022 12:53:15 PM, Old:ON, New:Reading
Zero Mode Changed: 8/19/2022 12:53:15 PM, Old:Reading, New:ON
Zero Mode Changed: 8/19/2022 12:54:45 PM, Old:ON, New:Reading
Zero Mode Changed: 8/19/2022 12:54:46 PM, Old:Reading, New:ON
Zero Mode Changed: 8/19/2022 12:54:49 PM, Old:ON, New:Reading
Zero Mode Changed: 8/19/2022 12:54:49 PM, Old:Reading, New:ON
Scan Control Changed: 8/19/2022 12:54:51 PM, Old:Medium, New:Slow
Ave. time (s): Changed: 8/19/2022 12:54:51 PM, Old:0.10000, New:0.50000
Zero Mode Changed: 8/19/2022 12:54:55 PM, Old:ON, New:Reading
Zero Mode Changed: 8/19/2022 12:54:56 PM, Old:Reading, New:ON
Scan mode: Changed: 8/19/2022 12:57:28 PM, Old:Emission, New:Excitation
Excitation Wavelength Changed: 8/19/2022 12:57:28 PM, Old: 340.00, New: 240.00
Emission Wavelength Changed: 8/19/2022 12:57:28 PM, Old: 350.00, New: 420.00
Stop Wavelength Changed: 8/19/2022 12:57:28 PM, Old: 600.00, New: 410.00
Zero Mode Changed: 8/19/2022 12:57:31 PM, Old:ON, New:Reading
Zero Mode Changed: 8/19/2022 12:57:31 PM, Old:Reading, New:ON
Scan mode: Changed: 8/19/2022 12:59:36 PM, Old:Excitation, New:Emission
Excitation Wavelength Changed: 8/19/2022 12:59:36 PM, Old: 240.00, New: 295.00
Emission Wavelength Changed: 8/19/2022 12:59:36 PM, Old: 420.00, New: 305.00
Stop Wavelength Changed: 8/19/2022 12:59:36 PM, Old: 410.00, New: 550.00
Scan Control Changed: 8/19/2022 12:59:41 PM, Old:Slow, New:Medium
Ave. time (s): Changed: 8/19/2022 12:59:41 PM, Old:0.50000, New:0.10000
Zero Mode Changed: 8/19/2022 12:59:44 PM, Old:ON, New:Reading
Zero Mode Changed: 8/19/2022 12:59:44 PM, Old:Reading, New:ON
Scan mode: Changed: 8/19/2022 1:00:36 PM, Old:Emission, New:Excitation
Excitation Wavelength Changed: 8/19/2022 1:00:36 PM, Old: 295.00, New: 240.00
Emission Wavelength Changed: 8/19/2022 1:00:36 PM, Old: 305.00, New: 350.00
Stop Wavelength Changed: 8/19/2022 1:00:36 PM, Old: 550.00, New: 340.00
Zero Mode Changed: 8/19/2022 1:00:45 PM, Old:ON, New:Reading
Zero Mode Changed: 8/19/2022 1:00:45 PM, Old:Reading, New:ON
Zero Mode Changed: 8/19/2022 1:01:25 PM, Old:ON, New:Reading
Zero Mode Changed: 8/19/2022 1:01:25 PM, Old:Reading, New:ON
Emission Wavelength Changed: 8/19/2022 1:04:06 PM, Old: 350.00, New: 420.00
Stop Wavelength Changed: 8/19/2022 1:04:06 PM, Old: 340.00, New: 410.00
Zero Mode Changed: 8/19/2022 1:04:08 PM, Old:ON, New:Reading
Zero Mode Changed: 8/19/2022 1:04:08 PM, Old:Reading, New:ON
Scan mode: Changed: 8/19/2022 1:04:55 PM, Old:Excitation, New:Emission
Excitation Wavelength Changed: 8/19/2022 1:04:55 PM, Old: 240.00, New: 330.00
Emission Wavelength Changed: 8/19/2022 1:04:55 PM, Old: 420.00, New: 340.00
Stop Wavelength Changed: 8/19/2022 1:04:55 PM, Old: 410.00, New: 600.00
Zero Mode Changed: 8/19/2022 1:04:56 PM, Old:ON, New:Reading
Zero Mode Changed: 8/19/2022 1:04:57 PM, Old:Reading, New:ON
Scan mode: Changed: 8/19/2022 1:06:34 PM, Old:Emission, New:Excitation
User Delta Stop Changed: 8/19/2022 1:06:34 PM, Old: 450.00, New: 470.00
User Delta Increment Changed: 8/19/2022 1:06:34 PM, Old:  10.00, New:   0.15
Excitation Wavelength Changed: 8/19/2022 1:06:34 PM, Old: 330.00, New: 240.00
Emission Wavelength Changed: 8/19/2022 1:06:34 PM, Old: 340.00, New: 470.00
Stop Wavelength Changed: 8/19/2022 1:06:34 PM, Old: 600.00, New: 460.00
Zero Mode Changed: 8/19/2022 1:06:37 PM, Old:ON, New:Reading
Zero Mode Changed: 8/19/2022 1:06:37 PM, Old:Reading, New:ON
Scan mode: Changed: 8/19/2022 1:07:26 PM, Old:Excitation, New:Emission
Excitation Wavelength Changed: 8/19/2022 1:07:26 PM, Old: 240.00, New: 355.00
Emission Wavelength Changed: 8/19/2022 1:07:26 PM, Old: 470.00, New: 365.00
Stop Wavelength Changed: 8/19/2022 1:07:26 PM, Old: 460.00, New: 600.00
Zero Mode Changed: 8/19/2022 1:07:27 PM, Old:ON, New:Reading
Zero Mode Changed: 8/19/2022 1:07:27 PM, Old:Reading, New:ON
Scan mode: Changed: 8/19/2022 1:08:25 PM, Old:Emission, New:Excitation
User Delta Stop Changed: 8/19/2022 1:08:25 PM, Old: 470.00, New: 520.00
Excitation Wavelength Changed: 8/19/2022 1:08:25 PM, Old: 355.00, New: 270.00
Emission Wavelength Changed: 8/19/2022 1:08:25 PM, Old: 365.00, New: 520.00
Stop Wavelength Changed: 8/19/2022 1:08:25 PM, Old: 600.00, New: 510.00
Zero Mode Changed: 8/19/2022 1:08:29 PM, Old:ON, New:Reading
Zero Mode Changed: 8/19/2022 1:08:29 PM, Old:Reading, New:ON
Scan mode: Changed: 8/19/2022 1:09:40 PM, Old:Excitation, New:Emission
Excitation Wavelength Changed: 8/19/2022 1:09:40 PM, Old: 270.00, New: 345.00
Emission Wavelength Changed: 8/19/2022 1:09:40 PM, Old: 520.00, New: 355.00
Stop Wavelength Changed: 8/19/2022 1:09:40 PM, Old: 510.00, New: 600.00
Zero Mode Changed: 8/19/2022 1:09:42 PM, Old:ON, New:Reading
Zero Mode Changed: 8/19/2022 1:09:43 PM, Old:Reading, New:ON
Scan Control Changed: 8/19/2022 1:12:27 PM, Old:Medium, New:Slow
Ave. time (s): Changed: 8/19/2022 1:12:27 PM, Old:0.10000, New:0.50000
Zero Mode Changed: 8/19/2022 1:12:29 PM, Old:ON, New:Reading
Zero Mode Changed: 8/19/2022 1:12:30 PM, Old:Reading, New:ON
Scan mode: Changed: 8/19/2022 1:15:37 PM, Old:Emission, New:Excitation
Excitation Wavelength Changed: 8/19/2022 1:15:37 PM, Old: 345.00, New: 240.00
Emission Wavelength Changed: 8/19/2022 1:15:37 PM, Old: 355.00, New: 455.00
Stop Wavelength Changed: 8/19/2022 1:15:37 PM, Old: 600.00, New: 445.00
Zero Mode Changed: 8/19/2022 1:15:40 PM, Old:ON, New:Reading
Zero Mode Changed: 8/19/2022 1:15:41 PM, Old:Reading, New:ON
Scan mode: Changed: 8/19/2022 1:19:58 PM, Old:Excitation, New:Emission
Scan Control Changed: 8/19/2022 1:19:58 PM, Old:Slow, New:Medium
Ave. time (s): Changed: 8/19/2022 1:19:58 PM, Old:0.50000, New:0.10000
Excitation Wavelength Changed: 8/19/2022 1:19:58 PM, Old: 240.00, New: 295.00
Emission Wavelength Changed: 8/19/2022 1:19:58 PM, Old: 455.00, New: 305.00
Stop Wavelength Changed: 8/19/2022 1:19:58 PM, Old: 445.00, New: 550.00
Zero Mode Changed: 8/19/2022 1:20:00 PM, Old:ON, New:Reading
Zero Mode Changed: 8/19/2022 1:20:00 PM, Old:Reading, New:ON
Scan mode: Changed: 8/19/2022 12:22:27 PM, Old:Emission, New:Excitation
Excitation Wavelength Changed: 8/19/2022 12:22:27 PM, Old: 295.00, New: 240.00
Emission Wavelength Changed: 8/19/2022 12:22:27 PM, Old: 305.00, New: 350.00
Stop Wavelength Changed: 8/19/2022 12:22:27 PM, Old: 550.00, New: 340.00
Zero Mode Changed: 8/19/2022 12:22:31 PM, Old:ON, New:Reading
Zero Mode Changed: 8/19/2022 12:22:31 PM, Old:Reading, New:ON
Emission Wavelength Changed: 8/19/2022 12:35:02 PM, Old: 350.00, New: 420.00
Stop Wavelength Changed: 8/19/2022 12:35:02 PM, Old: 340.00, New: 410.00
Zero Mode Changed: 8/19/2022 12:35:04 PM, Old:ON, New:Reading
Zero Mode Changed: 8/19/2022 12:35:05 PM, Old:Reading, New:ON
Scan mode: Changed: 8/19/2022 12:36:08 PM, Old:Excitation, New:Emission
Excitation Wavelength Changed: 8/19/2022 12:36:08 PM, Old: 240.00, New: 360.00
Emission Wavelength Changed: 8/19/2022 12:36:08 PM, Old: 420.00, New: 370.00
Stop Wavelength Changed: 8/19/2022 12:36:08 PM, Old: 410.00, New: 700.00
Zero Mode Changed: 8/19/2022 12:36:09 PM, Old:ON, New:Reading
Zero Mode Changed: 8/19/2022 12:36:10 PM, Old:Reading, New:ON
Scan mode: Changed: 8/19/2022 12:37:08 PM, Old:Emission, New:Excitation
Excitation Wavelength Changed: 8/19/2022 12:37:08 PM, Old: 360.00, New: 240.00
Emission Wavelength Changed: 8/19/2022 12:37:08 PM, Old: 370.00, New: 440.00
Stop Wavelength Changed: 8/19/2022 12:37:08 PM, Old: 700.00, New: 430.00
Zero Mode Changed: 8/19/2022 12:37:11 PM, Old:ON, New:Reading
Zero Mode Changed: 8/19/2022 12:37:11 PM, Old:Reading, New:ON
Scan mode: Changed: 8/19/2022 12:38:01 PM, Old:Excitation, New:Emission
Excitation Wavelength Changed: 8/19/2022 12:38:01 PM, Old: 240.00, New: 365.00
Emission Wavelength Changed: 8/19/2022 12:38:01 PM, Old: 440.00, New: 375.00
Stop Wavelength Changed: 8/19/2022 12:38:01 PM, Old: 430.00, New: 700.00
Zero Mode Changed: 8/19/2022 12:38:03 PM, Old:ON, New:Reading
Zero Mode Changed: 8/19/2022 12:38:04 PM, Old:Reading, New:ON
Excitation Wavelength Changed: 8/19/2022 12:38:57 PM, Old: 365.00, New: 370.00
Emission Wavelength Changed: 8/19/2022 12:38:57 PM, Old: 375.00, New: 380.00
Zero Mode Changed: 8/19/2022 12:38:58 PM, Old:ON, New:Reading
Zero Mode Changed: 8/19/2022 12:38:59 PM, Old:Reading, New:ON
Scan mode: Changed: 8/19/2022 12:40:00 PM, Old:Emission, New:Excitation
Excitation Wavelength Changed: 8/19/2022 12:40:00 PM, Old: 370.00, New: 240.00
Emission Wavelength Changed: 8/19/2022 12:40:00 PM, Old: 380.00, New: 512.00
Stop Wavelength Changed: 8/19/2022 12:40:00 PM, Old: 700.00, New: 500.00
Zero Mode Changed: 8/19/2022 12:40:03 PM, Old:ON, New:Reading
Zero Mode Changed: 8/19/2022 12:40:04 PM, Old:Reading, New:ON
Scan mode: Changed: 8/19/2022 12:40:57 PM, Old:Excitation, New:Emission
Excitation Wavelength Changed: 8/19/2022 12:40:57 PM, Old: 240.00, New: 400.00
Emission Wavelength Changed: 8/19/2022 12:40:57 PM, Old: 512.00, New: 410.00
Stop Wavelength Changed: 8/19/2022 12:40:57 PM, Old: 500.00, New: 700.00
Zero Mode Changed: 8/19/2022 12:40:59 PM, Old:ON, New:Reading
Zero Mode Changed: 8/19/2022 12:41:00 PM, Old:Reading, New:ON
Scan mode: Changed: 8/19/2022 12:41:45 PM, Old:Emission, New:Excitation
Excitation Wavelength Changed: 8/19/2022 12:41:45 PM, Old: 400.00, New: 240.00
Emission Wavelength Changed: 8/19/2022 12:41:45 PM, Old: 410.00, New: 515.00
Stop Wavelength Changed: 8/19/2022 12:41:45 PM, Old: 700.00, New: 505.00
Zero Mode Changed: 8/19/2022 12:41:48 PM, Old:ON, New:Reading
Zero Mode Changed: 8/19/2022 12:41:49 PM, Old:Reading, New:ON
Emission Wavelength Changed: 8/19/2022 12:42:40 PM, Old: 515.00, New: 435.00
Stop Wavelength Changed: 8/19/2022 12:42:40 PM, Old: 505.00, New: 425.00
Zero Mode Changed: 8/19/2022 12:42:43 PM, Old:ON, New:Reading
Zero Mode Changed: 8/19/2022 12:42:43 PM, Old:Reading, New:ON
Scan mode: Changed: 8/19/2022 12:43:33 PM, Old:Excitation, New:Emission
Excitation Wavelength Changed: 8/19/2022 12:43:33 PM, Old: 240.00, New: 295.00
Emission Wavelength Changed: 8/19/2022 12:43:33 PM, Old: 435.00, New: 305.00
Stop Wavelength Changed: 8/19/2022 12:43:33 PM, Old: 425.00, New: 550.00
Zero Mode Changed: 8/19/2022 12:43:35 PM, Old:ON, New:Reading
Zero Mode Changed: 8/19/2022 12:43:35 PM, Old:Reading, New:ON
Scan mode: Changed: 8/19/2022 12:44:33 PM, Old:Emission, New:Excitation
Excitation Wavelength Changed: 8/19/2022 12:44:33 PM, Old: 295.00, New: 240.00
Emission Wavelength Changed: 8/19/2022 12:44:33 PM, Old: 305.00, New: 400.00
Stop Wavelength Changed: 8/19/2022 12:44:33 PM, Old: 550.00, New: 390.00
Zero Mode Changed: 8/19/2022 12:44:36 PM, Old:ON, New:Reading
Zero Mode Changed: 8/19/2022 12:44:37 PM, Old:Reading, New:ON
Scan mode: Changed: 8/19/2022 12:45:20 PM, Old:Excitation, New:Emission
Excitation Wavelength Changed: 8/19/2022 12:45:20 PM, Old: 240.00, New: 340.00
Emission Wavelength Changed: 8/19/2022 12:45:20 PM, Old: 400.00, New: 350.00
Stop Wavelength Changed: 8/19/2022 12:45:20 PM, Old: 390.00, New: 650.00
Zero Mode Changed: 8/19/2022 12:45:22 PM, Old:ON, New:Reading
Zero Mode Changed: 8/19/2022 12:45:22 PM, Old:Reading, New:ON
Scan mode: Changed: 8/19/2022 12:46:17 PM, Old:Emission, New:Excitation
Excitation Wavelength Changed: 8/19/2022 12:46:17 PM, Old: 340.00, New: 240.00
Emission Wavelength Changed: 8/19/2022 12:46:17 PM, Old: 350.00, New: 425.00
Stop Wavelength Changed: 8/19/2022 12:46:17 PM, Old: 650.00, New: 415.00
Zero Mode Changed: 8/19/2022 12:46:20 PM, Old:ON, New:Reading
Zero Mode Changed: 8/19/2022 12:46:21 PM, Old:Reading, New:ON
Scan mode: Changed: 8/19/2022 12:47:03 PM, Old:Excitation, New:Emission
Excitation Wavelength Changed: 8/19/2022 12:47:03 PM, Old: 240.00, New: 385.00
Emission Wavelength Changed: 8/19/2022 12:47:03 PM, Old: 425.00, New: 395.00
Stop Wavelength Changed: 8/19/2022 12:47:03 PM, Old: 415.00, New: 700.00
Zero Mode Changed: 8/19/2022 12:47:05 PM, Old:ON, New:Reading
Zero Mode Changed: 8/19/2022 12:47:05 PM, Old:Reading, New:ON
Excitation Wavelength Changed: 8/19/2022 12:47:56 PM, Old: 385.00, New: 365.00
Emission Wavelength Changed: 8/19/2022 12:47:56 PM, Old: 395.00, New: 375.00
Zero Mode Changed: 8/19/2022 12:47:59 PM, Old:ON, New:Reading
Zero Mode Changed: 8/19/2022 12:47:59 PM, Old:Reading, New:ON
3-D Mode Changed: 8/19/2022 12:50:41 PM, Old:OFF, New:ON
User Delta Stop Changed: 8/19/2022 12:50:41 PM, Old: 520.00, New: 400.00
User Delta Increment Changed: 8/19/2022 12:50:41 PM, Old:   0.15, New:   5.00
Excitation Wavelength Changed: 8/19/2022 12:50:41 PM, Old: 365.00, New: 330.00
Emission Wavelength Changed: 8/19/2022 12:50:41 PM, Old: 375.00, New: 410.00
Zero Mode Changed: 8/19/2022 12:50:43 PM, Old:ON, New:Reading
Zero Mode Changed: 8/19/2022 12:50:43 PM, Old:Reading, New:ON
Excitation Wavelength Changed: 8/19/2022 12:51:25 PM, Old: 330.00, New: 335.00
Excitation Wavelength Changed: 8/19/2022 12:51:55 PM, Old: 335.00, New: 340.00
Excitation Wavelength Changed: 8/19/2022 12:52:25 PM, Old: 340.00, New: 345.00
Excitation Wavelength Changed: 8/19/2022 12:52:55 PM, Old: 345.00, New: 350.00
Excitation Wavelength Changed: 8/19/2022 12:53:25 PM, Old: 350.00, New: 355.00
Excitation Wavelength Changed: 8/19/2022 12:53:55 PM, Old: 355.00, New: 360.00
Excitation Wavelength Changed: 8/19/2022 12:54:26 PM, Old: 360.00, New: 365.00
Excitation Wavelength Changed: 8/19/2022 12:54:56 PM, Old: 365.00, New: 370.00
Excitation Wavelength Changed: 8/19/2022 12:55:26 PM, Old: 370.00, New: 375.00
Excitation Wavelength Changed: 8/19/2022 12:55:56 PM, Old: 375.00, New: 380.00
Excitation Wavelength Changed: 8/19/2022 12:56:26 PM, Old: 380.00, New: 385.00
Excitation Wavelength Changed: 8/19/2022 12:56:56 PM, Old: 385.00, New: 390.00
Excitation Wavelength Changed: 8/19/2022 12:57:27 PM, Old: 390.00, New: 395.00
Excitation Wavelength Changed: 8/19/2022 12:57:57 PM, Old: 395.00, New: 400.00
Excitation Wavelength Changed: 8/19/2022 12:58:27 PM, Old: 400.00, New: 330.00
Excitation Wavelength Changed: 8/19/2022 1:09:07 PM, Old: 330.00, New: 295.00
Emission Wavelength Changed: 8/19/2022 1:09:07 PM, Old: 410.00, New: 305.00
Stop Wavelength Changed: 8/19/2022 1:09:07 PM, Old: 700.00, New: 550.00
Zero Mode Changed: 8/19/2022 1:09:08 PM, Old:ON, New:Reading
Zero Mode Changed: 8/19/2022 1:09:08 PM, Old:Reading, New:ON
Excitation Wavelength Changed: 8/19/2022 1:09:59 PM, Old: 295.00, New: 300.00
Excitation Wavelength Changed: 8/19/2022 1:10:08 PM, Old: 300.00, New: 305.00
3-D Mode Changed: 8/19/2022 1:10:15 PM, Old:ON, New:OFF
Excitation Wavelength Changed: 8/19/2022 1:10:15 PM, Old: 305.00, New: 295.00
Zero Mode Changed: 8/19/2022 1:10:16 PM, Old:ON, New:Reading
Zero Mode Changed: 8/19/2022 1:10:17 PM, Old:Reading, New:ON
Scan mode: Changed: 8/19/2022 1:10:57 PM, Old:Emission, New:Excitation
User Delta Increment Changed: 8/19/2022 1:10:57 PM, Old:   5.00, New:   0.15
Excitation Wavelength Changed: 8/19/2022 1:10:57 PM, Old: 295.00, New: 240.00
Emission Wavelength Changed: 8/19/2022 1:10:57 PM, Old: 305.00, New: 400.00
Stop Wavelength Changed: 8/19/2022 1:10:57 PM, Old: 550.00, New: 390.00
Zero Mode Changed: 8/19/2022 1:11:03 PM, Old:ON, New:Reading
Zero Mode Changed: 8/19/2022 1:11:03 PM, Old:Reading, New:ON
Scan mode: Changed: 8/19/2022 1:11:48 PM, Old:Excitation, New:Emission
Excitation Wavelength Changed: 8/19/2022 1:11:48 PM, Old: 240.00, New: 330.00
Emission Wavelength Changed: 8/19/2022 1:11:48 PM, Old: 400.00, New: 340.00
Stop Wavelength Changed: 8/19/2022 1:11:48 PM, Old: 390.00, New: 600.00
Zero Mode Changed: 8/19/2022 1:11:50 PM, Old:ON, New:Reading
Zero Mode Changed: 8/19/2022 1:11:51 PM, Old:Reading, New:ON
Scan mode: Changed: 8/19/2022 1:12:42 PM, Old:Emission, New:Excitation
Excitation Wavelength Changed: 8/19/2022 1:12:42 PM, Old: 330.00, New: 220.00
Emission Wavelength Changed: 8/19/2022 1:12:42 PM, Old: 340.00, New: 400.00
Stop Wavelength Changed: 8/19/2022 1:12:42 PM, Old: 600.00, New: 390.00
Zero Mode Changed: 8/19/2022 1:12:45 PM, Old:ON, New:Reading
Zero Mode Changed: 8/19/2022 1:12:46 PM, Old:Reading, New:ON
Excitation Wavelength Changed: 8/19/2022 1:13:19 PM, Old: 220.00, New: 290.00
Zero Mode Changed: 8/19/2022 1:13:21 PM, Old:ON, New:Reading
Zero Mode Changed: 8/19/2022 1:13:21 PM, Old:Reading, New:ON
Scan mode: Changed: 8/19/2022 1:14:02 PM, Old:Excitation, New:Emission
Excitation Wavelength Changed: 8/19/2022 1:14:02 PM, Old: 290.00, New: 260.00
Emission Wavelength Changed: 8/19/2022 1:14:02 PM, Old: 400.00, New: 270.00
Stop Wavelength Changed: 8/19/2022 1:14:02 PM, Old: 390.00, New: 500.00
Zero Mode Changed: 8/19/2022 1:14:05 PM, Old:ON, New:Reading
Zero Mode Changed: 8/19/2022 1:14:05 PM, Old:Reading, New:ON
3-D Mode Changed: 8/19/2022 1:15:52 PM, Old:OFF, New:ON
User Delta Stop Changed: 8/19/2022 1:15:52 PM, Old: 400.00, New: 330.00
User Delta Increment Changed: 8/19/2022 1:15:52 PM, Old:   0.15, New:   5.00
Emission Wavelength Changed: 8/19/2022 1:15:52 PM, Old: 270.00, New: 340.00
Zero Mode Changed: 8/19/2022 1:15:53 PM, Old:ON, New:Reading
Zero Mode Changed: 8/19/2022 1:15:53 PM, Old:Reading, New:ON
Excitation Wavelength Changed: 8/19/2022 1:16:21 PM, Old: 260.00, New: 265.00
Excitation Wavelength Changed: 8/19/2022 1:16:38 PM, Old: 265.00, New: 270.00
Excitation Wavelength Changed: 8/19/2022 1:16:55 PM, Old: 270.00, New: 275.00
Excitation Wavelength Changed: 8/19/2022 1:17:12 PM, Old: 275.00, New: 280.00
Excitation Wavelength Changed: 8/19/2022 1:17:29 PM, Old: 280.00, New: 285.00
Excitation Wavelength Changed: 8/19/2022 1:17:46 PM, Old: 285.00, New: 290.00
Excitation Wavelength Changed: 8/19/2022 1:18:03 PM, Old: 290.00, New: 295.00
Excitation Wavelength Changed: 8/19/2022 1:18:19 PM, Old: 295.00, New: 300.00
Excitation Wavelength Changed: 8/19/2022 1:18:36 PM, Old: 300.00, New: 305.00
Excitation Wavelength Changed: 8/19/2022 1:18:53 PM, Old: 305.00, New: 310.00
Excitation Wavelength Changed: 8/19/2022 1:18:56 PM, Old: 310.00, New: 315.00
Excitation Wavelength Changed: 8/19/2022 12:21:52 PM, Old: 315.00, New: 295.00
Emission Wavelength Changed: 8/19/2022 12:21:52 PM, Old: 340.00, New: 305.00
Stop Wavelength Changed: 8/19/2022 12:21:52 PM, Old: 500.00, New: 550.00
Zero Mode Changed: 8/19/2022 12:21:54 PM, Old:ON, New:Reading
Zero Mode Changed: 8/19/2022 12:21:54 PM, Old:Reading, New:ON
3-D Mode Changed: 8/19/2022 12:22:09 PM, Old:ON, New:OFF
Zero Mode Changed: 8/19/2022 12:22:11 PM, Old:ON, New:Reading
Zero Mode Changed: 8/19/2022 12:22:11 PM, Old:Reading, New:ON
Scan mode: Changed: 8/19/2022 12:23:09 PM, Old:Emission, New:Excitation
User Delta Stop Changed: 8/19/2022 12:23:09 PM, Old: 330.00, New: 370.00
User Delta Increment Changed: 8/19/2022 12:23:09 PM, Old:   5.00, New:   0.15
Excitation Wavelength Changed: 8/19/2022 12:23:09 PM, Old: 295.00, New: 240.00
Emission Wavelength Changed: 8/19/2022 12:23:09 PM, Old: 305.00, New: 370.00
Stop Wavelength Changed: 8/19/2022 12:23:09 PM, Old: 550.00, New: 360.00
Zero Mode Changed: 8/19/2022 12:23:12 PM, Old:ON, New:Reading
Zero Mode Changed: 8/19/2022 12:23:12 PM, Old:Reading, New:ON
Scan mode: Changed: 8/19/2022 12:23:53 PM, Old:Excitation, New:Emission
Excitation Wavelength Changed: 8/19/2022 12:23:53 PM, Old: 240.00, New: 320.00
Emission Wavelength Changed: 8/19/2022 12:23:53 PM, Old: 370.00, New: 330.00
Stop Wavelength Changed: 8/19/2022 12:23:53 PM, Old: 360.00, New: 650.00
Zero Mode Changed: 8/19/2022 12:23:56 PM, Old:ON, New:Reading
Zero Mode Changed: 8/19/2022 12:23:56 PM, Old:Reading, New:ON
Scan mode: Changed: 8/19/2022 12:25:02 PM, Old:Emission, New:Excitation
User Delta Stop Changed: 8/19/2022 12:25:02 PM, Old: 370.00, New: 520.00
Excitation Wavelength Changed: 8/19/2022 12:25:02 PM, Old: 320.00, New: 270.00
Emission Wavelength Changed: 8/19/2022 12:25:02 PM, Old: 330.00, New: 520.00
Stop Wavelength Changed: 8/19/2022 12:25:02 PM, Old: 650.00, New: 510.00
Zero Mode Changed: 8/19/2022 12:25:06 PM, Old:ON, New:Reading
Zero Mode Changed: 8/19/2022 12:25:06 PM, Old:Reading, New:ON
Scan mode: Changed: 8/19/2022 12:26:34 PM, Old:Excitation, New:Emission
Excitation Wavelength Changed: 8/19/2022 12:26:34 PM, Old: 270.00, New: 380.00
Emission Wavelength Changed: 8/19/2022 12:26:34 PM, Old: 520.00, New: 390.00
Stop Wavelength Changed: 8/19/2022 12:26:34 PM, Old: 510.00, New: 700.00
Zero Mode Changed: 8/19/2022 12:26:36 PM, Old:ON, New:Reading
Zero Mode Changed: 8/19/2022 12:26:36 PM, Old:Reading, New:ON
Scan mode: Changed: 8/19/2022 12:27:28 PM, Old:Emission, New:Excitation
Excitation Wavelength Changed: 8/19/2022 12:27:28 PM, Old: 380.00, New: 240.00
Emission Wavelength Changed: 8/19/2022 12:27:28 PM, Old: 390.00, New: 395.00
Stop Wavelength Changed: 8/19/2022 12:27:28 PM, Old: 700.00, New: 385.00
Zero Mode Changed: 8/19/2022 12:27:32 PM, Old:ON, New:Reading
Zero Mode Changed: 8/19/2022 12:27:32 PM, Old:Reading, New:ON
Emission Wavelength Changed: 8/19/2022 12:27:46 PM, Old: 395.00, New: 390.00
Stop Wavelength Changed: 8/19/2022 12:27:46 PM, Old: 385.00, New: 380.00
Zero Mode Changed: 8/19/2022 12:27:47 PM, Old:ON, New:Reading
Zero Mode Changed: 8/19/2022 12:27:47 PM, Old:Reading, New:ON
Scan mode: Changed: 8/19/2022 12:28:31 PM, Old:Excitation, New:Emission
Excitation Wavelength Changed: 8/19/2022 12:28:31 PM, Old: 240.00, New: 330.00
Emission Wavelength Changed: 8/19/2022 12:28:31 PM, Old: 390.00, New: 340.00
Stop Wavelength Changed: 8/19/2022 12:28:31 PM, Old: 380.00, New: 700.00
Zero Mode Changed: 8/19/2022 12:28:32 PM, Old:ON, New:Reading
Zero Mode Changed: 8/19/2022 12:28:33 PM, Old:Reading, New:ON
Scan mode: Changed: 8/19/2022 12:29:35 PM, Old:Emission, New:Excitation
Excitation Wavelength Changed: 8/19/2022 12:29:35 PM, Old: 330.00, New: 240.00
Emission Wavelength Changed: 8/19/2022 12:29:35 PM, Old: 340.00, New: 405.00
Stop Wavelength Changed: 8/19/2022 12:29:35 PM, Old: 700.00, New: 395.00
Zero Mode Changed: 8/19/2022 12:29:38 PM, Old:ON, New:Reading
Zero Mode Changed: 8/19/2022 12:29:38 PM, Old:Reading, New:ON
Scan mode: Changed: 8/19/2022 12:30:37 PM, Old:Excitation, New:Emission
Excitation Wavelength Changed: 8/19/2022 12:30:37 PM, Old: 240.00, New: 335.00
Emission Wavelength Changed: 8/19/2022 12:30:37 PM, Old: 405.00, New: 345.00
Stop Wavelength Changed: 8/19/2022 12:30:37 PM, Old: 395.00, New: 650.00
Zero Mode Changed: 8/19/2022 12:30:39 PM, Old:ON, New:Reading
Zero Mode Changed: 8/19/2022 12:30:39 PM, Old:Reading, New:ON
Scan mode: Changed: 8/19/2022 12:31:30 PM, Old:Emission, New:Excitation
Excitation Wavelength Changed: 8/19/2022 12:31:30 PM, Old: 335.00, New: 240.00
Emission Wavelength Changed: 8/19/2022 12:31:30 PM, Old: 345.00, New: 410.00
Stop Wavelength Changed: 8/19/2022 12:31:30 PM, Old: 650.00, New: 400.00
Zero Mode Changed: 8/19/2022 12:31:33 PM, Old:ON, New:Reading
Zero Mode Changed: 8/19/2022 12:31:34 PM, Old:Reading, New:ON
Emission Wavelength Changed: 8/19/2022 12:32:09 PM, Old: 410.00, New: 420.00
Stop Wavelength Changed: 8/19/2022 12:32:09 PM, Old: 400.00, New: 410.00
Zero Mode Changed: 8/19/2022 12:32:11 PM, Old:ON, New:Reading
Zero Mode Changed: 8/19/2022 12:32:12 PM, Old:Reading, New:ON
Emission Wavelength Changed: 8/19/2022 12:32:51 PM, Old: 420.00, New: 415.00
Stop Wavelength Changed: 8/19/2022 12:32:51 PM, Old: 410.00, New: 405.00
Zero Mode Changed: 8/19/2022 12:32:56 PM, Old:ON, New:Reading
Zero Mode Changed: 8/19/2022 12:32:56 PM, Old:Reading, New:ON
3-D Mode Changed: 8/19/2022 12:36:08 PM, Old:OFF, New:ON
User Delta Stop Changed: 8/19/2022 12:36:08 PM, Old: 520.00, New: 430.00
Emission Wavelength Changed: 8/19/2022 12:36:08 PM, Old: 415.00, New: 400.00
Stop Wavelength Changed: 8/19/2022 12:36:08 PM, Old: 405.00, New: 390.00
Zero Mode Changed: 8/19/2022 12:36:20 PM, Old:ON, New:Reading
Zero Mode Changed: 8/19/2022 12:36:20 PM, Old:Reading, New:ON
Emission Wavelength Changed: 8/19/2022 12:37:00 PM, Old: 400.00, New: 400.15
Emission Wavelength Changed: 8/19/2022 12:37:20 PM, Old: 400.15, New: 400.30
Emission Wavelength Changed: 8/19/2022 12:37:26 PM, Old: 400.30, New: 400.45
Scan mode: Changed: 8/19/2022 12:38:08 PM, Old:Excitation, New:Emission
3-D Mode Changed: 8/19/2022 12:38:08 PM, Old:ON, New:OFF
User Delta Increment Changed: 8/19/2022 12:38:08 PM, Old:   0.15, New:   5.00
Excitation Wavelength Changed: 8/19/2022 12:38:08 PM, Old: 240.00, New: 295.00
Emission Wavelength Changed: 8/19/2022 12:38:08 PM, Old: 400.45, New: 305.00
Stop Wavelength Changed: 8/19/2022 12:38:08 PM, Old: 390.00, New: 550.00
Zero Mode Changed: 8/19/2022 12:38:09 PM, Old:ON, New:Reading
Zero Mode Changed: 8/19/2022 12:38:10 PM, Old:Reading, New:ON
Ex. Slit Width (nm): Changed: 8/19/2022 12:39:13 PM, Old:5, New:10
Excitation Wavelength Changed: 8/19/2022 12:39:13 PM, Old: 295.00, New: 340.00
Emission Wavelength Changed: 8/19/2022 12:39:13 PM, Old: 305.00, New: 350.00
Stop Wavelength Changed: 8/19/2022 12:39:13 PM, Old: 550.00, New: 650.00
Zero Mode Changed: 8/19/2022 12:39:13 PM, Old:ON, New:OFF
Zero Mode Changed: 8/19/2022 12:39:15 PM, Old:OFF, New:Reading
Zero Mode Changed: 8/19/2022 12:39:15 PM, Old:Reading, New:ON
Scan mode: Changed: 8/19/2022 12:40:17 PM, Old:Emission, New:Excitation
User Delta Stop Changed: 8/19/2022 12:40:17 PM, Old: 430.00, New: 530.00
User Delta Increment Changed: 8/19/2022 12:40:17 PM, Old:   5.00, New:   0.15
Excitation Wavelength Changed: 8/19/2022 12:40:17 PM, Old: 340.00, New: 240.00
Emission Wavelength Changed: 8/19/2022 12:40:17 PM, Old: 350.00, New: 530.00
Stop Wavelength Changed: 8/19/2022 12:40:17 PM, Old: 650.00, New: 520.00
Zero Mode Changed: 8/19/2022 12:40:20 PM, Old:ON, New:Reading
Zero Mode Changed: 8/19/2022 12:40:21 PM, Old:Reading, New:ON
Scan mode: Changed: 8/19/2022 12:41:51 PM, Old:Excitation, New:Emission
Ex. Slit Width (nm): Changed: 8/19/2022 12:41:51 PM, Old:10, New:5
Excitation Wavelength Changed: 8/19/2022 12:41:51 PM, Old: 240.00, New: 455.00
Emission Wavelength Changed: 8/19/2022 12:41:51 PM, Old: 530.00, New: 465.00
Stop Wavelength Changed: 8/19/2022 12:41:51 PM, Old: 520.00, New: 700.00
Zero Mode Changed: 8/19/2022 12:41:51 PM, Old:ON, New:OFF
Zero Mode Changed: 8/19/2022 12:41:53 PM, Old:OFF, New:Reading
Zero Mode Changed: 8/19/2022 12:41:54 PM, Old:Reading, New:ON
Scan mode: Changed: 8/19/2022 12:42:51 PM, Old:Emission, New:Excitation
Excitation Wavelength Changed: 8/19/2022 12:42:51 PM, Old: 455.00, New: 290.00
Emission Wavelength Changed: 8/19/2022 12:42:51 PM, Old: 465.00, New: 530.00
Stop Wavelength Changed: 8/19/2022 12:42:51 PM, Old: 700.00, New: 520.00
Zero Mode Changed: 8/19/2022 12:42:54 PM, Old:ON, New:Reading
Zero Mode Changed: 8/19/2022 12:42:54 PM, Old:Reading, New:ON
Scan mode: Changed: 8/19/2022 12:44:03 PM, Old:Excitation, New:Emission
Excitation Wavelength Changed: 8/19/2022 12:44:03 PM, Old: 290.00, New: 420.00
Emission Wavelength Changed: 8/19/2022 12:44:03 PM, Old: 530.00, New: 430.00
Stop Wavelength Changed: 8/19/2022 12:44:03 PM, Old: 520.00, New: 700.00
Zero Mode Changed: 8/19/2022 12:44:05 PM, Old:ON, New:Reading
Zero Mode Changed: 8/19/2022 12:44:05 PM, Old:Reading, New:ON
Excitation Wavelength Changed: 8/19/2022 12:44:53 PM, Old: 420.00, New: 330.00
Emission Wavelength Changed: 8/19/2022 12:44:53 PM, Old: 430.00, New: 340.00
Stop Wavelength Changed: 8/19/2022 12:44:53 PM, Old: 700.00, New: 650.00
Zero Mode Changed: 8/19/2022 12:44:56 PM, Old:ON, New:Reading
Zero Mode Changed: 8/19/2022 12:44:56 PM, Old:Reading, New:ON
Scan mode: Changed: 8/19/2022 12:45:51 PM, Old:Emission, New:Excitation
Excitation Wavelength Changed: 8/19/2022 12:45:51 PM, Old: 330.00, New: 240.00
Emission Wavelength Changed: 8/19/2022 12:45:51 PM, Old: 340.00, New: 420.00
Stop Wavelength Changed: 8/19/2022 12:45:51 PM, Old: 650.00, New: 410.00
Zero Mode Changed: 8/19/2022 12:45:54 PM, Old:ON, New:Reading
Zero Mode Changed: 8/19/2022 12:45:55 PM, Old:Reading, New:ON
Scan mode: Changed: 8/19/2022 12:46:45 PM, Old:Excitation, New:Emission
Excitation Wavelength Changed: 8/19/2022 12:46:45 PM, Old: 240.00, New: 355.00
Emission Wavelength Changed: 8/19/2022 12:46:45 PM, Old: 420.00, New: 365.00
Stop Wavelength Changed: 8/19/2022 12:46:45 PM, Old: 410.00, New: 700.00
Zero Mode Changed: 8/19/2022 12:46:47 PM, Old:ON, New:Reading
Zero Mode Changed: 8/19/2022 12:46:47 PM, Old:Reading, New:ON
Scan mode: Changed: 8/19/2022 12:47:42 PM, Old:Emission, New:Excitation
Excitation Wavelength Changed: 8/19/2022 12:47:42 PM, Old: 355.00, New: 240.00
Emission Wavelength Changed: 8/19/2022 12:47:42 PM, Old: 365.00, New: 455.00
Stop Wavelength Changed: 8/19/2022 12:47:42 PM, Old: 700.00, New: 445.00
Zero Mode Changed: 8/19/2022 12:47:45 PM, Old:ON, New:Reading
Zero Mode Changed: 8/19/2022 12:47:45 PM, Old:Reading, New:ON
Scan mode: Changed: 8/19/2022 12:48:35 PM, Old:Excitation, New:Emission
Excitation Wavelength Changed: 8/19/2022 12:48:35 PM, Old: 240.00, New: 390.00
Emission Wavelength Changed: 8/19/2022 12:48:35 PM, Old: 455.00, New: 400.00
Stop Wavelength Changed: 8/19/2022 12:48:35 PM, Old: 445.00, New: 700.00
Zero Mode Changed: 8/19/2022 12:48:37 PM, Old:ON, New:Reading
Zero Mode Changed: 8/19/2022 12:48:37 PM, Old:Reading, New:ON
Scan mode: Changed: 8/19/2022 12:49:27 PM, Old:Emission, New:Excitation
Excitation Wavelength Changed: 8/19/2022 12:49:27 PM, Old: 390.00, New: 240.00
Emission Wavelength Changed: 8/19/2022 12:49:27 PM, Old: 400.00, New: 460.00
Stop Wavelength Changed: 8/19/2022 12:49:27 PM, Old: 700.00, New: 450.00
Zero Mode Changed: 8/19/2022 12:49:30 PM, Old:ON, New:Reading
Zero Mode Changed: 8/19/2022 12:49:31 PM, Old:Reading, New:ON
End Method Modifications

CdSe 180sec ex400,
CdSe 180sec ex400
Collection Time: 8/19/2022 12:50:50 PM
Operator Name  :
Scan Software Version: 1.1(132)
Parameter List :
Instrument                        Cary Eclipse
Instrument Serial Number          E08013467
Data mode                         Fluorescence
Scan mode                         Emission
X Mode                            Wavelength (nm)
Start (nm)                        410.00
Stop (nm)                         700.00
Ex. Wavelength (nm)               400.00
Ex. Slit (nm)                     5
Em. Slit (nm)                     5
Scan rate (nm/min)                600.00
Data interval (nm)                1.0000
Averaging Time (s)                0.1000
Excitation filter                 Auto
Emission filter                   Open
PMT voltage (V)                   Medium
Corrected spectra                 OFF
Method Log     :
Method Name    : Default
Date/Time stamp: 8/19/2022 12:23:28 PM
Method Modifications:
Overlayed Graphs Changed: 8/19/2022 12:24:53 PM, Old:OFF, New:ON
Y max Changed: 8/19/2022 12:24:53 PM, Old:  1000.0000, New:   300.0000
Excitation Wavelength Changed: 8/19/2022 12:27:20 PM, Old: 350.00, New: 300.00
Emission Wavelength Changed: 8/19/2022 12:27:20 PM, Old: 400.00, New: 310.00
Stop Wavelength Changed: 8/19/2022 12:27:20 PM, Old: 600.00, New: 500.00
Zero Mode Changed: 8/19/2022 12:27:22 PM, Old:OFF, New:Reading
Zero Mode Changed: 8/19/2022 12:27:22 PM, Old:Reading, New:ON
Scan mode: Changed: 8/19/2022 12:28:28 PM, Old:Emission, New:Excitation
Excitation Wavelength Changed: 8/19/2022 12:28:28 PM, Old: 300.00, New: 240.00
Emission Wavelength Changed: 8/19/2022 12:28:28 PM, Old: 310.00, New: 400.00
Stop Wavelength Changed: 8/19/2022 12:28:28 PM, Old: 500.00, New: 390.00
Zero Mode Changed: 8/19/2022 12:28:31 PM, Old:ON, New:Reading
Zero Mode Changed: 8/19/2022 12:28:31 PM, Old:Reading, New:ON
Scan mode: Changed: 8/19/2022 12:29:17 PM, Old:Excitation, New:Emission
Excitation Wavelength Changed: 8/19/2022 12:29:17 PM, Old: 240.00, New: 330.00
Emission Wavelength Changed: 8/19/2022 12:29:17 PM, Old: 400.00, New: 340.00
Stop Wavelength Changed: 8/19/2022 12:29:17 PM, Old: 390.00, New: 500.00
Zero Mode Changed: 8/19/2022 12:29:19 PM, Old:ON, New:Reading
Zero Mode Changed: 8/19/2022 12:29:19 PM, Old:Reading, New:ON
Scan mode: Changed: 8/19/2022 12:30:02 PM, Old:Emission, New:Excitation
Excitation Wavelength Changed: 8/19/2022 12:30:02 PM, Old: 330.00, New: 240.00
Emission Wavelength Changed: 8/19/2022 12:30:02 PM, Old: 340.00, New: 410.00
Stop Wavelength Changed: 8/19/2022 12:30:02 PM, Old: 500.00, New: 400.00
Zero Mode Changed: 8/19/2022 12:30:08 PM, Old:ON, New:Reading
Zero Mode Changed: 8/19/2022 12:30:08 PM, Old:Reading, New:ON
Scan mode: Changed: 8/19/2022 12:30:53 PM, Old:Excitation, New:Emission
Excitation Wavelength Changed: 8/19/2022 12:30:53 PM, Old: 240.00, New: 335.00
Emission Wavelength Changed: 8/19/2022 12:30:53 PM, Old: 410.00, New: 345.00
Stop Wavelength Changed: 8/19/2022 12:30:53 PM, Old: 400.00, New: 600.00
Zero Mode Changed: 8/19/2022 12:30:55 PM, Old:ON, New:Reading
Zero Mode Changed: 8/19/2022 12:30:55 PM, Old:Reading, New:ON
Zero Mode Changed: 8/19/2022 12:34:51 PM, Old:ON, New:Reading
Zero Mode Changed: 8/19/2022 12:34:51 PM, Old:Reading, New:ON
Scan mode: Changed: 8/19/2022 12:35:39 PM, Old:Emission, New:Excitation
Excitation Wavelength Changed: 8/19/2022 12:35:39 PM, Old: 335.00, New: 240.00
Emission Wavelength Changed: 8/19/2022 12:35:39 PM, Old: 345.00, New: 410.00
Stop Wavelength Changed: 8/19/2022 12:35:39 PM, Old: 600.00, New: 400.00
Zero Mode Changed: 8/19/2022 12:35:42 PM, Old:ON, New:Reading
Zero Mode Changed: 8/19/2022 12:35:43 PM, Old:Reading, New:ON
Scan mode: Changed: 8/19/2022 12:36:52 PM, Old:Excitation, New:Emission
Excitation Wavelength Changed: 8/19/2022 12:36:52 PM, Old: 240.00, New: 300.00
Emission Wavelength Changed: 8/19/2022 12:36:52 PM, Old: 410.00, New: 310.00
Stop Wavelength Changed: 8/19/2022 12:36:52 PM, Old: 400.00, New: 600.00
Zero Mode Changed: 8/19/2022 12:36:54 PM, Old:ON, New:Reading
Zero Mode Changed: 8/19/2022 12:36:54 PM, Old:Reading, New:ON
Scan mode: Changed: 8/19/2022 12:37:46 PM, Old:Emission, New:Excitation
Excitation Wavelength Changed: 8/19/2022 12:37:46 PM, Old: 300.00, New: 240.00
Emission Wavelength Changed: 8/19/2022 12:37:46 PM, Old: 310.00, New: 350.00
Stop Wavelength Changed: 8/19/2022 12:37:46 PM, Old: 600.00, New: 340.00
Zero Mode Changed: 8/19/2022 12:37:49 PM, Old:ON, New:Reading
Zero Mode Changed: 8/19/2022 12:37:49 PM, Old:Reading, New:ON
Scan mode: Changed: 8/19/2022 12:38:28 PM, Old:Excitation, New:Emission
Excitation Wavelength Changed: 8/19/2022 12:38:28 PM, Old: 240.00, New: 295.00
Emission Wavelength Changed: 8/19/2022 12:38:28 PM, Old: 350.00, New: 305.00
Stop Wavelength Changed: 8/19/2022 12:38:28 PM, Old: 340.00, New: 550.00
Zero Mode Changed: 8/19/2022 12:38:31 PM, Old:ON, New:Reading
Zero Mode Changed: 8/19/2022 12:38:31 PM, Old:Reading, New:ON
Scan Control Changed: 8/19/2022 12:39:12 PM, Old:Medium, New:Slow
Ave. time (s): Changed: 8/19/2022 12:39:12 PM, Old:0.10000, New:0.50000
Zero Mode Changed: 8/19/2022 12:39:14 PM, Old:ON, New:Reading
Zero Mode Changed: 8/19/2022 12:39:14 PM, Old:Reading, New:ON
Excitation Wavelength Changed: 8/19/2022 12:41:46 PM, Old: 295.00, New: 335.00
Emission Wavelength Changed: 8/19/2022 12:41:46 PM, Old: 305.00, New: 345.00
Stop Wavelength Changed: 8/19/2022 12:41:46 PM, Old: 550.00, New: 600.00
Zero Mode Changed: 8/19/2022 12:41:49 PM, Old:ON, New:Reading
Zero Mode Changed: 8/19/2022 12:41:50 PM, Old:Reading, New:ON
Scan mode: Changed: 8/19/2022 12:46:36 PM, Old:Emission, New:Excitation
Excitation Wavelength Changed: 8/19/2022 12:46:36 PM, Old: 335.00, New: 240.00
Emission Wavelength Changed: 8/19/2022 12:46:36 PM, Old: 345.00, New: 410.00
Stop Wavelength Changed: 8/19/2022 12:46:36 PM, Old: 600.00, New: 400.00
Zero Mode Changed: 8/19/2022 12:46:39 PM, Old:ON, New:Reading
Zero Mode Changed: 8/19/2022 12:46:40 PM, Old:Reading, New:ON
Scan Control Changed: 8/19/2022 12:50:26 PM, Old:Slow, New:Medium
Ave. time (s): Changed: 8/19/2022 12:50:26 PM, Old:0.50000, New:0.10000
Zero Mode Changed: 8/19/2022 12:50:27 PM, Old:ON, New:Reading
Zero Mode Changed: 8/19/2022 12:50:27 PM, Old:Reading, New:ON
Scan mode: Changed: 8/19/2022 12:51:32 PM, Old:Excitation, New:Emission
Excitation Wavelength Changed: 8/19/2022 12:51:32 PM, Old: 240.00, New: 337.00
Emission Wavelength Changed: 8/19/2022 12:51:32 PM, Old: 410.00, New: 347.00
Stop Wavelength Changed: 8/19/2022 12:51:32 PM, Old: 400.00, New: 600.00
Zero Mode Changed: 8/19/2022 12:51:34 PM, Old:ON, New:Reading
Zero Mode Changed: 8/19/2022 12:51:35 PM, Old:Reading, New:ON
Scan mode: Changed: 8/19/2022 12:52:30 PM, Old:Emission, New:Excitation
Excitation Wavelength Changed: 8/19/2022 12:52:30 PM, Old: 337.00, New: 240.00
Emission Wavelength Changed: 8/19/2022 12:52:30 PM, Old: 347.00, New: 415.00
Stop Wavelength Changed: 8/19/2022 12:52:30 PM, Old: 600.00, New: 400.00
Zero Mode Changed: 8/19/2022 12:52:33 PM, Old:ON, New:Reading
Zero Mode Changed: 8/19/2022 12:52:33 PM, Old:Reading, New:ON
Scan mode: Changed: 8/19/2022 12:53:13 PM, Old:Excitation, New:Emission
Excitation Wavelength Changed: 8/19/2022 12:53:13 PM, Old: 240.00, New: 340.00
Emission Wavelength Changed: 8/19/2022 12:53:13 PM, Old: 415.00, New: 350.00
Stop Wavelength Changed: 8/19/2022 12:53:13 PM, Old: 400.00, New: 600.00
Zero Mode Changed: 8/19/2022 12:53:15 PM, Old:ON, New:Reading
Zero Mode Changed: 8/19/2022 12:53:15 PM, Old:Reading, New:ON
Zero Mode Changed: 8/19/2022 12:54:45 PM, Old:ON, New:Reading
Zero Mode Changed: 8/19/2022 12:54:46 PM, Old:Reading, New:ON
Zero Mode Changed: 8/19/2022 12:54:49 PM, Old:ON, New:Reading
Zero Mode Changed: 8/19/2022 12:54:49 PM, Old:Reading, New:ON
Scan Control Changed: 8/19/2022 12:54:51 PM, Old:Medium, New:Slow
Ave. time (s): Changed: 8/19/2022 12:54:51 PM, Old:0.10000, New:0.50000
Zero Mode Changed: 8/19/2022 12:54:55 PM, Old:ON, New:Reading
Zero Mode Changed: 8/19/2022 12:54:56 PM, Old:Reading, New:ON
Scan mode: Changed: 8/19/2022 12:57:28 PM, Old:Emission, New:Excitation
Excitation Wavelength Changed: 8/19/2022 12:57:28 PM, Old: 340.00, New: 240.00
Emission Wavelength Changed: 8/19/2022 12:57:28 PM, Old: 350.00, New: 420.00
Stop Wavelength Changed: 8/19/2022 12:57:28 PM, Old: 600.00, New: 410.00
Zero Mode Changed: 8/19/2022 12:57:31 PM, Old:ON, New:Reading
Zero Mode Changed: 8/19/2022 12:57:31 PM, Old:Reading, New:ON
Scan mode: Changed: 8/19/2022 12:59:36 PM, Old:Excitation, New:Emission
Excitation Wavelength Changed: 8/19/2022 12:59:36 PM, Old: 240.00, New: 295.00
Emission Wavelength Changed: 8/19/2022 12:59:36 PM, Old: 420.00, New: 305.00
Stop Wavelength Changed: 8/19/2022 12:59:36 PM, Old: 410.00, New: 550.00
Scan Control Changed: 8/19/2022 12:59:41 PM, Old:Slow, New:Medium
Ave. time (s): Changed: 8/19/2022 12:59:41 PM, Old:0.50000, New:0.10000
Zero Mode Changed: 8/19/2022 12:59:44 PM, Old:ON, New:Reading
Zero Mode Changed: 8/19/2022 12:59:44 PM, Old:Reading, New:ON
Scan mode: Changed: 8/19/2022 1:00:36 PM, Old:Emission, New:Excitation
Excitation Wavelength Changed: 8/19/2022 1:00:36 PM, Old: 295.00, New: 240.00
Emission Wavelength Changed: 8/19/2022 1:00:36 PM, Old: 305.00, New: 350.00
Stop Wavelength Changed: 8/19/2022 1:00:36 PM, Old: 550.00, New: 340.00
Zero Mode Changed: 8/19/2022 1:00:45 PM, Old:ON, New:Reading
Zero Mode Changed: 8/19/2022 1:00:45 PM, Old:Reading, New:ON
Zero Mode Changed: 8/19/2022 1:01:25 PM, Old:ON, New:Reading
Zero Mode Changed: 8/19/2022 1:01:25 PM, Old:Reading, New:ON
Emission Wavelength Changed: 8/19/2022 1:04:06 PM, Old: 350.00, New: 420.00
Stop Wavelength Changed: 8/19/2022 1:04:06 PM, Old: 340.00, New: 410.00
Zero Mode Changed: 8/19/2022 1:04:08 PM, Old:ON, New:Reading
Zero Mode Changed: 8/19/2022 1:04:08 PM, Old:Reading, New:ON
Scan mode: Changed: 8/19/2022 1:04:55 PM, Old:Excitation, New:Emission
Excitation Wavelength Changed: 8/19/2022 1:04:55 PM, Old: 240.00, New: 330.00
Emission Wavelength Changed: 8/19/2022 1:04:55 PM, Old: 420.00, New: 340.00
Stop Wavelength Changed: 8/19/2022 1:04:55 PM, Old: 410.00, New: 600.00
Zero Mode Changed: 8/19/2022 1:04:56 PM, Old:ON, New:Reading
Zero Mode Changed: 8/19/2022 1:04:57 PM, Old:Reading, New:ON
Scan mode: Changed: 8/19/2022 1:06:34 PM, Old:Emission, New:Excitation
User Delta Stop Changed: 8/19/2022 1:06:34 PM, Old: 450.00, New: 470.00
User Delta Increment Changed: 8/19/2022 1:06:34 PM, Old:  10.00, New:   0.15
Excitation Wavelength Changed: 8/19/2022 1:06:34 PM, Old: 330.00, New: 240.00
Emission Wavelength Changed: 8/19/2022 1:06:34 PM, Old: 340.00, New: 470.00
Stop Wavelength Changed: 8/19/2022 1:06:34 PM, Old: 600.00, New: 460.00
Zero Mode Changed: 8/19/2022 1:06:37 PM, Old:ON, New:Reading
Zero Mode Changed: 8/19/2022 1:06:37 PM, Old:Reading, New:ON
Scan mode: Changed: 8/19/2022 1:07:26 PM, Old:Excitation, New:Emission
Excitation Wavelength Changed: 8/19/2022 1:07:26 PM, Old: 240.00, New: 355.00
Emission Wavelength Changed: 8/19/2022 1:07:26 PM, Old: 470.00, New: 365.00
Stop Wavelength Changed: 8/19/2022 1:07:26 PM, Old: 460.00, New: 600.00
Zero Mode Changed: 8/19/2022 1:07:27 PM, Old:ON, New:Reading
Zero Mode Changed: 8/19/2022 1:07:27 PM, Old:Reading, New:ON
Scan mode: Changed: 8/19/2022 1:08:25 PM, Old:Emission, New:Excitation
User Delta Stop Changed: 8/19/2022 1:08:25 PM, Old: 470.00, New: 520.00
Excitation Wavelength Changed: 8/19/2022 1:08:25 PM, Old: 355.00, New: 270.00
Emission Wavelength Changed: 8/19/2022 1:08:25 PM, Old: 365.00, New: 520.00
Stop Wavelength Changed: 8/19/2022 1:08:25 PM, Old: 600.00, New: 510.00
Zero Mode Changed: 8/19/2022 1:08:29 PM, Old:ON, New:Reading
Zero Mode Changed: 8/19/2022 1:08:29 PM, Old:Reading, New:ON
Scan mode: Changed: 8/19/2022 1:09:40 PM, Old:Excitation, New:Emission
Excitation Wavelength Changed: 8/19/2022 1:09:40 PM, Old: 270.00, New: 345.00
Emission Wavelength Changed: 8/19/2022 1:09:40 PM, Old: 520.00, New: 355.00
Stop Wavelength Changed: 8/19/2022 1:09:40 PM, Old: 510.00, New: 600.00
Zero Mode Changed: 8/19/2022 1:09:42 PM, Old:ON, New:Reading
Zero Mode Changed: 8/19/2022 1:09:43 PM, Old:Reading, New:ON
Scan Control Changed: 8/19/2022 1:12:27 PM, Old:Medium, New:Slow
Ave. time (s): Changed: 8/19/2022 1:12:27 PM, Old:0.10000, New:0.50000
Zero Mode Changed: 8/19/2022 1:12:29 PM, Old:ON, New:Reading
Zero Mode Changed: 8/19/2022 1:12:30 PM, Old:Reading, New:ON
Scan mode: Changed: 8/19/2022 1:15:37 PM, Old:Emission, New:Excitation
Excitation Wavelength Changed: 8/19/2022 1:15:37 PM, Old: 345.00, New: 240.00
Emission Wavelength Changed: 8/19/2022 1:15:37 PM, Old: 355.00, New: 455.00
Stop Wavelength Changed: 8/19/2022 1:15:37 PM, Old: 600.00, New: 445.00
Zero Mode Changed: 8/19/2022 1:15:40 PM, Old:ON, New:Reading
Zero Mode Changed: 8/19/2022 1:15:41 PM, Old:Reading, New:ON
Scan mode: Changed: 8/19/2022 1:19:58 PM, Old:Excitation, New:Emission
Scan Control Changed: 8/19/2022 1:19:58 PM, Old:Slow, New:Medium
Ave. time (s): Changed: 8/19/2022 1:19:58 PM, Old:0.50000, New:0.10000
Excitation Wavelength Changed: 8/19/2022 1:19:58 PM, Old: 240.00, New: 295.00
Emission Wavelength Changed: 8/19/2022 1:19:58 PM, Old: 455.00, New: 305.00
Stop Wavelength Changed: 8/19/2022 1:19:58 PM, Old: 445.00, New: 550.00
Zero Mode Changed: 8/19/2022 1:20:00 PM, Old:ON, New:Reading
Zero Mode Changed: 8/19/2022 1:20:00 PM, Old:Reading, New:ON
Scan mode: Changed: 8/19/2022 12:22:27 PM, Old:Emission, New:Excitation
Excitation Wavelength Changed: 8/19/2022 12:22:27 PM, Old: 295.00, New: 240.00
Emission Wavelength Changed: 8/19/2022 12:22:27 PM, Old: 305.00, New: 350.00
Stop Wavelength Changed: 8/19/2022 12:22:27 PM, Old: 550.00, New: 340.00
Zero Mode Changed: 8/19/2022 12:22:31 PM, Old:ON, New:Reading
Zero Mode Changed: 8/19/2022 12:22:31 PM, Old:Reading, New:ON
Emission Wavelength Changed: 8/19/2022 12:35:02 PM, Old: 350.00, New: 420.00
Stop Wavelength Changed: 8/19/2022 12:35:02 PM, Old: 340.00, New: 410.00
Zero Mode Changed: 8/19/2022 12:35:04 PM, Old:ON, New:Reading
Zero Mode Changed: 8/19/2022 12:35:05 PM, Old:Reading, New:ON
Scan mode: Changed: 8/19/2022 12:36:08 PM, Old:Excitation, New:Emission
Excitation Wavelength Changed: 8/19/2022 12:36:08 PM, Old: 240.00, New: 360.00
Emission Wavelength Changed: 8/19/2022 12:36:08 PM, Old: 420.00, New: 370.00
Stop Wavelength Changed: 8/19/2022 12:36:08 PM, Old: 410.00, New: 700.00
Zero Mode Changed: 8/19/2022 12:36:09 PM, Old:ON, New:Reading
Zero Mode Changed: 8/19/2022 12:36:10 PM, Old:Reading, New:ON
Scan mode: Changed: 8/19/2022 12:37:08 PM, Old:Emission, New:Excitation
Excitation Wavelength Changed: 8/19/2022 12:37:08 PM, Old: 360.00, New: 240.00
Emission Wavelength Changed: 8/19/2022 12:37:08 PM, Old: 370.00, New: 440.00
Stop Wavelength Changed: 8/19/2022 12:37:08 PM, Old: 700.00, New: 430.00
Zero Mode Changed: 8/19/2022 12:37:11 PM, Old:ON, New:Reading
Zero Mode Changed: 8/19/2022 12:37:11 PM, Old:Reading, New:ON
Scan mode: Changed: 8/19/2022 12:38:01 PM, Old:Excitation, New:Emission
Excitation Wavelength Changed: 8/19/2022 12:38:01 PM, Old: 240.00, New: 365.00
Emission Wavelength Changed: 8/19/2022 12:38:01 PM, Old: 440.00, New: 375.00
Stop Wavelength Changed: 8/19/2022 12:38:01 PM, Old: 430.00, New: 700.00
Zero Mode Changed: 8/19/2022 12:38:03 PM, Old:ON, New:Reading
Zero Mode Changed: 8/19/2022 12:38:04 PM, Old:Reading, New:ON
Excitation Wavelength Changed: 8/19/2022 12:38:57 PM, Old: 365.00, New: 370.00
Emission Wavelength Changed: 8/19/2022 12:38:57 PM, Old: 375.00, New: 380.00
Zero Mode Changed: 8/19/2022 12:38:58 PM, Old:ON, New:Reading
Zero Mode Changed: 8/19/2022 12:38:59 PM, Old:Reading, New:ON
Scan mode: Changed: 8/19/2022 12:40:00 PM, Old:Emission, New:Excitation
Excitation Wavelength Changed: 8/19/2022 12:40:00 PM, Old: 370.00, New: 240.00
Emission Wavelength Changed: 8/19/2022 12:40:00 PM, Old: 380.00, New: 512.00
Stop Wavelength Changed: 8/19/2022 12:40:00 PM, Old: 700.00, New: 500.00
Zero Mode Changed: 8/19/2022 12:40:03 PM, Old:ON, New:Reading
Zero Mode Changed: 8/19/2022 12:40:04 PM, Old:Reading, New:ON
Scan mode: Changed: 8/19/2022 12:40:57 PM, Old:Excitation, New:Emission
Excitation Wavelength Changed: 8/19/2022 12:40:57 PM, Old: 240.00, New: 400.00
Emission Wavelength Changed: 8/19/2022 12:40:57 PM, Old: 512.00, New: 410.00
Stop Wavelength Changed: 8/19/2022 12:40:57 PM, Old: 500.00, New: 700.00
Zero Mode Changed: 8/19/2022 12:40:59 PM, Old:ON, New:Reading
Zero Mode Changed: 8/19/2022 12:41:00 PM, Old:Reading, New:ON
Scan mode: Changed: 8/19/2022 12:41:45 PM, Old:Emission, New:Excitation
Excitation Wavelength Changed: 8/19/2022 12:41:45 PM, Old: 400.00, New: 240.00
Emission Wavelength Changed: 8/19/2022 12:41:45 PM, Old: 410.00, New: 515.00
Stop Wavelength Changed: 8/19/2022 12:41:45 PM, Old: 700.00, New: 505.00
Zero Mode Changed: 8/19/2022 12:41:48 PM, Old:ON, New:Reading
Zero Mode Changed: 8/19/2022 12:41:49 PM, Old:Reading, New:ON
Emission Wavelength Changed: 8/19/2022 12:42:40 PM, Old: 515.00, New: 435.00
Stop Wavelength Changed: 8/19/2022 12:42:40 PM, Old: 505.00, New: 425.00
Zero Mode Changed: 8/19/2022 12:42:43 PM, Old:ON, New:Reading
Zero Mode Changed: 8/19/2022 12:42:43 PM, Old:Reading, New:ON
Scan mode: Changed: 8/19/2022 12:43:33 PM, Old:Excitation, New:Emission
Excitation Wavelength Changed: 8/19/2022 12:43:33 PM, Old: 240.00, New: 295.00
Emission Wavelength Changed: 8/19/2022 12:43:33 PM, Old: 435.00, New: 305.00
Stop Wavelength Changed: 8/19/2022 12:43:33 PM, Old: 425.00, New: 550.00
Zero Mode Changed: 8/19/2022 12:43:35 PM, Old:ON, New:Reading
Zero Mode Changed: 8/19/2022 12:43:35 PM, Old:Reading, New:ON
Scan mode: Changed: 8/19/2022 12:44:33 PM, Old:Emission, New:Excitation
Excitation Wavelength Changed: 8/19/2022 12:44:33 PM, Old: 295.00, New: 240.00
Emission Wavelength Changed: 8/19/2022 12:44:33 PM, Old: 305.00, New: 400.00
Stop Wavelength Changed: 8/19/2022 12:44:33 PM, Old: 550.00, New: 390.00
Zero Mode Changed: 8/19/2022 12:44:36 PM, Old:ON, New:Reading
Zero Mode Changed: 8/19/2022 12:44:37 PM, Old:Reading, New:ON
Scan mode: Changed: 8/19/2022 12:45:20 PM, Old:Excitation, New:Emission
Excitation Wavelength Changed: 8/19/2022 12:45:20 PM, Old: 240.00, New: 340.00
Emission Wavelength Changed: 8/19/2022 12:45:20 PM, Old: 400.00, New: 350.00
Stop Wavelength Changed: 8/19/2022 12:45:20 PM, Old: 390.00, New: 650.00
Zero Mode Changed: 8/19/2022 12:45:22 PM, Old:ON, New:Reading
Zero Mode Changed: 8/19/2022 12:45:22 PM, Old:Reading, New:ON
Scan mode: Changed: 8/19/2022 12:46:17 PM, Old:Emission, New:Excitation
Excitation Wavelength Changed: 8/19/2022 12:46:17 PM, Old: 340.00, New: 240.00
Emission Wavelength Changed: 8/19/2022 12:46:17 PM, Old: 350.00, New: 425.00
Stop Wavelength Changed: 8/19/2022 12:46:17 PM, Old: 650.00, New: 415.00
Zero Mode Changed: 8/19/2022 12:46:20 PM, Old:ON, New:Reading
Zero Mode Changed: 8/19/2022 12:46:21 PM, Old:Reading, New:ON
Scan mode: Changed: 8/19/2022 12:47:03 PM, Old:Excitation, New:Emission
Excitation Wavelength Changed: 8/19/2022 12:47:03 PM, Old: 240.00, New: 385.00
Emission Wavelength Changed: 8/19/2022 12:47:03 PM, Old: 425.00, New: 395.00
Stop Wavelength Changed: 8/19/2022 12:47:03 PM, Old: 415.00, New: 700.00
Zero Mode Changed: 8/19/2022 12:47:05 PM, Old:ON, New:Reading
Zero Mode Changed: 8/19/2022 12:47:05 PM, Old:Reading, New:ON
Excitation Wavelength Changed: 8/19/2022 12:47:56 PM, Old: 385.00, New: 365.00
Emission Wavelength Changed: 8/19/2022 12:47:56 PM, Old: 395.00, New: 375.00
Zero Mode Changed: 8/19/2022 12:47:59 PM, Old:ON, New:Reading
Zero Mode Changed: 8/19/2022 12:47:59 PM, Old:Reading, New:ON
3-D Mode Changed: 8/19/2022 12:50:41 PM, Old:OFF, New:ON
User Delta Stop Changed: 8/19/2022 12:50:41 PM, Old: 520.00, New: 400.00
User Delta Increment Changed: 8/19/2022 12:50:41 PM, Old:   0.15, New:   5.00
Excitation Wavelength Changed: 8/19/2022 12:50:41 PM, Old: 365.00, New: 330.00
Emission Wavelength Changed: 8/19/2022 12:50:41 PM, Old: 375.00, New: 410.00
Zero Mode Changed: 8/19/2022 12:50:43 PM, Old:ON, New:Reading
Zero Mode Changed: 8/19/2022 12:50:43 PM, Old:Reading, New:ON
Excitation Wavelength Changed: 8/19/2022 12:51:25 PM, Old: 330.00, New: 335.00
Excitation Wavelength Changed: 8/19/2022 12:51:55 PM, Old: 335.00, New: 340.00
Excitation Wavelength Changed: 8/19/2022 12:52:25 PM, Old: 340.00, New: 345.00
Excitation Wavelength Changed: 8/19/2022 12:52:55 PM, Old: 345.00, New: 350.00
Excitation Wavelength Changed: 8/19/2022 12:53:25 PM, Old: 350.00, New: 355.00
Excitation Wavelength Changed: 8/19/2022 12:53:55 PM, Old: 355.00, New: 360.00
Excitation Wavelength Changed: 8/19/2022 12:54:26 PM, Old: 360.00, New: 365.00
Excitation Wavelength Changed: 8/19/2022 12:54:56 PM, Old: 365.00, New: 370.00
Excitation Wavelength Changed: 8/19/2022 12:55:26 PM, Old: 370.00, New: 375.00
Excitation Wavelength Changed: 8/19/2022 12:55:56 PM, Old: 375.00, New: 380.00
Excitation Wavelength Changed: 8/19/2022 12:56:26 PM, Old: 380.00, New: 385.00
Excitation Wavelength Changed: 8/19/2022 12:56:56 PM, Old: 385.00, New: 390.00
Excitation Wavelength Changed: 8/19/2022 12:57:27 PM, Old: 390.00, New: 395.00
Excitation Wavelength Changed: 8/19/2022 12:57:57 PM, Old: 395.00, New: 400.00
Excitation Wavelength Changed: 8/19/2022 12:58:27 PM, Old: 400.00, New: 330.00
Excitation Wavelength Changed: 8/19/2022 1:09:07 PM, Old: 330.00, New: 295.00
Emission Wavelength Changed: 8/19/2022 1:09:07 PM, Old: 410.00, New: 305.00
Stop Wavelength Changed: 8/19/2022 1:09:07 PM, Old: 700.00, New: 550.00
Zero Mode Changed: 8/19/2022 1:09:08 PM, Old:ON, New:Reading
Zero Mode Changed: 8/19/2022 1:09:08 PM, Old:Reading, New:ON
Excitation Wavelength Changed: 8/19/2022 1:09:59 PM, Old: 295.00, New: 300.00
Excitation Wavelength Changed: 8/19/2022 1:10:08 PM, Old: 300.00, New: 305.00
3-D Mode Changed: 8/19/2022 1:10:15 PM, Old:ON, New:OFF
Excitation Wavelength Changed: 8/19/2022 1:10:15 PM, Old: 305.00, New: 295.00
Zero Mode Changed: 8/19/2022 1:10:16 PM, Old:ON, New:Reading
Zero Mode Changed: 8/19/2022 1:10:17 PM, Old:Reading, New:ON
Scan mode: Changed: 8/19/2022 1:10:57 PM, Old:Emission, New:Excitation
User Delta Increment Changed: 8/19/2022 1:10:57 PM, Old:   5.00, New:   0.15
Excitation Wavelength Changed: 8/19/2022 1:10:57 PM, Old: 295.00, New: 240.00
Emission Wavelength Changed: 8/19/2022 1:10:57 PM, Old: 305.00, New: 400.00
Stop Wavelength Changed: 8/19/2022 1:10:57 PM, Old: 550.00, New: 390.00
Zero Mode Changed: 8/19/2022 1:11:03 PM, Old:ON, New:Reading
Zero Mode Changed: 8/19/2022 1:11:03 PM, Old:Reading, New:ON
Scan mode: Changed: 8/19/2022 1:11:48 PM, Old:Excitation, New:Emission
Excitation Wavelength Changed: 8/19/2022 1:11:48 PM, Old: 240.00, New: 330.00
Emission Wavelength Changed: 8/19/2022 1:11:48 PM, Old: 400.00, New: 340.00
Stop Wavelength Changed: 8/19/2022 1:11:48 PM, Old: 390.00, New: 600.00
Zero Mode Changed: 8/19/2022 1:11:50 PM, Old:ON, New:Reading
Zero Mode Changed: 8/19/2022 1:11:51 PM, Old:Reading, New:ON
Scan mode: Changed: 8/19/2022 1:12:42 PM, Old:Emission, New:Excitation
Excitation Wavelength Changed: 8/19/2022 1:12:42 PM, Old: 330.00, New: 220.00
Emission Wavelength Changed: 8/19/2022 1:12:42 PM, Old: 340.00, New: 400.00
Stop Wavelength Changed: 8/19/2022 1:12:42 PM, Old: 600.00, New: 390.00
Zero Mode Changed: 8/19/2022 1:12:45 PM, Old:ON, New:Reading
Zero Mode Changed: 8/19/2022 1:12:46 PM, Old:Reading, New:ON
Excitation Wavelength Changed: 8/19/2022 1:13:19 PM, Old: 220.00, New: 290.00
Zero Mode Changed: 8/19/2022 1:13:21 PM, Old:ON, New:Reading
Zero Mode Changed: 8/19/2022 1:13:21 PM, Old:Reading, New:ON
Scan mode: Changed: 8/19/2022 1:14:02 PM, Old:Excitation, New:Emission
Excitation Wavelength Changed: 8/19/2022 1:14:02 PM, Old: 290.00, New: 260.00
Emission Wavelength Changed: 8/19/2022 1:14:02 PM, Old: 400.00, New: 270.00
Stop Wavelength Changed: 8/19/2022 1:14:02 PM, Old: 390.00, New: 500.00
Zero Mode Changed: 8/19/2022 1:14:05 PM, Old:ON, New:Reading
Zero Mode Changed: 8/19/2022 1:14:05 PM, Old:Reading, New:ON
3-D Mode Changed: 8/19/2022 1:15:52 PM, Old:OFF, New:ON
User Delta Stop Changed: 8/19/2022 1:15:52 PM, Old: 400.00, New: 330.00
User Delta Increment Changed: 8/19/2022 1:15:52 PM, Old:   0.15, New:   5.00
Emission Wavelength Changed: 8/19/2022 1:15:52 PM, Old: 270.00, New: 340.00
Zero Mode Changed: 8/19/2022 1:15:53 PM, Old:ON, New:Reading
Zero Mode Changed: 8/19/2022 1:15:53 PM, Old:Reading, New:ON
Excitation Wavelength Changed: 8/19/2022 1:16:21 PM, Old: 260.00, New: 265.00
Excitation Wavelength Changed: 8/19/2022 1:16:38 PM, Old: 265.00, New: 270.00
Excitation Wavelength Changed: 8/19/2022 1:16:55 PM, Old: 270.00, New: 275.00
Excitation Wavelength Changed: 8/19/2022 1:17:12 PM, Old: 275.00, New: 280.00
Excitation Wavelength Changed: 8/19/2022 1:17:29 PM, Old: 280.00, New: 285.00
Excitation Wavelength Changed: 8/19/2022 1:17:46 PM, Old: 285.00, New: 290.00
Excitation Wavelength Changed: 8/19/2022 1:18:03 PM, Old: 290.00, New: 295.00
Excitation Wavelength Changed: 8/19/2022 1:18:19 PM, Old: 295.00, New: 300.00
Excitation Wavelength Changed: 8/19/2022 1:18:36 PM, Old: 300.00, New: 305.00
Excitation Wavelength Changed: 8/19/2022 1:18:53 PM, Old: 305.00, New: 310.00
Excitation Wavelength Changed: 8/19/2022 1:18:56 PM, Old: 310.00, New: 315.00
Excitation Wavelength Changed: 8/19/2022 12:21:52 PM, Old: 315.00, New: 295.00
Emission Wavelength Changed: 8/19/2022 12:21:52 PM, Old: 340.00, New: 305.00
Stop Wavelength Changed: 8/19/2022 12:21:52 PM, Old: 500.00, New: 550.00
Zero Mode Changed: 8/19/2022 12:21:54 PM, Old:ON, New:Reading
Zero Mode Changed: 8/19/2022 12:21:54 PM, Old:Reading, New:ON
3-D Mode Changed: 8/19/2022 12:22:09 PM, Old:ON, New:OFF
Zero Mode Changed: 8/19/2022 12:22:11 PM, Old:ON, New:Reading
Zero Mode Changed: 8/19/2022 12:22:11 PM, Old:Reading, New:ON
Scan mode: Changed: 8/19/2022 12:23:09 PM, Old:Emission, New:Excitation
User Delta Stop Changed: 8/19/2022 12:23:09 PM, Old: 330.00, New: 370.00
User Delta Increment Changed: 8/19/2022 12:23:09 PM, Old:   5.00, New:   0.15
Excitation Wavelength Changed: 8/19/2022 12:23:09 PM, Old: 295.00, New: 240.00
Emission Wavelength Changed: 8/19/2022 12:23:09 PM, Old: 305.00, New: 370.00
Stop Wavelength Changed: 8/19/2022 12:23:09 PM, Old: 550.00, New: 360.00
Zero Mode Changed: 8/19/2022 12:23:12 PM, Old:ON, New:Reading
Zero Mode Changed: 8/19/2022 12:23:12 PM, Old:Reading, New:ON
Scan mode: Changed: 8/19/2022 12:23:53 PM, Old:Excitation, New:Emission
Excitation Wavelength Changed: 8/19/2022 12:23:53 PM, Old: 240.00, New: 320.00
Emission Wavelength Changed: 8/19/2022 12:23:53 PM, Old: 370.00, New: 330.00
Stop Wavelength Changed: 8/19/2022 12:23:53 PM, Old: 360.00, New: 650.00
Zero Mode Changed: 8/19/2022 12:23:56 PM, Old:ON, New:Reading
Zero Mode Changed: 8/19/2022 12:23:56 PM, Old:Reading, New:ON
Scan mode: Changed: 8/19/2022 12:25:02 PM, Old:Emission, New:Excitation
User Delta Stop Changed: 8/19/2022 12:25:02 PM, Old: 370.00, New: 520.00
Excitation Wavelength Changed: 8/19/2022 12:25:02 PM, Old: 320.00, New: 270.00
Emission Wavelength Changed: 8/19/2022 12:25:02 PM, Old: 330.00, New: 520.00
Stop Wavelength Changed: 8/19/2022 12:25:02 PM, Old: 650.00, New: 510.00
Zero Mode Changed: 8/19/2022 12:25:06 PM, Old:ON, New:Reading
Zero Mode Changed: 8/19/2022 12:25:06 PM, Old:Reading, New:ON
Scan mode: Changed: 8/19/2022 12:26:34 PM, Old:Excitation, New:Emission
Excitation Wavelength Changed: 8/19/2022 12:26:34 PM, Old: 270.00, New: 380.00
Emission Wavelength Changed: 8/19/2022 12:26:34 PM, Old: 520.00, New: 390.00
Stop Wavelength Changed: 8/19/2022 12:26:34 PM, Old: 510.00, New: 700.00
Zero Mode Changed: 8/19/2022 12:26:36 PM, Old:ON, New:Reading
Zero Mode Changed: 8/19/2022 12:26:36 PM, Old:Reading, New:ON
Scan mode: Changed: 8/19/2022 12:27:28 PM, Old:Emission, New:Excitation
Excitation Wavelength Changed: 8/19/2022 12:27:28 PM, Old: 380.00, New: 240.00
Emission Wavelength Changed: 8/19/2022 12:27:28 PM, Old: 390.00, New: 395.00
Stop Wavelength Changed: 8/19/2022 12:27:28 PM, Old: 700.00, New: 385.00
Zero Mode Changed: 8/19/2022 12:27:32 PM, Old:ON, New:Reading
Zero Mode Changed: 8/19/2022 12:27:32 PM, Old:Reading, New:ON
Emission Wavelength Changed: 8/19/2022 12:27:46 PM, Old: 395.00, New: 390.00
Stop Wavelength Changed: 8/19/2022 12:27:46 PM, Old: 385.00, New: 380.00
Zero Mode Changed: 8/19/2022 12:27:47 PM, Old:ON, New:Reading
Zero Mode Changed: 8/19/2022 12:27:47 PM, Old:Reading, New:ON
Scan mode: Changed: 8/19/2022 12:28:31 PM, Old:Excitation, New:Emission
Excitation Wavelength Changed: 8/19/2022 12:28:31 PM, Old: 240.00, New: 330.00
Emission Wavelength Changed: 8/19/2022 12:28:31 PM, Old: 390.00, New: 340.00
Stop Wavelength Changed: 8/19/2022 12:28:31 PM, Old: 380.00, New: 700.00
Zero Mode Changed: 8/19/2022 12:28:32 PM, Old:ON, New:Reading
Zero Mode Changed: 8/19/2022 12:28:33 PM, Old:Reading, New:ON
Scan mode: Changed: 8/19/2022 12:29:35 PM, Old:Emission, New:Excitation
Excitation Wavelength Changed: 8/19/2022 12:29:35 PM, Old: 330.00, New: 240.00
Emission Wavelength Changed: 8/19/2022 12:29:35 PM, Old: 340.00, New: 405.00
Stop Wavelength Changed: 8/19/2022 12:29:35 PM, Old: 700.00, New: 395.00
Zero Mode Changed: 8/19/2022 12:29:38 PM, Old:ON, New:Reading
Zero Mode Changed: 8/19/2022 12:29:38 PM, Old:Reading, New:ON
Scan mode: Changed: 8/19/2022 12:30:37 PM, Old:Excitation, New:Emission
Excitation Wavelength Changed: 8/19/2022 12:30:37 PM, Old: 240.00, New: 335.00
Emission Wavelength Changed: 8/19/2022 12:30:37 PM, Old: 405.00, New: 345.00
Stop Wavelength Changed: 8/19/2022 12:30:37 PM, Old: 395.00, New: 650.00
Zero Mode Changed: 8/19/2022 12:30:39 PM, Old:ON, New:Reading
Zero Mode Changed: 8/19/2022 12:30:39 PM, Old:Reading, New:ON
Scan mode: Changed: 8/19/2022 12:31:30 PM, Old:Emission, New:Excitation
Excitation Wavelength Changed: 8/19/2022 12:31:30 PM, Old: 335.00, New: 240.00
Emission Wavelength Changed: 8/19/2022 12:31:30 PM, Old: 345.00, New: 410.00
Stop Wavelength Changed: 8/19/2022 12:31:30 PM, Old: 650.00, New: 400.00
Zero Mode Changed: 8/19/2022 12:31:33 PM, Old:ON, New:Reading
Zero Mode Changed: 8/19/2022 12:31:34 PM, Old:Reading, New:ON
Emission Wavelength Changed: 8/19/2022 12:32:09 PM, Old: 410.00, New: 420.00
Stop Wavelength Changed: 8/19/2022 12:32:09 PM, Old: 400.00, New: 410.00
Zero Mode Changed: 8/19/2022 12:32:11 PM, Old:ON, New:Reading
Zero Mode Changed: 8/19/2022 12:32:12 PM, Old:Reading, New:ON
Emission Wavelength Changed: 8/19/2022 12:32:51 PM, Old: 420.00, New: 415.00
Stop Wavelength Changed: 8/19/2022 12:32:51 PM, Old: 410.00, New: 405.00
Zero Mode Changed: 8/19/2022 12:32:56 PM, Old:ON, New:Reading
Zero Mode Changed: 8/19/2022 12:32:56 PM, Old:Reading, New:ON
3-D Mode Changed: 8/19/2022 12:36:08 PM, Old:OFF, New:ON
User Delta Stop Changed: 8/19/2022 12:36:08 PM, Old: 520.00, New: 430.00
Emission Wavelength Changed: 8/19/2022 12:36:08 PM, Old: 415.00, New: 400.00
Stop Wavelength Changed: 8/19/2022 12:36:08 PM, Old: 405.00, New: 390.00
Zero Mode Changed: 8/19/2022 12:36:20 PM, Old:ON, New:Reading
Zero Mode Changed: 8/19/2022 12:36:20 PM, Old:Reading, New:ON
Emission Wavelength Changed: 8/19/2022 12:37:00 PM, Old: 400.00, New: 400.15
Emission Wavelength Changed: 8/19/2022 12:37:20 PM, Old: 400.15, New: 400.30
Emission Wavelength Changed: 8/19/2022 12:37:26 PM, Old: 400.30, New: 400.45
Scan mode: Changed: 8/19/2022 12:38:08 PM, Old:Excitation, New:Emission
3-D Mode Changed: 8/19/2022 12:38:08 PM, Old:ON, New:OFF
User Delta Increment Changed: 8/19/2022 12:38:08 PM, Old:   0.15, New:   5.00
Excitation Wavelength Changed: 8/19/2022 12:38:08 PM, Old: 240.00, New: 295.00
Emission Wavelength Changed: 8/19/2022 12:38:08 PM, Old: 400.45, New: 305.00
Stop Wavelength Changed: 8/19/2022 12:38:08 PM, Old: 390.00, New: 550.00
Zero Mode Changed: 8/19/2022 12:38:09 PM, Old:ON, New:Reading
Zero Mode Changed: 8/19/2022 12:38:10 PM, Old:Reading, New:ON
Ex. Slit Width (nm): Changed: 8/19/2022 12:39:13 PM, Old:5, New:10
Excitation Wavelength Changed: 8/19/2022 12:39:13 PM, Old: 295.00, New: 340.00
Emission Wavelength Changed: 8/19/2022 12:39:13 PM, Old: 305.00, New: 350.00
Stop Wavelength Changed: 8/19/2022 12:39:13 PM, Old: 550.00, New: 650.00
Zero Mode Changed: 8/19/2022 12:39:13 PM, Old:ON, New:OFF
Zero Mode Changed: 8/19/2022 12:39:15 PM, Old:OFF, New:Reading
Zero Mode Changed: 8/19/2022 12:39:15 PM, Old:Reading, New:ON
Scan mode: Changed: 8/19/2022 12:40:17 PM, Old:Emission, New:Excitation
User Delta Stop Changed: 8/19/2022 12:40:17 PM, Old: 430.00, New: 530.00
User Delta Increment Changed: 8/19/2022 12:40:17 PM, Old:   5.00, New:   0.15
Excitation Wavelength Changed: 8/19/2022 12:40:17 PM, Old: 340.00, New: 240.00
Emission Wavelength Changed: 8/19/2022 12:40:17 PM, Old: 350.00, New: 530.00
Stop Wavelength Changed: 8/19/2022 12:40:17 PM, Old: 650.00, New: 520.00
Zero Mode Changed: 8/19/2022 12:40:20 PM, Old:ON, New:Reading
Zero Mode Changed: 8/19/2022 12:40:21 PM, Old:Reading, New:ON
Scan mode: Changed: 8/19/2022 12:41:51 PM, Old:Excitation, New:Emission
Ex. Slit Width (nm): Changed: 8/19/2022 12:41:51 PM, Old:10, New:5
Excitation Wavelength Changed: 8/19/2022 12:41:51 PM, Old: 240.00, New: 455.00
Emission Wavelength Changed: 8/19/2022 12:41:51 PM, Old: 530.00, New: 465.00
Stop Wavelength Changed: 8/19/2022 12:41:51 PM, Old: 520.00, New: 700.00
Zero Mode Changed: 8/19/2022 12:41:51 PM, Old:ON, New:OFF
Zero Mode Changed: 8/19/2022 12:41:53 PM, Old:OFF, New:Reading
Zero Mode Changed: 8/19/2022 12:41:54 PM, Old:Reading, New:ON
Scan mode: Changed: 8/19/2022 12:42:51 PM, Old:Emission, New:Excitation
Excitation Wavelength Changed: 8/19/2022 12:42:51 PM, Old: 455.00, New: 290.00
Emission Wavelength Changed: 8/19/2022 12:42:51 PM, Old: 465.00, New: 530.00
Stop Wavelength Changed: 8/19/2022 12:42:51 PM, Old: 700.00, New: 520.00
Zero Mode Changed: 8/19/2022 12:42:54 PM, Old:ON, New:Reading
Zero Mode Changed: 8/19/2022 12:42:54 PM, Old:Reading, New:ON
Scan mode: Changed: 8/19/2022 12:44:03 PM, Old:Excitation, New:Emission
Excitation Wavelength Changed: 8/19/2022 12:44:03 PM, Old: 290.00, New: 420.00
Emission Wavelength Changed: 8/19/2022 12:44:03 PM, Old: 530.00, New: 430.00
Stop Wavelength Changed: 8/19/2022 12:44:03 PM, Old: 520.00, New: 700.00
Zero Mode Changed: 8/19/2022 12:44:05 PM, Old:ON, New:Reading
Zero Mode Changed: 8/19/2022 12:44:05 PM, Old:Reading, New:ON
Excitation Wavelength Changed: 8/19/2022 12:44:53 PM, Old: 420.00, New: 330.00
Emission Wavelength Changed: 8/19/2022 12:44:53 PM, Old: 430.00, New: 340.00
Stop Wavelength Changed: 8/19/2022 12:44:53 PM, Old: 700.00, New: 650.00
Zero Mode Changed: 8/19/2022 12:44:56 PM, Old:ON, New:Reading
Zero Mode Changed: 8/19/2022 12:44:56 PM, Old:Reading, New:ON
Scan mode: Changed: 8/19/2022 12:45:51 PM, Old:Emission, New:Excitation
Excitation Wavelength Changed: 8/19/2022 12:45:51 PM, Old: 330.00, New: 240.00
Emission Wavelength Changed: 8/19/2022 12:45:51 PM, Old: 340.00, New: 420.00
Stop Wavelength Changed: 8/19/2022 12:45:51 PM, Old: 650.00, New: 410.00
Zero Mode Changed: 8/19/2022 12:45:54 PM, Old:ON, New:Reading
Zero Mode Changed: 8/19/2022 12:45:55 PM, Old:Reading, New:ON
Scan mode: Changed: 8/19/2022 12:46:45 PM, Old:Excitation, New:Emission
Excitation Wavelength Changed: 8/19/2022 12:46:45 PM, Old: 240.00, New: 355.00
Emission Wavelength Changed: 8/19/2022 12:46:45 PM, Old: 420.00, New: 365.00
Stop Wavelength Changed: 8/19/2022 12:46:45 PM, Old: 410.00, New: 700.00
Zero Mode Changed: 8/19/2022 12:46:47 PM, Old:ON, New:Reading
Zero Mode Changed: 8/19/2022 12:46:47 PM, Old:Reading, New:ON
Scan mode: Changed: 8/19/2022 12:47:42 PM, Old:Emission, New:Excitation
Excitation Wavelength Changed: 8/19/2022 12:47:42 PM, Old: 355.00, New: 240.00
Emission Wavelength Changed: 8/19/2022 12:47:42 PM, Old: 365.00, New: 455.00
Stop Wavelength Changed: 8/19/2022 12:47:42 PM, Old: 700.00, New: 445.00
Zero Mode Changed: 8/19/2022 12:47:45 PM, Old:ON, New:Reading
Zero Mode Changed: 8/19/2022 12:47:45 PM, Old:Reading, New:ON
Scan mode: Changed: 8/19/2022 12:48:35 PM, Old:Excitation, New:Emission
Excitation Wavelength Changed: 8/19/2022 12:48:35 PM, Old: 240.00, New: 390.00
Emission Wavelength Changed: 8/19/2022 12:48:35 PM, Old: 455.00, New: 400.00
Stop Wavelength Changed: 8/19/2022 12:48:35 PM, Old: 445.00, New: 700.00
Zero Mode Changed: 8/19/2022 12:48:37 PM, Old:ON, New:Reading
Zero Mode Changed: 8/19/2022 12:48:37 PM, Old:Reading, New:ON
Scan mode: Changed: 8/19/2022 12:49:27 PM, Old:Emission, New:Excitation
Excitation Wavelength Changed: 8/19/2022 12:49:27 PM, Old: 390.00, New: 240.00
Emission Wavelength Changed: 8/19/2022 12:49:27 PM, Old: 400.00, New: 460.00
Stop Wavelength Changed: 8/19/2022 12:49:27 PM, Old: 700.00, New: 450.00
Zero Mode Changed: 8/19/2022 12:49:30 PM, Old:ON, New:Reading
Zero Mode Changed: 8/19/2022 12:49:31 PM, Old:Reading, New:ON
Scan mode: Changed: 8/19/2022 12:50:43 PM, Old:Excitation, New:Emission
Excitation Wavelength Changed: 8/19/2022 12:50:43 PM, Old: 240.00, New: 400.00
Emission Wavelength Changed: 8/19/2022 12:50:43 PM, Old: 460.00, New: 410.00
Stop Wavelength Changed: 8/19/2022 12:50:43 PM, Old: 450.00, New: 700.00
Zero Mode Changed: 8/19/2022 12:50:45 PM, Old:ON, New:Reading
Zero Mode Changed: 8/19/2022 12:50:45 PM, Old:Reading, New:ON
End Method Modifications

CdSe 180sec em530,
CdSe 180sec em530
Collection Time: 8/19/2022 12:52:07 PM
Operator Name  :
Scan Software Version: 1.1(132)
Parameter List :
Instrument                        Cary Eclipse
Instrument Serial Number          E08013467
Data mode                         Fluorescence
Scan mode                         Excitation
X Mode                            Wavelength (nm)
Start (nm)                        290.00
Stop (nm)                         520.00
Em. Wavelength (nm)               530.00
Ex. Slit (nm)                     5
Em. Slit (nm)                     5
Scan rate (nm/min)                600.00
Data interval (nm)                1.0000
Averaging Time (s)                0.1000
Excitation filter                 Auto
Emission filter                   Open
PMT voltage (V)                   Medium
Corrected spectra                 OFF
Method Log     :
Method Name    : Default
Date/Time stamp: 8/19/2022 12:23:28 PM
Method Modifications:
Overlayed Graphs Changed: 8/19/2022 12:24:53 PM, Old:OFF, New:ON
Y max Changed: 8/19/2022 12:24:53 PM, Old:  1000.0000, New:   300.0000
Excitation Wavelength Changed: 8/19/2022 12:27:20 PM, Old: 350.00, New: 300.00
Emission Wavelength Changed: 8/19/2022 12:27:20 PM, Old: 400.00, New: 310.00
Stop Wavelength Changed: 8/19/2022 12:27:20 PM, Old: 600.00, New: 500.00
Zero Mode Changed: 8/19/2022 12:27:22 PM, Old:OFF, New:Reading
Zero Mode Changed: 8/19/2022 12:27:22 PM, Old:Reading, New:ON
Scan mode: Changed: 8/19/2022 12:28:28 PM, Old:Emission, New:Excitation
Excitation Wavelength Changed: 8/19/2022 12:28:28 PM, Old: 300.00, New: 240.00
Emission Wavelength Changed: 8/19/2022 12:28:28 PM, Old: 310.00, New: 400.00
Stop Wavelength Changed: 8/19/2022 12:28:28 PM, Old: 500.00, New: 390.00
Zero Mode Changed: 8/19/2022 12:28:31 PM, Old:ON, New:Reading
Zero Mode Changed: 8/19/2022 12:28:31 PM, Old:Reading, New:ON
Scan mode: Changed: 8/19/2022 12:29:17 PM, Old:Excitation, New:Emission
Excitation Wavelength Changed: 8/19/2022 12:29:17 PM, Old: 240.00, New: 330.00
Emission Wavelength Changed: 8/19/2022 12:29:17 PM, Old: 400.00, New: 340.00
Stop Wavelength Changed: 8/19/2022 12:29:17 PM, Old: 390.00, New: 500.00
Zero Mode Changed: 8/19/2022 12:29:19 PM, Old:ON, New:Reading
Zero Mode Changed: 8/19/2022 12:29:19 PM, Old:Reading, New:ON
Scan mode: Changed: 8/19/2022 12:30:02 PM, Old:Emission, New:Excitation
Excitation Wavelength Changed: 8/19/2022 12:30:02 PM, Old: 330.00, New: 240.00
Emission Wavelength Changed: 8/19/2022 12:30:02 PM, Old: 340.00, New: 410.00
Stop Wavelength Changed: 8/19/2022 12:30:02 PM, Old: 500.00, New: 400.00
Zero Mode Changed: 8/19/2022 12:30:08 PM, Old:ON, New:Reading
Zero Mode Changed: 8/19/2022 12:30:08 PM, Old:Reading, New:ON
Scan mode: Changed: 8/19/2022 12:30:53 PM, Old:Excitation, New:Emission
Excitation Wavelength Changed: 8/19/2022 12:30:53 PM, Old: 240.00, New: 335.00
Emission Wavelength Changed: 8/19/2022 12:30:53 PM, Old: 410.00, New: 345.00
Stop Wavelength Changed: 8/19/2022 12:30:53 PM, Old: 400.00, New: 600.00
Zero Mode Changed: 8/19/2022 12:30:55 PM, Old:ON, New:Reading
Zero Mode Changed: 8/19/2022 12:30:55 PM, Old:Reading, New:ON
Zero Mode Changed: 8/19/2022 12:34:51 PM, Old:ON, New:Reading
Zero Mode Changed: 8/19/2022 12:34:51 PM, Old:Reading, New:ON
Scan mode: Changed: 8/19/2022 12:35:39 PM, Old:Emission, New:Excitation
Excitation Wavelength Changed: 8/19/2022 12:35:39 PM, Old: 335.00, New: 240.00
Emission Wavelength Changed: 8/19/2022 12:35:39 PM, Old: 345.00, New: 410.00
Stop Wavelength Changed: 8/19/2022 12:35:39 PM, Old: 600.00, New: 400.00
Zero Mode Changed: 8/19/2022 12:35:42 PM, Old:ON, New:Reading
Zero Mode Changed: 8/19/2022 12:35:43 PM, Old:Reading, New:ON
Scan mode: Changed: 8/19/2022 12:36:52 PM, Old:Excitation, New:Emission
Excitation Wavelength Changed: 8/19/2022 12:36:52 PM, Old: 240.00, New: 300.00
Emission Wavelength Changed: 8/19/2022 12:36:52 PM, Old: 410.00, New: 310.00
Stop Wavelength Changed: 8/19/2022 12:36:52 PM, Old: 400.00, New: 600.00
Zero Mode Changed: 8/19/2022 12:36:54 PM, Old:ON, New:Reading
Zero Mode Changed: 8/19/2022 12:36:54 PM, Old:Reading, New:ON
Scan mode: Changed: 8/19/2022 12:37:46 PM, Old:Emission, New:Excitation
Excitation Wavelength Changed: 8/19/2022 12:37:46 PM, Old: 300.00, New: 240.00
Emission Wavelength Changed: 8/19/2022 12:37:46 PM, Old: 310.00, New: 350.00
Stop Wavelength Changed: 8/19/2022 12:37:46 PM, Old: 600.00, New: 340.00
Zero Mode Changed: 8/19/2022 12:37:49 PM, Old:ON, New:Reading
Zero Mode Changed: 8/19/2022 12:37:49 PM, Old:Reading, New:ON
Scan mode: Changed: 8/19/2022 12:38:28 PM, Old:Excitation, New:Emission
Excitation Wavelength Changed: 8/19/2022 12:38:28 PM, Old: 240.00, New: 295.00
Emission Wavelength Changed: 8/19/2022 12:38:28 PM, Old: 350.00, New: 305.00
Stop Wavelength Changed: 8/19/2022 12:38:28 PM, Old: 340.00, New: 550.00
Zero Mode Changed: 8/19/2022 12:38:31 PM, Old:ON, New:Reading
Zero Mode Changed: 8/19/2022 12:38:31 PM, Old:Reading, New:ON
Scan Control Changed: 8/19/2022 12:39:12 PM, Old:Medium, New:Slow
Ave. time (s): Changed: 8/19/2022 12:39:12 PM, Old:0.10000, New:0.50000
Zero Mode Changed: 8/19/2022 12:39:14 PM, Old:ON, New:Reading
Zero Mode Changed: 8/19/2022 12:39:14 PM, Old:Reading, New:ON
Excitation Wavelength Changed: 8/19/2022 12:41:46 PM, Old: 295.00, New: 335.00
Emission Wavelength Changed: 8/19/2022 12:41:46 PM, Old: 305.00, New: 345.00
Stop Wavelength Changed: 8/19/2022 12:41:46 PM, Old: 550.00, New: 600.00
Zero Mode Changed: 8/19/2022 12:41:49 PM, Old:ON, New:Reading
Zero Mode Changed: 8/19/2022 12:41:50 PM, Old:Reading, New:ON
Scan mode: Changed: 8/19/2022 12:46:36 PM, Old:Emission, New:Excitation
Excitation Wavelength Changed: 8/19/2022 12:46:36 PM, Old: 335.00, New: 240.00
Emission Wavelength Changed: 8/19/2022 12:46:36 PM, Old: 345.00, New: 410.00
Stop Wavelength Changed: 8/19/2022 12:46:36 PM, Old: 600.00, New: 400.00
Zero Mode Changed: 8/19/2022 12:46:39 PM, Old:ON, New:Reading
Zero Mode Changed: 8/19/2022 12:46:40 PM, Old:Reading, New:ON
Scan Control Changed: 8/19/2022 12:50:26 PM, Old:Slow, New:Medium
Ave. time (s): Changed: 8/19/2022 12:50:26 PM, Old:0.50000, New:0.10000
Zero Mode Changed: 8/19/2022 12:50:27 PM, Old:ON, New:Reading
Zero Mode Changed: 8/19/2022 12:50:27 PM, Old:Reading, New:ON
Scan mode: Changed: 8/19/2022 12:51:32 PM, Old:Excitation, New:Emission
Excitation Wavelength Changed: 8/19/2022 12:51:32 PM, Old: 240.00, New: 337.00
Emission Wavelength Changed: 8/19/2022 12:51:32 PM, Old: 410.00, New: 347.00
Stop Wavelength Changed: 8/19/2022 12:51:32 PM, Old: 400.00, New: 600.00
Zero Mode Changed: 8/19/2022 12:51:34 PM, Old:ON, New:Reading
Zero Mode Changed: 8/19/2022 12:51:35 PM, Old:Reading, New:ON
Scan mode: Changed: 8/19/2022 12:52:30 PM, Old:Emission, New:Excitation
Excitation Wavelength Changed: 8/19/2022 12:52:30 PM, Old: 337.00, New: 240.00
Emission Wavelength Changed: 8/19/2022 12:52:30 PM, Old: 347.00, New: 415.00
Stop Wavelength Changed: 8/19/2022 12:52:30 PM, Old: 600.00, New: 400.00
Zero Mode Changed: 8/19/2022 12:52:33 PM, Old:ON, New:Reading
Zero Mode Changed: 8/19/2022 12:52:33 PM, Old:Reading, New:ON
Scan mode: Changed: 8/19/2022 12:53:13 PM, Old:Excitation, New:Emission
Excitation Wavelength Changed: 8/19/2022 12:53:13 PM, Old: 240.00, New: 340.00
Emission Wavelength Changed: 8/19/2022 12:53:13 PM, Old: 415.00, New: 350.00
Stop Wavelength Changed: 8/19/2022 12:53:13 PM, Old: 400.00, New: 600.00
Zero Mode Changed: 8/19/2022 12:53:15 PM, Old:ON, New:Reading
Zero Mode Changed: 8/19/2022 12:53:15 PM, Old:Reading, New:ON
Zero Mode Changed: 8/19/2022 12:54:45 PM, Old:ON, New:Reading
Zero Mode Changed: 8/19/2022 12:54:46 PM, Old:Reading, New:ON
Zero Mode Changed: 8/19/2022 12:54:49 PM, Old:ON, New:Reading
Zero Mode Changed: 8/19/2022 12:54:49 PM, Old:Reading, New:ON
Scan Control Changed: 8/19/2022 12:54:51 PM, Old:Medium, New:Slow
Ave. time (s): Changed: 8/19/2022 12:54:51 PM, Old:0.10000, New:0.50000
Zero Mode Changed: 8/19/2022 12:54:55 PM, Old:ON, New:Reading
Zero Mode Changed: 8/19/2022 12:54:56 PM, Old:Reading, New:ON
Scan mode: Changed: 8/19/2022 12:57:28 PM, Old:Emission, New:Excitation
Excitation Wavelength Changed: 8/19/2022 12:57:28 PM, Old: 340.00, New: 240.00
Emission Wavelength Changed: 8/19/2022 12:57:28 PM, Old: 350.00, New: 420.00
Stop Wavelength Changed: 8/19/2022 12:57:28 PM, Old: 600.00, New: 410.00
Zero Mode Changed: 8/19/2022 12:57:31 PM, Old:ON, New:Reading
Zero Mode Changed: 8/19/2022 12:57:31 PM, Old:Reading, New:ON
Scan mode: Changed: 8/19/2022 12:59:36 PM, Old:Excitation, New:Emission
Excitation Wavelength Changed: 8/19/2022 12:59:36 PM, Old: 240.00, New: 295.00
Emission Wavelength Changed: 8/19/2022 12:59:36 PM, Old: 420.00, New: 305.00
Stop Wavelength Changed: 8/19/2022 12:59:36 PM, Old: 410.00, New: 550.00
Scan Control Changed: 8/19/2022 12:59:41 PM, Old:Slow, New:Medium
Ave. time (s): Changed: 8/19/2022 12:59:41 PM, Old:0.50000, New:0.10000
Zero Mode Changed: 8/19/2022 12:59:44 PM, Old:ON, New:Reading
Zero Mode Changed: 8/19/2022 12:59:44 PM, Old:Reading, New:ON
Scan mode: Changed: 8/19/2022 1:00:36 PM, Old:Emission, New:Excitation
Excitation Wavelength Changed: 8/19/2022 1:00:36 PM, Old: 295.00, New: 240.00
Emission Wavelength Changed: 8/19/2022 1:00:36 PM, Old: 305.00, New: 350.00
Stop Wavelength Changed: 8/19/2022 1:00:36 PM, Old: 550.00, New: 340.00
Zero Mode Changed: 8/19/2022 1:00:45 PM, Old:ON, New:Reading
Zero Mode Changed: 8/19/2022 1:00:45 PM, Old:Reading, New:ON
Zero Mode Changed: 8/19/2022 1:01:25 PM, Old:ON, New:Reading
Zero Mode Changed: 8/19/2022 1:01:25 PM, Old:Reading, New:ON
Emission Wavelength Changed: 8/19/2022 1:04:06 PM, Old: 350.00, New: 420.00
Stop Wavelength Changed: 8/19/2022 1:04:06 PM, Old: 340.00, New: 410.00
Zero Mode Changed: 8/19/2022 1:04:08 PM, Old:ON, New:Reading
Zero Mode Changed: 8/19/2022 1:04:08 PM, Old:Reading, New:ON
Scan mode: Changed: 8/19/2022 1:04:55 PM, Old:Excitation, New:Emission
Excitation Wavelength Changed: 8/19/2022 1:04:55 PM, Old: 240.00, New: 330.00
Emission Wavelength Changed: 8/19/2022 1:04:55 PM, Old: 420.00, New: 340.00
Stop Wavelength Changed: 8/19/2022 1:04:55 PM, Old: 410.00, New: 600.00
Zero Mode Changed: 8/19/2022 1:04:56 PM, Old:ON, New:Reading
Zero Mode Changed: 8/19/2022 1:04:57 PM, Old:Reading, New:ON
Scan mode: Changed: 8/19/2022 1:06:34 PM, Old:Emission, New:Excitation
User Delta Stop Changed: 8/19/2022 1:06:34 PM, Old: 450.00, New: 470.00
User Delta Increment Changed: 8/19/2022 1:06:34 PM, Old:  10.00, New:   0.15
Excitation Wavelength Changed: 8/19/2022 1:06:34 PM, Old: 330.00, New: 240.00
Emission Wavelength Changed: 8/19/2022 1:06:34 PM, Old: 340.00, New: 470.00
Stop Wavelength Changed: 8/19/2022 1:06:34 PM, Old: 600.00, New: 460.00
Zero Mode Changed: 8/19/2022 1:06:37 PM, Old:ON, New:Reading
Zero Mode Changed: 8/19/2022 1:06:37 PM, Old:Reading, New:ON
Scan mode: Changed: 8/19/2022 1:07:26 PM, Old:Excitation, New:Emission
Excitation Wavelength Changed: 8/19/2022 1:07:26 PM, Old: 240.00, New: 355.00
Emission Wavelength Changed: 8/19/2022 1:07:26 PM, Old: 470.00, New: 365.00
Stop Wavelength Changed: 8/19/2022 1:07:26 PM, Old: 460.00, New: 600.00
Zero Mode Changed: 8/19/2022 1:07:27 PM, Old:ON, New:Reading
Zero Mode Changed: 8/19/2022 1:07:27 PM, Old:Reading, New:ON
Scan mode: Changed: 8/19/2022 1:08:25 PM, Old:Emission, New:Excitation
User Delta Stop Changed: 8/19/2022 1:08:25 PM, Old: 470.00, New: 520.00
Excitation Wavelength Changed: 8/19/2022 1:08:25 PM, Old: 355.00, New: 270.00
Emission Wavelength Changed: 8/19/2022 1:08:25 PM, Old: 365.00, New: 520.00
Stop Wavelength Changed: 8/19/2022 1:08:25 PM, Old: 600.00, New: 510.00
Zero Mode Changed: 8/19/2022 1:08:29 PM, Old:ON, New:Reading
Zero Mode Changed: 8/19/2022 1:08:29 PM, Old:Reading, New:ON
Scan mode: Changed: 8/19/2022 1:09:40 PM, Old:Excitation, New:Emission
Excitation Wavelength Changed: 8/19/2022 1:09:40 PM, Old: 270.00, New: 345.00
Emission Wavelength Changed: 8/19/2022 1:09:40 PM, Old: 520.00, New: 355.00
Stop Wavelength Changed: 8/19/2022 1:09:40 PM, Old: 510.00, New: 600.00
Zero Mode Changed: 8/19/2022 1:09:42 PM, Old:ON, New:Reading
Zero Mode Changed: 8/19/2022 1:09:43 PM, Old:Reading, New:ON
Scan Control Changed: 8/19/2022 1:12:27 PM, Old:Medium, New:Slow
Ave. time (s): Changed: 8/19/2022 1:12:27 PM, Old:0.10000, New:0.50000
Zero Mode Changed: 8/19/2022 1:12:29 PM, Old:ON, New:Reading
Zero Mode Changed: 8/19/2022 1:12:30 PM, Old:Reading, New:ON
Scan mode: Changed: 8/19/2022 1:15:37 PM, Old:Emission, New:Excitation
Excitation Wavelength Changed: 8/19/2022 1:15:37 PM, Old: 345.00, New: 240.00
Emission Wavelength Changed: 8/19/2022 1:15:37 PM, Old: 355.00, New: 455.00
Stop Wavelength Changed: 8/19/2022 1:15:37 PM, Old: 600.00, New: 445.00
Zero Mode Changed: 8/19/2022 1:15:40 PM, Old:ON, New:Reading
Zero Mode Changed: 8/19/2022 1:15:41 PM, Old:Reading, New:ON
Scan mode: Changed: 8/19/2022 1:19:58 PM, Old:Excitation, New:Emission
Scan Control Changed: 8/19/2022 1:19:58 PM, Old:Slow, New:Medium
Ave. time (s): Changed: 8/19/2022 1:19:58 PM, Old:0.50000, New:0.10000
Excitation Wavelength Changed: 8/19/2022 1:19:58 PM, Old: 240.00, New: 295.00
Emission Wavelength Changed: 8/19/2022 1:19:58 PM, Old: 455.00, New: 305.00
Stop Wavelength Changed: 8/19/2022 1:19:58 PM, Old: 445.00, New: 550.00
Zero Mode Changed: 8/19/2022 1:20:00 PM, Old:ON, New:Reading
Zero Mode Changed: 8/19/2022 1:20:00 PM, Old:Reading, New:ON
Scan mode: Changed: 8/19/2022 12:22:27 PM, Old:Emission, New:Excitation
Excitation Wavelength Changed: 8/19/2022 12:22:27 PM, Old: 295.00, New: 240.00
Emission Wavelength Changed: 8/19/2022 12:22:27 PM, Old: 305.00, New: 350.00
Stop Wavelength Changed: 8/19/2022 12:22:27 PM, Old: 550.00, New: 340.00
Zero Mode Changed: 8/19/2022 12:22:31 PM, Old:ON, New:Reading
Zero Mode Changed: 8/19/2022 12:22:31 PM, Old:Reading, New:ON
Emission Wavelength Changed: 8/19/2022 12:35:02 PM, Old: 350.00, New: 420.00
Stop Wavelength Changed: 8/19/2022 12:35:02 PM, Old: 340.00, New: 410.00
Zero Mode Changed: 8/19/2022 12:35:04 PM, Old:ON, New:Reading
Zero Mode Changed: 8/19/2022 12:35:05 PM, Old:Reading, New:ON
Scan mode: Changed: 8/19/2022 12:36:08 PM, Old:Excitation, New:Emission
Excitation Wavelength Changed: 8/19/2022 12:36:08 PM, Old: 240.00, New: 360.00
Emission Wavelength Changed: 8/19/2022 12:36:08 PM, Old: 420.00, New: 370.00
Stop Wavelength Changed: 8/19/2022 12:36:08 PM, Old: 410.00, New: 700.00
Zero Mode Changed: 8/19/2022 12:36:09 PM, Old:ON, New:Reading
Zero Mode Changed: 8/19/2022 12:36:10 PM, Old:Reading, New:ON
Scan mode: Changed: 8/19/2022 12:37:08 PM, Old:Emission, New:Excitation
Excitation Wavelength Changed: 8/19/2022 12:37:08 PM, Old: 360.00, New: 240.00
Emission Wavelength Changed: 8/19/2022 12:37:08 PM, Old: 370.00, New: 440.00
Stop Wavelength Changed: 8/19/2022 12:37:08 PM, Old: 700.00, New: 430.00
Zero Mode Changed: 8/19/2022 12:37:11 PM, Old:ON, New:Reading
Zero Mode Changed: 8/19/2022 12:37:11 PM, Old:Reading, New:ON
Scan mode: Changed: 8/19/2022 12:38:01 PM, Old:Excitation, New:Emission
Excitation Wavelength Changed: 8/19/2022 12:38:01 PM, Old: 240.00, New: 365.00
Emission Wavelength Changed: 8/19/2022 12:38:01 PM, Old: 440.00, New: 375.00
Stop Wavelength Changed: 8/19/2022 12:38:01 PM, Old: 430.00, New: 700.00
Zero Mode Changed: 8/19/2022 12:38:03 PM, Old:ON, New:Reading
Zero Mode Changed: 8/19/2022 12:38:04 PM, Old:Reading, New:ON
Excitation Wavelength Changed: 8/19/2022 12:38:57 PM, Old: 365.00, New: 370.00
Emission Wavelength Changed: 8/19/2022 12:38:57 PM, Old: 375.00, New: 380.00
Zero Mode Changed: 8/19/2022 12:38:58 PM, Old:ON, New:Reading
Zero Mode Changed: 8/19/2022 12:38:59 PM, Old:Reading, New:ON
Scan mode: Changed: 8/19/2022 12:40:00 PM, Old:Emission, New:Excitation
Excitation Wavelength Changed: 8/19/2022 12:40:00 PM, Old: 370.00, New: 240.00
Emission Wavelength Changed: 8/19/2022 12:40:00 PM, Old: 380.00, New: 512.00
Stop Wavelength Changed: 8/19/2022 12:40:00 PM, Old: 700.00, New: 500.00
Zero Mode Changed: 8/19/2022 12:40:03 PM, Old:ON, New:Reading
Zero Mode Changed: 8/19/2022 12:40:04 PM, Old:Reading, New:ON
Scan mode: Changed: 8/19/2022 12:40:57 PM, Old:Excitation, New:Emission
Excitation Wavelength Changed: 8/19/2022 12:40:57 PM, Old: 240.00, New: 400.00
Emission Wavelength Changed: 8/19/2022 12:40:57 PM, Old: 512.00, New: 410.00
Stop Wavelength Changed: 8/19/2022 12:40:57 PM, Old: 500.00, New: 700.00
Zero Mode Changed: 8/19/2022 12:40:59 PM, Old:ON, New:Reading
Zero Mode Changed: 8/19/2022 12:41:00 PM, Old:Reading, New:ON
Scan mode: Changed: 8/19/2022 12:41:45 PM, Old:Emission, New:Excitation
Excitation Wavelength Changed: 8/19/2022 12:41:45 PM, Old: 400.00, New: 240.00
Emission Wavelength Changed: 8/19/2022 12:41:45 PM, Old: 410.00, New: 515.00
Stop Wavelength Changed: 8/19/2022 12:41:45 PM, Old: 700.00, New: 505.00
Zero Mode Changed: 8/19/2022 12:41:48 PM, Old:ON, New:Reading
Zero Mode Changed: 8/19/2022 12:41:49 PM, Old:Reading, New:ON
Emission Wavelength Changed: 8/19/2022 12:42:40 PM, Old: 515.00, New: 435.00
Stop Wavelength Changed: 8/19/2022 12:42:40 PM, Old: 505.00, New: 425.00
Zero Mode Changed: 8/19/2022 12:42:43 PM, Old:ON, New:Reading
Zero Mode Changed: 8/19/2022 12:42:43 PM, Old:Reading, New:ON
Scan mode: Changed: 8/19/2022 12:43:33 PM, Old:Excitation, New:Emission
Excitation Wavelength Changed: 8/19/2022 12:43:33 PM, Old: 240.00, New: 295.00
Emission Wavelength Changed: 8/19/2022 12:43:33 PM, Old: 435.00, New: 305.00
Stop Wavelength Changed: 8/19/2022 12:43:33 PM, Old: 425.00, New: 550.00
Zero Mode Changed: 8/19/2022 12:43:35 PM, Old:ON, New:Reading
Zero Mode Changed: 8/19/2022 12:43:35 PM, Old:Reading, New:ON
Scan mode: Changed: 8/19/2022 12:44:33 PM, Old:Emission, New:Excitation
Excitation Wavelength Changed: 8/19/2022 12:44:33 PM, Old: 295.00, New: 240.00
Emission Wavelength Changed: 8/19/2022 12:44:33 PM, Old: 305.00, New: 400.00
Stop Wavelength Changed: 8/19/2022 12:44:33 PM, Old: 550.00, New: 390.00
Zero Mode Changed: 8/19/2022 12:44:36 PM, Old:ON, New:Reading
Zero Mode Changed: 8/19/2022 12:44:37 PM, Old:Reading, New:ON
Scan mode: Changed: 8/19/2022 12:45:20 PM, Old:Excitation, New:Emission
Excitation Wavelength Changed: 8/19/2022 12:45:20 PM, Old: 240.00, New: 340.00
Emission Wavelength Changed: 8/19/2022 12:45:20 PM, Old: 400.00, New: 350.00
Stop Wavelength Changed: 8/19/2022 12:45:20 PM, Old: 390.00, New: 650.00
Zero Mode Changed: 8/19/2022 12:45:22 PM, Old:ON, New:Reading
Zero Mode Changed: 8/19/2022 12:45:22 PM, Old:Reading, New:ON
Scan mode: Changed: 8/19/2022 12:46:17 PM, Old:Emission, New:Excitation
Excitation Wavelength Changed: 8/19/2022 12:46:17 PM, Old: 340.00, New: 240.00
Emission Wavelength Changed: 8/19/2022 12:46:17 PM, Old: 350.00, New: 425.00
Stop Wavelength Changed: 8/19/2022 12:46:17 PM, Old: 650.00, New: 415.00
Zero Mode Changed: 8/19/2022 12:46:20 PM, Old:ON, New:Reading
Zero Mode Changed: 8/19/2022 12:46:21 PM, Old:Reading, New:ON
Scan mode: Changed: 8/19/2022 12:47:03 PM, Old:Excitation, New:Emission
Excitation Wavelength Changed: 8/19/2022 12:47:03 PM, Old: 240.00, New: 385.00
Emission Wavelength Changed: 8/19/2022 12:47:03 PM, Old: 425.00, New: 395.00
Stop Wavelength Changed: 8/19/2022 12:47:03 PM, Old: 415.00, New: 700.00
Zero Mode Changed: 8/19/2022 12:47:05 PM, Old:ON, New:Reading
Zero Mode Changed: 8/19/2022 12:47:05 PM, Old:Reading, New:ON
Excitation Wavelength Changed: 8/19/2022 12:47:56 PM, Old: 385.00, New: 365.00
Emission Wavelength Changed: 8/19/2022 12:47:56 PM, Old: 395.00, New: 375.00
Zero Mode Changed: 8/19/2022 12:47:59 PM, Old:ON, New:Reading
Zero Mode Changed: 8/19/2022 12:47:59 PM, Old:Reading, New:ON
3-D Mode Changed: 8/19/2022 12:50:41 PM, Old:OFF, New:ON
User Delta Stop Changed: 8/19/2022 12:50:41 PM, Old: 520.00, New: 400.00
User Delta Increment Changed: 8/19/2022 12:50:41 PM, Old:   0.15, New:   5.00
Excitation Wavelength Changed: 8/19/2022 12:50:41 PM, Old: 365.00, New: 330.00
Emission Wavelength Changed: 8/19/2022 12:50:41 PM, Old: 375.00, New: 410.00
Zero Mode Changed: 8/19/2022 12:50:43 PM, Old:ON, New:Reading
Zero Mode Changed: 8/19/2022 12:50:43 PM, Old:Reading, New:ON
Excitation Wavelength Changed: 8/19/2022 12:51:25 PM, Old: 330.00, New: 335.00
Excitation Wavelength Changed: 8/19/2022 12:51:55 PM, Old: 335.00, New: 340.00
Excitation Wavelength Changed: 8/19/2022 12:52:25 PM, Old: 340.00, New: 345.00
Excitation Wavelength Changed: 8/19/2022 12:52:55 PM, Old: 345.00, New: 350.00
Excitation Wavelength Changed: 8/19/2022 12:53:25 PM, Old: 350.00, New: 355.00
Excitation Wavelength Changed: 8/19/2022 12:53:55 PM, Old: 355.00, New: 360.00
Excitation Wavelength Changed: 8/19/2022 12:54:26 PM, Old: 360.00, New: 365.00
Excitation Wavelength Changed: 8/19/2022 12:54:56 PM, Old: 365.00, New: 370.00
Excitation Wavelength Changed: 8/19/2022 12:55:26 PM, Old: 370.00, New: 375.00
Excitation Wavelength Changed: 8/19/2022 12:55:56 PM, Old: 375.00, New: 380.00
Excitation Wavelength Changed: 8/19/2022 12:56:26 PM, Old: 380.00, New: 385.00
Excitation Wavelength Changed: 8/19/2022 12:56:56 PM, Old: 385.00, New: 390.00
Excitation Wavelength Changed: 8/19/2022 12:57:27 PM, Old: 390.00, New: 395.00
Excitation Wavelength Changed: 8/19/2022 12:57:57 PM, Old: 395.00, New: 400.00
Excitation Wavelength Changed: 8/19/2022 12:58:27 PM, Old: 400.00, New: 330.00
Excitation Wavelength Changed: 8/19/2022 1:09:07 PM, Old: 330.00, New: 295.00
Emission Wavelength Changed: 8/19/2022 1:09:07 PM, Old: 410.00, New: 305.00
Stop Wavelength Changed: 8/19/2022 1:09:07 PM, Old: 700.00, New: 550.00
Zero Mode Changed: 8/19/2022 1:09:08 PM, Old:ON, New:Reading
Zero Mode Changed: 8/19/2022 1:09:08 PM, Old:Reading, New:ON
Excitation Wavelength Changed: 8/19/2022 1:09:59 PM, Old: 295.00, New: 300.00
Excitation Wavelength Changed: 8/19/2022 1:10:08 PM, Old: 300.00, New: 305.00
3-D Mode Changed: 8/19/2022 1:10:15 PM, Old:ON, New:OFF
Excitation Wavelength Changed: 8/19/2022 1:10:15 PM, Old: 305.00, New: 295.00
Zero Mode Changed: 8/19/2022 1:10:16 PM, Old:ON, New:Reading
Zero Mode Changed: 8/19/2022 1:10:17 PM, Old:Reading, New:ON
Scan mode: Changed: 8/19/2022 1:10:57 PM, Old:Emission, New:Excitation
User Delta Increment Changed: 8/19/2022 1:10:57 PM, Old:   5.00, New:   0.15
Excitation Wavelength Changed: 8/19/2022 1:10:57 PM, Old: 295.00, New: 240.00
Emission Wavelength Changed: 8/19/2022 1:10:57 PM, Old: 305.00, New: 400.00
Stop Wavelength Changed: 8/19/2022 1:10:57 PM, Old: 550.00, New: 390.00
Zero Mode Changed: 8/19/2022 1:11:03 PM, Old:ON, New:Reading
Zero Mode Changed: 8/19/2022 1:11:03 PM, Old:Reading, New:ON
Scan mode: Changed: 8/19/2022 1:11:48 PM, Old:Excitation, New:Emission
Excitation Wavelength Changed: 8/19/2022 1:11:48 PM, Old: 240.00, New: 330.00
Emission Wavelength Changed: 8/19/2022 1:11:48 PM, Old: 400.00, New: 340.00
Stop Wavelength Changed: 8/19/2022 1:11:48 PM, Old: 390.00, New: 600.00
Zero Mode Changed: 8/19/2022 1:11:50 PM, Old:ON, New:Reading
Zero Mode Changed: 8/19/2022 1:11:51 PM, Old:Reading, New:ON
Scan mode: Changed: 8/19/2022 1:12:42 PM, Old:Emission, New:Excitation
Excitation Wavelength Changed: 8/19/2022 1:12:42 PM, Old: 330.00, New: 220.00
Emission Wavelength Changed: 8/19/2022 1:12:42 PM, Old: 340.00, New: 400.00
Stop Wavelength Changed: 8/19/2022 1:12:42 PM, Old: 600.00, New: 390.00
Zero Mode Changed: 8/19/2022 1:12:45 PM, Old:ON, New:Reading
Zero Mode Changed: 8/19/2022 1:12:46 PM, Old:Reading, New:ON
Excitation Wavelength Changed: 8/19/2022 1:13:19 PM, Old: 220.00, New: 290.00
Zero Mode Changed: 8/19/2022 1:13:21 PM, Old:ON, New:Reading
Zero Mode Changed: 8/19/2022 1:13:21 PM, Old:Reading, New:ON
Scan mode: Changed: 8/19/2022 1:14:02 PM, Old:Excitation, New:Emission
Excitation Wavelength Changed: 8/19/2022 1:14:02 PM, Old: 290.00, New: 260.00
Emission Wavelength Changed: 8/19/2022 1:14:02 PM, Old: 400.00, New: 270.00
Stop Wavelength Changed: 8/19/2022 1:14:02 PM, Old: 390.00, New: 500.00
Zero Mode Changed: 8/19/2022 1:14:05 PM, Old:ON, New:Reading
Zero Mode Changed: 8/19/2022 1:14:05 PM, Old:Reading, New:ON
3-D Mode Changed: 8/19/2022 1:15:52 PM, Old:OFF, New:ON
User Delta Stop Changed: 8/19/2022 1:15:52 PM, Old: 400.00, New: 330.00
User Delta Increment Changed: 8/19/2022 1:15:52 PM, Old:   0.15, New:   5.00
Emission Wavelength Changed: 8/19/2022 1:15:52 PM, Old: 270.00, New: 340.00
Zero Mode Changed: 8/19/2022 1:15:53 PM, Old:ON, New:Reading
Zero Mode Changed: 8/19/2022 1:15:53 PM, Old:Reading, New:ON
Excitation Wavelength Changed: 8/19/2022 1:16:21 PM, Old: 260.00, New: 265.00
Excitation Wavelength Changed: 8/19/2022 1:16:38 PM, Old: 265.00, New: 270.00
Excitation Wavelength Changed: 8/19/2022 1:16:55 PM, Old: 270.00, New: 275.00
Excitation Wavelength Changed: 8/19/2022 1:17:12 PM, Old: 275.00, New: 280.00
Excitation Wavelength Changed: 8/19/2022 1:17:29 PM, Old: 280.00, New: 285.00
Excitation Wavelength Changed: 8/19/2022 1:17:46 PM, Old: 285.00, New: 290.00
Excitation Wavelength Changed: 8/19/2022 1:18:03 PM, Old: 290.00, New: 295.00
Excitation Wavelength Changed: 8/19/2022 1:18:19 PM, Old: 295.00, New: 300.00
Excitation Wavelength Changed: 8/19/2022 1:18:36 PM, Old: 300.00, New: 305.00
Excitation Wavelength Changed: 8/19/2022 1:18:53 PM, Old: 305.00, New: 310.00
Excitation Wavelength Changed: 8/19/2022 1:18:56 PM, Old: 310.00, New: 315.00
Excitation Wavelength Changed: 8/19/2022 12:21:52 PM, Old: 315.00, New: 295.00
Emission Wavelength Changed: 8/19/2022 12:21:52 PM, Old: 340.00, New: 305.00
Stop Wavelength Changed: 8/19/2022 12:21:52 PM, Old: 500.00, New: 550.00
Zero Mode Changed: 8/19/2022 12:21:54 PM, Old:ON, New:Reading
Zero Mode Changed: 8/19/2022 12:21:54 PM, Old:Reading, New:ON
3-D Mode Changed: 8/19/2022 12:22:09 PM, Old:ON, New:OFF
Zero Mode Changed: 8/19/2022 12:22:11 PM, Old:ON, New:Reading
Zero Mode Changed: 8/19/2022 12:22:11 PM, Old:Reading, New:ON
Scan mode: Changed: 8/19/2022 12:23:09 PM, Old:Emission, New:Excitation
User Delta Stop Changed: 8/19/2022 12:23:09 PM, Old: 330.00, New: 370.00
User Delta Increment Changed: 8/19/2022 12:23:09 PM, Old:   5.00, New:   0.15
Excitation Wavelength Changed: 8/19/2022 12:23:09 PM, Old: 295.00, New: 240.00
Emission Wavelength Changed: 8/19/2022 12:23:09 PM, Old: 305.00, New: 370.00
Stop Wavelength Changed: 8/19/2022 12:23:09 PM, Old: 550.00, New: 360.00
Zero Mode Changed: 8/19/2022 12:23:12 PM, Old:ON, New:Reading
Zero Mode Changed: 8/19/2022 12:23:12 PM, Old:Reading, New:ON
Scan mode: Changed: 8/19/2022 12:23:53 PM, Old:Excitation, New:Emission
Excitation Wavelength Changed: 8/19/2022 12:23:53 PM, Old: 240.00, New: 320.00
Emission Wavelength Changed: 8/19/2022 12:23:53 PM, Old: 370.00, New: 330.00
Stop Wavelength Changed: 8/19/2022 12:23:53 PM, Old: 360.00, New: 650.00
Zero Mode Changed: 8/19/2022 12:23:56 PM, Old:ON, New:Reading
Zero Mode Changed: 8/19/2022 12:23:56 PM, Old:Reading, New:ON
Scan mode: Changed: 8/19/2022 12:25:02 PM, Old:Emission, New:Excitation
User Delta Stop Changed: 8/19/2022 12:25:02 PM, Old: 370.00, New: 520.00
Excitation Wavelength Changed: 8/19/2022 12:25:02 PM, Old: 320.00, New: 270.00
Emission Wavelength Changed: 8/19/2022 12:25:02 PM, Old: 330.00, New: 520.00
Stop Wavelength Changed: 8/19/2022 12:25:02 PM, Old: 650.00, New: 510.00
Zero Mode Changed: 8/19/2022 12:25:06 PM, Old:ON, New:Reading
Zero Mode Changed: 8/19/2022 12:25:06 PM, Old:Reading, New:ON
Scan mode: Changed: 8/19/2022 12:26:34 PM, Old:Excitation, New:Emission
Excitation Wavelength Changed: 8/19/2022 12:26:34 PM, Old: 270.00, New: 380.00
Emission Wavelength Changed: 8/19/2022 12:26:34 PM, Old: 520.00, New: 390.00
Stop Wavelength Changed: 8/19/2022 12:26:34 PM, Old: 510.00, New: 700.00
Zero Mode Changed: 8/19/2022 12:26:36 PM, Old:ON, New:Reading
Zero Mode Changed: 8/19/2022 12:26:36 PM, Old:Reading, New:ON
Scan mode: Changed: 8/19/2022 12:27:28 PM, Old:Emission, New:Excitation
Excitation Wavelength Changed: 8/19/2022 12:27:28 PM, Old: 380.00, New: 240.00
Emission Wavelength Changed: 8/19/2022 12:27:28 PM, Old: 390.00, New: 395.00
Stop Wavelength Changed: 8/19/2022 12:27:28 PM, Old: 700.00, New: 385.00
Zero Mode Changed: 8/19/2022 12:27:32 PM, Old:ON, New:Reading
Zero Mode Changed: 8/19/2022 12:27:32 PM, Old:Reading, New:ON
Emission Wavelength Changed: 8/19/2022 12:27:46 PM, Old: 395.00, New: 390.00
Stop Wavelength Changed: 8/19/2022 12:27:46 PM, Old: 385.00, New: 380.00
Zero Mode Changed: 8/19/2022 12:27:47 PM, Old:ON, New:Reading
Zero Mode Changed: 8/19/2022 12:27:47 PM, Old:Reading, New:ON
Scan mode: Changed: 8/19/2022 12:28:31 PM, Old:Excitation, New:Emission
Excitation Wavelength Changed: 8/19/2022 12:28:31 PM, Old: 240.00, New: 330.00
Emission Wavelength Changed: 8/19/2022 12:28:31 PM, Old: 390.00, New: 340.00
Stop Wavelength Changed: 8/19/2022 12:28:31 PM, Old: 380.00, New: 700.00
Zero Mode Changed: 8/19/2022 12:28:32 PM, Old:ON, New:Reading
Zero Mode Changed: 8/19/2022 12:28:33 PM, Old:Reading, New:ON
Scan mode: Changed: 8/19/2022 12:29:35 PM, Old:Emission, New:Excitation
Excitation Wavelength Changed: 8/19/2022 12:29:35 PM, Old: 330.00, New: 240.00
Emission Wavelength Changed: 8/19/2022 12:29:35 PM, Old: 340.00, New: 405.00
Stop Wavelength Changed: 8/19/2022 12:29:35 PM, Old: 700.00, New: 395.00
Zero Mode Changed: 8/19/2022 12:29:38 PM, Old:ON, New:Reading
Zero Mode Changed: 8/19/2022 12:29:38 PM, Old:Reading, New:ON
Scan mode: Changed: 8/19/2022 12:30:37 PM, Old:Excitation, New:Emission
Excitation Wavelength Changed: 8/19/2022 12:30:37 PM, Old: 240.00, New: 335.00
Emission Wavelength Changed: 8/19/2022 12:30:37 PM, Old: 405.00, New: 345.00
Stop Wavelength Changed: 8/19/2022 12:30:37 PM, Old: 395.00, New: 650.00
Zero Mode Changed: 8/19/2022 12:30:39 PM, Old:ON, New:Reading
Zero Mode Changed: 8/19/2022 12:30:39 PM, Old:Reading, New:ON
Scan mode: Changed: 8/19/2022 12:31:30 PM, Old:Emission, New:Excitation
Excitation Wavelength Changed: 8/19/2022 12:31:30 PM, Old: 335.00, New: 240.00
Emission Wavelength Changed: 8/19/2022 12:31:30 PM, Old: 345.00, New: 410.00
Stop Wavelength Changed: 8/19/2022 12:31:30 PM, Old: 650.00, New: 400.00
Zero Mode Changed: 8/19/2022 12:31:33 PM, Old:ON, New:Reading
Zero Mode Changed: 8/19/2022 12:31:34 PM, Old:Reading, New:ON
Emission Wavelength Changed: 8/19/2022 12:32:09 PM, Old: 410.00, New: 420.00
Stop Wavelength Changed: 8/19/2022 12:32:09 PM, Old: 400.00, New: 410.00
Zero Mode Changed: 8/19/2022 12:32:11 PM, Old:ON, New:Reading
Zero Mode Changed: 8/19/2022 12:32:12 PM, Old:Reading, New:ON
Emission Wavelength Changed: 8/19/2022 12:32:51 PM, Old: 420.00, New: 415.00
Stop Wavelength Changed: 8/19/2022 12:32:51 PM, Old: 410.00, New: 405.00
Zero Mode Changed: 8/19/2022 12:32:56 PM, Old:ON, New:Reading
Zero Mode Changed: 8/19/2022 12:32:56 PM, Old:Reading, New:ON
3-D Mode Changed: 8/19/2022 12:36:08 PM, Old:OFF, New:ON
User Delta Stop Changed: 8/19/2022 12:36:08 PM, Old: 520.00, New: 430.00
Emission Wavelength Changed: 8/19/2022 12:36:08 PM, Old: 415.00, New: 400.00
Stop Wavelength Changed: 8/19/2022 12:36:08 PM, Old: 405.00, New: 390.00
Zero Mode Changed: 8/19/2022 12:36:20 PM, Old:ON, New:Reading
Zero Mode Changed: 8/19/2022 12:36:20 PM, Old:Reading, New:ON
Emission Wavelength Changed: 8/19/2022 12:37:00 PM, Old: 400.00, New: 400.15
Emission Wavelength Changed: 8/19/2022 12:37:20 PM, Old: 400.15, New: 400.30
Emission Wavelength Changed: 8/19/2022 12:37:26 PM, Old: 400.30, New: 400.45
Scan mode: Changed: 8/19/2022 12:38:08 PM, Old:Excitation, New:Emission
3-D Mode Changed: 8/19/2022 12:38:08 PM, Old:ON, New:OFF
User Delta Increment Changed: 8/19/2022 12:38:08 PM, Old:   0.15, New:   5.00
Excitation Wavelength Changed: 8/19/2022 12:38:08 PM, Old: 240.00, New: 295.00
Emission Wavelength Changed: 8/19/2022 12:38:08 PM, Old: 400.45, New: 305.00
Stop Wavelength Changed: 8/19/2022 12:38:08 PM, Old: 390.00, New: 550.00
Zero Mode Changed: 8/19/2022 12:38:09 PM, Old:ON, New:Reading
Zero Mode Changed: 8/19/2022 12:38:10 PM, Old:Reading, New:ON
Ex. Slit Width (nm): Changed: 8/19/2022 12:39:13 PM, Old:5, New:10
Excitation Wavelength Changed: 8/19/2022 12:39:13 PM, Old: 295.00, New: 340.00
Emission Wavelength Changed: 8/19/2022 12:39:13 PM, Old: 305.00, New: 350.00
Stop Wavelength Changed: 8/19/2022 12:39:13 PM, Old: 550.00, New: 650.00
Zero Mode Changed: 8/19/2022 12:39:13 PM, Old:ON, New:OFF
Zero Mode Changed: 8/19/2022 12:39:15 PM, Old:OFF, New:Reading
Zero Mode Changed: 8/19/2022 12:39:15 PM, Old:Reading, New:ON
Scan mode: Changed: 8/19/2022 12:40:17 PM, Old:Emission, New:Excitation
User Delta Stop Changed: 8/19/2022 12:40:17 PM, Old: 430.00, New: 530.00
User Delta Increment Changed: 8/19/2022 12:40:17 PM, Old:   5.00, New:   0.15
Excitation Wavelength Changed: 8/19/2022 12:40:17 PM, Old: 340.00, New: 240.00
Emission Wavelength Changed: 8/19/2022 12:40:17 PM, Old: 350.00, New: 530.00
Stop Wavelength Changed: 8/19/2022 12:40:17 PM, Old: 650.00, New: 520.00
Zero Mode Changed: 8/19/2022 12:40:20 PM, Old:ON, New:Reading
Zero Mode Changed: 8/19/2022 12:40:21 PM, Old:Reading, New:ON
Scan mode: Changed: 8/19/2022 12:41:51 PM, Old:Excitation, New:Emission
Ex. Slit Width (nm): Changed: 8/19/2022 12:41:51 PM, Old:10, New:5
Excitation Wavelength Changed: 8/19/2022 12:41:51 PM, Old: 240.00, New: 455.00
Emission Wavelength Changed: 8/19/2022 12:41:51 PM, Old: 530.00, New: 465.00
Stop Wavelength Changed: 8/19/2022 12:41:51 PM, Old: 520.00, New: 700.00
Zero Mode Changed: 8/19/2022 12:41:51 PM, Old:ON, New:OFF
Zero Mode Changed: 8/19/2022 12:41:53 PM, Old:OFF, New:Reading
Zero Mode Changed: 8/19/2022 12:41:54 PM, Old:Reading, New:ON
Scan mode: Changed: 8/19/2022 12:42:51 PM, Old:Emission, New:Excitation
Excitation Wavelength Changed: 8/19/2022 12:42:51 PM, Old: 455.00, New: 290.00
Emission Wavelength Changed: 8/19/2022 12:42:51 PM, Old: 465.00, New: 530.00
Stop Wavelength Changed: 8/19/2022 12:42:51 PM, Old: 700.00, New: 520.00
Zero Mode Changed: 8/19/2022 12:42:54 PM, Old:ON, New:Reading
Zero Mode Changed: 8/19/2022 12:42:54 PM, Old:Reading, New:ON
Scan mode: Changed: 8/19/2022 12:44:03 PM, Old:Excitation, New:Emission
Excitation Wavelength Changed: 8/19/2022 12:44:03 PM, Old: 290.00, New: 420.00
Emission Wavelength Changed: 8/19/2022 12:44:03 PM, Old: 530.00, New: 430.00
Stop Wavelength Changed: 8/19/2022 12:44:03 PM, Old: 520.00, New: 700.00
Zero Mode Changed: 8/19/2022 12:44:05 PM, Old:ON, New:Reading
Zero Mode Changed: 8/19/2022 12:44:05 PM, Old:Reading, New:ON
Excitation Wavelength Changed: 8/19/2022 12:44:53 PM, Old: 420.00, New: 330.00
Emission Wavelength Changed: 8/19/2022 12:44:53 PM, Old: 430.00, New: 340.00
Stop Wavelength Changed: 8/19/2022 12:44:53 PM, Old: 700.00, New: 650.00
Zero Mode Changed: 8/19/2022 12:44:56 PM, Old:ON, New:Reading
Zero Mode Changed: 8/19/2022 12:44:56 PM, Old:Reading, New:ON
Scan mode: Changed: 8/19/2022 12:45:51 PM, Old:Emission, New:Excitation
Excitation Wavelength Changed: 8/19/2022 12:45:51 PM, Old: 330.00, New: 240.00
Emission Wavelength Changed: 8/19/2022 12:45:51 PM, Old: 340.00, New: 420.00
Stop Wavelength Changed: 8/19/2022 12:45:51 PM, Old: 650.00, New: 410.00
Zero Mode Changed: 8/19/2022 12:45:54 PM, Old:ON, New:Reading
Zero Mode Changed: 8/19/2022 12:45:55 PM, Old:Reading, New:ON
Scan mode: Changed: 8/19/2022 12:46:45 PM, Old:Excitation, New:Emission
Excitation Wavelength Changed: 8/19/2022 12:46:45 PM, Old: 240.00, New: 355.00
Emission Wavelength Changed: 8/19/2022 12:46:45 PM, Old: 420.00, New: 365.00
Stop Wavelength Changed: 8/19/2022 12:46:45 PM, Old: 410.00, New: 700.00
Zero Mode Changed: 8/19/2022 12:46:47 PM, Old:ON, New:Reading
Zero Mode Changed: 8/19/2022 12:46:47 PM, Old:Reading, New:ON
Scan mode: Changed: 8/19/2022 12:47:42 PM, Old:Emission, New:Excitation
Excitation Wavelength Changed: 8/19/2022 12:47:42 PM, Old: 355.00, New: 240.00
Emission Wavelength Changed: 8/19/2022 12:47:42 PM, Old: 365.00, New: 455.00
Stop Wavelength Changed: 8/19/2022 12:47:42 PM, Old: 700.00, New: 445.00
Zero Mode Changed: 8/19/2022 12:47:45 PM, Old:ON, New:Reading
Zero Mode Changed: 8/19/2022 12:47:45 PM, Old:Reading, New:ON
Scan mode: Changed: 8/19/2022 12:48:35 PM, Old:Excitation, New:Emission
Excitation Wavelength Changed: 8/19/2022 12:48:35 PM, Old: 240.00, New: 390.00
Emission Wavelength Changed: 8/19/2022 12:48:35 PM, Old: 455.00, New: 400.00
Stop Wavelength Changed: 8/19/2022 12:48:35 PM, Old: 445.00, New: 700.00
Zero Mode Changed: 8/19/2022 12:48:37 PM, Old:ON, New:Reading
Zero Mode Changed: 8/19/2022 12:48:37 PM, Old:Reading, New:ON
Scan mode: Changed: 8/19/2022 12:49:27 PM, Old:Emission, New:Excitation
Excitation Wavelength Changed: 8/19/2022 12:49:27 PM, Old: 390.00, New: 240.00
Emission Wavelength Changed: 8/19/2022 12:49:27 PM, Old: 400.00, New: 460.00
Stop Wavelength Changed: 8/19/2022 12:49:27 PM, Old: 700.00, New: 450.00
Zero Mode Changed: 8/19/2022 12:49:30 PM, Old:ON, New:Reading
Zero Mode Changed: 8/19/2022 12:49:31 PM, Old:Reading, New:ON
Scan mode: Changed: 8/19/2022 12:50:43 PM, Old:Excitation, New:Emission
Excitation Wavelength Changed: 8/19/2022 12:50:43 PM, Old: 240.00, New: 400.00
Emission Wavelength Changed: 8/19/2022 12:50:43 PM, Old: 460.00, New: 410.00
Stop Wavelength Changed: 8/19/2022 12:50:43 PM, Old: 450.00, New: 700.00
Zero Mode Changed: 8/19/2022 12:50:45 PM, Old:ON, New:Reading
Zero Mode Changed: 8/19/2022 12:50:45 PM, Old:Reading, New:ON
Scan mode: Changed: 8/19/2022 12:51:53 PM, Old:Emission, New:Excitation
Excitation Wavelength Changed: 8/19/2022 12:51:53 PM, Old: 400.00, New: 290.00
Emission Wavelength Changed: 8/19/2022 12:51:53 PM, Old: 410.00, New: 530.00
Stop Wavelength Changed: 8/19/2022 12:51:53 PM, Old: 700.00, New: 520.00
Zero Mode Changed: 8/19/2022 12:51:56 PM, Old:ON, New:Reading
Zero Mode Changed: 8/19/2022 12:51:56 PM, Old:Reading, New:ON
Zero Mode Changed: 8/19/2022 12:52:02 PM, Old:ON, New:Reading
Zero Mode Changed: 8/19/2022 12:52:03 PM, Old:Reading, New:ON
End Method Modifications

CdSe 180sec em530,
CdSe 180sec em530
Collection Time: 8/19/2022 12:53:01 PM
Operator Name  :
Scan Software Version: 1.1(132)
Parameter List :
Instrument                        Cary Eclipse
Instrument Serial Number          E08013467
Data mode                         Fluorescence
Scan mode                         Excitation
X Mode                            Wavelength (nm)
Start (nm)                        270.00
Stop (nm)                         500.00
Em. Wavelength (nm)               530.00
Ex. Slit (nm)                     5
Em. Slit (nm)                     5
Scan rate (nm/min)                600.00
Data interval (nm)                1.0000
Averaging Time (s)                0.1000
Excitation filter                 Auto
Emission filter                   Open
PMT voltage (V)                   Medium
Corrected spectra                 OFF
Method Log     :
Method Name    : Default
Date/Time stamp: 8/19/2022 12:23:28 PM
Method Modifications:
Overlayed Graphs Changed: 8/19/2022 12:24:53 PM, Old:OFF, New:ON
Y max Changed: 8/19/2022 12:24:53 PM, Old:  1000.0000, New:   300.0000
Excitation Wavelength Changed: 8/19/2022 12:27:20 PM, Old: 350.00, New: 300.00
Emission Wavelength Changed: 8/19/2022 12:27:20 PM, Old: 400.00, New: 310.00
Stop Wavelength Changed: 8/19/2022 12:27:20 PM, Old: 600.00, New: 500.00
Zero Mode Changed: 8/19/2022 12:27:22 PM, Old:OFF, New:Reading
Zero Mode Changed: 8/19/2022 12:27:22 PM, Old:Reading, New:ON
Scan mode: Changed: 8/19/2022 12:28:28 PM, Old:Emission, New:Excitation
Excitation Wavelength Changed: 8/19/2022 12:28:28 PM, Old: 300.00, New: 240.00
Emission Wavelength Changed: 8/19/2022 12:28:28 PM, Old: 310.00, New: 400.00
Stop Wavelength Changed: 8/19/2022 12:28:28 PM, Old: 500.00, New: 390.00
Zero Mode Changed: 8/19/2022 12:28:31 PM, Old:ON, New:Reading
Zero Mode Changed: 8/19/2022 12:28:31 PM, Old:Reading, New:ON
Scan mode: Changed: 8/19/2022 12:29:17 PM, Old:Excitation, New:Emission
Excitation Wavelength Changed: 8/19/2022 12:29:17 PM, Old: 240.00, New: 330.00
Emission Wavelength Changed: 8/19/2022 12:29:17 PM, Old: 400.00, New: 340.00
Stop Wavelength Changed: 8/19/2022 12:29:17 PM, Old: 390.00, New: 500.00
Zero Mode Changed: 8/19/2022 12:29:19 PM, Old:ON, New:Reading
Zero Mode Changed: 8/19/2022 12:29:19 PM, Old:Reading, New:ON
Scan mode: Changed: 8/19/2022 12:30:02 PM, Old:Emission, New:Excitation
Excitation Wavelength Changed: 8/19/2022 12:30:02 PM, Old: 330.00, New: 240.00
Emission Wavelength Changed: 8/19/2022 12:30:02 PM, Old: 340.00, New: 410.00
Stop Wavelength Changed: 8/19/2022 12:30:02 PM, Old: 500.00, New: 400.00
Zero Mode Changed: 8/19/2022 12:30:08 PM, Old:ON, New:Reading
Zero Mode Changed: 8/19/2022 12:30:08 PM, Old:Reading, New:ON
Scan mode: Changed: 8/19/2022 12:30:53 PM, Old:Excitation, New:Emission
Excitation Wavelength Changed: 8/19/2022 12:30:53 PM, Old: 240.00, New: 335.00
Emission Wavelength Changed: 8/19/2022 12:30:53 PM, Old: 410.00, New: 345.00
Stop Wavelength Changed: 8/19/2022 12:30:53 PM, Old: 400.00, New: 600.00
Zero Mode Changed: 8/19/2022 12:30:55 PM, Old:ON, New:Reading
Zero Mode Changed: 8/19/2022 12:30:55 PM, Old:Reading, New:ON
Zero Mode Changed: 8/19/2022 12:34:51 PM, Old:ON, New:Reading
Zero Mode Changed: 8/19/2022 12:34:51 PM, Old:Reading, New:ON
Scan mode: Changed: 8/19/2022 12:35:39 PM, Old:Emission, New:Excitation
Excitation Wavelength Changed: 8/19/2022 12:35:39 PM, Old: 335.00, New: 240.00
Emission Wavelength Changed: 8/19/2022 12:35:39 PM, Old: 345.00, New: 410.00
Stop Wavelength Changed: 8/19/2022 12:35:39 PM, Old: 600.00, New: 400.00
Zero Mode Changed: 8/19/2022 12:35:42 PM, Old:ON, New:Reading
Zero Mode Changed: 8/19/2022 12:35:43 PM, Old:Reading, New:ON
Scan mode: Changed: 8/19/2022 12:36:52 PM, Old:Excitation, New:Emission
Excitation Wavelength Changed: 8/19/2022 12:36:52 PM, Old: 240.00, New: 300.00
Emission Wavelength Changed: 8/19/2022 12:36:52 PM, Old: 410.00, New: 310.00
Stop Wavelength Changed: 8/19/2022 12:36:52 PM, Old: 400.00, New: 600.00
Zero Mode Changed: 8/19/2022 12:36:54 PM, Old:ON, New:Reading
Zero Mode Changed: 8/19/2022 12:36:54 PM, Old:Reading, New:ON
Scan mode: Changed: 8/19/2022 12:37:46 PM, Old:Emission, New:Excitation
Excitation Wavelength Changed: 8/19/2022 12:37:46 PM, Old: 300.00, New: 240.00
Emission Wavelength Changed: 8/19/2022 12:37:46 PM, Old: 310.00, New: 350.00
Stop Wavelength Changed: 8/19/2022 12:37:46 PM, Old: 600.00, New: 340.00
Zero Mode Changed: 8/19/2022 12:37:49 PM, Old:ON, New:Reading
Zero Mode Changed: 8/19/2022 12:37:49 PM, Old:Reading, New:ON
Scan mode: Changed: 8/19/2022 12:38:28 PM, Old:Excitation, New:Emission
Excitation Wavelength Changed: 8/19/2022 12:38:28 PM, Old: 240.00, New: 295.00
Emission Wavelength Changed: 8/19/2022 12:38:28 PM, Old: 350.00, New: 305.00
Stop Wavelength Changed: 8/19/2022 12:38:28 PM, Old: 340.00, New: 550.00
Zero Mode Changed: 8/19/2022 12:38:31 PM, Old:ON, New:Reading
Zero Mode Changed: 8/19/2022 12:38:31 PM, Old:Reading, New:ON
Scan Control Changed: 8/19/2022 12:39:12 PM, Old:Medium, New:Slow
Ave. time (s): Changed: 8/19/2022 12:39:12 PM, Old:0.10000, New:0.50000
Zero Mode Changed: 8/19/2022 12:39:14 PM, Old:ON, New:Reading
Zero Mode Changed: 8/19/2022 12:39:14 PM, Old:Reading, New:ON
Excitation Wavelength Changed: 8/19/2022 12:41:46 PM, Old: 295.00, New: 335.00
Emission Wavelength Changed: 8/19/2022 12:41:46 PM, Old: 305.00, New: 345.00
Stop Wavelength Changed: 8/19/2022 12:41:46 PM, Old: 550.00, New: 600.00
Zero Mode Changed: 8/19/2022 12:41:49 PM, Old:ON, New:Reading
Zero Mode Changed: 8/19/2022 12:41:50 PM, Old:Reading, New:ON
Scan mode: Changed: 8/19/2022 12:46:36 PM, Old:Emission, New:Excitation
Excitation Wavelength Changed: 8/19/2022 12:46:36 PM, Old: 335.00, New: 240.00
Emission Wavelength Changed: 8/19/2022 12:46:36 PM, Old: 345.00, New: 410.00
Stop Wavelength Changed: 8/19/2022 12:46:36 PM, Old: 600.00, New: 400.00
Zero Mode Changed: 8/19/2022 12:46:39 PM, Old:ON, New:Reading
Zero Mode Changed: 8/19/2022 12:46:40 PM, Old:Reading, New:ON
Scan Control Changed: 8/19/2022 12:50:26 PM, Old:Slow, New:Medium
Ave. time (s): Changed: 8/19/2022 12:50:26 PM, Old:0.50000, New:0.10000
Zero Mode Changed: 8/19/2022 12:50:27 PM, Old:ON, New:Reading
Zero Mode Changed: 8/19/2022 12:50:27 PM, Old:Reading, New:ON
Scan mode: Changed: 8/19/2022 12:51:32 PM, Old:Excitation, New:Emission
Excitation Wavelength Changed: 8/19/2022 12:51:32 PM, Old: 240.00, New: 337.00
Emission Wavelength Changed: 8/19/2022 12:51:32 PM, Old: 410.00, New: 347.00
Stop Wavelength Changed: 8/19/2022 12:51:32 PM, Old: 400.00, New: 600.00
Zero Mode Changed: 8/19/2022 12:51:34 PM, Old:ON, New:Reading
Zero Mode Changed: 8/19/2022 12:51:35 PM, Old:Reading, New:ON
Scan mode: Changed: 8/19/2022 12:52:30 PM, Old:Emission, New:Excitation
Excitation Wavelength Changed: 8/19/2022 12:52:30 PM, Old: 337.00, New: 240.00
Emission Wavelength Changed: 8/19/2022 12:52:30 PM, Old: 347.00, New: 415.00
Stop Wavelength Changed: 8/19/2022 12:52:30 PM, Old: 600.00, New: 400.00
Zero Mode Changed: 8/19/2022 12:52:33 PM, Old:ON, New:Reading
Zero Mode Changed: 8/19/2022 12:52:33 PM, Old:Reading, New:ON
Scan mode: Changed: 8/19/2022 12:53:13 PM, Old:Excitation, New:Emission
Excitation Wavelength Changed: 8/19/2022 12:53:13 PM, Old: 240.00, New: 340.00
Emission Wavelength Changed: 8/19/2022 12:53:13 PM, Old: 415.00, New: 350.00
Stop Wavelength Changed: 8/19/2022 12:53:13 PM, Old: 400.00, New: 600.00
Zero Mode Changed: 8/19/2022 12:53:15 PM, Old:ON, New:Reading
Zero Mode Changed: 8/19/2022 12:53:15 PM, Old:Reading, New:ON
Zero Mode Changed: 8/19/2022 12:54:45 PM, Old:ON, New:Reading
Zero Mode Changed: 8/19/2022 12:54:46 PM, Old:Reading, New:ON
Zero Mode Changed: 8/19/2022 12:54:49 PM, Old:ON, New:Reading
Zero Mode Changed: 8/19/2022 12:54:49 PM, Old:Reading, New:ON
Scan Control Changed: 8/19/2022 12:54:51 PM, Old:Medium, New:Slow
Ave. time (s): Changed: 8/19/2022 12:54:51 PM, Old:0.10000, New:0.50000
Zero Mode Changed: 8/19/2022 12:54:55 PM, Old:ON, New:Reading
Zero Mode Changed: 8/19/2022 12:54:56 PM, Old:Reading, New:ON
Scan mode: Changed: 8/19/2022 12:57:28 PM, Old:Emission, New:Excitation
Excitation Wavelength Changed: 8/19/2022 12:57:28 PM, Old: 340.00, New: 240.00
Emission Wavelength Changed: 8/19/2022 12:57:28 PM, Old: 350.00, New: 420.00
Stop Wavelength Changed: 8/19/2022 12:57:28 PM, Old: 600.00, New: 410.00
Zero Mode Changed: 8/19/2022 12:57:31 PM, Old:ON, New:Reading
Zero Mode Changed: 8/19/2022 12:57:31 PM, Old:Reading, New:ON
Scan mode: Changed: 8/19/2022 12:59:36 PM, Old:Excitation, New:Emission
Excitation Wavelength Changed: 8/19/2022 12:59:36 PM, Old: 240.00, New: 295.00
Emission Wavelength Changed: 8/19/2022 12:59:36 PM, Old: 420.00, New: 305.00
Stop Wavelength Changed: 8/19/2022 12:59:36 PM, Old: 410.00, New: 550.00
Scan Control Changed: 8/19/2022 12:59:41 PM, Old:Slow, New:Medium
Ave. time (s): Changed: 8/19/2022 12:59:41 PM, Old:0.50000, New:0.10000
Zero Mode Changed: 8/19/2022 12:59:44 PM, Old:ON, New:Reading
Zero Mode Changed: 8/19/2022 12:59:44 PM, Old:Reading, New:ON
Scan mode: Changed: 8/19/2022 1:00:36 PM, Old:Emission, New:Excitation
Excitation Wavelength Changed: 8/19/2022 1:00:36 PM, Old: 295.00, New: 240.00
Emission Wavelength Changed: 8/19/2022 1:00:36 PM, Old: 305.00, New: 350.00
Stop Wavelength Changed: 8/19/2022 1:00:36 PM, Old: 550.00, New: 340.00
Zero Mode Changed: 8/19/2022 1:00:45 PM, Old:ON, New:Reading
Zero Mode Changed: 8/19/2022 1:00:45 PM, Old:Reading, New:ON
Zero Mode Changed: 8/19/2022 1:01:25 PM, Old:ON, New:Reading
Zero Mode Changed: 8/19/2022 1:01:25 PM, Old:Reading, New:ON
Emission Wavelength Changed: 8/19/2022 1:04:06 PM, Old: 350.00, New: 420.00
Stop Wavelength Changed: 8/19/2022 1:04:06 PM, Old: 340.00, New: 410.00
Zero Mode Changed: 8/19/2022 1:04:08 PM, Old:ON, New:Reading
Zero Mode Changed: 8/19/2022 1:04:08 PM, Old:Reading, New:ON
Scan mode: Changed: 8/19/2022 1:04:55 PM, Old:Excitation, New:Emission
Excitation Wavelength Changed: 8/19/2022 1:04:55 PM, Old: 240.00, New: 330.00
Emission Wavelength Changed: 8/19/2022 1:04:55 PM, Old: 420.00, New: 340.00
Stop Wavelength Changed: 8/19/2022 1:04:55 PM, Old: 410.00, New: 600.00
Zero Mode Changed: 8/19/2022 1:04:56 PM, Old:ON, New:Reading
Zero Mode Changed: 8/19/2022 1:04:57 PM, Old:Reading, New:ON
Scan mode: Changed: 8/19/2022 1:06:34 PM, Old:Emission, New:Excitation
User Delta Stop Changed: 8/19/2022 1:06:34 PM, Old: 450.00, New: 470.00
User Delta Increment Changed: 8/19/2022 1:06:34 PM, Old:  10.00, New:   0.15
Excitation Wavelength Changed: 8/19/2022 1:06:34 PM, Old: 330.00, New: 240.00
Emission Wavelength Changed: 8/19/2022 1:06:34 PM, Old: 340.00, New: 470.00
Stop Wavelength Changed: 8/19/2022 1:06:34 PM, Old: 600.00, New: 460.00
Zero Mode Changed: 8/19/2022 1:06:37 PM, Old:ON, New:Reading
Zero Mode Changed: 8/19/2022 1:06:37 PM, Old:Reading, New:ON
Scan mode: Changed: 8/19/2022 1:07:26 PM, Old:Excitation, New:Emission
Excitation Wavelength Changed: 8/19/2022 1:07:26 PM, Old: 240.00, New: 355.00
Emission Wavelength Changed: 8/19/2022 1:07:26 PM, Old: 470.00, New: 365.00
Stop Wavelength Changed: 8/19/2022 1:07:26 PM, Old: 460.00, New: 600.00
Zero Mode Changed: 8/19/2022 1:07:27 PM, Old:ON, New:Reading
Zero Mode Changed: 8/19/2022 1:07:27 PM, Old:Reading, New:ON
Scan mode: Changed: 8/19/2022 1:08:25 PM, Old:Emission, New:Excitation
User Delta Stop Changed: 8/19/2022 1:08:25 PM, Old: 470.00, New: 520.00
Excitation Wavelength Changed: 8/19/2022 1:08:25 PM, Old: 355.00, New: 270.00
Emission Wavelength Changed: 8/19/2022 1:08:25 PM, Old: 365.00, New: 520.00
Stop Wavelength Changed: 8/19/2022 1:08:25 PM, Old: 600.00, New: 510.00
Zero Mode Changed: 8/19/2022 1:08:29 PM, Old:ON, New:Reading
Zero Mode Changed: 8/19/2022 1:08:29 PM, Old:Reading, New:ON
Scan mode: Changed: 8/19/2022 1:09:40 PM, Old:Excitation, New:Emission
Excitation Wavelength Changed: 8/19/2022 1:09:40 PM, Old: 270.00, New: 345.00
Emission Wavelength Changed: 8/19/2022 1:09:40 PM, Old: 520.00, New: 355.00
Stop Wavelength Changed: 8/19/2022 1:09:40 PM, Old: 510.00, New: 600.00
Zero Mode Changed: 8/19/2022 1:09:42 PM, Old:ON, New:Reading
Zero Mode Changed: 8/19/2022 1:09:43 PM, Old:Reading, New:ON
Scan Control Changed: 8/19/2022 1:12:27 PM, Old:Medium, New:Slow
Ave. time (s): Changed: 8/19/2022 1:12:27 PM, Old:0.10000, New:0.50000
Zero Mode Changed: 8/19/2022 1:12:29 PM, Old:ON, New:Reading
Zero Mode Changed: 8/19/2022 1:12:30 PM, Old:Reading, New:ON
Scan mode: Changed: 8/19/2022 1:15:37 PM, Old:Emission, New:Excitation
Excitation Wavelength Changed: 8/19/2022 1:15:37 PM, Old: 345.00, New: 240.00
Emission Wavelength Changed: 8/19/2022 1:15:37 PM, Old: 355.00, New: 455.00
Stop Wavelength Changed: 8/19/2022 1:15:37 PM, Old: 600.00, New: 445.00
Zero Mode Changed: 8/19/2022 1:15:40 PM, Old:ON, New:Reading
Zero Mode Changed: 8/19/2022 1:15:41 PM, Old:Reading, New:ON
Scan mode: Changed: 8/19/2022 1:19:58 PM, Old:Excitation, New:Emission
Scan Control Changed: 8/19/2022 1:19:58 PM, Old:Slow, New:Medium
Ave. time (s): Changed: 8/19/2022 1:19:58 PM, Old:0.50000, New:0.10000
Excitation Wavelength Changed: 8/19/2022 1:19:58 PM, Old: 240.00, New: 295.00
Emission Wavelength Changed: 8/19/2022 1:19:58 PM, Old: 455.00, New: 305.00
Stop Wavelength Changed: 8/19/2022 1:19:58 PM, Old: 445.00, New: 550.00
Zero Mode Changed: 8/19/2022 1:20:00 PM, Old:ON, New:Reading
Zero Mode Changed: 8/19/2022 1:20:00 PM, Old:Reading, New:ON
Scan mode: Changed: 8/19/2022 12:22:27 PM, Old:Emission, New:Excitation
Excitation Wavelength Changed: 8/19/2022 12:22:27 PM, Old: 295.00, New: 240.00
Emission Wavelength Changed: 8/19/2022 12:22:27 PM, Old: 305.00, New: 350.00
Stop Wavelength Changed: 8/19/2022 12:22:27 PM, Old: 550.00, New: 340.00
Zero Mode Changed: 8/19/2022 12:22:31 PM, Old:ON, New:Reading
Zero Mode Changed: 8/19/2022 12:22:31 PM, Old:Reading, New:ON
Emission Wavelength Changed: 8/19/2022 12:35:02 PM, Old: 350.00, New: 420.00
Stop Wavelength Changed: 8/19/2022 12:35:02 PM, Old: 340.00, New: 410.00
Zero Mode Changed: 8/19/2022 12:35:04 PM, Old:ON, New:Reading
Zero Mode Changed: 8/19/2022 12:35:05 PM, Old:Reading, New:ON
Scan mode: Changed: 8/19/2022 12:36:08 PM, Old:Excitation, New:Emission
Excitation Wavelength Changed: 8/19/2022 12:36:08 PM, Old: 240.00, New: 360.00
Emission Wavelength Changed: 8/19/2022 12:36:08 PM, Old: 420.00, New: 370.00
Stop Wavelength Changed: 8/19/2022 12:36:08 PM, Old: 410.00, New: 700.00
Zero Mode Changed: 8/19/2022 12:36:09 PM, Old:ON, New:Reading
Zero Mode Changed: 8/19/2022 12:36:10 PM, Old:Reading, New:ON
Scan mode: Changed: 8/19/2022 12:37:08 PM, Old:Emission, New:Excitation
Excitation Wavelength Changed: 8/19/2022 12:37:08 PM, Old: 360.00, New: 240.00
Emission Wavelength Changed: 8/19/2022 12:37:08 PM, Old: 370.00, New: 440.00
Stop Wavelength Changed: 8/19/2022 12:37:08 PM, Old: 700.00, New: 430.00
Zero Mode Changed: 8/19/2022 12:37:11 PM, Old:ON, New:Reading
Zero Mode Changed: 8/19/2022 12:37:11 PM, Old:Reading, New:ON
Scan mode: Changed: 8/19/2022 12:38:01 PM, Old:Excitation, New:Emission
Excitation Wavelength Changed: 8/19/2022 12:38:01 PM, Old: 240.00, New: 365.00
Emission Wavelength Changed: 8/19/2022 12:38:01 PM, Old: 440.00, New: 375.00
Stop Wavelength Changed: 8/19/2022 12:38:01 PM, Old: 430.00, New: 700.00
Zero Mode Changed: 8/19/2022 12:38:03 PM, Old:ON, New:Reading
Zero Mode Changed: 8/19/2022 12:38:04 PM, Old:Reading, New:ON
Excitation Wavelength Changed: 8/19/2022 12:38:57 PM, Old: 365.00, New: 370.00
Emission Wavelength Changed: 8/19/2022 12:38:57 PM, Old: 375.00, New: 380.00
Zero Mode Changed: 8/19/2022 12:38:58 PM, Old:ON, New:Reading
Zero Mode Changed: 8/19/2022 12:38:59 PM, Old:Reading, New:ON
Scan mode: Changed: 8/19/2022 12:40:00 PM, Old:Emission, New:Excitation
Excitation Wavelength Changed: 8/19/2022 12:40:00 PM, Old: 370.00, New: 240.00
Emission Wavelength Changed: 8/19/2022 12:40:00 PM, Old: 380.00, New: 512.00
Stop Wavelength Changed: 8/19/2022 12:40:00 PM, Old: 700.00, New: 500.00
Zero Mode Changed: 8/19/2022 12:40:03 PM, Old:ON, New:Reading
Zero Mode Changed: 8/19/2022 12:40:04 PM, Old:Reading, New:ON
Scan mode: Changed: 8/19/2022 12:40:57 PM, Old:Excitation, New:Emission
Excitation Wavelength Changed: 8/19/2022 12:40:57 PM, Old: 240.00, New: 400.00
Emission Wavelength Changed: 8/19/2022 12:40:57 PM, Old: 512.00, New: 410.00
Stop Wavelength Changed: 8/19/2022 12:40:57 PM, Old: 500.00, New: 700.00
Zero Mode Changed: 8/19/2022 12:40:59 PM, Old:ON, New:Reading
Zero Mode Changed: 8/19/2022 12:41:00 PM, Old:Reading, New:ON
Scan mode: Changed: 8/19/2022 12:41:45 PM, Old:Emission, New:Excitation
Excitation Wavelength Changed: 8/19/2022 12:41:45 PM, Old: 400.00, New: 240.00
Emission Wavelength Changed: 8/19/2022 12:41:45 PM, Old: 410.00, New: 515.00
Stop Wavelength Changed: 8/19/2022 12:41:45 PM, Old: 700.00, New: 505.00
Zero Mode Changed: 8/19/2022 12:41:48 PM, Old:ON, New:Reading
Zero Mode Changed: 8/19/2022 12:41:49 PM, Old:Reading, New:ON
Emission Wavelength Changed: 8/19/2022 12:42:40 PM, Old: 515.00, New: 435.00
Stop Wavelength Changed: 8/19/2022 12:42:40 PM, Old: 505.00, New: 425.00
Zero Mode Changed: 8/19/2022 12:42:43 PM, Old:ON, New:Reading
Zero Mode Changed: 8/19/2022 12:42:43 PM, Old:Reading, New:ON
Scan mode: Changed: 8/19/2022 12:43:33 PM, Old:Excitation, New:Emission
Excitation Wavelength Changed: 8/19/2022 12:43:33 PM, Old: 240.00, New: 295.00
Emission Wavelength Changed: 8/19/2022 12:43:33 PM, Old: 435.00, New: 305.00
Stop Wavelength Changed: 8/19/2022 12:43:33 PM, Old: 425.00, New: 550.00
Zero Mode Changed: 8/19/2022 12:43:35 PM, Old:ON, New:Reading
Zero Mode Changed: 8/19/2022 12:43:35 PM, Old:Reading, New:ON
Scan mode: Changed: 8/19/2022 12:44:33 PM, Old:Emission, New:Excitation
Excitation Wavelength Changed: 8/19/2022 12:44:33 PM, Old: 295.00, New: 240.00
Emission Wavelength Changed: 8/19/2022 12:44:33 PM, Old: 305.00, New: 400.00
Stop Wavelength Changed: 8/19/2022 12:44:33 PM, Old: 550.00, New: 390.00
Zero Mode Changed: 8/19/2022 12:44:36 PM, Old:ON, New:Reading
Zero Mode Changed: 8/19/2022 12:44:37 PM, Old:Reading, New:ON
Scan mode: Changed: 8/19/2022 12:45:20 PM, Old:Excitation, New:Emission
Excitation Wavelength Changed: 8/19/2022 12:45:20 PM, Old: 240.00, New: 340.00
Emission Wavelength Changed: 8/19/2022 12:45:20 PM, Old: 400.00, New: 350.00
Stop Wavelength Changed: 8/19/2022 12:45:20 PM, Old: 390.00, New: 650.00
Zero Mode Changed: 8/19/2022 12:45:22 PM, Old:ON, New:Reading
Zero Mode Changed: 8/19/2022 12:45:22 PM, Old:Reading, New:ON
Scan mode: Changed: 8/19/2022 12:46:17 PM, Old:Emission, New:Excitation
Excitation Wavelength Changed: 8/19/2022 12:46:17 PM, Old: 340.00, New: 240.00
Emission Wavelength Changed: 8/19/2022 12:46:17 PM, Old: 350.00, New: 425.00
Stop Wavelength Changed: 8/19/2022 12:46:17 PM, Old: 650.00, New: 415.00
Zero Mode Changed: 8/19/2022 12:46:20 PM, Old:ON, New:Reading
Zero Mode Changed: 8/19/2022 12:46:21 PM, Old:Reading, New:ON
Scan mode: Changed: 8/19/2022 12:47:03 PM, Old:Excitation, New:Emission
Excitation Wavelength Changed: 8/19/2022 12:47:03 PM, Old: 240.00, New: 385.00
Emission Wavelength Changed: 8/19/2022 12:47:03 PM, Old: 425.00, New: 395.00
Stop Wavelength Changed: 8/19/2022 12:47:03 PM, Old: 415.00, New: 700.00
Zero Mode Changed: 8/19/2022 12:47:05 PM, Old:ON, New:Reading
Zero Mode Changed: 8/19/2022 12:47:05 PM, Old:Reading, New:ON
Excitation Wavelength Changed: 8/19/2022 12:47:56 PM, Old: 385.00, New: 365.00
Emission Wavelength Changed: 8/19/2022 12:47:56 PM, Old: 395.00, New: 375.00
Zero Mode Changed: 8/19/2022 12:47:59 PM, Old:ON, New:Reading
Zero Mode Changed: 8/19/2022 12:47:59 PM, Old:Reading, New:ON
3-D Mode Changed: 8/19/2022 12:50:41 PM, Old:OFF, New:ON
User Delta Stop Changed: 8/19/2022 12:50:41 PM, Old: 520.00, New: 400.00
User Delta Increment Changed: 8/19/2022 12:50:41 PM, Old:   0.15, New:   5.00
Excitation Wavelength Changed: 8/19/2022 12:50:41 PM, Old: 365.00, New: 330.00
Emission Wavelength Changed: 8/19/2022 12:50:41 PM, Old: 375.00, New: 410.00
Zero Mode Changed: 8/19/2022 12:50:43 PM, Old:ON, New:Reading
Zero Mode Changed: 8/19/2022 12:50:43 PM, Old:Reading, New:ON
Excitation Wavelength Changed: 8/19/2022 12:51:25 PM, Old: 330.00, New: 335.00
Excitation Wavelength Changed: 8/19/2022 12:51:55 PM, Old: 335.00, New: 340.00
Excitation Wavelength Changed: 8/19/2022 12:52:25 PM, Old: 340.00, New: 345.00
Excitation Wavelength Changed: 8/19/2022 12:52:55 PM, Old: 345.00, New: 350.00
Excitation Wavelength Changed: 8/19/2022 12:53:25 PM, Old: 350.00, New: 355.00
Excitation Wavelength Changed: 8/19/2022 12:53:55 PM, Old: 355.00, New: 360.00
Excitation Wavelength Changed: 8/19/2022 12:54:26 PM, Old: 360.00, New: 365.00
Excitation Wavelength Changed: 8/19/2022 12:54:56 PM, Old: 365.00, New: 370.00
Excitation Wavelength Changed: 8/19/2022 12:55:26 PM, Old: 370.00, New: 375.00
Excitation Wavelength Changed: 8/19/2022 12:55:56 PM, Old: 375.00, New: 380.00
Excitation Wavelength Changed: 8/19/2022 12:56:26 PM, Old: 380.00, New: 385.00
Excitation Wavelength Changed: 8/19/2022 12:56:56 PM, Old: 385.00, New: 390.00
Excitation Wavelength Changed: 8/19/2022 12:57:27 PM, Old: 390.00, New: 395.00
Excitation Wavelength Changed: 8/19/2022 12:57:57 PM, Old: 395.00, New: 400.00
Excitation Wavelength Changed: 8/19/2022 12:58:27 PM, Old: 400.00, New: 330.00
Excitation Wavelength Changed: 8/19/2022 1:09:07 PM, Old: 330.00, New: 295.00
Emission Wavelength Changed: 8/19/2022 1:09:07 PM, Old: 410.00, New: 305.00
Stop Wavelength Changed: 8/19/2022 1:09:07 PM, Old: 700.00, New: 550.00
Zero Mode Changed: 8/19/2022 1:09:08 PM, Old:ON, New:Reading
Zero Mode Changed: 8/19/2022 1:09:08 PM, Old:Reading, New:ON
Excitation Wavelength Changed: 8/19/2022 1:09:59 PM, Old: 295.00, New: 300.00
Excitation Wavelength Changed: 8/19/2022 1:10:08 PM, Old: 300.00, New: 305.00
3-D Mode Changed: 8/19/2022 1:10:15 PM, Old:ON, New:OFF
Excitation Wavelength Changed: 8/19/2022 1:10:15 PM, Old: 305.00, New: 295.00
Zero Mode Changed: 8/19/2022 1:10:16 PM, Old:ON, New:Reading
Zero Mode Changed: 8/19/2022 1:10:17 PM, Old:Reading, New:ON
Scan mode: Changed: 8/19/2022 1:10:57 PM, Old:Emission, New:Excitation
User Delta Increment Changed: 8/19/2022 1:10:57 PM, Old:   5.00, New:   0.15
Excitation Wavelength Changed: 8/19/2022 1:10:57 PM, Old: 295.00, New: 240.00
Emission Wavelength Changed: 8/19/2022 1:10:57 PM, Old: 305.00, New: 400.00
Stop Wavelength Changed: 8/19/2022 1:10:57 PM, Old: 550.00, New: 390.00
Zero Mode Changed: 8/19/2022 1:11:03 PM, Old:ON, New:Reading
Zero Mode Changed: 8/19/2022 1:11:03 PM, Old:Reading, New:ON
Scan mode: Changed: 8/19/2022 1:11:48 PM, Old:Excitation, New:Emission
Excitation Wavelength Changed: 8/19/2022 1:11:48 PM, Old: 240.00, New: 330.00
Emission Wavelength Changed: 8/19/2022 1:11:48 PM, Old: 400.00, New: 340.00
Stop Wavelength Changed: 8/19/2022 1:11:48 PM, Old: 390.00, New: 600.00
Zero Mode Changed: 8/19/2022 1:11:50 PM, Old:ON, New:Reading
Zero Mode Changed: 8/19/2022 1:11:51 PM, Old:Reading, New:ON
Scan mode: Changed: 8/19/2022 1:12:42 PM, Old:Emission, New:Excitation
Excitation Wavelength Changed: 8/19/2022 1:12:42 PM, Old: 330.00, New: 220.00
Emission Wavelength Changed: 8/19/2022 1:12:42 PM, Old: 340.00, New: 400.00
Stop Wavelength Changed: 8/19/2022 1:12:42 PM, Old: 600.00, New: 390.00
Zero Mode Changed: 8/19/2022 1:12:45 PM, Old:ON, New:Reading
Zero Mode Changed: 8/19/2022 1:12:46 PM, Old:Reading, New:ON
Excitation Wavelength Changed: 8/19/2022 1:13:19 PM, Old: 220.00, New: 290.00
Zero Mode Changed: 8/19/2022 1:13:21 PM, Old:ON, New:Reading
Zero Mode Changed: 8/19/2022 1:13:21 PM, Old:Reading, New:ON
Scan mode: Changed: 8/19/2022 1:14:02 PM, Old:Excitation, New:Emission
Excitation Wavelength Changed: 8/19/2022 1:14:02 PM, Old: 290.00, New: 260.00
Emission Wavelength Changed: 8/19/2022 1:14:02 PM, Old: 400.00, New: 270.00
Stop Wavelength Changed: 8/19/2022 1:14:02 PM, Old: 390.00, New: 500.00
Zero Mode Changed: 8/19/2022 1:14:05 PM, Old:ON, New:Reading
Zero Mode Changed: 8/19/2022 1:14:05 PM, Old:Reading, New:ON
3-D Mode Changed: 8/19/2022 1:15:52 PM, Old:OFF, New:ON
User Delta Stop Changed: 8/19/2022 1:15:52 PM, Old: 400.00, New: 330.00
User Delta Increment Changed: 8/19/2022 1:15:52 PM, Old:   0.15, New:   5.00
Emission Wavelength Changed: 8/19/2022 1:15:52 PM, Old: 270.00, New: 340.00
Zero Mode Changed: 8/19/2022 1:15:53 PM, Old:ON, New:Reading
Zero Mode Changed: 8/19/2022 1:15:53 PM, Old:Reading, New:ON
Excitation Wavelength Changed: 8/19/2022 1:16:21 PM, Old: 260.00, New: 265.00
Excitation Wavelength Changed: 8/19/2022 1:16:38 PM, Old: 265.00, New: 270.00
Excitation Wavelength Changed: 8/19/2022 1:16:55 PM, Old: 270.00, New: 275.00
Excitation Wavelength Changed: 8/19/2022 1:17:12 PM, Old: 275.00, New: 280.00
Excitation Wavelength Changed: 8/19/2022 1:17:29 PM, Old: 280.00, New: 285.00
Excitation Wavelength Changed: 8/19/2022 1:17:46 PM, Old: 285.00, New: 290.00
Excitation Wavelength Changed: 8/19/2022 1:18:03 PM, Old: 290.00, New: 295.00
Excitation Wavelength Changed: 8/19/2022 1:18:19 PM, Old: 295.00, New: 300.00
Excitation Wavelength Changed: 8/19/2022 1:18:36 PM, Old: 300.00, New: 305.00
Excitation Wavelength Changed: 8/19/2022 1:18:53 PM, Old: 305.00, New: 310.00
Excitation Wavelength Changed: 8/19/2022 1:18:56 PM, Old: 310.00, New: 315.00
Excitation Wavelength Changed: 8/19/2022 12:21:52 PM, Old: 315.00, New: 295.00
Emission Wavelength Changed: 8/19/2022 12:21:52 PM, Old: 340.00, New: 305.00
Stop Wavelength Changed: 8/19/2022 12:21:52 PM, Old: 500.00, New: 550.00
Zero Mode Changed: 8/19/2022 12:21:54 PM, Old:ON, New:Reading
Zero Mode Changed: 8/19/2022 12:21:54 PM, Old:Reading, New:ON
3-D Mode Changed: 8/19/2022 12:22:09 PM, Old:ON, New:OFF
Zero Mode Changed: 8/19/2022 12:22:11 PM, Old:ON, New:Reading
Zero Mode Changed: 8/19/2022 12:22:11 PM, Old:Reading, New:ON
Scan mode: Changed: 8/19/2022 12:23:09 PM, Old:Emission, New:Excitation
User Delta Stop Changed: 8/19/2022 12:23:09 PM, Old: 330.00, New: 370.00
User Delta Increment Changed: 8/19/2022 12:23:09 PM, Old:   5.00, New:   0.15
Excitation Wavelength Changed: 8/19/2022 12:23:09 PM, Old: 295.00, New: 240.00
Emission Wavelength Changed: 8/19/2022 12:23:09 PM, Old: 305.00, New: 370.00
Stop Wavelength Changed: 8/19/2022 12:23:09 PM, Old: 550.00, New: 360.00
Zero Mode Changed: 8/19/2022 12:23:12 PM, Old:ON, New:Reading
Zero Mode Changed: 8/19/2022 12:23:12 PM, Old:Reading, New:ON
Scan mode: Changed: 8/19/2022 12:23:53 PM, Old:Excitation, New:Emission
Excitation Wavelength Changed: 8/19/2022 12:23:53 PM, Old: 240.00, New: 320.00
Emission Wavelength Changed: 8/19/2022 12:23:53 PM, Old: 370.00, New: 330.00
Stop Wavelength Changed: 8/19/2022 12:23:53 PM, Old: 360.00, New: 650.00
Zero Mode Changed: 8/19/2022 12:23:56 PM, Old:ON, New:Reading
Zero Mode Changed: 8/19/2022 12:23:56 PM, Old:Reading, New:ON
Scan mode: Changed: 8/19/2022 12:25:02 PM, Old:Emission, New:Excitation
User Delta Stop Changed: 8/19/2022 12:25:02 PM, Old: 370.00, New: 520.00
Excitation Wavelength Changed: 8/19/2022 12:25:02 PM, Old: 320.00, New: 270.00
Emission Wavelength Changed: 8/19/2022 12:25:02 PM, Old: 330.00, New: 520.00
Stop Wavelength Changed: 8/19/2022 12:25:02 PM, Old: 650.00, New: 510.00
Zero Mode Changed: 8/19/2022 12:25:06 PM, Old:ON, New:Reading
Zero Mode Changed: 8/19/2022 12:25:06 PM, Old:Reading, New:ON
Scan mode: Changed: 8/19/2022 12:26:34 PM, Old:Excitation, New:Emission
Excitation Wavelength Changed: 8/19/2022 12:26:34 PM, Old: 270.00, New: 380.00
Emission Wavelength Changed: 8/19/2022 12:26:34 PM, Old: 520.00, New: 390.00
Stop Wavelength Changed: 8/19/2022 12:26:34 PM, Old: 510.00, New: 700.00
Zero Mode Changed: 8/19/2022 12:26:36 PM, Old:ON, New:Reading
Zero Mode Changed: 8/19/2022 12:26:36 PM, Old:Reading, New:ON
Scan mode: Changed: 8/19/2022 12:27:28 PM, Old:Emission, New:Excitation
Excitation Wavelength Changed: 8/19/2022 12:27:28 PM, Old: 380.00, New: 240.00
Emission Wavelength Changed: 8/19/2022 12:27:28 PM, Old: 390.00, New: 395.00
Stop Wavelength Changed: 8/19/2022 12:27:28 PM, Old: 700.00, New: 385.00
Zero Mode Changed: 8/19/2022 12:27:32 PM, Old:ON, New:Reading
Zero Mode Changed: 8/19/2022 12:27:32 PM, Old:Reading, New:ON
Emission Wavelength Changed: 8/19/2022 12:27:46 PM, Old: 395.00, New: 390.00
Stop Wavelength Changed: 8/19/2022 12:27:46 PM, Old: 385.00, New: 380.00
Zero Mode Changed: 8/19/2022 12:27:47 PM, Old:ON, New:Reading
Zero Mode Changed: 8/19/2022 12:27:47 PM, Old:Reading, New:ON
Scan mode: Changed: 8/19/2022 12:28:31 PM, Old:Excitation, New:Emission
Excitation Wavelength Changed: 8/19/2022 12:28:31 PM, Old: 240.00, New: 330.00
Emission Wavelength Changed: 8/19/2022 12:28:31 PM, Old: 390.00, New: 340.00
Stop Wavelength Changed: 8/19/2022 12:28:31 PM, Old: 380.00, New: 700.00
Zero Mode Changed: 8/19/2022 12:28:32 PM, Old:ON, New:Reading
Zero Mode Changed: 8/19/2022 12:28:33 PM, Old:Reading, New:ON
Scan mode: Changed: 8/19/2022 12:29:35 PM, Old:Emission, New:Excitation
Excitation Wavelength Changed: 8/19/2022 12:29:35 PM, Old: 330.00, New: 240.00
Emission Wavelength Changed: 8/19/2022 12:29:35 PM, Old: 340.00, New: 405.00
Stop Wavelength Changed: 8/19/2022 12:29:35 PM, Old: 700.00, New: 395.00
Zero Mode Changed: 8/19/2022 12:29:38 PM, Old:ON, New:Reading
Zero Mode Changed: 8/19/2022 12:29:38 PM, Old:Reading, New:ON
Scan mode: Changed: 8/19/2022 12:30:37 PM, Old:Excitation, New:Emission
Excitation Wavelength Changed: 8/19/2022 12:30:37 PM, Old: 240.00, New: 335.00
Emission Wavelength Changed: 8/19/2022 12:30:37 PM, Old: 405.00, New: 345.00
Stop Wavelength Changed: 8/19/2022 12:30:37 PM, Old: 395.00, New: 650.00
Zero Mode Changed: 8/19/2022 12:30:39 PM, Old:ON, New:Reading
Zero Mode Changed: 8/19/2022 12:30:39 PM, Old:Reading, New:ON
Scan mode: Changed: 8/19/2022 12:31:30 PM, Old:Emission, New:Excitation
Excitation Wavelength Changed: 8/19/2022 12:31:30 PM, Old: 335.00, New: 240.00
Emission Wavelength Changed: 8/19/2022 12:31:30 PM, Old: 345.00, New: 410.00
Stop Wavelength Changed: 8/19/2022 12:31:30 PM, Old: 650.00, New: 400.00
Zero Mode Changed: 8/19/2022 12:31:33 PM, Old:ON, New:Reading
Zero Mode Changed: 8/19/2022 12:31:34 PM, Old:Reading, New:ON
Emission Wavelength Changed: 8/19/2022 12:32:09 PM, Old: 410.00, New: 420.00
Stop Wavelength Changed: 8/19/2022 12:32:09 PM, Old: 400.00, New: 410.00
Zero Mode Changed: 8/19/2022 12:32:11 PM, Old:ON, New:Reading
Zero Mode Changed: 8/19/2022 12:32:12 PM, Old:Reading, New:ON
Emission Wavelength Changed: 8/19/2022 12:32:51 PM, Old: 420.00, New: 415.00
Stop Wavelength Changed: 8/19/2022 12:32:51 PM, Old: 410.00, New: 405.00
Zero Mode Changed: 8/19/2022 12:32:56 PM, Old:ON, New:Reading
Zero Mode Changed: 8/19/2022 12:32:56 PM, Old:Reading, New:ON
3-D Mode Changed: 8/19/2022 12:36:08 PM, Old:OFF, New:ON
User Delta Stop Changed: 8/19/2022 12:36:08 PM, Old: 520.00, New: 430.00
Emission Wavelength Changed: 8/19/2022 12:36:08 PM, Old: 415.00, New: 400.00
Stop Wavelength Changed: 8/19/2022 12:36:08 PM, Old: 405.00, New: 390.00
Zero Mode Changed: 8/19/2022 12:36:20 PM, Old:ON, New:Reading
Zero Mode Changed: 8/19/2022 12:36:20 PM, Old:Reading, New:ON
Emission Wavelength Changed: 8/19/2022 12:37:00 PM, Old: 400.00, New: 400.15
Emission Wavelength Changed: 8/19/2022 12:37:20 PM, Old: 400.15, New: 400.30
Emission Wavelength Changed: 8/19/2022 12:37:26 PM, Old: 400.30, New: 400.45
Scan mode: Changed: 8/19/2022 12:38:08 PM, Old:Excitation, New:Emission
3-D Mode Changed: 8/19/2022 12:38:08 PM, Old:ON, New:OFF
User Delta Increment Changed: 8/19/2022 12:38:08 PM, Old:   0.15, New:   5.00
Excitation Wavelength Changed: 8/19/2022 12:38:08 PM, Old: 240.00, New: 295.00
Emission Wavelength Changed: 8/19/2022 12:38:08 PM, Old: 400.45, New: 305.00
Stop Wavelength Changed: 8/19/2022 12:38:08 PM, Old: 390.00, New: 550.00
Zero Mode Changed: 8/19/2022 12:38:09 PM, Old:ON, New:Reading
Zero Mode Changed: 8/19/2022 12:38:10 PM, Old:Reading, New:ON
Ex. Slit Width (nm): Changed: 8/19/2022 12:39:13 PM, Old:5, New:10
Excitation Wavelength Changed: 8/19/2022 12:39:13 PM, Old: 295.00, New: 340.00
Emission Wavelength Changed: 8/19/2022 12:39:13 PM, Old: 305.00, New: 350.00
Stop Wavelength Changed: 8/19/2022 12:39:13 PM, Old: 550.00, New: 650.00
Zero Mode Changed: 8/19/2022 12:39:13 PM, Old:ON, New:OFF
Zero Mode Changed: 8/19/2022 12:39:15 PM, Old:OFF, New:Reading
Zero Mode Changed: 8/19/2022 12:39:15 PM, Old:Reading, New:ON
Scan mode: Changed: 8/19/2022 12:40:17 PM, Old:Emission, New:Excitation
User Delta Stop Changed: 8/19/2022 12:40:17 PM, Old: 430.00, New: 530.00
User Delta Increment Changed: 8/19/2022 12:40:17 PM, Old:   5.00, New:   0.15
Excitation Wavelength Changed: 8/19/2022 12:40:17 PM, Old: 340.00, New: 240.00
Emission Wavelength Changed: 8/19/2022 12:40:17 PM, Old: 350.00, New: 530.00
Stop Wavelength Changed: 8/19/2022 12:40:17 PM, Old: 650.00, New: 520.00
Zero Mode Changed: 8/19/2022 12:40:20 PM, Old:ON, New:Reading
Zero Mode Changed: 8/19/2022 12:40:21 PM, Old:Reading, New:ON
Scan mode: Changed: 8/19/2022 12:41:51 PM, Old:Excitation, New:Emission
Ex. Slit Width (nm): Changed: 8/19/2022 12:41:51 PM, Old:10, New:5
Excitation Wavelength Changed: 8/19/2022 12:41:51 PM, Old: 240.00, New: 455.00
Emission Wavelength Changed: 8/19/2022 12:41:51 PM, Old: 530.00, New: 465.00
Stop Wavelength Changed: 8/19/2022 12:41:51 PM, Old: 520.00, New: 700.00
Zero Mode Changed: 8/19/2022 12:41:51 PM, Old:ON, New:OFF
Zero Mode Changed: 8/19/2022 12:41:53 PM, Old:OFF, New:Reading
Zero Mode Changed: 8/19/2022 12:41:54 PM, Old:Reading, New:ON
Scan mode: Changed: 8/19/2022 12:42:51 PM, Old:Emission, New:Excitation
Excitation Wavelength Changed: 8/19/2022 12:42:51 PM, Old: 455.00, New: 290.00
Emission Wavelength Changed: 8/19/2022 12:42:51 PM, Old: 465.00, New: 530.00
Stop Wavelength Changed: 8/19/2022 12:42:51 PM, Old: 700.00, New: 520.00
Zero Mode Changed: 8/19/2022 12:42:54 PM, Old:ON, New:Reading
Zero Mode Changed: 8/19/2022 12:42:54 PM, Old:Reading, New:ON
Scan mode: Changed: 8/19/2022 12:44:03 PM, Old:Excitation, New:Emission
Excitation Wavelength Changed: 8/19/2022 12:44:03 PM, Old: 290.00, New: 420.00
Emission Wavelength Changed: 8/19/2022 12:44:03 PM, Old: 530.00, New: 430.00
Stop Wavelength Changed: 8/19/2022 12:44:03 PM, Old: 520.00, New: 700.00
Zero Mode Changed: 8/19/2022 12:44:05 PM, Old:ON, New:Reading
Zero Mode Changed: 8/19/2022 12:44:05 PM, Old:Reading, New:ON
Excitation Wavelength Changed: 8/19/2022 12:44:53 PM, Old: 420.00, New: 330.00
Emission Wavelength Changed: 8/19/2022 12:44:53 PM, Old: 430.00, New: 340.00
Stop Wavelength Changed: 8/19/2022 12:44:53 PM, Old: 700.00, New: 650.00
Zero Mode Changed: 8/19/2022 12:44:56 PM, Old:ON, New:Reading
Zero Mode Changed: 8/19/2022 12:44:56 PM, Old:Reading, New:ON
Scan mode: Changed: 8/19/2022 12:45:51 PM, Old:Emission, New:Excitation
Excitation Wavelength Changed: 8/19/2022 12:45:51 PM, Old: 330.00, New: 240.00
Emission Wavelength Changed: 8/19/2022 12:45:51 PM, Old: 340.00, New: 420.00
Stop Wavelength Changed: 8/19/2022 12:45:51 PM, Old: 650.00, New: 410.00
Zero Mode Changed: 8/19/2022 12:45:54 PM, Old:ON, New:Reading
Zero Mode Changed: 8/19/2022 12:45:55 PM, Old:Reading, New:ON
Scan mode: Changed: 8/19/2022 12:46:45 PM, Old:Excitation, New:Emission
Excitation Wavelength Changed: 8/19/2022 12:46:45 PM, Old: 240.00, New: 355.00
Emission Wavelength Changed: 8/19/2022 12:46:45 PM, Old: 420.00, New: 365.00
Stop Wavelength Changed: 8/19/2022 12:46:45 PM, Old: 410.00, New: 700.00
Zero Mode Changed: 8/19/2022 12:46:47 PM, Old:ON, New:Reading
Zero Mode Changed: 8/19/2022 12:46:47 PM, Old:Reading, New:ON
Scan mode: Changed: 8/19/2022 12:47:42 PM, Old:Emission, New:Excitation
Excitation Wavelength Changed: 8/19/2022 12:47:42 PM, Old: 355.00, New: 240.00
Emission Wavelength Changed: 8/19/2022 12:47:42 PM, Old: 365.00, New: 455.00
Stop Wavelength Changed: 8/19/2022 12:47:42 PM, Old: 700.00, New: 445.00
Zero Mode Changed: 8/19/2022 12:47:45 PM, Old:ON, New:Reading
Zero Mode Changed: 8/19/2022 12:47:45 PM, Old:Reading, New:ON
Scan mode: Changed: 8/19/2022 12:48:35 PM, Old:Excitation, New:Emission
Excitation Wavelength Changed: 8/19/2022 12:48:35 PM, Old: 240.00, New: 390.00
Emission Wavelength Changed: 8/19/2022 12:48:35 PM, Old: 455.00, New: 400.00
Stop Wavelength Changed: 8/19/2022 12:48:35 PM, Old: 445.00, New: 700.00
Zero Mode Changed: 8/19/2022 12:48:37 PM, Old:ON, New:Reading
Zero Mode Changed: 8/19/2022 12:48:37 PM, Old:Reading, New:ON
Scan mode: Changed: 8/19/2022 12:49:27 PM, Old:Emission, New:Excitation
Excitation Wavelength Changed: 8/19/2022 12:49:27 PM, Old: 390.00, New: 240.00
Emission Wavelength Changed: 8/19/2022 12:49:27 PM, Old: 400.00, New: 460.00
Stop Wavelength Changed: 8/19/2022 12:49:27 PM, Old: 700.00, New: 450.00
Zero Mode Changed: 8/19/2022 12:49:30 PM, Old:ON, New:Reading
Zero Mode Changed: 8/19/2022 12:49:31 PM, Old:Reading, New:ON
Scan mode: Changed: 8/19/2022 12:50:43 PM, Old:Excitation, New:Emission
Excitation Wavelength Changed: 8/19/2022 12:50:43 PM, Old: 240.00, New: 400.00
Emission Wavelength Changed: 8/19/2022 12:50:43 PM, Old: 460.00, New: 410.00
Stop Wavelength Changed: 8/19/2022 12:50:43 PM, Old: 450.00, New: 700.00
Zero Mode Changed: 8/19/2022 12:50:45 PM, Old:ON, New:Reading
Zero Mode Changed: 8/19/2022 12:50:45 PM, Old:Reading, New:ON
Scan mode: Changed: 8/19/2022 12:51:53 PM, Old:Emission, New:Excitation
Excitation Wavelength Changed: 8/19/2022 12:51:53 PM, Old: 400.00, New: 290.00
Emission Wavelength Changed: 8/19/2022 12:51:53 PM, Old: 410.00, New: 530.00
Stop Wavelength Changed: 8/19/2022 12:51:53 PM, Old: 700.00, New: 520.00
Zero Mode Changed: 8/19/2022 12:51:56 PM, Old:ON, New:Reading
Zero Mode Changed: 8/19/2022 12:51:56 PM, Old:Reading, New:ON
Zero Mode Changed: 8/19/2022 12:52:02 PM, Old:ON, New:Reading
Zero Mode Changed: 8/19/2022 12:52:03 PM, Old:Reading, New:ON
Excitation Wavelength Changed: 8/19/2022 12:52:54 PM, Old: 290.00, New: 270.00
Stop Wavelength Changed: 8/19/2022 12:52:54 PM, Old: 520.00, New: 500.00
Zero Mode Changed: 8/19/2022 12:52:57 PM, Old:ON, New:Reading
Zero Mode Changed: 8/19/2022 12:52:57 PM, Old:Reading, New:ON
End Method Modifications

CdSe 180sec ex420,
CdSe 180sec ex420
Collection Time: 8/19/2022 12:53:47 PM
Operator Name  :
Scan Software Version: 1.1(132)
Parameter List :
Instrument                        Cary Eclipse
Instrument Serial Number          E08013467
Data mode                         Fluorescence
Scan mode                         Emission
X Mode                            Wavelength (nm)
Start (nm)                        430.00
Stop (nm)                         700.00
Ex. Wavelength (nm)               420.00
Ex. Slit (nm)                     5
Em. Slit (nm)                     5
Scan rate (nm/min)                600.00
Data interval (nm)                1.0000
Averaging Time (s)                0.1000
Excitation filter                 Auto
Emission filter                   Open
PMT voltage (V)                   Medium
Corrected spectra                 OFF
Method Log     :
Method Name    : Default
Date/Time stamp: 8/19/2022 12:23:28 PM
Method Modifications:
Overlayed Graphs Changed: 8/19/2022 12:24:53 PM, Old:OFF, New:ON
Y max Changed: 8/19/2022 12:24:53 PM, Old:  1000.0000, New:   300.0000
Excitation Wavelength Changed: 8/19/2022 12:27:20 PM, Old: 350.00, New: 300.00
Emission Wavelength Changed: 8/19/2022 12:27:20 PM, Old: 400.00, New: 310.00
Stop Wavelength Changed: 8/19/2022 12:27:20 PM, Old: 600.00, New: 500.00
Zero Mode Changed: 8/19/2022 12:27:22 PM, Old:OFF, New:Reading
Zero Mode Changed: 8/19/2022 12:27:22 PM, Old:Reading, New:ON
Scan mode: Changed: 8/19/2022 12:28:28 PM, Old:Emission, New:Excitation
Excitation Wavelength Changed: 8/19/2022 12:28:28 PM, Old: 300.00, New: 240.00
Emission Wavelength Changed: 8/19/2022 12:28:28 PM, Old: 310.00, New: 400.00
Stop Wavelength Changed: 8/19/2022 12:28:28 PM, Old: 500.00, New: 390.00
Zero Mode Changed: 8/19/2022 12:28:31 PM, Old:ON, New:Reading
Zero Mode Changed: 8/19/2022 12:28:31 PM, Old:Reading, New:ON
Scan mode: Changed: 8/19/2022 12:29:17 PM, Old:Excitation, New:Emission
Excitation Wavelength Changed: 8/19/2022 12:29:17 PM, Old: 240.00, New: 330.00
Emission Wavelength Changed: 8/19/2022 12:29:17 PM, Old: 400.00, New: 340.00
Stop Wavelength Changed: 8/19/2022 12:29:17 PM, Old: 390.00, New: 500.00
Zero Mode Changed: 8/19/2022 12:29:19 PM, Old:ON, New:Reading
Zero Mode Changed: 8/19/2022 12:29:19 PM, Old:Reading, New:ON
Scan mode: Changed: 8/19/2022 12:30:02 PM, Old:Emission, New:Excitation
Excitation Wavelength Changed: 8/19/2022 12:30:02 PM, Old: 330.00, New: 240.00
Emission Wavelength Changed: 8/19/2022 12:30:02 PM, Old: 340.00, New: 410.00
Stop Wavelength Changed: 8/19/2022 12:30:02 PM, Old: 500.00, New: 400.00
Zero Mode Changed: 8/19/2022 12:30:08 PM, Old:ON, New:Reading
Zero Mode Changed: 8/19/2022 12:30:08 PM, Old:Reading, New:ON
Scan mode: Changed: 8/19/2022 12:30:53 PM, Old:Excitation, New:Emission
Excitation Wavelength Changed: 8/19/2022 12:30:53 PM, Old: 240.00, New: 335.00
Emission Wavelength Changed: 8/19/2022 12:30:53 PM, Old: 410.00, New: 345.00
Stop Wavelength Changed: 8/19/2022 12:30:53 PM, Old: 400.00, New: 600.00
Zero Mode Changed: 8/19/2022 12:30:55 PM, Old:ON, New:Reading
Zero Mode Changed: 8/19/2022 12:30:55 PM, Old:Reading, New:ON
Zero Mode Changed: 8/19/2022 12:34:51 PM, Old:ON, New:Reading
Zero Mode Changed: 8/19/2022 12:34:51 PM, Old:Reading, New:ON
Scan mode: Changed: 8/19/2022 12:35:39 PM, Old:Emission, New:Excitation
Excitation Wavelength Changed: 8/19/2022 12:35:39 PM, Old: 335.00, New: 240.00
Emission Wavelength Changed: 8/19/2022 12:35:39 PM, Old: 345.00, New: 410.00
Stop Wavelength Changed: 8/19/2022 12:35:39 PM, Old: 600.00, New: 400.00
Zero Mode Changed: 8/19/2022 12:35:42 PM, Old:ON, New:Reading
Zero Mode Changed: 8/19/2022 12:35:43 PM, Old:Reading, New:ON
Scan mode: Changed: 8/19/2022 12:36:52 PM, Old:Excitation, New:Emission
Excitation Wavelength Changed: 8/19/2022 12:36:52 PM, Old: 240.00, New: 300.00
Emission Wavelength Changed: 8/19/2022 12:36:52 PM, Old: 410.00, New: 310.00
Stop Wavelength Changed: 8/19/2022 12:36:52 PM, Old: 400.00, New: 600.00
Zero Mode Changed: 8/19/2022 12:36:54 PM, Old:ON, New:Reading
Zero Mode Changed: 8/19/2022 12:36:54 PM, Old:Reading, New:ON
Scan mode: Changed: 8/19/2022 12:37:46 PM, Old:Emission, New:Excitation
Excitation Wavelength Changed: 8/19/2022 12:37:46 PM, Old: 300.00, New: 240.00
Emission Wavelength Changed: 8/19/2022 12:37:46 PM, Old: 310.00, New: 350.00
Stop Wavelength Changed: 8/19/2022 12:37:46 PM, Old: 600.00, New: 340.00
Zero Mode Changed: 8/19/2022 12:37:49 PM, Old:ON, New:Reading
Zero Mode Changed: 8/19/2022 12:37:49 PM, Old:Reading, New:ON
Scan mode: Changed: 8/19/2022 12:38:28 PM, Old:Excitation, New:Emission
Excitation Wavelength Changed: 8/19/2022 12:38:28 PM, Old: 240.00, New: 295.00
Emission Wavelength Changed: 8/19/2022 12:38:28 PM, Old: 350.00, New: 305.00
Stop Wavelength Changed: 8/19/2022 12:38:28 PM, Old: 340.00, New: 550.00
Zero Mode Changed: 8/19/2022 12:38:31 PM, Old:ON, New:Reading
Zero Mode Changed: 8/19/2022 12:38:31 PM, Old:Reading, New:ON
Scan Control Changed: 8/19/2022 12:39:12 PM, Old:Medium, New:Slow
Ave. time (s): Changed: 8/19/2022 12:39:12 PM, Old:0.10000, New:0.50000
Zero Mode Changed: 8/19/2022 12:39:14 PM, Old:ON, New:Reading
Zero Mode Changed: 8/19/2022 12:39:14 PM, Old:Reading, New:ON
Excitation Wavelength Changed: 8/19/2022 12:41:46 PM, Old: 295.00, New: 335.00
Emission Wavelength Changed: 8/19/2022 12:41:46 PM, Old: 305.00, New: 345.00
Stop Wavelength Changed: 8/19/2022 12:41:46 PM, Old: 550.00, New: 600.00
Zero Mode Changed: 8/19/2022 12:41:49 PM, Old:ON, New:Reading
Zero Mode Changed: 8/19/2022 12:41:50 PM, Old:Reading, New:ON
Scan mode: Changed: 8/19/2022 12:46:36 PM, Old:Emission, New:Excitation
Excitation Wavelength Changed: 8/19/2022 12:46:36 PM, Old: 335.00, New: 240.00
Emission Wavelength Changed: 8/19/2022 12:46:36 PM, Old: 345.00, New: 410.00
Stop Wavelength Changed: 8/19/2022 12:46:36 PM, Old: 600.00, New: 400.00
Zero Mode Changed: 8/19/2022 12:46:39 PM, Old:ON, New:Reading
Zero Mode Changed: 8/19/2022 12:46:40 PM, Old:Reading, New:ON
Scan Control Changed: 8/19/2022 12:50:26 PM, Old:Slow, New:Medium
Ave. time (s): Changed: 8/19/2022 12:50:26 PM, Old:0.50000, New:0.10000
Zero Mode Changed: 8/19/2022 12:50:27 PM, Old:ON, New:Reading
Zero Mode Changed: 8/19/2022 12:50:27 PM, Old:Reading, New:ON
Scan mode: Changed: 8/19/2022 12:51:32 PM, Old:Excitation, New:Emission
Excitation Wavelength Changed: 8/19/2022 12:51:32 PM, Old: 240.00, New: 337.00
Emission Wavelength Changed: 8/19/2022 12:51:32 PM, Old: 410.00, New: 347.00
Stop Wavelength Changed: 8/19/2022 12:51:32 PM, Old: 400.00, New: 600.00
Zero Mode Changed: 8/19/2022 12:51:34 PM, Old:ON, New:Reading
Zero Mode Changed: 8/19/2022 12:51:35 PM, Old:Reading, New:ON
Scan mode: Changed: 8/19/2022 12:52:30 PM, Old:Emission, New:Excitation
Excitation Wavelength Changed: 8/19/2022 12:52:30 PM, Old: 337.00, New: 240.00
Emission Wavelength Changed: 8/19/2022 12:52:30 PM, Old: 347.00, New: 415.00
Stop Wavelength Changed: 8/19/2022 12:52:30 PM, Old: 600.00, New: 400.00
Zero Mode Changed: 8/19/2022 12:52:33 PM, Old:ON, New:Reading
Zero Mode Changed: 8/19/2022 12:52:33 PM, Old:Reading, New:ON
Scan mode: Changed: 8/19/2022 12:53:13 PM, Old:Excitation, New:Emission
Excitation Wavelength Changed: 8/19/2022 12:53:13 PM, Old: 240.00, New: 340.00
Emission Wavelength Changed: 8/19/2022 12:53:13 PM, Old: 415.00, New: 350.00
Stop Wavelength Changed: 8/19/2022 12:53:13 PM, Old: 400.00, New: 600.00
Zero Mode Changed: 8/19/2022 12:53:15 PM, Old:ON, New:Reading
Zero Mode Changed: 8/19/2022 12:53:15 PM, Old:Reading, New:ON
Zero Mode Changed: 8/19/2022 12:54:45 PM, Old:ON, New:Reading
Zero Mode Changed: 8/19/2022 12:54:46 PM, Old:Reading, New:ON
Zero Mode Changed: 8/19/2022 12:54:49 PM, Old:ON, New:Reading
Zero Mode Changed: 8/19/2022 12:54:49 PM, Old:Reading, New:ON
Scan Control Changed: 8/19/2022 12:54:51 PM, Old:Medium, New:Slow
Ave. time (s): Changed: 8/19/2022 12:54:51 PM, Old:0.10000, New:0.50000
Zero Mode Changed: 8/19/2022 12:54:55 PM, Old:ON, New:Reading
Zero Mode Changed: 8/19/2022 12:54:56 PM, Old:Reading, New:ON
Scan mode: Changed: 8/19/2022 12:57:28 PM, Old:Emission, New:Excitation
Excitation Wavelength Changed: 8/19/2022 12:57:28 PM, Old: 340.00, New: 240.00
Emission Wavelength Changed: 8/19/2022 12:57:28 PM, Old: 350.00, New: 420.00
Stop Wavelength Changed: 8/19/2022 12:57:28 PM, Old: 600.00, New: 410.00
Zero Mode Changed: 8/19/2022 12:57:31 PM, Old:ON, New:Reading
Zero Mode Changed: 8/19/2022 12:57:31 PM, Old:Reading, New:ON
Scan mode: Changed: 8/19/2022 12:59:36 PM, Old:Excitation, New:Emission
Excitation Wavelength Changed: 8/19/2022 12:59:36 PM, Old: 240.00, New: 295.00
Emission Wavelength Changed: 8/19/2022 12:59:36 PM, Old: 420.00, New: 305.00
Stop Wavelength Changed: 8/19/2022 12:59:36 PM, Old: 410.00, New: 550.00
Scan Control Changed: 8/19/2022 12:59:41 PM, Old:Slow, New:Medium
Ave. time (s): Changed: 8/19/2022 12:59:41 PM, Old:0.50000, New:0.10000
Zero Mode Changed: 8/19/2022 12:59:44 PM, Old:ON, New:Reading
Zero Mode Changed: 8/19/2022 12:59:44 PM, Old:Reading, New:ON
Scan mode: Changed: 8/19/2022 1:00:36 PM, Old:Emission, New:Excitation
Excitation Wavelength Changed: 8/19/2022 1:00:36 PM, Old: 295.00, New: 240.00
Emission Wavelength Changed: 8/19/2022 1:00:36 PM, Old: 305.00, New: 350.00
Stop Wavelength Changed: 8/19/2022 1:00:36 PM, Old: 550.00, New: 340.00
Zero Mode Changed: 8/19/2022 1:00:45 PM, Old:ON, New:Reading
Zero Mode Changed: 8/19/2022 1:00:45 PM, Old:Reading, New:ON
Zero Mode Changed: 8/19/2022 1:01:25 PM, Old:ON, New:Reading
Zero Mode Changed: 8/19/2022 1:01:25 PM, Old:Reading, New:ON
Emission Wavelength Changed: 8/19/2022 1:04:06 PM, Old: 350.00, New: 420.00
Stop Wavelength Changed: 8/19/2022 1:04:06 PM, Old: 340.00, New: 410.00
Zero Mode Changed: 8/19/2022 1:04:08 PM, Old:ON, New:Reading
Zero Mode Changed: 8/19/2022 1:04:08 PM, Old:Reading, New:ON
Scan mode: Changed: 8/19/2022 1:04:55 PM, Old:Excitation, New:Emission
Excitation Wavelength Changed: 8/19/2022 1:04:55 PM, Old: 240.00, New: 330.00
Emission Wavelength Changed: 8/19/2022 1:04:55 PM, Old: 420.00, New: 340.00
Stop Wavelength Changed: 8/19/2022 1:04:55 PM, Old: 410.00, New: 600.00
Zero Mode Changed: 8/19/2022 1:04:56 PM, Old:ON, New:Reading
Zero Mode Changed: 8/19/2022 1:04:57 PM, Old:Reading, New:ON
Scan mode: Changed: 8/19/2022 1:06:34 PM, Old:Emission, New:Excitation
User Delta Stop Changed: 8/19/2022 1:06:34 PM, Old: 450.00, New: 470.00
User Delta Increment Changed: 8/19/2022 1:06:34 PM, Old:  10.00, New:   0.15
Excitation Wavelength Changed: 8/19/2022 1:06:34 PM, Old: 330.00, New: 240.00
Emission Wavelength Changed: 8/19/2022 1:06:34 PM, Old: 340.00, New: 470.00
Stop Wavelength Changed: 8/19/2022 1:06:34 PM, Old: 600.00, New: 460.00
Zero Mode Changed: 8/19/2022 1:06:37 PM, Old:ON, New:Reading
Zero Mode Changed: 8/19/2022 1:06:37 PM, Old:Reading, New:ON
Scan mode: Changed: 8/19/2022 1:07:26 PM, Old:Excitation, New:Emission
Excitation Wavelength Changed: 8/19/2022 1:07:26 PM, Old: 240.00, New: 355.00
Emission Wavelength Changed: 8/19/2022 1:07:26 PM, Old: 470.00, New: 365.00
Stop Wavelength Changed: 8/19/2022 1:07:26 PM, Old: 460.00, New: 600.00
Zero Mode Changed: 8/19/2022 1:07:27 PM, Old:ON, New:Reading
Zero Mode Changed: 8/19/2022 1:07:27 PM, Old:Reading, New:ON
Scan mode: Changed: 8/19/2022 1:08:25 PM, Old:Emission, New:Excitation
User Delta Stop Changed: 8/19/2022 1:08:25 PM, Old: 470.00, New: 520.00
Excitation Wavelength Changed: 8/19/2022 1:08:25 PM, Old: 355.00, New: 270.00
Emission Wavelength Changed: 8/19/2022 1:08:25 PM, Old: 365.00, New: 520.00
Stop Wavelength Changed: 8/19/2022 1:08:25 PM, Old: 600.00, New: 510.00
Zero Mode Changed: 8/19/2022 1:08:29 PM, Old:ON, New:Reading
Zero Mode Changed: 8/19/2022 1:08:29 PM, Old:Reading, New:ON
Scan mode: Changed: 8/19/2022 1:09:40 PM, Old:Excitation, New:Emission
Excitation Wavelength Changed: 8/19/2022 1:09:40 PM, Old: 270.00, New: 345.00
Emission Wavelength Changed: 8/19/2022 1:09:40 PM, Old: 520.00, New: 355.00
Stop Wavelength Changed: 8/19/2022 1:09:40 PM, Old: 510.00, New: 600.00
Zero Mode Changed: 8/19/2022 1:09:42 PM, Old:ON, New:Reading
Zero Mode Changed: 8/19/2022 1:09:43 PM, Old:Reading, New:ON
Scan Control Changed: 8/19/2022 1:12:27 PM, Old:Medium, New:Slow
Ave. time (s): Changed: 8/19/2022 1:12:27 PM, Old:0.10000, New:0.50000
Zero Mode Changed: 8/19/2022 1:12:29 PM, Old:ON, New:Reading
Zero Mode Changed: 8/19/2022 1:12:30 PM, Old:Reading, New:ON
Scan mode: Changed: 8/19/2022 1:15:37 PM, Old:Emission, New:Excitation
Excitation Wavelength Changed: 8/19/2022 1:15:37 PM, Old: 345.00, New: 240.00
Emission Wavelength Changed: 8/19/2022 1:15:37 PM, Old: 355.00, New: 455.00
Stop Wavelength Changed: 8/19/2022 1:15:37 PM, Old: 600.00, New: 445.00
Zero Mode Changed: 8/19/2022 1:15:40 PM, Old:ON, New:Reading
Zero Mode Changed: 8/19/2022 1:15:41 PM, Old:Reading, New:ON
Scan mode: Changed: 8/19/2022 1:19:58 PM, Old:Excitation, New:Emission
Scan Control Changed: 8/19/2022 1:19:58 PM, Old:Slow, New:Medium
Ave. time (s): Changed: 8/19/2022 1:19:58 PM, Old:0.50000, New:0.10000
Excitation Wavelength Changed: 8/19/2022 1:19:58 PM, Old: 240.00, New: 295.00
Emission Wavelength Changed: 8/19/2022 1:19:58 PM, Old: 455.00, New: 305.00
Stop Wavelength Changed: 8/19/2022 1:19:58 PM, Old: 445.00, New: 550.00
Zero Mode Changed: 8/19/2022 1:20:00 PM, Old:ON, New:Reading
Zero Mode Changed: 8/19/2022 1:20:00 PM, Old:Reading, New:ON
Scan mode: Changed: 8/19/2022 12:22:27 PM, Old:Emission, New:Excitation
Excitation Wavelength Changed: 8/19/2022 12:22:27 PM, Old: 295.00, New: 240.00
Emission Wavelength Changed: 8/19/2022 12:22:27 PM, Old: 305.00, New: 350.00
Stop Wavelength Changed: 8/19/2022 12:22:27 PM, Old: 550.00, New: 340.00
Zero Mode Changed: 8/19/2022 12:22:31 PM, Old:ON, New:Reading
Zero Mode Changed: 8/19/2022 12:22:31 PM, Old:Reading, New:ON
Emission Wavelength Changed: 8/19/2022 12:35:02 PM, Old: 350.00, New: 420.00
Stop Wavelength Changed: 8/19/2022 12:35:02 PM, Old: 340.00, New: 410.00
Zero Mode Changed: 8/19/2022 12:35:04 PM, Old:ON, New:Reading
Zero Mode Changed: 8/19/2022 12:35:05 PM, Old:Reading, New:ON
Scan mode: Changed: 8/19/2022 12:36:08 PM, Old:Excitation, New:Emission
Excitation Wavelength Changed: 8/19/2022 12:36:08 PM, Old: 240.00, New: 360.00
Emission Wavelength Changed: 8/19/2022 12:36:08 PM, Old: 420.00, New: 370.00
Stop Wavelength Changed: 8/19/2022 12:36:08 PM, Old: 410.00, New: 700.00
Zero Mode Changed: 8/19/2022 12:36:09 PM, Old:ON, New:Reading
Zero Mode Changed: 8/19/2022 12:36:10 PM, Old:Reading, New:ON
Scan mode: Changed: 8/19/2022 12:37:08 PM, Old:Emission, New:Excitation
Excitation Wavelength Changed: 8/19/2022 12:37:08 PM, Old: 360.00, New: 240.00
Emission Wavelength Changed: 8/19/2022 12:37:08 PM, Old: 370.00, New: 440.00
Stop Wavelength Changed: 8/19/2022 12:37:08 PM, Old: 700.00, New: 430.00
Zero Mode Changed: 8/19/2022 12:37:11 PM, Old:ON, New:Reading
Zero Mode Changed: 8/19/2022 12:37:11 PM, Old:Reading, New:ON
Scan mode: Changed: 8/19/2022 12:38:01 PM, Old:Excitation, New:Emission
Excitation Wavelength Changed: 8/19/2022 12:38:01 PM, Old: 240.00, New: 365.00
Emission Wavelength Changed: 8/19/2022 12:38:01 PM, Old: 440.00, New: 375.00
Stop Wavelength Changed: 8/19/2022 12:38:01 PM, Old: 430.00, New: 700.00
Zero Mode Changed: 8/19/2022 12:38:03 PM, Old:ON, New:Reading
Zero Mode Changed: 8/19/2022 12:38:04 PM, Old:Reading, New:ON
Excitation Wavelength Changed: 8/19/2022 12:38:57 PM, Old: 365.00, New: 370.00
Emission Wavelength Changed: 8/19/2022 12:38:57 PM, Old: 375.00, New: 380.00
Zero Mode Changed: 8/19/2022 12:38:58 PM, Old:ON, New:Reading
Zero Mode Changed: 8/19/2022 12:38:59 PM, Old:Reading, New:ON
Scan mode: Changed: 8/19/2022 12:40:00 PM, Old:Emission, New:Excitation
Excitation Wavelength Changed: 8/19/2022 12:40:00 PM, Old: 370.00, New: 240.00
Emission Wavelength Changed: 8/19/2022 12:40:00 PM, Old: 380.00, New: 512.00
Stop Wavelength Changed: 8/19/2022 12:40:00 PM, Old: 700.00, New: 500.00
Zero Mode Changed: 8/19/2022 12:40:03 PM, Old:ON, New:Reading
Zero Mode Changed: 8/19/2022 12:40:04 PM, Old:Reading, New:ON
Scan mode: Changed: 8/19/2022 12:40:57 PM, Old:Excitation, New:Emission
Excitation Wavelength Changed: 8/19/2022 12:40:57 PM, Old: 240.00, New: 400.00
Emission Wavelength Changed: 8/19/2022 12:40:57 PM, Old: 512.00, New: 410.00
Stop Wavelength Changed: 8/19/2022 12:40:57 PM, Old: 500.00, New: 700.00
Zero Mode Changed: 8/19/2022 12:40:59 PM, Old:ON, New:Reading
Zero Mode Changed: 8/19/2022 12:41:00 PM, Old:Reading, New:ON
Scan mode: Changed: 8/19/2022 12:41:45 PM, Old:Emission, New:Excitation
Excitation Wavelength Changed: 8/19/2022 12:41:45 PM, Old: 400.00, New: 240.00
Emission Wavelength Changed: 8/19/2022 12:41:45 PM, Old: 410.00, New: 515.00
Stop Wavelength Changed: 8/19/2022 12:41:45 PM, Old: 700.00, New: 505.00
Zero Mode Changed: 8/19/2022 12:41:48 PM, Old:ON, New:Reading
Zero Mode Changed: 8/19/2022 12:41:49 PM, Old:Reading, New:ON
Emission Wavelength Changed: 8/19/2022 12:42:40 PM, Old: 515.00, New: 435.00
Stop Wavelength Changed: 8/19/2022 12:42:40 PM, Old: 505.00, New: 425.00
Zero Mode Changed: 8/19/2022 12:42:43 PM, Old:ON, New:Reading
Zero Mode Changed: 8/19/2022 12:42:43 PM, Old:Reading, New:ON
Scan mode: Changed: 8/19/2022 12:43:33 PM, Old:Excitation, New:Emission
Excitation Wavelength Changed: 8/19/2022 12:43:33 PM, Old: 240.00, New: 295.00
Emission Wavelength Changed: 8/19/2022 12:43:33 PM, Old: 435.00, New: 305.00
Stop Wavelength Changed: 8/19/2022 12:43:33 PM, Old: 425.00, New: 550.00
Zero Mode Changed: 8/19/2022 12:43:35 PM, Old:ON, New:Reading
Zero Mode Changed: 8/19/2022 12:43:35 PM, Old:Reading, New:ON
Scan mode: Changed: 8/19/2022 12:44:33 PM, Old:Emission, New:Excitation
Excitation Wavelength Changed: 8/19/2022 12:44:33 PM, Old: 295.00, New: 240.00
Emission Wavelength Changed: 8/19/2022 12:44:33 PM, Old: 305.00, New: 400.00
Stop Wavelength Changed: 8/19/2022 12:44:33 PM, Old: 550.00, New: 390.00
Zero Mode Changed: 8/19/2022 12:44:36 PM, Old:ON, New:Reading
Zero Mode Changed: 8/19/2022 12:44:37 PM, Old:Reading, New:ON
Scan mode: Changed: 8/19/2022 12:45:20 PM, Old:Excitation, New:Emission
Excitation Wavelength Changed: 8/19/2022 12:45:20 PM, Old: 240.00, New: 340.00
Emission Wavelength Changed: 8/19/2022 12:45:20 PM, Old: 400.00, New: 350.00
Stop Wavelength Changed: 8/19/2022 12:45:20 PM, Old: 390.00, New: 650.00
Zero Mode Changed: 8/19/2022 12:45:22 PM, Old:ON, New:Reading
Zero Mode Changed: 8/19/2022 12:45:22 PM, Old:Reading, New:ON
Scan mode: Changed: 8/19/2022 12:46:17 PM, Old:Emission, New:Excitation
Excitation Wavelength Changed: 8/19/2022 12:46:17 PM, Old: 340.00, New: 240.00
Emission Wavelength Changed: 8/19/2022 12:46:17 PM, Old: 350.00, New: 425.00
Stop Wavelength Changed: 8/19/2022 12:46:17 PM, Old: 650.00, New: 415.00
Zero Mode Changed: 8/19/2022 12:46:20 PM, Old:ON, New:Reading
Zero Mode Changed: 8/19/2022 12:46:21 PM, Old:Reading, New:ON
Scan mode: Changed: 8/19/2022 12:47:03 PM, Old:Excitation, New:Emission
Excitation Wavelength Changed: 8/19/2022 12:47:03 PM, Old: 240.00, New: 385.00
Emission Wavelength Changed: 8/19/2022 12:47:03 PM, Old: 425.00, New: 395.00
Stop Wavelength Changed: 8/19/2022 12:47:03 PM, Old: 415.00, New: 700.00
Zero Mode Changed: 8/19/2022 12:47:05 PM, Old:ON, New:Reading
Zero Mode Changed: 8/19/2022 12:47:05 PM, Old:Reading, New:ON
Excitation Wavelength Changed: 8/19/2022 12:47:56 PM, Old: 385.00, New: 365.00
Emission Wavelength Changed: 8/19/2022 12:47:56 PM, Old: 395.00, New: 375.00
Zero Mode Changed: 8/19/2022 12:47:59 PM, Old:ON, New:Reading
Zero Mode Changed: 8/19/2022 12:47:59 PM, Old:Reading, New:ON
3-D Mode Changed: 8/19/2022 12:50:41 PM, Old:OFF, New:ON
User Delta Stop Changed: 8/19/2022 12:50:41 PM, Old: 520.00, New: 400.00
User Delta Increment Changed: 8/19/2022 12:50:41 PM, Old:   0.15, New:   5.00
Excitation Wavelength Changed: 8/19/2022 12:50:41 PM, Old: 365.00, New: 330.00
Emission Wavelength Changed: 8/19/2022 12:50:41 PM, Old: 375.00, New: 410.00
Zero Mode Changed: 8/19/2022 12:50:43 PM, Old:ON, New:Reading
Zero Mode Changed: 8/19/2022 12:50:43 PM, Old:Reading, New:ON
Excitation Wavelength Changed: 8/19/2022 12:51:25 PM, Old: 330.00, New: 335.00
Excitation Wavelength Changed: 8/19/2022 12:51:55 PM, Old: 335.00, New: 340.00
Excitation Wavelength Changed: 8/19/2022 12:52:25 PM, Old: 340.00, New: 345.00
Excitation Wavelength Changed: 8/19/2022 12:52:55 PM, Old: 345.00, New: 350.00
Excitation Wavelength Changed: 8/19/2022 12:53:25 PM, Old: 350.00, New: 355.00
Excitation Wavelength Changed: 8/19/2022 12:53:55 PM, Old: 355.00, New: 360.00
Excitation Wavelength Changed: 8/19/2022 12:54:26 PM, Old: 360.00, New: 365.00
Excitation Wavelength Changed: 8/19/2022 12:54:56 PM, Old: 365.00, New: 370.00
Excitation Wavelength Changed: 8/19/2022 12:55:26 PM, Old: 370.00, New: 375.00
Excitation Wavelength Changed: 8/19/2022 12:55:56 PM, Old: 375.00, New: 380.00
Excitation Wavelength Changed: 8/19/2022 12:56:26 PM, Old: 380.00, New: 385.00
Excitation Wavelength Changed: 8/19/2022 12:56:56 PM, Old: 385.00, New: 390.00
Excitation Wavelength Changed: 8/19/2022 12:57:27 PM, Old: 390.00, New: 395.00
Excitation Wavelength Changed: 8/19/2022 12:57:57 PM, Old: 395.00, New: 400.00
Excitation Wavelength Changed: 8/19/2022 12:58:27 PM, Old: 400.00, New: 330.00
Excitation Wavelength Changed: 8/19/2022 1:09:07 PM, Old: 330.00, New: 295.00
Emission Wavelength Changed: 8/19/2022 1:09:07 PM, Old: 410.00, New: 305.00
Stop Wavelength Changed: 8/19/2022 1:09:07 PM, Old: 700.00, New: 550.00
Zero Mode Changed: 8/19/2022 1:09:08 PM, Old:ON, New:Reading
Zero Mode Changed: 8/19/2022 1:09:08 PM, Old:Reading, New:ON
Excitation Wavelength Changed: 8/19/2022 1:09:59 PM, Old: 295.00, New: 300.00
Excitation Wavelength Changed: 8/19/2022 1:10:08 PM, Old: 300.00, New: 305.00
3-D Mode Changed: 8/19/2022 1:10:15 PM, Old:ON, New:OFF
Excitation Wavelength Changed: 8/19/2022 1:10:15 PM, Old: 305.00, New: 295.00
Zero Mode Changed: 8/19/2022 1:10:16 PM, Old:ON, New:Reading
Zero Mode Changed: 8/19/2022 1:10:17 PM, Old:Reading, New:ON
Scan mode: Changed: 8/19/2022 1:10:57 PM, Old:Emission, New:Excitation
User Delta Increment Changed: 8/19/2022 1:10:57 PM, Old:   5.00, New:   0.15
Excitation Wavelength Changed: 8/19/2022 1:10:57 PM, Old: 295.00, New: 240.00
Emission Wavelength Changed: 8/19/2022 1:10:57 PM, Old: 305.00, New: 400.00
Stop Wavelength Changed: 8/19/2022 1:10:57 PM, Old: 550.00, New: 390.00
Zero Mode Changed: 8/19/2022 1:11:03 PM, Old:ON, New:Reading
Zero Mode Changed: 8/19/2022 1:11:03 PM, Old:Reading, New:ON
Scan mode: Changed: 8/19/2022 1:11:48 PM, Old:Excitation, New:Emission
Excitation Wavelength Changed: 8/19/2022 1:11:48 PM, Old: 240.00, New: 330.00
Emission Wavelength Changed: 8/19/2022 1:11:48 PM, Old: 400.00, New: 340.00
Stop Wavelength Changed: 8/19/2022 1:11:48 PM, Old: 390.00, New: 600.00
Zero Mode Changed: 8/19/2022 1:11:50 PM, Old:ON, New:Reading
Zero Mode Changed: 8/19/2022 1:11:51 PM, Old:Reading, New:ON
Scan mode: Changed: 8/19/2022 1:12:42 PM, Old:Emission, New:Excitation
Excitation Wavelength Changed: 8/19/2022 1:12:42 PM, Old: 330.00, New: 220.00
Emission Wavelength Changed: 8/19/2022 1:12:42 PM, Old: 340.00, New: 400.00
Stop Wavelength Changed: 8/19/2022 1:12:42 PM, Old: 600.00, New: 390.00
Zero Mode Changed: 8/19/2022 1:12:45 PM, Old:ON, New:Reading
Zero Mode Changed: 8/19/2022 1:12:46 PM, Old:Reading, New:ON
Excitation Wavelength Changed: 8/19/2022 1:13:19 PM, Old: 220.00, New: 290.00
Zero Mode Changed: 8/19/2022 1:13:21 PM, Old:ON, New:Reading
Zero Mode Changed: 8/19/2022 1:13:21 PM, Old:Reading, New:ON
Scan mode: Changed: 8/19/2022 1:14:02 PM, Old:Excitation, New:Emission
Excitation Wavelength Changed: 8/19/2022 1:14:02 PM, Old: 290.00, New: 260.00
Emission Wavelength Changed: 8/19/2022 1:14:02 PM, Old: 400.00, New: 270.00
Stop Wavelength Changed: 8/19/2022 1:14:02 PM, Old: 390.00, New: 500.00
Zero Mode Changed: 8/19/2022 1:14:05 PM, Old:ON, New:Reading
Zero Mode Changed: 8/19/2022 1:14:05 PM, Old:Reading, New:ON
3-D Mode Changed: 8/19/2022 1:15:52 PM, Old:OFF, New:ON
User Delta Stop Changed: 8/19/2022 1:15:52 PM, Old: 400.00, New: 330.00
User Delta Increment Changed: 8/19/2022 1:15:52 PM, Old:   0.15, New:   5.00
Emission Wavelength Changed: 8/19/2022 1:15:52 PM, Old: 270.00, New: 340.00
Zero Mode Changed: 8/19/2022 1:15:53 PM, Old:ON, New:Reading
Zero Mode Changed: 8/19/2022 1:15:53 PM, Old:Reading, New:ON
Excitation Wavelength Changed: 8/19/2022 1:16:21 PM, Old: 260.00, New: 265.00
Excitation Wavelength Changed: 8/19/2022 1:16:38 PM, Old: 265.00, New: 270.00
Excitation Wavelength Changed: 8/19/2022 1:16:55 PM, Old: 270.00, New: 275.00
Excitation Wavelength Changed: 8/19/2022 1:17:12 PM, Old: 275.00, New: 280.00
Excitation Wavelength Changed: 8/19/2022 1:17:29 PM, Old: 280.00, New: 285.00
Excitation Wavelength Changed: 8/19/2022 1:17:46 PM, Old: 285.00, New: 290.00
Excitation Wavelength Changed: 8/19/2022 1:18:03 PM, Old: 290.00, New: 295.00
Excitation Wavelength Changed: 8/19/2022 1:18:19 PM, Old: 295.00, New: 300.00
Excitation Wavelength Changed: 8/19/2022 1:18:36 PM, Old: 300.00, New: 305.00
Excitation Wavelength Changed: 8/19/2022 1:18:53 PM, Old: 305.00, New: 310.00
Excitation Wavelength Changed: 8/19/2022 1:18:56 PM, Old: 310.00, New: 315.00
Excitation Wavelength Changed: 8/19/2022 12:21:52 PM, Old: 315.00, New: 295.00
Emission Wavelength Changed: 8/19/2022 12:21:52 PM, Old: 340.00, New: 305.00
Stop Wavelength Changed: 8/19/2022 12:21:52 PM, Old: 500.00, New: 550.00
Zero Mode Changed: 8/19/2022 12:21:54 PM, Old:ON, New:Reading
Zero Mode Changed: 8/19/2022 12:21:54 PM, Old:Reading, New:ON
3-D Mode Changed: 8/19/2022 12:22:09 PM, Old:ON, New:OFF
Zero Mode Changed: 8/19/2022 12:22:11 PM, Old:ON, New:Reading
Zero Mode Changed: 8/19/2022 12:22:11 PM, Old:Reading, New:ON
Scan mode: Changed: 8/19/2022 12:23:09 PM, Old:Emission, New:Excitation
User Delta Stop Changed: 8/19/2022 12:23:09 PM, Old: 330.00, New: 370.00
User Delta Increment Changed: 8/19/2022 12:23:09 PM, Old:   5.00, New:   0.15
Excitation Wavelength Changed: 8/19/2022 12:23:09 PM, Old: 295.00, New: 240.00
Emission Wavelength Changed: 8/19/2022 12:23:09 PM, Old: 305.00, New: 370.00
Stop Wavelength Changed: 8/19/2022 12:23:09 PM, Old: 550.00, New: 360.00
Zero Mode Changed: 8/19/2022 12:23:12 PM, Old:ON, New:Reading
Zero Mode Changed: 8/19/2022 12:23:12 PM, Old:Reading, New:ON
Scan mode: Changed: 8/19/2022 12:23:53 PM, Old:Excitation, New:Emission
Excitation Wavelength Changed: 8/19/2022 12:23:53 PM, Old: 240.00, New: 320.00
Emission Wavelength Changed: 8/19/2022 12:23:53 PM, Old: 370.00, New: 330.00
Stop Wavelength Changed: 8/19/2022 12:23:53 PM, Old: 360.00, New: 650.00
Zero Mode Changed: 8/19/2022 12:23:56 PM, Old:ON, New:Reading
Zero Mode Changed: 8/19/2022 12:23:56 PM, Old:Reading, New:ON
Scan mode: Changed: 8/19/2022 12:25:02 PM, Old:Emission, New:Excitation
User Delta Stop Changed: 8/19/2022 12:25:02 PM, Old: 370.00, New: 520.00
Excitation Wavelength Changed: 8/19/2022 12:25:02 PM, Old: 320.00, New: 270.00
Emission Wavelength Changed: 8/19/2022 12:25:02 PM, Old: 330.00, New: 520.00
Stop Wavelength Changed: 8/19/2022 12:25:02 PM, Old: 650.00, New: 510.00
Zero Mode Changed: 8/19/2022 12:25:06 PM, Old:ON, New:Reading
Zero Mode Changed: 8/19/2022 12:25:06 PM, Old:Reading, New:ON
Scan mode: Changed: 8/19/2022 12:26:34 PM, Old:Excitation, New:Emission
Excitation Wavelength Changed: 8/19/2022 12:26:34 PM, Old: 270.00, New: 380.00
Emission Wavelength Changed: 8/19/2022 12:26:34 PM, Old: 520.00, New: 390.00
Stop Wavelength Changed: 8/19/2022 12:26:34 PM, Old: 510.00, New: 700.00
Zero Mode Changed: 8/19/2022 12:26:36 PM, Old:ON, New:Reading
Zero Mode Changed: 8/19/2022 12:26:36 PM, Old:Reading, New:ON
Scan mode: Changed: 8/19/2022 12:27:28 PM, Old:Emission, New:Excitation
Excitation Wavelength Changed: 8/19/2022 12:27:28 PM, Old: 380.00, New: 240.00
Emission Wavelength Changed: 8/19/2022 12:27:28 PM, Old: 390.00, New: 395.00
Stop Wavelength Changed: 8/19/2022 12:27:28 PM, Old: 700.00, New: 385.00
Zero Mode Changed: 8/19/2022 12:27:32 PM, Old:ON, New:Reading
Zero Mode Changed: 8/19/2022 12:27:32 PM, Old:Reading, New:ON
Emission Wavelength Changed: 8/19/2022 12:27:46 PM, Old: 395.00, New: 390.00
Stop Wavelength Changed: 8/19/2022 12:27:46 PM, Old: 385.00, New: 380.00
Zero Mode Changed: 8/19/2022 12:27:47 PM, Old:ON, New:Reading
Zero Mode Changed: 8/19/2022 12:27:47 PM, Old:Reading, New:ON
Scan mode: Changed: 8/19/2022 12:28:31 PM, Old:Excitation, New:Emission
Excitation Wavelength Changed: 8/19/2022 12:28:31 PM, Old: 240.00, New: 330.00
Emission Wavelength Changed: 8/19/2022 12:28:31 PM, Old: 390.00, New: 340.00
Stop Wavelength Changed: 8/19/2022 12:28:31 PM, Old: 380.00, New: 700.00
Zero Mode Changed: 8/19/2022 12:28:32 PM, Old:ON, New:Reading
Zero Mode Changed: 8/19/2022 12:28:33 PM, Old:Reading, New:ON
Scan mode: Changed: 8/19/2022 12:29:35 PM, Old:Emission, New:Excitation
Excitation Wavelength Changed: 8/19/2022 12:29:35 PM, Old: 330.00, New: 240.00
Emission Wavelength Changed: 8/19/2022 12:29:35 PM, Old: 340.00, New: 405.00
Stop Wavelength Changed: 8/19/2022 12:29:35 PM, Old: 700.00, New: 395.00
Zero Mode Changed: 8/19/2022 12:29:38 PM, Old:ON, New:Reading
Zero Mode Changed: 8/19/2022 12:29:38 PM, Old:Reading, New:ON
Scan mode: Changed: 8/19/2022 12:30:37 PM, Old:Excitation, New:Emission
Excitation Wavelength Changed: 8/19/2022 12:30:37 PM, Old: 240.00, New: 335.00
Emission Wavelength Changed: 8/19/2022 12:30:37 PM, Old: 405.00, New: 345.00
Stop Wavelength Changed: 8/19/2022 12:30:37 PM, Old: 395.00, New: 650.00
Zero Mode Changed: 8/19/2022 12:30:39 PM, Old:ON, New:Reading
Zero Mode Changed: 8/19/2022 12:30:39 PM, Old:Reading, New:ON
Scan mode: Changed: 8/19/2022 12:31:30 PM, Old:Emission, New:Excitation
Excitation Wavelength Changed: 8/19/2022 12:31:30 PM, Old: 335.00, New: 240.00
Emission Wavelength Changed: 8/19/2022 12:31:30 PM, Old: 345.00, New: 410.00
Stop Wavelength Changed: 8/19/2022 12:31:30 PM, Old: 650.00, New: 400.00
Zero Mode Changed: 8/19/2022 12:31:33 PM, Old:ON, New:Reading
Zero Mode Changed: 8/19/2022 12:31:34 PM, Old:Reading, New:ON
Emission Wavelength Changed: 8/19/2022 12:32:09 PM, Old: 410.00, New: 420.00
Stop Wavelength Changed: 8/19/2022 12:32:09 PM, Old: 400.00, New: 410.00
Zero Mode Changed: 8/19/2022 12:32:11 PM, Old:ON, New:Reading
Zero Mode Changed: 8/19/2022 12:32:12 PM, Old:Reading, New:ON
Emission Wavelength Changed: 8/19/2022 12:32:51 PM, Old: 420.00, New: 415.00
Stop Wavelength Changed: 8/19/2022 12:32:51 PM, Old: 410.00, New: 405.00
Zero Mode Changed: 8/19/2022 12:32:56 PM, Old:ON, New:Reading
Zero Mode Changed: 8/19/2022 12:32:56 PM, Old:Reading, New:ON
3-D Mode Changed: 8/19/2022 12:36:08 PM, Old:OFF, New:ON
User Delta Stop Changed: 8/19/2022 12:36:08 PM, Old: 520.00, New: 430.00
Emission Wavelength Changed: 8/19/2022 12:36:08 PM, Old: 415.00, New: 400.00
Stop Wavelength Changed: 8/19/2022 12:36:08 PM, Old: 405.00, New: 390.00
Zero Mode Changed: 8/19/2022 12:36:20 PM, Old:ON, New:Reading
Zero Mode Changed: 8/19/2022 12:36:20 PM, Old:Reading, New:ON
Emission Wavelength Changed: 8/19/2022 12:37:00 PM, Old: 400.00, New: 400.15
Emission Wavelength Changed: 8/19/2022 12:37:20 PM, Old: 400.15, New: 400.30
Emission Wavelength Changed: 8/19/2022 12:37:26 PM, Old: 400.30, New: 400.45
Scan mode: Changed: 8/19/2022 12:38:08 PM, Old:Excitation, New:Emission
3-D Mode Changed: 8/19/2022 12:38:08 PM, Old:ON, New:OFF
User Delta Increment Changed: 8/19/2022 12:38:08 PM, Old:   0.15, New:   5.00
Excitation Wavelength Changed: 8/19/2022 12:38:08 PM, Old: 240.00, New: 295.00
Emission Wavelength Changed: 8/19/2022 12:38:08 PM, Old: 400.45, New: 305.00
Stop Wavelength Changed: 8/19/2022 12:38:08 PM, Old: 390.00, New: 550.00
Zero Mode Changed: 8/19/2022 12:38:09 PM, Old:ON, New:Reading
Zero Mode Changed: 8/19/2022 12:38:10 PM, Old:Reading, New:ON
Ex. Slit Width (nm): Changed: 8/19/2022 12:39:13 PM, Old:5, New:10
Excitation Wavelength Changed: 8/19/2022 12:39:13 PM, Old: 295.00, New: 340.00
Emission Wavelength Changed: 8/19/2022 12:39:13 PM, Old: 305.00, New: 350.00
Stop Wavelength Changed: 8/19/2022 12:39:13 PM, Old: 550.00, New: 650.00
Zero Mode Changed: 8/19/2022 12:39:13 PM, Old:ON, New:OFF
Zero Mode Changed: 8/19/2022 12:39:15 PM, Old:OFF, New:Reading
Zero Mode Changed: 8/19/2022 12:39:15 PM, Old:Reading, New:ON
Scan mode: Changed: 8/19/2022 12:40:17 PM, Old:Emission, New:Excitation
User Delta Stop Changed: 8/19/2022 12:40:17 PM, Old: 430.00, New: 530.00
User Delta Increment Changed: 8/19/2022 12:40:17 PM, Old:   5.00, New:   0.15
Excitation Wavelength Changed: 8/19/2022 12:40:17 PM, Old: 340.00, New: 240.00
Emission Wavelength Changed: 8/19/2022 12:40:17 PM, Old: 350.00, New: 530.00
Stop Wavelength Changed: 8/19/2022 12:40:17 PM, Old: 650.00, New: 520.00
Zero Mode Changed: 8/19/2022 12:40:20 PM, Old:ON, New:Reading
Zero Mode Changed: 8/19/2022 12:40:21 PM, Old:Reading, New:ON
Scan mode: Changed: 8/19/2022 12:41:51 PM, Old:Excitation, New:Emission
Ex. Slit Width (nm): Changed: 8/19/2022 12:41:51 PM, Old:10, New:5
Excitation Wavelength Changed: 8/19/2022 12:41:51 PM, Old: 240.00, New: 455.00
Emission Wavelength Changed: 8/19/2022 12:41:51 PM, Old: 530.00, New: 465.00
Stop Wavelength Changed: 8/19/2022 12:41:51 PM, Old: 520.00, New: 700.00
Zero Mode Changed: 8/19/2022 12:41:51 PM, Old:ON, New:OFF
Zero Mode Changed: 8/19/2022 12:41:53 PM, Old:OFF, New:Reading
Zero Mode Changed: 8/19/2022 12:41:54 PM, Old:Reading, New:ON
Scan mode: Changed: 8/19/2022 12:42:51 PM, Old:Emission, New:Excitation
Excitation Wavelength Changed: 8/19/2022 12:42:51 PM, Old: 455.00, New: 290.00
Emission Wavelength Changed: 8/19/2022 12:42:51 PM, Old: 465.00, New: 530.00
Stop Wavelength Changed: 8/19/2022 12:42:51 PM, Old: 700.00, New: 520.00
Zero Mode Changed: 8/19/2022 12:42:54 PM, Old:ON, New:Reading
Zero Mode Changed: 8/19/2022 12:42:54 PM, Old:Reading, New:ON
Scan mode: Changed: 8/19/2022 12:44:03 PM, Old:Excitation, New:Emission
Excitation Wavelength Changed: 8/19/2022 12:44:03 PM, Old: 290.00, New: 420.00
Emission Wavelength Changed: 8/19/2022 12:44:03 PM, Old: 530.00, New: 430.00
Stop Wavelength Changed: 8/19/2022 12:44:03 PM, Old: 520.00, New: 700.00
Zero Mode Changed: 8/19/2022 12:44:05 PM, Old:ON, New:Reading
Zero Mode Changed: 8/19/2022 12:44:05 PM, Old:Reading, New:ON
Excitation Wavelength Changed: 8/19/2022 12:44:53 PM, Old: 420.00, New: 330.00
Emission Wavelength Changed: 8/19/2022 12:44:53 PM, Old: 430.00, New: 340.00
Stop Wavelength Changed: 8/19/2022 12:44:53 PM, Old: 700.00, New: 650.00
Zero Mode Changed: 8/19/2022 12:44:56 PM, Old:ON, New:Reading
Zero Mode Changed: 8/19/2022 12:44:56 PM, Old:Reading, New:ON
Scan mode: Changed: 8/19/2022 12:45:51 PM, Old:Emission, New:Excitation
Excitation Wavelength Changed: 8/19/2022 12:45:51 PM, Old: 330.00, New: 240.00
Emission Wavelength Changed: 8/19/2022 12:45:51 PM, Old: 340.00, New: 420.00
Stop Wavelength Changed: 8/19/2022 12:45:51 PM, Old: 650.00, New: 410.00
Zero Mode Changed: 8/19/2022 12:45:54 PM, Old:ON, New:Reading
Zero Mode Changed: 8/19/2022 12:45:55 PM, Old:Reading, New:ON
Scan mode: Changed: 8/19/2022 12:46:45 PM, Old:Excitation, New:Emission
Excitation Wavelength Changed: 8/19/2022 12:46:45 PM, Old: 240.00, New: 355.00
Emission Wavelength Changed: 8/19/2022 12:46:45 PM, Old: 420.00, New: 365.00
Stop Wavelength Changed: 8/19/2022 12:46:45 PM, Old: 410.00, New: 700.00
Zero Mode Changed: 8/19/2022 12:46:47 PM, Old:ON, New:Reading
Zero Mode Changed: 8/19/2022 12:46:47 PM, Old:Reading, New:ON
Scan mode: Changed: 8/19/2022 12:47:42 PM, Old:Emission, New:Excitation
Excitation Wavelength Changed: 8/19/2022 12:47:42 PM, Old: 355.00, New: 240.00
Emission Wavelength Changed: 8/19/2022 12:47:42 PM, Old: 365.00, New: 455.00
Stop Wavelength Changed: 8/19/2022 12:47:42 PM, Old: 700.00, New: 445.00
Zero Mode Changed: 8/19/2022 12:47:45 PM, Old:ON, New:Reading
Zero Mode Changed: 8/19/2022 12:47:45 PM, Old:Reading, New:ON
Scan mode: Changed: 8/19/2022 12:48:35 PM, Old:Excitation, New:Emission
Excitation Wavelength Changed: 8/19/2022 12:48:35 PM, Old: 240.00, New: 390.00
Emission Wavelength Changed: 8/19/2022 12:48:35 PM, Old: 455.00, New: 400.00
Stop Wavelength Changed: 8/19/2022 12:48:35 PM, Old: 445.00, New: 700.00
Zero Mode Changed: 8/19/2022 12:48:37 PM, Old:ON, New:Reading
Zero Mode Changed: 8/19/2022 12:48:37 PM, Old:Reading, New:ON
Scan mode: Changed: 8/19/2022 12:49:27 PM, Old:Emission, New:Excitation
Excitation Wavelength Changed: 8/19/2022 12:49:27 PM, Old: 390.00, New: 240.00
Emission Wavelength Changed: 8/19/2022 12:49:27 PM, Old: 400.00, New: 460.00
Stop Wavelength Changed: 8/19/2022 12:49:27 PM, Old: 700.00, New: 450.00
Zero Mode Changed: 8/19/2022 12:49:30 PM, Old:ON, New:Reading
Zero Mode Changed: 8/19/2022 12:49:31 PM, Old:Reading, New:ON
Scan mode: Changed: 8/19/2022 12:50:43 PM, Old:Excitation, New:Emission
Excitation Wavelength Changed: 8/19/2022 12:50:43 PM, Old: 240.00, New: 400.00
Emission Wavelength Changed: 8/19/2022 12:50:43 PM, Old: 460.00, New: 410.00
Stop Wavelength Changed: 8/19/2022 12:50:43 PM, Old: 450.00, New: 700.00
Zero Mode Changed: 8/19/2022 12:50:45 PM, Old:ON, New:Reading
Zero Mode Changed: 8/19/2022 12:50:45 PM, Old:Reading, New:ON
Scan mode: Changed: 8/19/2022 12:51:53 PM, Old:Emission, New:Excitation
Excitation Wavelength Changed: 8/19/2022 12:51:53 PM, Old: 400.00, New: 290.00
Emission Wavelength Changed: 8/19/2022 12:51:53 PM, Old: 410.00, New: 530.00
Stop Wavelength Changed: 8/19/2022 12:51:53 PM, Old: 700.00, New: 520.00
Zero Mode Changed: 8/19/2022 12:51:56 PM, Old:ON, New:Reading
Zero Mode Changed: 8/19/2022 12:51:56 PM, Old:Reading, New:ON
Zero Mode Changed: 8/19/2022 12:52:02 PM, Old:ON, New:Reading
Zero Mode Changed: 8/19/2022 12:52:03 PM, Old:Reading, New:ON
Excitation Wavelength Changed: 8/19/2022 12:52:54 PM, Old: 290.00, New: 270.00
Stop Wavelength Changed: 8/19/2022 12:52:54 PM, Old: 520.00, New: 500.00
Zero Mode Changed: 8/19/2022 12:52:57 PM, Old:ON, New:Reading
Zero Mode Changed: 8/19/2022 12:52:57 PM, Old:Reading, New:ON
Scan mode: Changed: 8/19/2022 12:53:40 PM, Old:Excitation, New:Emission
Excitation Wavelength Changed: 8/19/2022 12:53:40 PM, Old: 270.00, New: 420.00
Emission Wavelength Changed: 8/19/2022 12:53:40 PM, Old: 530.00, New: 430.00
Stop Wavelength Changed: 8/19/2022 12:53:40 PM, Old: 500.00, New: 700.00
Zero Mode Changed: 8/19/2022 12:53:42 PM, Old:ON, New:Reading
Zero Mode Changed: 8/19/2022 12:53:43 PM, Old:Reading, New:ON
End Method Modifications

