CdSe 10sec hi ex300,,CdSe 10sec hi em510301,,CdSe 10sec hi ex400,,CdSe 180sec hi ex400,,CdSe 180sec hi em525,,CdSe 180sec hi ex460,,CdSe 180sec hi em470,,CdSe 180min sonochem em520,,CdSe 180min sonochem ex410,,CdSe 180min sonochem em485,,CdSe 180min sonochem ex390,,CdSe 180min sonochem em560,,CdSe 180min sonochem ex470,,CdSe 30min sonochem ex470,,CdSe 30min sonochem em515,,CdSe 30min sonochem ex400,,CdSe 30min sonochem em470,,CdSe 30min sonochem ex385,,
Wavelength (nm),Intensity (a.u.),Wavelength (nm),Intensity (a.u.),Wavelength (nm),Intensity (a.u.),Wavelength (nm),Intensity (a.u.),Wavelength (nm),Intensity (a.u.),Wavelength (nm),Intensity (a.u.),Wavelength (nm),Intensity (a.u.),Wavelength (nm),Intensity (a.u.),Wavelength (nm),Intensity (a.u.),Wavelength (nm),Intensity (a.u.),Wavelength (nm),Intensity (a.u.),Wavelength (nm),Intensity (a.u.),Wavelength (nm),Intensity (a.u.),Wavelength (nm),Intensity (a.u.),Wavelength (nm),Intensity (a.u.),Wavelength (nm),Intensity (a.u.),Wavelength (nm),Intensity (a.u.),Wavelength (nm),Intensity (a.u.),
310,-0.2953532636,250,0.5370521545,410,-0.580406189,410,-0.2293262482,250,-0.1690750122,470,-0.1677398682,250,-0.2114305496,250,-0.3225046396,420,0.5396652222,250,-0.2070257664,400,0.3195943832,270,-0.0346019268,480,-0.3806858063,480,-0.112663269,270,0.2732305527,410,-0.1114654541,250,0.4726314545,394.9200134,0.0007095336914,
311.0700073,0.007706582546,250.9299927,0.4475421906,411.0599976,5.742385864,411.0599976,1.843427658,250.9299927,0.2357692719,471.0599976,7.42615509,250.9299927,0.1174263954,250.9299927,-0.09697532654,421.0700073,0.5995016098,250.9299927,-0.3562254906,401.0700073,0.7486963272,271.0700073,-0.09119391441,481.0599976,0.8581981659,481.0599976,3.983108521,271.0700073,0.5702514648,411.0599976,2.785102844,250.9299927,0.361076355,395.8399963,3.572025299,
312,0.04037880898,252.0299988,2.572053909,411.9599915,11.37887573,411.9599915,4.001150131,252.0299988,2.20132637,471.9599915,13.9316864,252.0299988,0.4208078384,252.0299988,0.2268269062,422,1.932705879,252.0299988,0.00385427475,402,1.507453918,272,-0.2260811329,481.9599915,1.529392242,481.9599915,8.501579285,272,1.286070824,411.9599915,5.982837677,252.0299988,0.1183853149,396.9200134,7.491271973,
313.0700073,-0.04995554686,252.9600067,3.287914276,413.0299988,19.36617279,413.0299988,7.518941879,252.9600067,2.397981644,473.0299988,22.17266846,252.9600067,0.1455426216,252.9600067,0.3654966354,423.0700073,3.215551376,252.9600067,0.06721401215,403.0700073,2.431500435,273.0700073,-0.07706189156,483.0299988,2.544876099,483.0299988,15.32726288,273.0700073,1.756362915,413.0299988,11.94846344,252.9600067,1.084900856,397.8399963,12.00939178,
314,0.210785687,254.0599976,3.234098434,413.9299927,27.26835632,413.9299927,10.22708321,254.0599976,3.227519989,473.9299927,27.34526062,254.0599976,0.6475629807,254.0599976,0.05442941189,424,3.645316124,254.0599976,0.1245641708,404,3.692928314,274,-0.07199698687,483.9299927,3.278076172,483.9299927,19.12150574,274,2.372560501,413.9299927,16.87283325,254.0599976,0.7720098495,398.9200134,17.04011536,
315.0700073,0.05278915167,255,3.90063858,415,36.84065247,415,12.67410088,255,4.043369293,475,34.92918396,255,0.6501951218,255,0.1743545532,425.0700073,4.46437645,255,0.02354955673,405.0700073,4.501846313,275.0700073,-0.1141588092,485,3.722305298,485,24.68042755,275.0700073,3.641456604,415,21.55102539,255,1.109121323,399.8399963,21.79457092,
316,0.2881048322,255.9299927,3.940803528,416.0599976,44.64779663,416.0599976,15.94561195,255.9299927,3.386487961,476.0599976,44.19949341,255.9299927,0.6891860962,255.9299927,0.02119958401,426,5.374591827,255.9299927,0.2281599045,406,4.844982147,276,0.05546188354,486.0599976,4.644062042,486.0599976,28.08966827,276,5.637767792,416.0599976,28.73355865,255.9299927,0.3396692276,400.9200134,26.79151154,
317.0700073,0.201018393,257.0299988,2.649356842,416.9599915,51.45201111,416.9599915,18.53318596,257.0299988,2.09513092,476.9599915,51.37832642,257.0299988,0.2193446159,257.0299988,0.1038825512,427.0700073,6.221969604,257.0299988,-0.0367808342,407.0700073,5.555825233,277.0700073,0.004166007042,486.9599915,4.622341156,486.9599915,31.6312027,277.0700073,6.624061584,416.9599915,31.02632904,257.0299988,0.659614563,401.8399963,31.18997955,
318,0.3154274821,257.9599915,2.61730957,418.0299988,60.95690918,418.0299988,21.87755775,257.9599915,1.031059265,478.0299988,59.40287781,257.9599915,0.1327934265,257.9599915,-0.06774830818,428,6.971405029,257.9599915,-0.2432689667,408,6.743717194,278,-0.1151375771,488.0299988,5.721393585,488.0299988,37.38197327,278,8.935707092,418.0299988,36.9441452,257.9599915,0.09145069122,402.9200134,37.92034912,
319.0700073,0.5213152766,259.0599976,0.1753425598,418.9299927,70.23919678,418.9299927,25.1649456,259.0599976,-0.6920795441,478.9299927,65.90567017,259.0599976,-0.1886982918,259.0599976,-0.2560020685,429.0700073,7.803915024,259.0599976,-0.2380092144,409.0700073,8.596757889,279.0700073,-0.1012582779,488.9299927,6.257497787,488.9299927,41.7542572,279.0700073,10.52090263,418.9299927,42.89190674,259.0599976,0.01423740387,403.8399963,44.74537659,
320,0.8221001029,260,-0.5112323761,420,80.41470337,420,30.29408455,260,-1.776641846,480,72.07646179,260,-0.5372128487,260,-0.3096849918,430,8.837184906,260,-0.3188996315,410,9.656169891,280,0.03571009636,490,7.250413895,490,45.44874573,280,9.563961029,420,49.186203,260,-0.6617565155,404.9200134,50.6186142,
320.9299927,0.6621348262,260.9299927,-1.375566483,421.0700073,90.12568665,421.0700073,34.34197998,260.9299927,-1.083648682,481.0599976,81.7243042,260.9299927,-0.4798569679,260.9299927,-0.4094232321,431.0599976,9.628738403,260.9299927,-0.3065917492,411.0599976,10.55332947,280.9299927,0.09837663174,491.0400085,8.289188385,491.0400085,51.37722778,280.9299927,9.508955002,421.0700073,55.2923584,260.9299927,-0.6790943146,405.8399963,53.29881287,
322.0299988,0.9847151637,262.0299988,-0.01797676086,422,97.53015137,422,36.06220245,262.0299988,-2.042676926,481.9599915,87.86024475,262.0299988,-0.5774211884,262.0299988,-0.07319831848,431.9599915,11.111269,262.0299988,-0.2051081657,411.9599915,11.71664238,282.0299988,0.2564668655,491.9400024,8.08899498,491.9400024,56.44596863,282.0299988,11.94455528,422,59.34101105,262.0299988,-0.4526977539,406.9200134,62.32488251,
322.9599915,1.06801796,262.9599915,0.4844074249,423.0700073,107.5114899,423.0700073,41.12559509,262.9599915,-1.265575409,483.0299988,96.76989746,262.9599915,-0.1036906242,262.9599915,-0.2376013994,433.0299988,11.47242165,262.9599915,-0.231938839,413.0299988,12.86301041,282.9599915,0.1078088284,492.980011,9.230499268,492.980011,58.77293396,282.9599915,13.73164177,423.0700073,65.57711029,262.9599915,-0.2066144943,407.8399963,69.07593536,
324.0599976,1.109833479,264.0599976,0.5764865875,424,116.1443787,424,45.15999603,264.0599976,-0.005168914795,483.9299927,104.3656464,264.0599976,-0.01435756683,264.0599976,-0.1667358875,433.9299927,13.13501167,264.0599976,-0.3637270927,413.9299927,14.57891273,284.0599976,0.09507369995,494.019989,10.01423645,494.019989,65.19100952,284.0599976,15.24312973,424,71.42961884,264.0599976,-0.5738477707,408.9200134,74.91873932,
325,1.42603302,265,2.210336685,425.0700073,125.8712311,425.0700073,49.9040451,265,-0.75141716,485,110.9496765,265,-0.04848861694,265,-0.05140459538,435,13.90574837,265,-0.4192528725,415,16.10713196,285,0.1610037088,495.0700073,10.80550957,495.0700073,68.53634644,285,17.18912888,425.0700073,77.69060516,265,-0.3145437241,409.8399963,83.41350555,
325.9299927,1.639930964,265.9299927,2.539337158,426,134.0783844,426,53.46295166,265.9299927,-0.5898704529,486.0599976,121.6881866,265.9299927,0.1809945107,265.9299927,-0.21340096,436.0599976,15.31694794,265.9299927,-0.3539497852,416.0599976,18.07350159,285.9299927,0.1890282631,495.9700012,10.65715027,495.9700012,73.03889465,285.9299927,18.91631508,426,82.58396149,265.9299927,0.3939142227,410.8999939,87.7566452,
327.0299988,1.607774019,267.0299988,2.353191376,427.0700073,144.7163696,427.0700073,58.60305786,267.0299988,-0.6443538666,486.9599915,127.2597351,267.0299988,-0.1976594925,267.0299988,-0.477327466,436.9599915,16.77688408,267.0299988,-0.3826093674,416.9599915,18.17731476,287.0299988,0.3086864948,497.0100098,11.27679634,497.0100098,78.06835938,287.0299988,20.48956871,427.0700073,88.3588028,267.0299988,-0.02205562592,411.9599915,96.39791107,
327.9599915,1.77592659,267.9599915,2.123361588,428,152.5614929,428,61.53478241,267.9599915,-1.432943344,488.0299988,138.4403229,267.9599915,-0.3894257545,267.9599915,-0.2795687914,438.0299988,18.28550339,267.9599915,-0.5077111721,418.0299988,20.11200333,287.9599915,0.518129468,498.0499878,11.93681145,498.0499878,82.35353088,287.9599915,22.78388405,428,91.68972015,267.9599915,-0.103313446,412.8699951,103.212883,
329.0599976,2.389106989,269.0599976,2.075479507,429.0700073,162.2069702,429.0700073,66.08763885,269.0599976,-2.550638199,488.9299927,147.0344086,269.0599976,-0.4998984337,269.0599976,-0.4141992331,438.9299927,17.84745598,269.0599976,-0.9696455002,418.9299927,21.07275391,289.0599976,0.4479845762,498.9500122,13.1143055,498.9500122,88.33509827,289.0599976,25.12468529,429.0700073,96.24504852,269.0599976,-0.487786293,413.9299927,110.3164902,
330,2.070132732,270,3.344329834,430,171.6557312,430,70.92073059,270,-2.431947708,490,157.6059113,270,-0.7282090187,270,-0.2684869766,440,19.89020538,270,-0.5664896965,420,22.81322479,290,0.5433415174,500,12.38044739,500,91.97877502,290,26.99326134,430,102.1867142,270,0.1520814896,414.8399963,117.1488724,
331.0700073,2.583537817,271.0700073,4.050247192,431.0599976,177.9658203,431.0599976,75.66491699,271.0700073,-3.34540081,491.0400085,165.8860626,271.0700073,-1.159576893,271.0700073,-0.408427,441.0599976,20.45574951,271.0700073,-1.102266788,421.0700073,23.72835922,290.9299927,0.6734725237,501.0400085,13.53811836,501.0400085,96.15908813,290.9299927,28.87439537,431.0599976,106.5038834,271.0700073,0.1496343613,415.8999939,123.9222488,
332,2.929510593,272,4.013637543,431.9599915,188.9225159,431.9599915,79.747612,272,-4.196696281,491.9400024,176.6405487,272,-1.380042076,272,-0.5197538137,441.9599915,21.74766159,272,-0.9008009434,422,26.06956863,292.0299988,1.035268664,501.9400024,14.16163254,501.9400024,100.7469788,292.0299988,32.55007172,431.9599915,112.2972641,272,0.0840511322,416.9599915,130.9075623,
333.0700073,2.981007814,273.0700073,5.365678787,433.0299988,197.2397156,433.0299988,84.3352356,273.0700073,-4.501677513,492.980011,188.662735,273.0700073,-1.022456169,273.0700073,-0.4188839197,443.0299988,23.4846611,273.0700073,-0.9007921219,423.0700073,26.79250336,292.9599915,0.8728295565,502.980011,13.9798317,502.980011,104.2277069,292.9599915,33.45890045,433.0299988,115.7281418,273.0700073,0.2391996384,417.8699951,137.0202942,
334,3.41374445,274,6.608310699,433.9299927,202.4272156,433.9299927,86.64655304,274,-4.378292084,494.019989,200.141922,274,-1.635313511,274,-0.4442234039,443.9299927,24.67640305,274,-1.011904478,424,27.19896317,294.0599976,1.228013158,504.019989,13.86215782,504.019989,109.4458466,294.0599976,36.36114502,433.9299927,122.1822586,274,0.887471199,418.9299927,142.3512268,
335.0700073,3.463247776,275.0700073,8.641576767,435,208.1886292,435,90.76795197,275.0700073,-4.954394341,495.0700073,215.3699799,275.0700073,-2.097850323,275.0700073,-0.4650239944,445,25.74208832,275.0700073,-0.8733212948,425.0700073,28.6173439,295,1.253615975,505.0700073,14.50130272,505.0700073,112.7154388,295,40.05892181,435,126.9136276,275.0700073,1.343987465,419.8399963,149.8495789,
336,3.51438427,276,10.27709198,436.0599976,218.897644,436.0599976,96.72369385,276,-4.449806213,495.9700012,228.0223846,276,-2.684968948,276,-0.4886445999,446.0599976,26.71087265,276,-0.757545948,426,29.21091461,295.9299927,1.185851932,505.9700012,15.16731834,505.9700012,118.0203247,295.9299927,41.61571503,436.0599976,131.4599915,276,1.676949501,420.9200134,157.0750427,
337.0700073,3.914981365,277.0700073,12.91100121,436.9599915,225.8060913,436.9599915,101.0603638,277.0700073,-4.83608532,497.0100098,240.6238251,277.0700073,-2.367213726,277.0700073,-0.3569777012,446.9599915,28.76926041,277.0700073,-1.10992527,427.0700073,31.64707947,297.0299988,1.209911942,507.0100098,15.04499054,507.0100098,121.8600922,297.0299988,44.14713287,436.9599915,135.6781311,277.0700073,2.050913811,421.8399963,160.7602234,
338,4.26766777,278,15.08366966,438.0299988,235.6352844,438.0299988,104.1792984,278,-5.480958939,498.0499878,256.1629028,278,-2.484170437,278,-0.485850215,448.0299988,29.94375229,278,-0.6564249992,428,31.42214584,297.9599915,1.397007108,508.0499878,15.73476219,508.0499878,124.3888245,297.9599915,46.62891388,438.0299988,140.4675293,278,3.148504257,422.9200134,168.9612427,
339.0700073,4.805037975,279.0700073,17.53333855,438.9299927,239.6150208,438.9299927,110.0378494,279.0700073,-5.532235146,498.9500122,266.7353516,279.0700073,-2.350265503,279.0700073,-0.07785129547,448.9299927,30.98589706,279.0700073,-0.6381268501,429.0700073,32.29875946,299.0599976,1.582083583,508.9500122,14.78051758,508.9500122,128.6688995,299.0599976,48.1611557,438.9299927,145.4620361,279.0700073,3.141532898,423.8399963,169.9088745,
340,5.455246449,280,14.52353859,440,248.519928,440,113.5771866,280,-10.96141148,500,284.8896484,280,-3.711262703,280,-0.3217908144,450,32.28532791,280,-0.7760398388,430,34.2347908,300,1.708491921,510,15.4925518,510,129.6847534,300,51.22258759,440,149.3221436,280,2.550611496,424.9200134,176.3702087,
341.0700073,5.908990383,280.9299927,15.97823906,441.0599976,257.2070618,441.0599976,119.3223495,280.9299927,-11.59811497,501.0400085,305.9280396,280.9299927,-3.863672018,280.9299927,-0.5338660479,451.0599976,33.67991638,280.9299927,-0.9326491356,431.0599976,35.34420013,301.0700073,1.56155479,511.0599976,15.97802925,511.0599976,132.5462799,301.0700073,54.33969879,441.0599976,154.0178223,280.9299927,3.636407852,425.8399963,182.8387146,
342,5.865686893,282.0299988,18.54600716,441.9599915,265.5832214,441.9599915,120.8306961,282.0299988,-11.0900526,501.9400024,319.4996338,282.0299988,-4.138115883,282.0299988,-0.3077069521,451.9599915,34.04293823,282.0299988,-0.7821240425,431.9599915,36.4660759,302,1.809671998,511.9599915,15.51159859,511.9599915,134.7966461,302,56.06027985,441.9599915,157.9586792,282.0299988,4.734762192,426.9200134,188.0319214,
343.0700073,6.82860136,282.9599915,21.04620934,443.0299988,270.5948181,443.0299988,128.2805328,282.9599915,-11.78523254,502.980011,336.8041382,282.9599915,-4.542060375,282.9599915,-0.4146559238,453.0299988,36.52077103,282.9599915,-0.892226696,433.0299988,37.16395187,303.0700073,1.898753285,513.0300293,16.30979729,513.0300293,136.754303,303.0700073,60.7872467,443.0299988,161.9744263,282.9599915,4.379577637,427.8399963,190.4098816,
344,6.65248251,284.0599976,23.58403206,443.9299927,280.2791138,443.9299927,132.1108398,284.0599976,-11.49055862,504.019989,353.1311646,284.0599976,-4.729522228,284.0599976,-0.2140586376,453.9299927,37.76107025,284.0599976,-0.8535864353,433.9299927,37.2702713,304,2.393803596,513.9299927,15.15873146,513.9299927,138.5383453,304,64.0138855,443.9299927,166.3056946,284.0599976,5.587013245,428.9200134,195.1571045,
345.0700073,7.054354191,285,25.32682228,445,287.0887146,445,138.3530426,285,-11.84240913,505.0700073,375.3739014,285,-4.776821613,285,-0.1396535635,455,37.79698563,285,-0.3958172798,435,38.685009,305.0700073,2.651692867,515,15.73646736,515,137.4490204,305.0700073,66.85262299,445,169.9323425,285,6.916837692,429.8399963,201.2668152,
346,7.455465794,285.9299927,26.82782936,446.0599976,294.2588806,446.0599976,141.2410889,285.9299927,-11.59455013,505.9700012,392.0792236,285.9299927,-4.769674301,285.9299927,-0.09779775143,456.0599976,39.29406738,285.9299927,-0.2383692265,436.0599976,40.30672455,306,2.157558441,516.0599976,15.36772346,516.0599976,140.5881195,306,69.56860352,446.0599976,171.8722839,285.9299927,7.935131073,430.8999939,205.6646729,
347.0700073,8.170303345,287.0299988,30.61252403,446.9599915,302.5204163,446.9599915,145.3281097,287.0299988,-11.51841354,507.0100098,413.8154297,287.0299988,-4.722855568,287.0299988,0.06248211861,456.9599915,40.05522156,287.0299988,0.146150589,436.9599915,42.16590118,307.0700073,2.274508476,516.960022,15.33731461,516.960022,138.0861816,307.0700073,74.12890625,446.9599915,178.4370728,287.0299988,8.067674637,431.9599915,207.927002,
348,8.557796478,287.9599915,32.95672607,448.0299988,310.3686218,448.0299988,152.1615601,287.9599915,-11.53349113,508.0499878,432.0414429,287.9599915,-4.657862663,287.9599915,0.02673792839,458.0299988,42.25426865,287.9599915,0.1115903854,438.0299988,42.71266937,308,3.035292149,518.0300293,14.42855453,518.0300293,138.9028473,308,77.3190918,448.0299988,184.4839783,287.9599915,9.057764053,432.8699951,211.0404358,
349.0700073,8.908276558,289.0599976,36.86347961,448.9299927,318.9404907,448.9299927,155.3240662,289.0599976,-10.93570709,508.9500122,446.6416016,289.0599976,-4.531287193,289.0599976,0.3760008812,458.9299927,42.54872894,289.0599976,0.1143774986,438.9299927,42.10264969,309.0700073,2.984761238,518.9299927,14.95139694,518.9299927,139.3793335,309.0700073,79.84151459,448.9299927,187.5729675,289.0599976,10.95475006,433.9299927,216.7285767,
350,9.498558998,290,38.78663635,450,327.1231995,450,161.0212555,290,-11.25028038,510,467.4217529,290,-4.578370094,290,0.3981840611,460,44.3772049,290,0.101307869,440,44.82906723,310,3.029242516,520,14.44714165,520,138.0944366,310,83.11682892,450,192.6651611,290,11.48060989,434.8399963,220.3351135,
351.0700073,9.975274086,290.9299927,42.42433167,451.0599976,333.2645874,451.0599976,165.3222961,290.9299927,-10.73002243,511.0599976,485.7265625,290.9299927,-4.188508034,290.9299927,0.5255715847,461.0599976,44.57172775,290.9299927,0.4073262215,441.0599976,45.3904686,311.0700073,3.419764519,521.039978,13.9320507,521.039978,137.3778839,311.0700073,88.33901215,451.0599976,195.3959656,290.9299927,13.72373772,435.8999939,224.2826233,
352,10.55139637,292.0299988,48.08292389,451.9599915,341.3127441,451.9599915,170.5466766,292.0299988,-10.53292274,511.9599915,501.8007202,292.0299988,-4.713997841,292.0299988,0.8085463047,461.9599915,46.28491592,292.0299988,0.7344679832,441.9599915,46.32316589,312,3.719256878,521.9400024,14.09100151,521.9400024,135.6857758,312,90.75253296,451.9599915,199.1535034,292.0299988,14.19962883,436.9599915,227.137146,
353.0700073,11.1079073,292.9599915,48.641922,453.0299988,348.9518433,453.0299988,175.7468414,292.9599915,-10.7053175,513.0300293,522.213623,292.9599915,-3.998847246,292.9599915,0.9449555874,463.0299988,47.37770081,292.9599915,1.100226402,443.0299988,47.55547333,313.0700073,3.761867046,522.9799805,12.52263641,522.9799805,133.3141174,313.0700073,93.89775848,453.0299988,205.8456421,292.9599915,16.26281738,437.8699951,228.5175476,
354,11.63920689,294.0599976,53.10895538,453.9299927,354.0158386,453.9299927,180.4054718,294.0599976,-9.504468918,513.9299927,534.3763428,294.0599976,-4.386735439,294.0599976,0.8269889355,463.9299927,48.91520309,294.0599976,1.306363106,443.9299927,49.99188614,314,3.857579231,524.0200195,12.70691681,524.0200195,129.5098724,314,96.2223587,453.9299927,210.4846802,294.0599976,17.95094872,438.9299927,230.4286804,
355.0700073,12.61378384,295,58.48055267,455,362.9484863,455,183.7390594,295,-9.03973484,515,557.0995483,295,-3.972296476,295,0.9319159985,465,49.8932991,295,1.938828945,445,49.69823074,315.0700073,4.323910713,525.0700073,12.35234261,525.0700073,127.9061279,315.0700073,98.96264648,455,212.5334778,295,20.03019905,439.8399963,236.09552,
356,12.80928135,295.9299927,60.99819946,456.0599976,370.6605225,456.0599976,189.6254425,295.9299927,-8.619044304,516.0599976,572.1072998,295.9299927,-3.866030931,295.9299927,1.249809504,466.0599976,50.69025421,295.9299927,2.329570293,446.0599976,50.25785828,316,4.101189613,525.9699707,11.66941071,525.9699707,124.3256836,316,100.7386703,456.0599976,215.894165,295.9299927,21.84400368,440.8999939,235.7704163,
357.0700073,13.53547668,297.0299988,64.27414703,456.9599915,374.0687256,456.9599915,191.9999695,297.0299988,-8.217662811,516.960022,587.5089111,297.0299988,-3.883021593,297.0299988,1.473334789,466.9599915,52.27913666,297.0299988,2.693936825,446.9599915,51.52531815,317.0700073,4.548897266,527.0100098,12.14407921,527.0100098,122.1604004,317.0700073,103.3930206,456.9599915,217.4573364,297.0299988,23.87047386,441.9599915,239.5021973,
358,14.02545643,297.9599915,68.46804047,458.0299988,382.1620483,458.0299988,196.7528534,297.9599915,-7.780172348,518.0300293,600.8782349,297.9599915,-3.435111046,297.9599915,1.511842728,468.0299988,53.07041168,297.9599915,2.293714046,448.0299988,52.58179092,318,4.278965473,528.0499878,11.06302452,528.0499878,119.9091949,318,109.2109146,458.0299988,220.3727417,297.9599915,25.43157768,442.8699951,242.553833,
359.0700073,14.23004055,299.0599976,73.76503754,458.9299927,387.022522,458.9299927,201.0937653,299.0599976,-7.277573586,518.9299927,618.5473022,299.0599976,-3.401228905,299.0599976,2.015479326,468.9299927,53.74396515,299.0599976,2.65059042,448.9299927,53.57303619,319.0700073,4.853905201,528.9500122,11.42422867,528.9500122,118.2763367,319.0700073,113.1571503,458.9299927,223.763855,299.0599976,25.42074776,443.9299927,243.9211731,
360,15.11796093,300,78.05578613,460,392.143158,460,202.7937164,300,-6.767721176,520,626.9517822,300,-2.928416252,300,2.032290459,470,54.12062073,300,2.729441643,450,55.29004669,320,5.023048401,530,10.8420372,530,109.4329376,320,115.0641632,460,226.3671265,300,29.41985893,444.8399963,247.1354675,
361.0700073,16.4134922,301.0700073,80.90333557,461.0599976,400.9834595,461.0599976,206.7530212,301.0700073,-5.804821968,521.039978,638.8186035,301.0700073,-3.027105808,301.0700073,2.411365271,471.0599976,53.63035583,301.0700073,3.662426472,451.0599976,56.0580368,320.9299927,5.440559864,531.039978,10.37981796,531.039978,105.2303619,320.9299927,119.7465668,461.0599976,228.9769897,301.0700073,31.23787498,445.8999939,250.4075623,
362,17.04309082,302,85.31164551,461.9599915,404.0007019,461.9599915,209.3259125,302,-4.894145012,521.9400024,646.4416504,302,-2.213030338,302,2.325759172,471.9599915,53.66004181,302,4.178257942,451.9599915,56.53214264,322.0299988,5.153337955,531.9400024,10.49882698,531.9400024,103.7732239,322.0299988,122.6840515,461.9599915,229.8863831,302,34.20969391,446.9599915,252.4918823,
363.0700073,18.31463242,303.0700073,88.66448212,463.0299988,409.9234314,463.0299988,213.9772797,303.0700073,-4.236344337,522.9799805,660.9213867,303.0700073,-2.407111168,303.0700073,2.267222643,473.0299988,55.56998444,303.0700073,3.98249054,453.0299988,56.57749176,322.9599915,5.091601372,532.9799805,10.15933609,532.9799805,99.27624512,322.9599915,129.7133179,463.0299988,234.0320435,303.0700073,36.08148956,447.8699951,256.4440613,
364,18.40282059,304,94.10693359,463.9299927,411.2460327,463.9299927,212.4838867,304,-2.74732399,524.0200195,670.329834,304,-1.844207287,304,2.800485849,473.9299927,56.2532959,304,4.841264725,453.9299927,57.33108521,324.0599976,6.742543221,534.0200195,10.75799561,534.0200195,95.96203613,324.0599976,132.0159607,463.9299927,236.0644531,304,36.83956146,448.9299927,258.0962219,
365.0700073,18.43764114,305.0700073,102.2837296,465,415.3521118,465,219.7461548,305.0700073,-0.9699707031,525.0700073,673.2974243,305.0700073,-1.209043026,305.0700073,2.741935492,475,57.57238007,305.0700073,5.548177719,455,60.10098267,325,6.278035164,535.0700073,9.497846603,535.0700073,91.29173279,325,137.4344635,465,237.7103271,305.0700073,41.32878113,449.8399963,262.7808533,
366,19.3746357,306,104.1296158,466.0599976,421.3866272,466.0599976,220.9631958,306,-0.8350391388,525.9699707,673.5490723,306,-0.5501298904,306,3.102133036,476.0599976,58.01943207,306,5.766011238,456.0599976,61.30960846,325.9299927,6.050896168,535.9699707,10.04461861,535.9699707,88.82614136,325.9299927,142.0847626,466.0599976,238.8760681,306,44.72239685,450.8999939,263.0163879,
367.0700073,20.0191555,307.0700073,114.4912796,466.9599915,428.999054,466.9599915,222.9589386,307.0700073,1.470535278,527.0100098,673.8688354,307.0700073,0.1726913452,307.0700073,3.453509569,476.9599915,58.05584717,307.0700073,6.583250046,456.9599915,60.37909698,327.0299988,6.44181633,537.0100098,9.208526611,537.0100098,83.25291443,327.0299988,143.9746399,466.9599915,238.3858643,307.0700073,47.98020935,451.9599915,264.5440063,
368,19.94786453,308,117.1198044,468.0299988,429.2373352,468.0299988,225.7929993,308,1.12812233,528.0499878,677.9935303,308,0.1825294495,308,3.51669383,478.0299988,58.81742859,308,6.439919472,458.0299988,62.39704895,327.9599915,6.710116386,538.0499878,9.222694397,538.0499878,77.55451965,327.9599915,148.8121185,468.0299988,239.7467651,308,50.04191589,452.8699951,268.8238831,
369.0700073,21.72970772,309.0700073,123.2162552,468.9299927,435.3913879,468.9299927,226.3104553,309.0700073,2.851932526,528.9500122,677.8429565,309.0700073,0.6363744736,309.0700073,4.264836311,478.9299927,58.43378448,309.0700073,7.579633713,458.9299927,62.82328796,329.0599976,6.897910118,538.9500122,10.0670948,538.9500122,75.48648071,329.0599976,148.6927185,468.9299927,242.9798889,309.0700073,51.5588913,453.9299927,268.0574951,
370,21.67963409,310,128.2150726,470,439.2663879,470,225.8270721,310,3.836936951,530,673.40448,310,0.975774765,310,4.474819183,480,59.9388504,310,7.899384499,460,63.82684326,330,7.167720795,540,10.08200264,540,71.70722961,330,155.7599792,470,244.9298096,310,53.08988953,454.8399963,270.1350098,
371.0700073,23.30250168,311.0700073,132.8550262,471.0599976,443.1333313,471.0599976,229.8507996,311.0700073,5.373836517,531.039978,669.244812,311.0700073,1.509689331,311.0700073,4.538610458,481.0599976,59.28917694,311.0700073,8.536129951,461.0599976,63.85809326,331.0700073,7.300171852,541.0200195,9.395130157,541.0200195,70.40986633,331.0700073,159.4436035,471.0599976,245.9749146,311.0700073,56.15516663,455.8999939,271.6735535,
372,23.15268898,312,136.3913269,471.9599915,443.9706726,471.9599915,230.7234039,312,6.876605988,531.9400024,664.5446167,312,2.162425041,312,5.268731117,481.9599915,59.76124573,312,8.65664959,461.9599915,64.77271271,332,7.377634048,542.0499878,10.04566765,542.0499878,66.69212341,332,167.0116272,471.9599915,245.0041504,312,60.26522827,456.9599915,273.1747131,
373.0700073,23.9504528,313.0700073,141.0956116,473.0299988,451.1662292,473.0299988,229.7627258,313.0700073,8.455440521,532.9799805,658.5792847,313.0700073,2.654712677,313.0700073,4.80440712,483.0299988,59.81493378,313.0700073,9.199737549,463.0299988,64.93543243,333.0700073,7.968119621,542.9400024,10.73088264,542.9400024,61.71470642,333.0700073,169.3963165,473.0299988,243.2711792,313.0700073,61.52141571,457.8699951,275.1639099,
374,23.92222595,314,147.5998688,473.9299927,455.2510071,473.9299927,233.842514,314,7.908662796,534.0200195,650.4696655,314,2.880362511,314,5.370354652,483.9299927,60.34511566,314,9.2199049,463.9299927,66.48937988,334,8.148464203,543.9699707,10.50196457,543.9699707,58.94525146,334,172.4113007,473.9299927,245.999939,314,63.30377197,458.9299927,275.2811584,
375.0700073,25.35122108,315.0700073,154.2159729,475,461.8000793,475,234.5150604,315.0700073,10.47532654,535.0700073,641.0410156,315.0700073,4.037081718,315.0700073,4.804371834,485,59.00551605,315.0700073,10.69621372,465,66.98188782,335.0700073,9.056750298,545,11.21223068,545,56.76921082,335.0700073,175.8605957,475,247.0394287,315.0700073,65.07951355,459.8399963,278.7678223,
376,25.08251953,316,159.7662354,476.0599976,463.8399963,476.0599976,234.3298492,316,11.94658852,535.9699707,632.15448,316,4.63270092,316,5.790870667,486.0599976,59.80305481,316,11.00828648,466.0599976,67.00733185,336,9.643573761,546.0200195,11.26205444,546.0200195,51.55618286,336,184.9195862,476.0599976,248.006134,316,70.04705811,460.8999939,274.1991272,
377.0700073,26.7420578,317.0700073,165.2677917,476.9599915,468.8396301,476.9599915,236.1189423,317.0700073,13.32748222,537.0100098,620.3502808,317.0700073,5.058401108,317.0700073,5.905267715,486.9599915,59.46710205,317.0700073,11.69414139,466.9599915,66.858078,337.0700073,8.870179176,547.0499878,11.29322815,547.0499878,48.90560913,337.0700073,187.4830017,476.9599915,249.9503479,317.0700073,74.51397705,461.9599915,280.8092651,
378,27.29917526,318,171.1761169,478.0299988,470.9205017,478.0299988,237.0709076,318,18.13015175,538.0499878,606.6940308,318,6.183520317,318,5.712777138,488.0299988,59.2252655,318,11.76200294,468.0299988,68.34063721,338,10.04872513,547.9400024,11.43594933,547.9400024,45.98440552,338,193.344986,478.0299988,251.4289856,318,74.70183563,462.8699951,275.1014709,
379.0700073,27.45275879,319.0700073,174.8182373,478.9299927,479.3145447,478.9299927,238.9806061,319.0700073,18.00736809,538.9500122,596.1776123,319.0700073,6.96364975,319.0700073,6.469462395,488.9299927,60.60163879,319.0700073,12.55510616,468.9299927,67.6233902,339.0700073,9.459745407,548.9699707,11.87803078,548.9699707,43.15615845,339.0700073,193.9837494,478.9299927,250.2556458,319.0700073,79.80586243,463.9299927,278.1444092,
380,28.45701981,320,183.0214233,480,480.2920837,480,238.4428558,320,18.88256264,540,581.2977295,320,6.797165871,320,7.85796833,490,59.19307709,320,13.41374683,470,68.05596161,340,10.15594387,550,12.30940437,550,40.28147888,340,200.1446686,480,252.5154419,320,82.60231781,464.8399963,279.8554077,
381.0700073,28.63189125,320.9299927,191.8541412,481.0599976,488.3556213,481.0599976,240.5637665,320.9299927,20.37846184,541.0200195,569.9483643,320.9299927,8.613730431,320.9299927,7.260173798,491.0400085,59.09368134,320.9299927,13.25960064,471.0599976,68.8408432,341.0700073,9.12898159,551.039978,12.65380478,551.039978,37.391922,341.0700073,204.7621002,481.0599976,252.0874939,320.9299927,88.67680359,465.8999939,278.5174561,
382,30.2232914,322.0299988,199.0651855,481.9599915,491.9779358,481.9599915,241.7094574,322.0299988,23.49048805,542.0499878,557.1599731,322.0299988,10.09591389,322.0299988,7.813936234,491.9400024,58.66164398,322.0299988,15.45967007,471.9599915,68.89066315,342,10.19971848,551.9400024,12.61421394,551.9400024,36.07304382,342,212.7905121,481.9599915,253.8876343,322.0299988,92.27279663,466.9599915,277.3702087,
383.0700073,30.73922157,322.9599915,205.8775787,483.0299988,498.294342,483.0299988,240.2023163,322.9599915,25.67025185,542.9400024,546.3678589,322.9599915,10.7968111,322.9599915,7.405879021,492.980011,57.65409088,322.9599915,15.10308361,473.0299988,68.07374573,343.0700073,10.8468256,552.9799805,13.12955093,552.9799805,31.25548553,343.0700073,216.4586792,483.0299988,253.0938721,322.9599915,96.49424744,467.8699951,277.7139282,
384,30.90931511,324.0599976,210.3266144,483.9299927,501.6073914,483.9299927,243.8340302,324.0599976,28.43994713,543.9699707,526.0072021,324.0599976,12.51525593,324.0599976,7.957720757,494.019989,56.06815338,324.0599976,15.13087559,473.9299927,69.59092712,344,11.3190527,554.0200195,13.49931717,554.0200195,30.58956909,344,220.5875397,483.9299927,256.3325195,324.0599976,99.19126892,468.9299927,280.4747925,
385.0700073,31.2372036,325,222.0027313,485,511.7823792,485,245.5020294,325,29.72271538,545,515.8840332,325,11.97213078,325,8.868118286,495.0700073,57.52402496,325,16.89119339,475,70.13369751,345.0700073,11.58402634,555.0700073,13.72894478,555.0700073,28.15790558,345.0700073,220.4021606,485,255.334137,325,98.97007751,469.8399963,274.3199158,
386,32.29784775,325.9299927,226.4360809,486.0599976,517.2508545,486.0599976,246.1834564,325.9299927,31.62647057,546.0200195,498.7671509,325.9299927,13.83920956,325.9299927,9.167119026,495.9700012,55.22918701,325.9299927,17.84095764,476.0599976,68.66157532,346,11.24145985,555.9699707,13.96757507,555.9699707,26.00618744,346,231.4398041,486.0599976,259.8637695,325.9299927,105.9620361,470.8999939,275.8278503,
387.0700073,32.58774185,327.0299988,231.4846344,486.9599915,523.6408691,486.9599915,250.6858063,327.0299988,34.55587006,547.0499878,489.9263916,327.0299988,14.37197781,327.0299988,9.383238792,497.0100098,54.99551392,327.0299988,17.94126892,476.9599915,70.09809875,347.0700073,11.91917992,557.0100098,13.5870285,557.0100098,24.24850464,347.0700073,229.4687195,486.9599915,258.9578857,327.0299988,110.2801361,471.9599915,278.0879517,
388,32.70773697,327.9599915,238.3159485,488.0299988,529.7205811,488.0299988,248.5354156,327.9599915,36.73355865,547.9400024,473.7987671,327.9599915,16.00028229,327.9599915,10.15369129,498.0499878,55.23547363,327.9599915,18.11906052,478.0299988,69.09042358,348,12.08482647,558.0499878,14.46931458,558.0499878,22.66784668,348,236.1968689,488.0299988,260.0794373,327.9599915,113.4056625,472.8699951,279.4729309,
389.0700073,34.75905228,329.0599976,246.8191833,488.9299927,539.5043945,488.9299927,256.5579834,329.0599976,40.64424896,548.9699707,464.1950684,329.0599976,17.21014404,329.0599976,10.05126762,498.9500122,53.78070831,329.0599976,18.95172119,478.9299927,70.12791443,349.0700073,12.5428009,558.9500122,14.1393013,558.9500122,20.70095825,349.0700073,236.9107361,488.9299927,262.6026001,329.0599976,114.9224625,473.9299927,276.1695557,
390,34.33528519,330,248.4403687,490,538.4189453,490,257.2579041,330,42.23764038,550,447.2768555,330,18.28277206,330,11.12906933,500,53.27390289,330,19.63749313,480,69.46613312,350,12.11122894,560,14.76307106,560,18.18107605,350,237.9538116,490,264.8011169,330,122.1605301,474.8399963,277.2816772,
391.0700073,34.98740768,331.0700073,261.914978,491.0400085,547.1621094,491.0400085,258.0614929,331.0700073,45.56278229,551.039978,435.3431396,331.0700073,20.62363434,331.0700073,10.32430744,501.0400085,51.18510818,331.0700073,21.10407639,481.0599976,68.47245789,351.0700073,13.81444168,561.039978,15.17733574,561.039978,17.04142761,351.0700073,247.5416412,491.0400085,266.1337585,331.0700073,126.8651199,475.8999939,276.7692871,
392,36.06808472,332,269.7099609,491.9400024,558.3758545,491.9400024,263.0199585,332,49.5920639,551.9400024,428.7426147,332,21.24617004,332,11.81691551,501.9400024,51.91450119,332,22.76959229,481.9599915,69.30049896,352,12.75356483,561.9400024,15.05652046,561.9400024,15.38705444,352,250.3031769,491.9400024,267.9962158,332,133.4127808,476.9599915,275.338501,
393.0700073,36.59135818,333.0700073,278.2088318,492.980011,562.7141113,492.980011,271.0769958,333.0700073,51.4901886,552.9799805,412.62146,333.0700073,24.01823425,333.0700073,11.46403217,502.980011,50.53800201,333.0700073,23.82881546,483.0299988,66.36997986,353.0700073,14.06978703,562.9799805,15.16224289,562.9799805,12.86206818,353.0700073,251.9496307,492.980011,269.6817322,333.0700073,139.1001282,477.8699951,273.9743042,
394,37.40132904,334,285.4438782,494.019989,567.2578125,494.019989,272.2153931,334,53.36206055,554.0200195,404.3919678,334,25.90719223,334,12.20615482,504.019989,50.07014465,334,25.32773972,483.9299927,67.29027557,354,13.70522499,564.0200195,14.44410515,564.0200195,11.37825012,354,255.3764496,494.019989,268.7076721,334,143.7445679,478.9299927,272.0526123,
395.0700073,37.98442078,335.0700073,298.0376892,495.0700073,577.0405273,495.0700073,277.8349609,335.0700073,61.28649902,555.0700073,390.9182129,335.0700073,26.8590126,335.0700073,12.47214413,505.0700073,48.5454216,335.0700073,25.99119186,485,68.18938446,355.0700073,14.25521946,565.0700073,14.31058693,565.0700073,10.24178314,355.0700073,258.4605713,495.0700073,273.3321533,335.0700073,147.9654541,479.8399963,271.6282654,
396,37.8710289,336,302.8535461,495.9700012,580.3458252,495.9700012,278.7763062,336,61.50868988,555.9699707,382.5768433,336,29.4332428,336,12.43762875,505.9700012,47.25629807,336,26.45029068,486.0599976,66.272789,356,14.17136192,565.9699707,14.70084763,565.9699707,7.679763794,356,262.4338989,495.9700012,274.3675232,336,154.0722961,480.8999939,272.1824036,
397.0700073,39.46128845,337.0700073,312.5888672,497.0100098,585.7462158,497.0100098,286.7732544,337.0700073,64.99326324,557.0100098,370.7210083,337.0700073,29.12617111,337.0700073,13.74110699,507.0100098,46.2038765,337.0700073,26.63887024,486.9599915,65.70046997,357.0700073,14.61249542,567.0100098,14.25635719,567.0100098,6.129798889,357.0700073,266.553009,497.0100098,279.3573608,337.0700073,155.491272,481.9599915,272.5729675,
398,38.55220795,338,318.5279236,498.0499878,592.3983154,498.0499878,291.9094543,338,70.17006683,558.0499878,359.505127,338,32.51464844,338,13.45146847,508.0499878,45.74647522,338,28.88531876,488.0299988,65.68869019,358,15.13438702,568.0499878,13.56715965,568.0499878,4.910507202,358,269.4142761,498.0499878,278.5429993,338,161.7817078,482.8699951,275.1001892,
399.0700073,40.23099518,339.0700073,328.5155029,498.9500122,596.144165,498.9500122,300.345459,339.0700073,72.17723083,558.9500122,351.6719971,339.0700073,35.66301727,339.0700073,15.0046072,508.9500122,45.05659866,339.0700073,29.75624084,488.9299927,65.42842865,359.0700073,15.22697163,568.9500122,14.25263786,568.9500122,3.776893616,359.0700073,270.1201782,498.9500122,280.8312683,339.0700073,163.3921356,483.9299927,273.3843689,
400,40.20618057,340,339.5827026,500,601.4899902,500,308.3182678,340,77.03512573,560,340.8701172,340,37.47056961,340,15.11455822,510,44.23442841,340,31.13793182,490,63.94920349,360,15.58897305,570,13.09606361,570,1.525726318,360,274.1013184,500,282.4594421,340,172.346817,484.8399963,270.2243042,
401.0700073,41.14036179,341.0700073,345.0682983,501.0400085,604.2005615,501.0400085,314.1052856,341.0700073,81.18550873,561.039978,332.1283569,341.0700073,41.05439377,341.0700073,14.88768673,511.0599976,43.08414078,341.0700073,32.63489914,491.0400085,63.62221527,361.0700073,15.47035122,571.0200195,13.16904831,571.0200195,0.1749725342,361.0700073,277.5375061,501.0400085,289.9925232,341.0700073,180.6409149,485.8999939,276.3804321,
402,41.35193634,342,356.1339111,501.9400024,609.6619873,501.9400024,318.995697,342,88.65872955,561.9400024,323.4526367,342,41.3241272,342,15.26297665,511.9599915,41.27195358,342,32.59001923,491.9400024,63.64432526,362,15.60194302,572.0499878,12.66856766,572.0499878,0.3137207031,362,280.7472839,501.9400024,292.2793274,342,184.3030701,486.9599915,271.1385803,
403.0700073,42.44697189,343.0700073,371.465332,502.980011,609.1682129,502.980011,325.8974609,343.0700073,91.29949951,562.9799805,316.4118042,343.0700073,44.45471191,343.0700073,16.24616051,513.0300293,39.82114792,343.0700073,36.89716721,492.980011,62.72589874,363.0700073,15.9265089,572.9400024,12.51754189,572.9400024,-0.3426742554,363.0700073,281.8609924,502.980011,291.6148682,343.0700073,190.2496185,487.8699951,271.6467896,
404,42.13306808,344,377.5219421,504.019989,610.7150879,504.019989,337.9328613,344,92.78833771,564.0200195,304.6860352,344,46.86239624,344,16.88563538,513.9299927,39.45272446,344,35.42556,494.019989,61.58753204,364,16.54253197,573.9699707,11.93908882,573.9699707,-3.338508606,364,285.1890564,504.019989,292.5618591,344,199.3781433,488.9299927,276.078186,
405.0700073,43.03162384,345.0700073,388.5081787,505.0700073,615.9830322,505.0700073,345.0592957,345.0700073,96.57521057,565.0700073,296.6806641,345.0700073,51.26520157,345.0700073,17.25497627,515,37.85936737,345.0700073,36.26541138,495.0700073,61.18500519,365.0700073,16.09967422,575,11.41469574,575,-4.671478271,365.0700073,286.5071411,505.0700073,292.9240417,345.0700073,199.4967041,489.8399963,276.8196716,
406,42.55211258,346,385.7037354,505.9700012,616.1633301,505.9700012,353.7216187,346,101.4416351,565.9699707,290.9646606,346,52.79097366,346,17.90868568,516.0599976,36.04966736,346,36.88382339,495.9700012,59.49212646,366,16.49818993,576.0200195,10.97337532,576.0200195,-4.88433075,366,287.333313,505.9700012,292.4389954,346,204.5589752,490.8900146,276.2240906,
407.0700073,45.03744888,347.0700073,398.3190613,507.0100098,619.5018311,507.0100098,366.0697937,347.0700073,105.3454666,567.0100098,284.6721191,347.0700073,56.39403534,347.0700073,17.4524231,516.960022,35.75556564,347.0700073,37.70566177,497.0100098,57.31182098,367.0700073,16.35661697,577.0499878,10.7520256,577.0499878,-7.776321411,367.0700073,292.1302185,507.0100098,298.4728394,347.0700073,210.5541077,491.9400024,279.2275696,
408,44.75625992,348,402.4733582,508.0499878,614.9206543,508.0499878,373.2350159,348,112.4555054,568.0499878,273.7227783,348,57.23357773,348,18.09891701,518.0300293,32.93056107,348,38.62177658,498.0499878,56.90409851,368,17.52601814,577.9400024,10.15044403,577.9400024,-7.56943512,368,293.4034729,508.0499878,296.3987122,348,214.9125977,492.980011,279.3360596,
409.0700073,44.43937302,349.0700073,417.4625854,508.9500122,611.942627,508.9500122,382.2945557,349.0700073,113.9299927,568.9500122,267.899353,349.0700073,60.53876114,349.0700073,19.32860756,518.9299927,33.36819839,349.0700073,40.62779236,498.9500122,56.83802795,369.0700073,17.33409119,578.9699707,10.32183838,578.9699707,-10.22384644,369.0700073,296.3422241,508.9500122,296.2893677,349.0700073,218.2022247,493.8800049,278.8161926,
410,46.28400421,350,420.8237,510,613.6965332,510,390.7056274,350,120.8975677,570,259.3916016,350,62.23997879,350,19.55537224,520,31.62600327,350,42.23273087,500,55.88293457,370,18.95793724,580,9.904327393,580,-10.97406769,370,306.4996643,510,301.7463379,350,221.5688171,494.9200134,283.6288147,
411.0599976,45.59371185,351.0700073,435.3800964,511.0599976,609.7866211,511.0599976,405.0299377,351.0700073,125.8417664,571.0200195,251.7257233,351.0700073,66.05613708,351.0700073,19.86927986,521.039978,29.75035858,351.0700073,40.91173172,501.0400085,54.32798004,371.0700073,18.9596405,581.0200195,9.285459518,581.0200195,-12.20278168,371.0700073,309.1809692,511.0599976,299.5516357,351.0700073,231.3362885,495.9700012,286.5791321,
411.9599915,46.3356514,352,437.0910339,511.9599915,600.3183594,511.9599915,409.1993713,352,132.2160034,572.0499878,248.0121002,352,70.6078949,352,19.81282806,521.9400024,29.04506683,352,44.24833298,501.9400024,53.98271179,372,18.98395157,582.0499878,8.60084343,582.0499878,-13.49314117,372,313.1250305,511.9599915,296.4356384,352,230.829834,496.8599854,283.7246399,
413.0299988,45.485466,353.0700073,446.3567505,513.0300293,594.3144531,513.0300293,419.1612549,353.0700073,135.3249054,572.9400024,241.7894135,353.0700073,74.09095001,353.0700073,20.63639069,522.9799805,27.99098969,353.0700073,44.68058777,502.980011,53.19405365,373.0700073,19.92103958,582.9400024,8.534160614,582.9400024,-13.29463959,373.0700073,312.077301,513.0300293,297.3752441,353.0700073,234.0578766,497.9100037,285.7614746,
413.9299927,46.25013733,354,450.1969604,513.9299927,588.3787842,513.9299927,429.7802734,354,140.4339142,573.9699707,232.5009308,354,75.34906006,354,21.53233147,524.0200195,26.58599854,354,46.78451157,504.019989,50.06290436,374,19.40433121,583.9699707,8.197608948,583.9699707,-15.103508,374,317.153717,513.9299927,296.4860535,354,238.8578339,498.9500122,287.617981,
415,47.95335388,355.0700073,459.4237366,515,578.2668457,515,435.4743347,355.0700073,146.3922577,575,226.5307465,355.0700073,78.3085556,355.0700073,22.3368454,525.0700073,25.64669037,355.0700073,47.59424973,505.0700073,48.70607758,375.0700073,19.70053482,585,7.547784805,585,-15.2624588,375.0700073,320.242981,515,294.6555786,355.0700073,244.8345947,499.8500061,291.0098877,
416.0599976,48.16114044,356,464.6885071,516.0599976,572.0858154,516.0599976,447.3050232,356,149.303833,576.0200195,218.010788,356,81.28398895,356,23.23372841,525.9699707,25.14412308,356,48.10436249,505.9700012,48.75335693,376,19.67475319,586.0200195,6.509460449,586.0200195,-17.1431427,376,320.1294556,516.0599976,293.2450256,356,252.0585022,500.8900146,290.9862061,
416.9599915,49.01747131,357.0700073,473.0542908,516.960022,566.5390625,516.960022,451.7363892,357.0700073,159.2751617,577.0499878,213.9385223,357.0700073,84.98762512,357.0700073,22.6485672,527.0100098,24.58003616,357.0700073,48.27168274,507.0100098,46.44570541,377.0700073,20.37730217,587.0499878,6.760982513,587.0499878,-18.99398804,377.0700073,324.2234192,516.960022,290.2586365,357.0700073,251.2398682,501.9400024,294.3762817,
418.0299988,48.5607605,358,481.8453674,518.0300293,547.4831543,518.0300293,463.0762329,358,160.170517,577.9400024,206.5819855,358,88.73551178,358,23.41746712,528.0499878,23.17620087,358,50.21408463,508.0499878,45.48289108,378,21.15805626,587.9400024,6.126293182,587.9400024,-19.47949219,378,326.4421082,518.0300293,287.1418457,358,257.3106689,502.980011,293.521698,
418.9299927,48.3167572,359.0700073,485.8730164,518.9299927,539.7403564,518.9299927,465.8506165,359.0700073,170.9765167,578.9699707,203.6258698,359.0700073,92.53677368,359.0700073,23.77160835,528.9500122,21.96587372,359.0700073,49.95454788,508.9500122,45.20983887,379.0700073,21.1741848,588.9699707,5.564849854,588.9699707,-20.91033936,379.0700073,328.7870178,518.9299927,282.282074,359.0700073,262.5280762,503.8800049,297.3892212,
420,49.34870529,360,495.6029358,520,528.3344727,520,473.7868958,360,173.1444855,580,197.9615021,360,95.82196045,360,25.08240509,530,21.72352982,360,51.9497261,510,42.62675095,380,21.12365723,590,5.26398468,590,-21.44972992,380,329.4437561,520,280.6162415,360,265.8414612,504.9200134,296.7680359,
421.0700073,48.41490936,361.0700073,506.5396423,521.039978,518.1975098,521.039978,476.497467,361.0700073,178.5108795,581.0200195,191.8036346,361.0700073,97.25241089,361.0700073,25.33971024,531.039978,20.61522675,361.0700073,52.1562233,511.0599976,41.97873306,381.0700073,21.44466019,591.0200195,4.372385025,591.0200195,-21.54047394,381.0700073,331.3887634,521.039978,274.4105225,361.0700073,267.2052612,505.9700012,299.702301,
422,50.48374939,362,507.2171936,521.9400024,507.4554138,521.9400024,483.4620667,362,183.0072632,582.0499878,184.0113983,362,102.669838,362,24.66703224,531.9400024,20.44574738,362,53.55451584,511.9599915,40.89343643,382,21.83600044,592.0499878,4.59390831,592.0499878,-21.39217377,382,333.326355,521.9400024,270.2287292,362,271.9634094,506.8599854,297.8134155,
423.0700073,49.99071503,363.0700073,510.4245911,522.9799805,495.3125305,522.9799805,485.8656311,363.0700073,188.8579102,582.9400024,181.7422943,363.0700073,103.2932358,363.0700073,25.94035149,532.9799805,18.89135742,363.0700073,54.15106583,513.0300293,39.42367935,383.0700073,21.77560616,592.9400024,4.19701767,592.9400024,-23.48155212,383.0700073,334.3451843,522.9799805,266.4013367,363.0700073,274.8695679,507.9100037,298.7751465,
424,49.0373764,364,520.9193115,524.0200195,479.4239807,524.0200195,484.6900635,364,189.8863373,583.9699707,176.6117706,364,107.7470856,364,25.70740891,534.0200195,18.82454872,364,55.18760681,513.9299927,38.90238571,384,22.24704933,593.9699707,3.217187881,593.9699707,-24.64768982,384,337.9860535,524.0200195,259.2883606,364,276.2673645,508.9500122,299.058136,
425.0700073,49.73495865,365.0700073,519.1716309,525.0700073,462.9548035,525.0700073,487.5567017,365.0700073,197.3964539,585,172.3944244,365.0700073,109.9776917,365.0700073,26.06146431,535.0700073,17.95420074,365.0700073,55.5982399,515,37.0698967,385.0700073,23.20778847,595,3.090620041,595,-25.20455933,385.0700073,338.8687439,525.0700073,254.1245422,365.0700073,273.1914368,509.8500061,301.2866516,
426,48.79880905,366,521.4940796,525.9699707,455.426178,525.9699707,489.7433472,366,203.2494354,586.0200195,166.4747162,366,113.6575317,366,27.13591385,535.9699707,18.20485878,366,56.84112167,516.0599976,35.93894958,386,23.28503799,596.0200195,3.366201401,596.0200195,-25.60419464,386,338.4696045,525.9699707,249.7355042,366,277.4397278,510.8999939,299.5556335,
427.0700073,50.20015335,367.0700073,527.7843628,527.0100098,440.5904236,527.0100098,483.7850647,367.0700073,211.5108948,587.0499878,161.4391632,367.0700073,119.7923813,367.0700073,27.96953201,537.0100098,17.67765045,367.0700073,57.99678421,516.960022,35.21091461,387.0700073,24.02697563,597.0499878,1.696594238,597.0499878,-26.27885437,387.0700073,340.0117798,527.0100098,242.2570496,367.0700073,281.4779968,511.9599915,299.2414246,
428,48.82210922,368,537.4512329,528.0499878,425.834259,528.0499878,485.2625122,368,215.6225586,587.9400024,155.7497101,368,121.4438858,368,27.80164337,538.0499878,16.67840385,368,58.33610916,518.0300293,32.9184227,388,23.02589798,597.9400024,2.198493958,597.9400024,-27.48521423,388,339.0301819,528.0499878,237.2149963,368,284.6917419,512.8699951,297.6300964,
429.0700073,50.34243393,369.0700073,546.7664795,528.9500122,413.1844788,528.9500122,483.905426,369.0700073,226.1711578,588.9699707,150.6553192,369.0700073,127.8360672,369.0700073,28.46483612,538.9500122,16.81513786,369.0700073,59.76078796,518.9299927,31.88408279,389.0700073,23.65970802,598.9699707,1.355823517,598.9699707,-27.26531982,389.0700073,342.156189,528.9500122,232.1402283,369.0700073,284.9371948,513.9299927,299.0178528,
430,49.08684158,370,566.8885498,530,398.164856,530,478.7807922,370,247.5531311,590,144.3928375,370,135.8110352,370,29.75823593,540,16.73801041,370,60.76655579,520,31.35795975,390,24.36437416,600,1.393449783,600,-28.93761444,390,341.0266113,530,223.8190613,370,297.9115601,514.8400269,291.5359192,
431.0599976,49.44852448,371.0700073,574.8051758,531.039978,388.357605,531.039978,472.3837891,371.0700073,258.2531128,591.0200195,141.9488983,371.0700073,142.6731567,371.0700073,30.70243073,541.0200195,16.58050537,371.0700073,64.06056976,521.039978,29.65232086,391.0599976,24.84309578,601.0200195,1.328897476,601.0200195,-29.33315277,391.0599976,343.1919861,531.039978,219.0121155,371.0700073,300.4839172,515.9000244,294.3128967,
431.9599915,49.95530701,372,582.3984985,531.9400024,378.5123291,531.9400024,467.8995667,372,262.641449,592.0499878,137.6156464,372,143.47612,372,31.86735153,542.0499878,16.04102707,372,62.75241852,521.9400024,28.09039307,391.9599915,24.27514458,602.0499878,0.4322967529,602.0499878,-30.74858093,391.9599915,346.3955688,531.9400024,212.0831299,372,303.5368958,516.960022,289.3693237,
433.0299988,48.7984848,373.0700073,586.6365356,532.9799805,364.5004883,532.9799805,456.2922974,373.0700073,270.5541077,592.9400024,133.737854,373.0700073,148.4998322,373.0700073,31.71572876,542.9400024,15.86555862,373.0700073,66.54556274,522.9799805,27.79867172,393.0299988,24.86471176,602.9400024,-0.3149604797,602.9400024,-30.92953491,393.0299988,345.7753906,532.9799805,206.8278809,373.0700073,303.0549011,517.8699951,287.2599182,
433.9299927,49.19987106,374,597.6297607,534.0200195,353.3945313,534.0200195,454.690155,374,281.5434265,593.9699707,128.6021881,374,155.0591125,374,32.24108887,543.9699707,15.66050911,374,64.54632568,524.0200195,26.13672638,393.9299927,24.88960457,603.9699707,-0.3152542114,603.9699707,-31.09400177,393.9299927,346.442749,534.0200195,196.6491699,374,304.2087708,518.9299927,281.5139465,
435,48.33420181,375.0700073,606.7819214,535.0700073,339.8599243,535.0700073,448.0889587,375.0700073,288.2521362,595,124.5982208,375.0700073,159.3626251,375.0700073,32.34826279,545,15.31599426,375.0700073,67.26780701,525.0700073,24.94636154,395,25.2317543,605,-0.8714466095,605,-32.97426987,395,345.7211914,535.0700073,191.9902344,375.0700073,309.7572937,519.8400269,281.282196,
436.0599976,49.28443527,376,606.6314087,535.9699707,325.5856628,535.9699707,439.6595154,376,293.0559692,596.0200195,120.5744781,376,163.7755432,376,33.78809357,546.0200195,15.2083168,376,66.42050171,525.9699707,24.03939438,396.0599976,25.74308205,606.0200195,-0.8728981018,606.0200195,-32.77635193,396.0599976,341.5748596,535.9699707,186.8248901,376,309.6862183,520.8900146,277.5363159,
436.9599915,48.62913895,377.0700073,616.2148438,537.0100098,317.015625,537.0100098,426.400116,377.0700073,301.8916016,597.0499878,116.342453,377.0700073,165.3373871,377.0700073,33.97653198,547.0499878,15.94012642,377.0700073,68.70031738,527.0100098,22.85503006,396.9599915,25.1868515,607.0499878,-1.48175621,607.0499878,-33.84712982,396.9599915,341.5137634,537.0100098,178.9736938,377.0700073,312.9546814,521.9400024,272.4628296,
438.0299988,49.40381241,378,617.2000122,538.0499878,309.2445068,538.0499878,414.5560913,378,308.5050049,597.9400024,112.6106567,378,171.9088898,378,33.59344482,547.9400024,15.84779358,378,70.27111053,528.0499878,22.17185593,398.0299988,25.85927582,607.9400024,-1.845502853,607.9400024,-34.79494476,398.0299988,340.3447571,538.0499878,174.3383179,378,313.9590454,522.9799805,266.6669922,
438.9299927,49.6554718,379.0700073,624.9175415,538.9500122,298.532196,538.9500122,407.8336792,379.0700073,320.1300049,598.9699707,109.5378265,379.0700073,174.0232544,379.0700073,34.59772491,548.9699707,15.44968796,379.0700073,69.38838959,528.9500122,21.54859352,398.9299927,25.40274429,608.9699707,-2.004050255,608.9699707,-34.59997559,398.9299927,342.2300415,538.9500122,169.526123,379.0700073,315.0359192,523.8800049,257.7694397,
440,47.93360901,380,630.8441162,540,288.3684692,540,397.8000183,380,323.5066528,600,104.4867401,380,179.6762238,380,34.78738403,550,16.14466095,380,70.67855072,530,20.83921051,400,25.40587234,610,-3.107639313,610,-34.87669373,400,342.4080505,540,164.6267395,380,312.550415,524.9199829,255.3565369,
441.0599976,48.83158112,381.0700073,638.5540161,541.0200195,276.9760437,541.0200195,388.0438843,381.0700073,330.8709106,601.0200195,102.6235657,381.0700073,183.7413788,381.0700073,35.29294968,551.039978,15.60030556,381.0700073,72.18804169,531.039978,19.51134682,401.0700073,26.45073318,611.0100098,-2.950105667,611.0100098,-36.67580414,401.0700073,341.0263062,541.0200195,157.5298767,381.0700073,314.1127014,525.9699707,247.4579773,
441.9599915,48.50330734,382,638.9943848,542.0499878,270.4841003,542.0499878,380.2568665,382,343.416748,602.0499878,96.46243286,382,188.7499695,382,36.51883316,551.9400024,17.13590813,382,72.05814362,531.9400024,19.41950607,402,26.05265808,612.0200195,-3.137882233,612.0200195,-36.01212692,402,342.3908691,542.0499878,150.8286743,382,315.0223694,526.8599854,243.8927917,
443.0299988,50.1220932,383.0700073,642.1826782,542.9400024,259.5024719,542.9400024,365.190918,383.0700073,351.1451111,602.9400024,93.64764404,383.0700073,191.140274,383.0700073,34.97283173,552.9799805,16.39407539,383.0700073,70.92468262,532.9799805,18.37692451,403.0700073,26.30072594,613.039978,-3.048640251,613.039978,-37.36408615,403.0700073,340.0390625,542.9400024,147.0789185,383.0700073,313.9456177,527.9099731,238.3263245,
443.9299927,49.04719162,384,649.7007446,543.9699707,250.934906,543.9699707,356.73172,384,359.9459534,603.9699707,91.48904419,384,197.8744659,384,36.54906464,554.0200195,16.87302971,384,72.07767487,534.0200195,18.40474129,404,26.18507195,614.0499878,-4.166255951,614.0499878,-38.27146912,404,342.2263794,543.9699707,140.0813904,384,318.9966431,528.9500122,230.9064636,
445,49.78869629,385.0700073,655.0162964,545,243.0376587,545,350.9011536,385.0700073,371.9172974,605,87.07051086,385.0700073,200.8932953,385.0700073,37.91304016,555.0700073,16.49891663,385.0700073,72.99226379,535.0700073,16.42675972,405.0700073,26.5987587,615.0700073,-3.966294289,615.0700073,-38.65394211,405.0700073,341.9151306,545,135.0415039,385.0700073,316.258606,529.8499756,223.7787476,
446.0599976,48.67035675,386,657.5366211,546.0200195,231.7727661,546.0200195,339.1556091,386,376.1594849,606.0200195,83.61003113,386,203.5515594,386,36.60544586,555.9699707,15.71981049,386,74.10416412,535.9699707,16.77188301,406,27.0000515,615.9400024,-4.930307388,615.9400024,-39.82223129,406,338.7462463,546.0200195,130.5864258,386,314.7033081,530.8900146,215.9212952,
446.9599915,50.11974335,387.0700073,660.2865601,547.0499878,228.7389526,547.0499878,328.782074,387.0700073,382.9456482,607.0499878,80.54888916,387.0700073,208.6447754,387.0700073,37.59972,557.0100098,16.69688988,387.0700073,73.59905243,537.0100098,15.95398712,407.0700073,26.32452202,616.9500122,-4.985133171,616.9500122,-40.10270691,407.0700073,337.45401,547.0499878,125.6992111,387.0700073,316.0132446,531.9400024,211.9575806,
448.0299988,49.08790207,388,664.3626709,547.9400024,219.2949829,547.9400024,321.6867065,388,388.3594055,607.9400024,75.78855896,388,212.7212677,388,38.28430939,558.0499878,16.52713585,388,73.37088776,538.0499878,15.71783447,408,26.61325455,617.9699707,-5.357268333,617.9699707,-40.78178024,408,338.9907532,547.9400024,122.2619553,388,313.420166,532.9799805,202.3981934,
448.9299927,50.33473969,389.0700073,665.6105347,548.9699707,212.9533081,548.9699707,310.5583801,389.0700073,402.518158,608.9699707,71.06262207,389.0700073,215.9686584,389.0700073,38.284729,558.9500122,17.1898098,389.0700073,72.82063293,538.9500122,14.96822357,409.0700073,26.71100426,618.9799805,-5.836701393,618.9799805,-41.52472305,409.0700073,336.2134705,548.9699707,117.5794144,389.0700073,310.8664246,533.8800049,197.9985657,
450,49.99033356,390,671.961792,550,204.8460999,550,301.4364014,390,410.3750916,610,69.43034363,390,221.3021851,390,38.77883911,560,17.01556396,390,74.86898041,540,15.37455177,410,27.13399315,620,-5.762310028,620,-42.40619278,410,335.1773682,550,113.3565903,390,311.900116,534.9199829,189.5309143,
451.0599976,50.60635757,391.0599976,668.8838501,551.039978,197.9368896,551.039978,292.8329163,391.0599976,419.6107178,611.0100098,66.34274292,391.0599976,226.1009216,391.0599976,39.31407928,561.039978,16.39322281,391.0599976,75.19599915,541.0200195,15.03460503,411.0599976,26.39246941,621.0200195,-6.036247253,621.0200195,-43.09084702,411.0599976,330.5322876,551.039978,108.8442459,391.0599976,311.2278748,535.9699707,184.8474121,
451.9599915,48.90686417,391.9599915,676.0333862,551.9400024,195.4534607,551.9400024,285.3364868,391.9599915,428.8173218,612.0200195,63.86358643,391.9599915,227.7249908,391.9599915,39.70156097,561.9400024,16.22597694,391.9599915,75.34632874,542.0499878,15.22918892,411.9599915,26.89284515,622.0499878,-5.888893127,622.0499878,-43.14177704,411.9599915,332.7479858,551.9400024,107.0550003,391.9599915,310.5204773,536.8599854,179.5681152,
453.0299988,50.9784317,393.0299988,675.1583862,552.9799805,185.6350708,552.9799805,276.3406372,393.0299988,435.6619873,613.039978,57.72610474,393.0299988,230.6125946,393.0299988,39.95441437,562.9799805,16.50728607,393.0299988,74.76607513,542.9400024,14.63182449,413.0299988,27.25997543,622.9400024,-6.455294609,622.9400024,-44.27501297,413.0299988,331.7841797,552.9799805,102.6822433,393.0299988,310.299469,537.9099731,174.256958,
453.9299927,50.77361679,393.9299927,678.616272,554.0200195,182.0611267,554.0200195,271.2184448,393.9299927,442.5093994,614.0499878,57.09054565,393.9299927,233.9743652,393.9299927,40.57316971,564.0200195,15.6080513,393.9299927,74.67959595,543.9699707,14.94303131,413.9299927,27.12817955,623.9699707,-6.59161377,623.9699707,-44.7834816,413.9299927,328.0420837,554.0200195,98.48093414,393.9299927,309.2559509,538.9500122,167.0214539,
455,51.8991394,395,678.8839111,555.0700073,174.8572388,555.0700073,263.4228821,395,450.6573792,615.0700073,53.45277405,395,235.5444946,395,39.28197861,565.0700073,15.40962219,395,73.87333679,545,14.73905182,415,27.48755264,625,-6.952360153,625,-45.0357933,415,326.196167,555.0700073,94.37136078,395,305.284729,539.8499756,162.4193115,
456.0599976,51.64292526,396.0599976,678.4467163,555.9699707,168.4114075,555.9699707,256.4339294,396.0599976,459.4727478,615.9400024,50.38923645,396.0599976,238.4368134,396.0599976,39.94779968,565.9699707,15.02860069,396.0599976,73.03329468,546.0200195,14.44287491,416.0599976,27.51428223,626.0200195,-6.950399399,626.0200195,-45.64076614,416.0599976,327.7720337,555.9699707,91.57280731,396.0599976,300.4076233,540.8800049,158.0104675,
456.9599915,52.20108032,396.9599915,680.9004517,557.0100098,162.3308258,557.0100098,249.468277,396.9599915,466.7158203,616.9500122,46.92320251,396.9599915,240.3071136,396.9599915,40.21064377,567.0100098,14.93030357,396.9599915,72.60653687,547.0499878,14.30520439,416.9599915,27.83562851,627.0499878,-7.644337654,627.0499878,-46.0446701,416.9599915,325.6200562,557.0100098,88.55921173,396.9599915,297.2920532,541.9099731,151.0105286,
458.0299988,52.65426254,398.0299988,680.2266235,558.0499878,158.4240875,558.0499878,243.8700104,398.0299988,474.4426575,617.9699707,43.37071228,398.0299988,244.8653412,398.0299988,39.7850647,568.0499878,14.29322815,398.0299988,72.81465149,547.9400024,14.85489464,418.0299988,28.28165245,627.9400024,-7.548303604,627.9400024,-47.00322342,418.0299988,325.9987793,558.0499878,84.67131805,398.0299988,293.4343872,542.9400024,144.7037659,
458.9299927,52.76462173,398.9299927,681.6594849,558.9500122,157.3040771,558.9500122,237.3465729,398.9299927,485.5238953,618.9799805,40.78250122,398.9299927,246.6706238,398.9299927,39.71663666,568.9500122,14.0114975,398.9299927,73.89553833,548.9699707,14.70764732,418.9299927,27.77461433,628.9699707,-8.053273201,628.9699707,-46.94169235,418.9299927,326.0711365,558.9500122,81.93647003,398.9299927,293.4999084,543.9699707,140.9958496,
460,52.72977066,400,676.3530273,560,149.7097168,560,230.1547089,400,493.7287903,620,38.12200928,400,246.6363678,400,40.59197998,570,13.99329185,400,71.95669556,550,14.62990952,420,28.19514847,630,-8.367425919,630,-47.81729889,420,327.2163086,560,79.97501373,400,290.1299744,544.8499756,136.3942871,
461.0599976,54.3520813,401.0700073,677.5728149,561.039978,144.04039,561.039978,224.8574829,401.0700073,502.3627014,621.0200195,36.49685669,401.0700073,251.7725067,401.0700073,40.63847733,571.0200195,13.20551109,401.0700073,72.49166107,551.039978,15.86219025,421.0700073,27.85960007,631.0100098,-8.702713013,631.0100098,-47.4284935,421.0700073,326.2165833,561.039978,76.22451019,401.0700073,284.3174438,545.8800049,132.4345093,
461.9599915,54.60123062,402,682.5949097,561.9400024,141.6225739,561.9400024,223.0723572,402,513.5494385,622.0499878,33.95899963,402,254.9565582,402,40.94872284,572.0499878,12.7743454,402,74.08179474,551.9400024,15.54144669,422,28.37626266,632.0200195,-8.59003067,632.0200195,-49.51504517,422,325.6158447,561.9400024,73.18325043,402,284.0401001,546.9099731,126.9236069,
463.0299988,54.16708755,403.0700073,686.0176392,562.9799805,134.9999695,562.9799805,214.755722,403.0700073,520.9130249,622.9400024,30.17919922,403.0700073,257.2606812,403.0700073,40.05362701,572.9400024,12.29923058,403.0700073,72.03781891,552.9799805,15.26609612,423.0700073,28.32248306,633.039978,-8.789536476,633.039978,-48.96869659,423.0700073,322.051239,562.9799805,71.01576996,403.0700073,281.1196594,547.9400024,122.6656876,
463.9299927,54.30242157,404,678.0719604,564.0200195,131.605484,564.0200195,208.1059418,404,529.6136475,623.9699707,28.20822144,404,260.1551819,404,42.04587173,573.9699707,12.02257919,404,71.4719696,554.0200195,15.1958313,424,29.14391708,634.0499878,-9.114870071,634.0499878,-49.75857925,424,319.136261,564.0200195,68.40001678,404,278.9675293,548.9699707,115.3293991,
465,56.19191742,405.0700073,681.925293,565.0700073,127.1794434,565.0700073,204.4749298,405.0700073,537.1838989,625,25.81877136,405.0700073,258.5491943,405.0700073,41.15887833,575,11.26456833,405.0700073,70.91203308,555.0700073,14.94792938,425.0700073,28.24113464,635.0700073,-9.424770355,635.0700073,-50.58675003,425.0700073,321.3085327,565.0700073,64.40882111,405.0700073,277.3905334,549.8499756,113.8439865,
466.0599976,55.13191223,406,686.9551392,565.9699707,123.3506317,565.9699707,199.2744293,406,542.3059082,626.0200195,23.1493988,406,259.7626038,406,41.14466476,576.0200195,11.20952606,406,69.93642426,555.9699707,15.02553177,426,28.26212311,635.9400024,-9.755075455,635.9400024,-50.8626976,426,317.1574097,565.9699707,64.73868561,406,272.7327271,550.8900146,109.3685837,
466.9599915,55.72458649,407.0700073,676.9632568,567.0100098,119.4339142,567.0100098,194.6291199,407.0700073,548.5286255,627.0499878,21.06356812,407.0700073,260.4526367,407.0700073,40.96996307,577.0499878,10.56298637,407.0700073,70.40570068,557.0100098,14.90937805,427.0700073,28.00099754,636.9500122,-9.651872635,636.9500122,-51.64822388,427.0700073,314.6374817,567.0100098,60.51755524,407.0700073,265.7723389,551.9400024,104.1912003,
468.0299988,56.49024582,408,678.3292236,568.0499878,116.0063934,568.0499878,188.3471985,408,555.9041748,627.9400024,18.13220215,408,260.639679,408,41.01070404,577.9400024,10.34321976,408,69.46246338,558.0499878,15.06297302,428,28.7030468,637.9699707,-9.965969086,637.9699707,-52.29246521,428,309.8630981,568.0499878,59.59815216,408,263.8473816,552.9799805,102.8715897,
468.9299927,56.65628815,409.0700073,679.8272095,568.9500122,109.5123596,568.9500122,182.5648499,409.0700073,567.760376,628.9699707,15.88928223,409.0700073,260.9812012,409.0700073,40.39775848,578.9699707,9.912694931,409.0700073,68.87541962,558.9500122,15.1002655,429.0700073,28.647686,638.9799805,-10.11533737,638.9799805,-52.83019257,429.0700073,306.895874,568.9500122,58.13651276,409.0700073,261.7746887,553.8800049,99.05623627,
470,56.98262024,410,671.8885498,570,106.0345154,570,178.7965851,410,571.2562866,630,12.79496765,410,265.1068726,410,39.93019867,580,9.674966812,410,68.79892731,560,14.83350563,430,28.86830139,640,-10.36784744,640,-53.64097595,430,305.5796204,570,55.3868103,410,256.2687683,554.9199829,94.70714569,
471.0599976,57.63400269,411.0599976,673.4946899,571.0200195,104.835083,571.0200195,176.295929,411.0599976,581.4436035,631.0100098,11.78514099,411.0599976,259.3053284,411.0599976,40.66564178,581.0200195,8.919471741,411.0599976,67.77494812,561.039978,15.02280426,431.0599976,28.95256233,641.0100098,-10.43208122,641.0100098,-53.55144882,431.0599976,304.39505,571.0200195,52.61966705,411.0599976,252.8518372,555.9699707,92.36798859,
471.9599915,58.29680252,411.9599915,671.5263062,572.0499878,98.97201538,572.0499878,171.7876282,411.9599915,587.0949707,632.0200195,10.00585938,411.9599915,261.5609436,411.9599915,41.09281158,582.0499878,9.051441193,411.9599915,66.32840729,561.9400024,14.64398193,431.9599915,28.73857117,642.0200195,-10.62532616,642.0200195,-53.70465469,431.9599915,302.2291565,572.0499878,50.6335907,411.9599915,249.3417053,556.8599854,87.67403412,
473.0299988,58.15190506,413.0299988,673.2203369,572.9400024,96.35032654,572.9400024,169.3751526,413.0299988,594.6121216,633.039978,6.6173172,413.0299988,261.3839111,413.0299988,40.53804779,582.9400024,8.331022263,413.0299988,65.60583496,562.9799805,14.22439003,433.0299988,28.73510361,643.039978,-10.94259357,643.039978,-54.65390778,433.0299988,300.3843384,572.9400024,50.07452393,413.0299988,245.3949585,557.9099731,87.28527069,
473.9299927,61.13031387,413.9299927,664.4181519,573.9699707,92.56666565,573.9699707,162.9144592,413.9299927,596.2936401,634.0499878,5.002182007,413.9299927,260.8209839,413.9299927,40.42377472,583.9699707,7.701272964,413.9299927,64.90435028,564.0200195,14.17712784,433.9299927,29.16234016,644.0499878,-10.79890347,644.0499878,-55.55990219,433.9299927,299.024231,573.9699707,46.52297974,413.9299927,240.4495087,558.9500122,82.44252777,
475,61.71022034,415,665.0183716,575,88.88005066,575,159.1165619,415,604.0953979,635.0700073,1.95350647,415,261.6430969,415,40.77248383,585,7.553647995,415,64.64294434,565.0700073,14.60658073,435,28.77623749,645.0700073,-10.97357559,645.0700073,-54.5619545,435,295.7327881,575,45.60946655,415,236.7689362,559.8499756,80.59123993,
476.0599976,62.65099716,416.0599976,665.1697998,576.0200195,86.98132324,576.0200195,155.9664764,416.0599976,615.9475098,635.9400024,-0.1466827393,416.0599976,262.8427429,416.0599976,40.71130371,586.0200195,6.35997963,416.0599976,64.13451385,565.9699707,13.432724,436.0599976,28.8408432,645.9400024,-11.00921059,645.9400024,-56.38025284,436.0599976,294.8010559,576.0200195,45.30342102,416.0599976,233.4005432,560.8900146,77.4978714,
476.9599915,63.18621826,416.9599915,662.4484253,577.0499878,84.8948822,577.0499878,151.9688416,416.9599915,623.4263916,636.9500122,-2.746582031,416.9599915,261.8056641,416.9599915,40.89750671,587.0499878,6.318628311,416.9599915,64.18665314,567.0100098,13.25362015,436.9599915,29.15224457,646.9500122,-11.41593838,646.9500122,-56.23376465,436.9599915,292.3857117,577.0499878,42.71834564,416.9599915,226.6208191,561.9400024,74.87634277,
478.0299988,64.1140976,418.0299988,663.0925903,577.9400024,81.57345581,577.9400024,147.2877197,418.0299988,637.4030151,637.9699707,-4.562812805,418.0299988,263.2341919,418.0299988,40.82138824,587.9400024,5.713386536,418.0299988,62.68779755,568.0499878,12.96364594,438.0299988,29.52995491,647.9699707,-11.4015522,647.9699707,-56.80286789,438.0299988,292.37677,577.9400024,40.71994781,418.0299988,224.1753845,562.9799805,71.52305603,
478.9299927,63.25474167,418.9299927,667.5946045,578.9699707,78.18539429,578.9699707,144.6460266,418.9299927,640.0322876,638.9799805,-5.920036316,418.9299927,263.315094,418.9299927,41.10292435,588.9699707,5.332643509,418.9299927,62.6957016,568.9500122,12.32598686,438.9299927,29.79006195,648.9799805,-12.00447655,648.9799805,-57.57323456,438.9299927,289.0330505,578.9699707,38.8245163,418.9299927,221.6665039,563.8800049,70.88635254,
480,64.67685699,420,664.0404053,580,74.01481628,580,141.7027588,420,652.8797607,640,-7.592712402,420,262.5043945,420,41.27995682,590,5.551374435,420,61.32726288,570,12.86446953,440,29.28322983,650,-11.54386139,650,-56.97484589,440,286.8456726,580,36.55278015,420,216.6052856,564.9199829,68.02347565,
481.0599976,67.5774765,421.0700073,662.0350342,581.0200195,72.0030365,581.0200195,138.3796539,421.0700073,657.8580933,641.0100098,-10.14753723,421.0700073,260.316864,421.0700073,41.10852432,591.0200195,4.704229355,421.0700073,61.46455383,571.0200195,12.08615875,441.0599976,29.40285683,651,-12.38220787,651,-58.29414368,441.0599976,286.6192322,581.0200195,34.83631897,421.0700073,213.5492554,565.9699707,64.6629715,
481.9599915,67.49658203,422,661.8882446,582.0499878,68.21566772,582.0499878,134.9616394,422,662.6608276,642.0200195,-12.92829895,422,259.0388794,422,40.96594238,592.0499878,4.805461884,422,61.48767853,572.0499878,11.80775261,441.9599915,29.30568314,652,-12.29021835,652,-59.25471115,441.9599915,283.1890259,582.0499878,33.88818359,422,210.599762,566.8599854,62.72667694,
483.0299988,70.47613525,423.0700073,662.2568359,582.9400024,65.61837769,582.9400024,131.3532562,423.0700073,671.9438477,643.039978,-13.44477844,423.0700073,258.0591125,423.0700073,40.99733353,592.9400024,3.80712986,423.0700073,58.95423889,572.9400024,11.66308594,443.0299988,29.83956718,653,-12.10343552,653,-58.48110199,443.0299988,281.2851868,582.9400024,32.87678528,423.0700073,205.9703979,567.9099731,61.76272583,
483.9299927,69.91917419,424,655.7587891,583.9699707,63.73497009,583.9699707,128.4869843,424,674.7839355,644.0499878,-16.12438202,424,255.0027924,424,40.18966293,593.9699707,3.587853432,424,58.60901642,573.9699707,10.338974,443.9299927,29.99837494,654,-12.31456184,654,-59.68138885,443.9299927,279.3596802,583.9699707,29.9726181,424,201.0056,568.9500122,57.22306061,
485,72.66973114,425.0700073,653.9207153,585,60.88615417,585,124.5127335,425.0700073,681.1044922,645.0700073,-16.96934509,425.0700073,253.1522369,425.0700073,40.2509346,595,3.251907349,425.0700073,57.23264694,575,10.83148575,445,29.88763237,655,-12.62542248,655,-59.88034439,445,278.2352905,585,29.29076385,425.0700073,196.7583923,569.8499756,56.75113678,
486.0599976,73.61964417,426,646.9675293,586.0200195,58.22418213,586.0200195,123.8338394,426,679.9984741,645.9400024,-19.4933548,426,251.5675507,426,40.54822922,596.0200195,3.078789711,426,57.53342819,576.0200195,9.258584976,446.0599976,30.15834427,656,-12.7438364,656,-59.92932892,446.0599976,274.7383728,586.0200195,27.74251556,426,191.0924835,570.8800049,55.02365875,
486.9599915,73.2257309,427.0700073,643.9862061,587.0499878,55.60165405,587.0499878,120.3356552,427.0700073,683.6947021,646.9500122,-20.91583252,427.0700073,246.7914124,427.0700073,39.88714218,597.0499878,2.766077995,427.0700073,55.59194565,577.0499878,9.582355499,446.9599915,30.26821899,657,-12.95317078,657,-61.31918716,446.9599915,272.8534241,587.0499878,25.98815155,427.0700073,187.3516235,571.9099731,52.56877136,
488.0299988,74.32896423,428,639.9342651,587.9400024,53.52433777,587.9400024,118.6227493,428,688.1947021,647.9699707,-22.39245605,428,244.0193481,428,39.71535492,597.9400024,2.305240631,428,54.3765564,577.9400024,9.303873062,448.0299988,29.60342216,658,-12.94089699,658,-61.36762238,448.0299988,272.9088135,587.9400024,26.48422241,428,181.055191,572.9400024,50.75428772,
488.9299927,76.37957764,429.0700073,632.3657227,588.9699707,51.1477356,588.9699707,116.0975876,429.0700073,692.2463989,648.9799805,-24.5439682,429.0700073,238.0476227,429.0700073,38.91879654,598.9699707,2.080442429,429.0700073,52.86003876,578.9699707,8.615856171,448.9299927,30.16570663,659,-12.97918701,659,-61.70018768,448.9299927,269.2958374,588.9699707,24.81513977,429.0700073,176.1549988,573.9699707,48.16090393,
490,79.55921936,430,629.3610229,590,49.05198669,590,113.0295944,430,694.9396973,650,-25.45788574,430,234.4369202,430,38.61021423,600,1.646432877,430,52.39422989,580,7.817684174,450,30.41921616,660,-13.20838928,660,-62.27724075,450,265.1887207,590,23.11786652,430,169.7810974,574.8499756,46.94667053,
491.0400085,79.73021698,431.0599976,625.0918579,591.0200195,46.86239624,591.0200195,108.9691696,431.0599976,700.6827393,651,-27.29592896,431.0599976,231.6022491,431.0599976,38.48789215,601.0200195,0.8569173813,431.0599976,50.78380203,581.0200195,7.902814865,451.0599976,29.33688736,661.0100098,-13.09314251,661.0100098,-62.60224915,451.0599976,260.6453247,591.0200195,23.09571838,431.0599976,165.99617,575.8800049,46.74654388,
491.9400024,82.63393402,431.9599915,622.8950806,592.0499878,44.85777283,592.0499878,108.8950119,431.9599915,702.8432617,652,-29.21261597,431.9599915,227.4531403,431.9599915,38.82026291,602.0499878,0.7368507385,431.9599915,50.2477684,582.0499878,7.354883194,451.9599915,30.16187477,662.0200195,-13.19355583,662.0200195,-63.32955933,451.9599915,259.6151123,592.0499878,21.77171326,431.9599915,162.614502,576.9099731,43.16677094,
492.980011,83.52324677,433.0299988,619.2636108,592.9400024,41.81208801,592.9400024,104.4118118,433.0299988,707.5588379,653,-30.35838318,433.0299988,223.1271057,433.0299988,39.798069,602.9400024,0.6529903412,433.0299988,48.65694046,582.9400024,7.112358093,453.0299988,30.36242867,663.039978,-13.30617237,663.039978,-63.24085999,453.0299988,255.8238068,592.9400024,21.92108917,433.0299988,156.5478516,577.9400024,43.13085938,
494.019989,86.37516785,433.9299927,613.3200684,593.9699707,40.76600647,593.9699707,104.3775558,433.9299927,715.6751099,654,-31.55091095,433.9299927,220.0912323,433.9299927,38.3075676,603.9699707,0.2610588074,433.9299927,48.55986404,583.9699707,6.507287979,453.9299927,30.11381721,664.0499878,-13.36319542,664.0499878,-63.17566681,453.9299927,254.2203217,593.9699707,18.00888062,433.9299927,152.8340912,578.9699707,40.56391907,
495.0700073,85.41337585,435,608.9298096,595,38.21469116,595,100.5302734,435,719.6409912,655,-33.41703796,435,214.7318115,435,38.13525009,605,-0.134185791,435,47.0843811,585,6.425828934,455,30.17143059,665.0700073,-13.6648922,665.0700073,-63.27793121,455,252.4482269,595,18.29407501,435,146.5547333,579.8499756,39.28056335,
495.9700012,86.29096985,436.0599976,608.258606,596.0200195,35.53846741,596.0200195,98.58059692,436.0599976,720.6309814,656,-34.68364716,436.0599976,212.2437439,436.0599976,38.14679718,606.0200195,-0.6741361618,436.0599976,46.79177094,586.0200195,5.769666672,456.0599976,30.87926292,665.9400024,-13.65782738,665.9400024,-64.25775146,456.0599976,249.787735,596.0200195,17.00815582,436.0599976,142.4364624,580.8800049,36.96343231,
497.0100098,90.33773804,436.9599915,602.1534424,597.0499878,34.36376953,597.0499878,95.33364105,436.9599915,726.3001099,657,-36.58546448,436.9599915,207.7511292,436.9599915,37.88068008,607.0499878,-0.8226652145,436.9599915,45.60943604,587.0499878,5.825975418,456.9599915,30.15844727,666.9500122,-13.63911724,666.9500122,-64.56145477,456.9599915,247.3076019,597.0499878,15.5096283,436.9599915,138.94841,581.9099731,37.06465149,
498.0499878,91.02788544,438.0299988,600.8163452,597.9400024,32.68145752,597.9400024,95.04096985,438.0299988,732.6589355,658,-38.34660339,438.0299988,202.4098816,438.0299988,38.07518768,607.9400024,-1.384199142,438.0299988,44.56308746,587.9400024,4.762385368,458.0299988,30.59745216,667.9699707,-14.11797237,667.9699707,-65.33692932,458.0299988,242.3037262,597.9400024,15.06951904,438.0299988,133.2838898,582.9400024,35.34687805,
498.9500122,90.62669373,438.9299927,599.3173828,598.9699707,28.2831955,598.9699707,91.4515152,438.9299927,736.9735107,659,-39.65431976,438.9299927,199.4847412,438.9299927,37.56679535,608.9699707,-1.092926979,438.9299927,44.19279861,588.9699707,5.064006805,458.9299927,31.01862717,668.9799805,-13.82681751,668.9799805,-65.93254089,458.9299927,245.623642,598.9699707,14.90267944,438.9299927,129.6971741,583.9699707,33.36201477,
500,92.70147705,440,596.6864014,600,29.01842499,600,89.89451599,440,741.3977051,660,-39.9469986,440,193.8530426,440,37.00178909,610,-1.786581993,440,43.08125687,590,4.515080452,460,30.28942299,670,-14.19934654,670,-66.20705414,460,244.5243683,600,13.00321198,440,125.563118,584.8499756,32.81842804,
,,441.0599976,595.8103638,,,,,441.0599976,748.6126099,661.0100098,-42.20461273,441.0599976,189.0748138,441.0599976,37.67199326,611.0100098,-1.336881638,441.0599976,43.06393433,591.0200195,3.985844612,461.0599976,31.24443436,671,-14.1490097,671,-66.46598816,461.0599976,239.7892151,601.0200195,12.42074585,441.0599976,122.0893326,585.8800049,30.19480896,
,,441.9599915,588.717041,,,,,441.9599915,743.8632202,662.0200195,-43.77892303,441.9599915,185.2516937,441.9599915,37.16085434,612.0200195,-1.987582207,441.9599915,41.32527542,592.0499878,3.775135994,461.9599915,30.59491158,672,-13.9407959,672,-67.25861359,461.9599915,239.1682892,602.0499878,10.19123077,441.9599915,118.9854507,586.9099731,30.72425079,
,,443.0299988,583.8149414,,,,,443.0299988,748.0114746,663.039978,-45.08370972,443.0299988,181.5146942,443.0299988,36.56585312,613.039978,-2.077623367,443.0299988,40.25193405,592.9400024,3.178378105,463.0299988,30.66509247,673,-14.13737679,673,-66.79206848,463.0299988,235.4314423,602.9400024,10.17527771,443.0299988,115.0659943,587.9400024,28.03091431,
,,443.9299927,577.3370361,,,,,443.9299927,754.0715332,664.0499878,-46.04949951,443.9299927,175.5112152,443.9299927,36.74869919,614.0499878,-2.477219582,443.9299927,39.48757553,593.9699707,3.103012085,463.9299927,30.83419037,674,-14.30996704,674,-68.00001526,463.9299927,231.7121429,603.9699707,8.792289734,443.9299927,110.942482,588.9699707,28.0453186,
,,445,573.6430054,,,,,445,755.7300415,665.0700073,-47.77386475,445,171.8173065,445,37.01744843,615.0700073,-2.782254219,445,38.43637848,595,3.045851707,465,31.27183533,675,-14.49699593,675,-68.42501831,465,229.1277771,605,8.40587616,445,105.8938065,589.8499756,25.90188599,
,,446.0599976,570.3695679,,,,,446.0599976,761.866272,665.9400024,-47.9056015,446.0599976,167.513855,446.0599976,36.40049744,615.9400024,-3.286811829,446.0599976,37.98996353,596.0200195,2.522615433,466.0599976,30.57076836,676,-14.29761314,676,-69.28157043,466.0599976,228.8702393,606.0200195,8.104370117,446.0599976,105.0065002,590.8800049,24.52503967,
,,446.9599915,567.7280273,,,,,446.9599915,764.6021729,666.9500122,-49.77121735,446.9599915,164.3264618,446.9599915,35.7159729,616.9500122,-3.041460037,446.9599915,37.21102905,597.0499878,2.451407433,466.9599915,30.61846352,677,-14.5310936,677,-68.81040192,466.9599915,227.963028,607.0499878,7.45526123,446.9599915,100.7418442,591.9099731,24.13047791,
,,448.0299988,563.9081421,,,,,448.0299988,762.8009644,667.9699707,-50.42033386,448.0299988,161.201767,448.0299988,36.20632172,617.9699707,-3.250845909,448.0299988,35.80813599,597.9400024,1.969244003,468.0299988,30.15391922,678,-14.39400387,678,-69.08486938,468.0299988,226.1647034,607.9400024,6.16463089,448.0299988,97.46940613,592.9400024,22.20837402,
,,448.9299927,556.2893066,,,,,448.9299927,763.3474121,668.9799805,-50.88162231,448.9299927,157.9416351,448.9299927,36.48690033,618.9799805,-3.72665453,448.9299927,35.33994293,598.9699707,1.744102478,468.9299927,30.81672287,679,-14.71502113,679,-70.00502777,468.9299927,220.1775513,608.9699707,5.654052734,448.9299927,94.87218475,593.9699707,23.6010437,
,,450,554.9486694,,,,,450,761.8970337,670,-53.04893494,450,151.0566406,450,35.74479675,620,-4.109413624,450,33.68264008,600,1.652906418,470,29.82546616,680,-14.76435089,680,-70.90158081,470,219.9350891,610,5.232387543,450,91.31001282,594.8499756,22.36471558,
,,451.0599976,549.0657349,,,,,451.0599976,763.5425415,671,-54.39500427,451.0599976,147.1830902,451.0599976,34.9937706,621.0200195,-3.822118759,451.0599976,32.69105148,601.0200195,1.054717064,471.0599976,29.98563957,681,-14.81508732,681,-70.63596344,471.0599976,219.8696594,611.0100098,3.084819794,451.0599976,87.92582703,595.8800049,19.91712952,
,,451.9599915,540.5939941,,,,,451.9599915,765.5286255,672,-55.3754158,451.9599915,142.7213287,451.9599915,35.17934418,622.0499878,-4.548259735,451.9599915,32.61514282,602.0499878,0.6667785645,471.9599915,29.70302963,682,-14.70108128,682,-71.12684631,471.9599915,216.1779633,612.0200195,2.707107544,451.9599915,85.37311554,596.9099731,18.64749146,
,,453.0299988,535.0304565,,,,,453.0299988,765.1131592,673,-56.33997345,453.0299988,138.7060394,453.0299988,34.35508347,622.9400024,-4.787827969,453.0299988,30.7570076,602.9400024,0.3291921616,473.0299988,30.23184204,683,-14.80393124,683,-71.55838013,473.0299988,212.7941284,613.039978,2.43920517,453.0299988,81.92034912,597.9400024,18.16697693,
,,453.9299927,532.8405762,,,,,453.9299927,766.3069458,674,-57.09802628,453.9299927,135.7948456,453.9299927,34.49979401,623.9699707,-4.921820164,453.9299927,29.50384903,603.9699707,0.3489093781,473.9299927,30.36732674,684,-14.87426186,684,-72.1794281,473.9299927,211.0148163,614.0499878,1.300952911,453.9299927,79.20452118,598.9699707,17.18765259,
,,455,526.0727539,,,,,455,766.2545166,675,-57.82880783,455,130.3768005,455,34.20891571,625,-4.884252071,455,28.92723083,605,-0.1924066544,475,30.14053345,685,-15.09774494,685,-71.85855865,475,210.9128265,615.0700073,0.3007469177,455,76.49621582,599.8499756,16.86645508,
,,456.0599976,520.7518311,,,,,456.0599976,767.9345703,676,-59.90557861,456.0599976,126.8324966,456.0599976,33.48498917,626.0200195,-5.133691788,456.0599976,28.00212097,606.0200195,-0.1922063828,476.0599976,29.88445854,686,-14.94274139,686,-72.25657654,476.0599976,208.4254608,615.9400024,1.392757416,456.0599976,73.52780151,600.8800049,15.82279968,
,,456.9599915,516.7021484,,,,,456.9599915,769.8679199,677,-60.53841019,456.9599915,123.2151871,456.9599915,33.22486496,627.0499878,-5.274494171,456.9599915,26.79850769,607.0499878,-0.2407226563,476.9599915,29.68649292,687,-15.02299881,687,-72.62538147,476.9599915,207.7706451,616.9500122,-0.1519126892,456.9599915,69.74633026,601.9099731,15.27282715,
,,458.0299988,518.5762939,,,,,458.0299988,774.5947266,678,-62.17064667,458.0299988,118.6299057,458.0299988,33.38752747,627.9400024,-5.37658453,458.0299988,25.96837997,607.9400024,-0.9820327759,478.0299988,29.44104195,688,-15.18494797,688,-72.84960175,478.0299988,208.6606598,617.9699707,-1.229068756,458.0299988,66.82521057,602.9400024,13.31813049,
,,458.9299927,511.6520081,,,,,458.9299927,770.3630981,679,-63.95760345,458.9299927,114.2971191,458.9299927,32.85514832,628.9699707,-5.727925301,458.9299927,25.08746719,608.9699707,-1.3095541,478.9299927,28.93909836,689,-15.12389183,689,-73.235672,478.9299927,203.8086853,618.9799805,-1.863059998,458.9299927,64.76741791,603.9699707,12.92956543,
,,460,510.8169861,,,,,460,773.7263794,680,-64.37785339,460,112.1288452,460,32.49358368,630,-5.61309433,460,24.68884659,610,-0.8819236755,480,29.31398773,690,-15.22892952,690,-73.05218506,480,200.9776001,620,-2.717761993,460,62.54914093,604.8499756,12.66165924,
,,461.0599976,509.242218,,,,,461.0599976,772.6384888,681,-64.72207642,,,461.0599976,31.75136948,631.0100098,-6.268680096,461.0599976,23.46353531,611.0100098,-1.558631897,481.0400085,28.66523933,691,-15.02263737,691,-73.4910965,481.0400085,200.8060455,621.0200195,-3.549949646,,,605.8800049,11.33272552,
,,461.9599915,505.7355652,,,,,461.9599915,769.7935181,682,-66.69667816,,,461.9599915,32.10284424,632.0200195,-5.907323837,461.9599915,22.76875687,612.0200195,-2.221265793,481.9400024,28.9770031,692,-15.1417942,692,-73.74195099,481.9400024,202.4831085,622.0499878,-4.029033661,,,606.9099731,10.24451065,
,,463.0299988,496.6047668,,,,,463.0299988,766.2695313,683,-66.85063171,,,463.0299988,31.47644806,633.039978,-6.35917902,463.0299988,21.7915802,613.039978,-1.864831924,482.980011,28.63046455,693,-15.21366692,693,-73.15886688,482.980011,202.3985138,622.9400024,-5.176921844,,,607.9400024,11.11660004,
,,463.9299927,490.2874756,,,,,463.9299927,761.4713745,684,-67.37132263,,,463.9299927,30.64339828,634.0499878,-6.592720032,463.9299927,21.07038879,614.0499878,-2.372362614,484.019989,28.28924942,694,-15.20438385,694,-73.56382751,484.019989,200.7814026,623.9699707,-5.023654938,,,608.9699707,9.111515045,
,,465,487.9797668,,,,,465,761.3062134,685,-69.17854309,,,465,30.23763657,635.0700073,-6.672752857,465,20.09273148,615.0700073,-2.604212284,485.0700073,27.90168762,695,-15.28374672,695,-73.84627533,485.0700073,201.0767517,625,-6.717308044,,,609.8499756,7.686203003,
,,466.0599976,485.8100281,,,,,466.0599976,761.2536011,686,-69.1257782,,,466.0599976,30.95876312,635.9400024,-6.647596836,466.0599976,19.40560532,615.9400024,-2.66852808,485.9700012,27.6180191,696,-15.32446384,696,-73.46058655,485.9700012,200.0007172,626.0200195,-6.881454468,,,610.8599854,8.444469452,
,,466.9599915,481.8126526,,,,,466.9599915,756.1123047,687,-70.04057312,,,466.9599915,29.5402813,636.9500122,-6.976462364,466.9599915,18.21169662,616.9500122,-2.762546539,487.0100098,27.9825592,697,-15.10274792,697,-73.7223053,487.0100098,198.5010376,627.0499878,-7.248645782,,,611.8800049,6.825431824,
,,468.0299988,481.8339844,,,,,468.0299988,752.9498291,688,-70.23822784,,,468.0299988,29.12148857,637.9699707,-7.120588303,468.0299988,17.62379837,617.9699707,-2.964980602,488.0499878,27.15398979,698,-15.28050232,698,-74.03907776,488.0499878,198.1194763,627.9400024,-8.5744133,,,612.8900146,6.861545563,
,,468.9299927,477.6651001,,,,,468.9299927,749.2783203,689,-70.89173889,,,468.9299927,29.3182354,638.9799805,-7.118756294,468.9299927,17.0198555,618.9799805,-3.208003044,488.9500122,26.52938652,699,-15.5782795,699,-74.51860046,488.9500122,197.1987915,628.9699707,-8.231708527,,,613.9099731,5.540473938,
,,470,473.3139038,,,,,470,752.6103516,690,-70.85366821,,,470,29.20039558,640,-7.507436275,470,15.89965343,620,-3.38025856,490,26.92271614,700,-15.23620605,700,-74.10089111,490,196.9412079,630,-9.401622772,,,614.9199829,4.627643585,
,,471.0599976,476.7504883,,,,,471.0599976,745.9810791,691,-71.6068573,,,471.0599976,27.96090317,641.0100098,-7.290628433,471.0599976,15.8155489,621.0200195,-3.963163376,491.0599976,25.72356987,,,,,491.0599976,196.3582153,631.0100098,-9.901447296,,,615.9400024,5.603004456,
,,471.9599915,472.7478027,,,,,471.9599915,740.7888794,692,-71.57218933,,,471.9599915,27.86300659,642.0200195,-7.307585716,471.9599915,14.57822704,622.0499878,-4.0465312,491.9599915,25.81775284,,,,,491.9599915,194.6707001,632.0200195,-11.27194977,,,616.9500122,2.726657867,
,,473.0299988,469.4311523,,,,,473.0299988,737.7850952,693,-71.43791199,,,473.0299988,26.63191605,643.039978,-7.718976021,473.0299988,14.3295927,622.9400024,-4.201232433,493.0299988,25.31313515,,,,,493.0299988,194.6192169,633.039978,-10.52419281,,,617.9699707,2.99489975,
,,473.9299927,471.230896,,,,,473.9299927,735.7039795,694,-72.82171631,,,473.9299927,26.62744331,644.0499878,-7.581642628,473.9299927,13.6463213,623.9699707,-4.123337269,493.9299927,24.49554253,,,,,493.9299927,193.8953705,634.0499878,-12.17202377,,,618.9799805,2.988418579,
,,475,468.3989258,,,,,475,736.9453735,695,-72.73251343,,,475,25.8169117,645.0700073,-7.829360008,475,12.80319881,625,-4.2641716,495,24.13093758,,,,,495,192.9899445,635.0700073,-12.14334106,,,619.8499756,1.490825653,
,,476.0599976,464.2402039,,,,,476.0599976,724.8029785,696,-73.57634735,,,476.0599976,26.52383614,645.9400024,-8.244335175,,,626.0200195,-4.470285892,496.0599976,23.89182854,,,,,496.0599976,191.068634,635.9400024,-13.07844543,,,620.8800049,1.243331909,
,,476.9599915,468.3348694,,,,,476.9599915,727.8199463,697,-74.49684906,,,476.9599915,25.67233276,646.9500122,-8.255993843,,,627.0499878,-4.682562828,496.9599915,23.79457474,,,,,496.9599915,192.080658,636.9500122,-12.7387085,,,621.9099731,0.3081016541,
,,478.0299988,467.7648621,,,,,478.0299988,720.2827148,698,-74.44239807,,,478.0299988,25.03671455,647.9699707,-8.307804108,,,627.9400024,-4.950005531,498.0299988,23.38305855,,,,,498.0299988,190.8496857,637.9699707,-13.24875641,,,622.9400024,-0.6066627502,
,,478.9299927,465.6907959,,,,,478.9299927,721.8234863,699,-75.03039551,,,478.9299927,24.23735046,648.9799805,-8.409191132,,,628.9699707,-5.182952881,498.9299927,23.14626122,,,,,498.9299927,191.2864227,638.9799805,-14.50100708,,,623.9699707,-1.181930542,
,,480,468.0388794,,,,,480,709.9641724,700,-75.0219574,,,480,23.88845444,650,-8.380467415,,,630,-5.150089264,500,22.64663506,,,,,500,189.8329468,640,-14.74120331,,,624.8499756,-3.044975281,
,,481.0400085,474.6334839,,,,,481.0400085,713.3129272,701,-75.93774414,,,481.0400085,22.98048401,651,-8.426424026,,,631.0100098,-5.581659794,501.0400085,22.42609787,,,,,501.0400085,188.4277954,641.0100098,-15.83946228,,,625.8800049,-2.146793365,
,,481.9400024,478.9256592,,,,,481.9400024,714.5898438,702,-76.03981018,,,481.9400024,23.05491829,652,-8.531469345,,,632.0200195,-5.421622276,501.9400024,21.09645462,,,,,501.9400024,185.5724945,642.0200195,-16.11724472,,,626.9099731,-3.000644684,
,,482.980011,483.5939941,,,,,482.980011,718.975647,703,-76.24549866,,,482.980011,21.91843033,653,-8.559160233,,,633.039978,-5.838612556,502.980011,21.23196793,,,,,502.980011,182.8510437,643.039978,-16.31149673,,,627.9400024,-3.346641541,
,,484.019989,486.7423096,,,,,484.019989,714.6755371,704,-77.28144836,,,484.019989,21.31138229,654,-8.94853878,,,634.0499878,-5.673952103,504.019989,19.70262909,,,,,504.019989,178.7108154,644.0499878,-16.25754929,,,628.9699707,-3.614257813,
,,485.0700073,494.0205994,,,,,485.0700073,715.232666,705,-78.20862579,,,485.0700073,20.80554199,655,-9.100034714,,,635.0700073,-5.77664423,505.0700073,18.94426537,,,,,505.0700073,176.2419434,645.0700073,-17.0112648,,,629.8499756,-4.304969788,
,,485.9700012,493.6034241,,,,,485.9700012,714.0401611,706,-78.49217987,,,485.9700012,20.92960548,656,-8.976493835,,,635.9400024,-5.878009319,505.9700012,19.84888458,,,,,,,645.9400024,-17.61788559,,,630.8599854,-6.285438538,
,,487.0100098,497.5906677,,,,,487.0100098,712.6276855,707,-78.67913818,,,487.0100098,19.69212151,657,-9.125966072,,,636.9500122,-6.294064045,507.0100098,19.04902077,,,,,,,646.9500122,-17.77377319,,,631.8800049,-6.187038422,
,,488.0499878,497.7477112,,,,,488.0499878,713.4923096,708,-79.30075073,,,488.0499878,19.53178215,658,-9.184357643,,,637.9699707,-6.421646118,508.0499878,18.24439621,,,,,,,647.9699707,-19.65702438,,,632.8900146,-6.606391907,
,,488.9500122,502.3663635,,,,,488.9500122,714.6265869,709,-79.75024414,,,488.9500122,18.4734745,659,-9.016467094,,,638.9799805,-6.147205353,508.9500122,17.8513813,,,,,,,648.9799805,-19.06894302,,,633.9099731,-6.69890213,
,,490,506.3414001,,,,,490,712.7362671,710,-80.19819641,,,490,17.61841011,660,-9.225892067,,,640,-6.669082165,510,17.75408554,,,,,,,650,-19.74501801,,,634.9199829,-8.081390381,
,,491.0599976,506.5212097,,,,,491.0599976,717.4459839,710.9799805,-80.73449707,,,491.0599976,17.42422867,661.0100098,-9.366752625,,,641.0100098,-6.683160305,511.0400085,17.26196098,,,,,,,651,-20.59363556,,,635.9400024,-7.568180084,
,,491.9599915,509.2240295,,,,,491.9599915,720.3649292,711.9699707,-80.94011688,,,491.9599915,16.72229576,662.0200195,-9.477264404,,,642.0200195,-6.80715704,511.9400024,16.77876663,,,,,,,652,-21.56315994,,,636.9500122,-8.945571899,
,,493.0299988,511.1966248,,,,,493.0299988,726.7529907,712.9500122,-82.27592468,,,493.0299988,16.04552269,663.039978,-9.5759058,,,643.039978,-6.835398197,512.9799805,15.65495014,,,,,,,653,-20.16865921,,,637.9699707,-9.732723236,
,,493.9299927,509.1404114,,,,,493.9299927,730.1555786,713.9400024,-82.29277802,,,493.9299927,16.17242432,664.0499878,-9.476400375,,,644.0499878,-6.968060017,514.0200195,15.26610088,,,,,,,654,-21.50545883,,,638.9799805,-9.373806,
,,495,505.1104431,,,,,495,736.3015137,715.0700073,-82.66706085,,,495,15.01692104,665.0700073,-9.77091217,,,645.0700073,-7.048790932,515.0700073,15.06324291,,,,,,,655,-22.04229736,,,639.8499756,-10.14569855,
,,496.0599976,500.9499817,,,,,496.0599976,751.4468994,716.0499878,-83.60418701,,,496.0599976,14.40274334,665.9400024,-9.772200584,,,645.9400024,-7.042890072,515.9699707,14.61666203,,,,,,,656,-22.37179947,,,640.8599854,-10.54177856,
,,496.9599915,502.8241882,,,,,496.9599915,767.5939941,717.039978,-84.13539124,,,496.9599915,14.00948811,666.9500122,-9.833459854,,,646.9500122,-7.237606525,517.0100098,13.81983662,,,,,,,657,-23.30506134,,,641.8800049,-11.2637291,
,,498.0299988,500.1907043,,,,,498.0299988,782.381958,718.0200195,-84.52536011,,,498.0299988,13.30123425,667.9699707,-9.872095108,,,647.9699707,-7.201373577,518.0499878,13.16458893,,,,,,,658,-22.47705841,,,642.8900146,-11.43326569,
,,498.9299927,494.5804138,,,,,498.9299927,794.1521606,719.0100098,-85.14289856,,,498.9299927,13.29062176,668.9799805,-9.86771965,,,648.9799805,-7.235159397,518.9500122,13.52785492,,,,,,,659,-24.07149887,,,643.9099731,-11.60245895,
,,500,488.2878418,,,,,500,805.0320435,720,-85.52740479,,,500,13.03429317,670,-9.763525963,,,650,-7.482557297,520,12.78588009,,,,,,,660,-23.53784561,,,644.9199829,-12.1376915,
,,,,,,,,501.0400085,823.6461792,720.9799805,-86.38006592,,,501.0400085,12.10118294,671,-10.00941086,,,651,-7.291982651,521.039978,12.44556141,,,,,,,661.0100098,-24.36942673,,,645.9400024,-12.92826462,
,,,,,,,,501.9400024,841.3363647,721.9699707,-86.75914001,,,501.9400024,12.09301949,672,-10.15582657,,,652,-7.494158745,521.9400024,11.61192036,,,,,,,662.0200195,-25.05137825,,,646.9500122,-14.22153473,
,,,,,,,,502.980011,857.711731,722.9500122,-87.32679749,,,502.980011,11.03579044,673,-10.14344788,,,653,-7.482275486,522.9799805,11.13329411,,,,,,,663.039978,-25.97628403,,,647.9699707,-14.31583405,
,,,,,,,,504.019989,880.423645,723.9400024,-87.75660706,,,504.019989,10.20383263,674,-10.09704304,,,654,-7.693529129,524.0200195,10.90453911,,,,,,,664.0499878,-26.01247215,,,648.9799805,-14.25661469,
,,,,,,,,505.0700073,896.7492676,725.0700073,-88.41326904,,,505.0700073,9.984581947,675,-10.11650467,,,655,-7.947092533,525.0700073,10.61145973,,,,,,,665.0700073,-26.37162399,,,649.8499756,-15.07001114,
,,,,,,,,505.9700012,906.3810425,726.0499878,-89.23683167,,,505.9700012,9.628927231,676,-10.28343296,,,656,-7.778385162,525.9699707,10.25113869,,,,,,,665.9400024,-26.42739677,,,650.8499756,-14.88158035,
,,,,,,,,507.0100098,922.5915527,727.039978,-89.5041275,,,507.0100098,8.892274857,677,-10.25818062,,,657,-7.984452724,527.0100098,9.955543518,,,,,,,666.9500122,-27.33102226,,,651.8499756,-15.65665817,
,,,,,,,,508.0499878,938.4991455,728.0200195,-90.3147583,,,508.0499878,8.363780022,678,-10.25098228,,,658,-7.922968864,528.0499878,9.346398354,,,,,,,667.9699707,-27.72144508,,,652.8499756,-16.37368393,
,,,,,,,,508.9500122,951.4312744,729.0100098,-90.57253265,,,508.9500122,7.583402634,679,-10.52035332,,,659,-8.058498383,528.9500122,9.161612511,,,,,,,668.9799805,-27.91654778,,,653.8499756,-15.71316528,
,,,,,,,,510,959.7070313,730,-90.76544952,,,510,7.637347221,680,-10.50354862,,,660,-8.17017746,530,9.051775932,,,,,,,670,-27.97059631,,,654.8499756,-17.16307449,
,,,,,,,,,,730.9799805,-91.31874084,,,,,681,-10.57184601,,,661.0100098,-8.178331375,531.039978,9.144288063,,,,,,,671,-28.17492867,,,655.8499756,-17.64009094,
,,,,,,,,,,731.9699707,-91.94725037,,,,,682,-10.56726837,,,662.0200195,-8.302067757,531.9400024,8.424699783,,,,,,,672,-28.29722023,,,656.8499756,-18.00691223,
,,,,,,,,,,732.9500122,-92.40390015,,,,,683,-10.59740448,,,663.039978,-8.252977371,532.9799805,8.405076027,,,,,,,673,-29.3021965,,,657.8499756,-18.90966415,
,,,,,,,,,,733.9400024,-92.51838684,,,,,684,-10.59387779,,,664.0499878,-8.517760277,534.0200195,8.368183136,,,,,,,674,-30.47792244,,,658.8499756,-18.35982132,
,,,,,,,,,,735.0700073,-93.1842041,,,,,685,-10.69157219,,,665.0700073,-8.377445221,535.0700073,7.843941689,,,,,,,675,-30.52002335,,,659.8499756,-18.80877686,
,,,,,,,,,,736.0499878,-94.36837006,,,,,686,-10.61336517,,,665.9400024,-8.591264725,535.9699707,7.776816368,,,,,,,676,-30.52535439,,,660.8599854,-19.9510498,
,,,,,,,,,,737.039978,-94.07557678,,,,,687,-10.68928051,,,666.9500122,-8.565027237,537.0100098,7.447331429,,,,,,,677,-31.423172,,,661.8800049,-20.49756241,
,,,,,,,,,,738.0200195,-94.5690918,,,,,688,-10.50976372,,,667.9699707,-8.639501572,538.0499878,7.310387611,,,,,,,678,-31.50325966,,,662.8900146,-21.3399086,
,,,,,,,,,,739.0100098,-95.09819794,,,,,689,-10.6268425,,,668.9799805,-8.637147903,538.9500122,7.158143044,,,,,,,679,-32.39576721,,,663.9099731,-19.92682266,
,,,,,,,,,,740,-95.54730225,,,,,690,-10.83207703,,,670,-8.710727692,540,7.232509613,,,,,,,680,-32.3450737,,,664.9199829,-21.42998886,
,,,,,,,,,,740.9799805,-95.911026,,,,,691,-10.78442955,,,671,-8.685756683,541.0200195,7.197158813,,,,,,,681,-32.45435715,,,665.9400024,-21.94096375,
,,,,,,,,,,741.9699707,-95.80911255,,,,,692,-10.74491978,,,672,-8.963733673,542.0499878,6.794244766,,,,,,,682,-33.09414673,,,666.9500122,-22.05062485,
,,,,,,,,,,742.9500122,-96.62984467,,,,,693,-10.67456245,,,673,-9.048877716,542.9400024,7.210435867,,,,,,,683,-33.96945953,,,667.9699707,-22.95189095,
,,,,,,,,,,743.9400024,-97.57785797,,,,,694,-10.78685284,,,674,-8.875352859,543.9699707,6.826168537,,,,,,,684,-34.22602844,,,668.9799805,-23.18625832,
,,,,,,,,,,745.0700073,-97.5087738,,,,,695,-10.73925018,,,675,-9.047130585,545,6.786198139,,,,,,,685,-34.37636566,,,669.8499756,-23.75292397,
,,,,,,,,,,746.0499878,-97.79344177,,,,,696,-10.95187473,,,676,-8.970646858,546.0200195,6.942129135,,,,,,,686,-34.3054657,,,670.8499756,-23.03090668,
,,,,,,,,,,747.039978,-98.16519928,,,,,697,-10.79606819,,,677,-8.99263382,547.0499878,6.494867325,,,,,,,687,-34.51557159,,,671.8499756,-23.80594826,
,,,,,,,,,,748.0200195,-98.6756897,,,,,698,-10.89386272,,,678,-9.137047768,547.9400024,6.27188921,,,,,,,688,-34.73801422,,,672.8499756,-24.85225487,
,,,,,,,,,,749.0100098,-99.23946381,,,,,699,-10.90558147,,,679,-9.112445831,548.9699707,6.792059898,,,,,,,689,-34.35598755,,,673.8499756,-25.49583054,
,,,,,,,,,,750,-99.49308014,,,,,700,-10.74695396,,,680,-9.291273117,550,6.384480476,,,,,,,690,-35.1463623,,,674.8499756,-25.49303055,
,,,,,,,,,,750.9699707,-99.219841,,,,,,,,,681,-9.200875282,,,,,,,,,691,-34.87406158,,,675.8499756,-26.02597046,
,,,,,,,,,,751.9400024,-100.4049606,,,,,,,,,682,-9.165021896,,,,,,,,,692,-34.67309189,,,676.8499756,-26.63458443,
,,,,,,,,,,753.0499878,-100.5507355,,,,,,,,,683,-9.229180336,,,,,,,,,693,-34.78093719,,,677.8499756,-26.71157074,
,,,,,,,,,,754.0200195,-100.5944138,,,,,,,,,684,-9.399497032,,,,,,,,,694,-35.52594757,,,678.8499756,-26.84455681,
,,,,,,,,,,755,-101.1504822,,,,,,,,,685,-9.364927292,,,,,,,,,695,-35.06229019,,,679.8499756,-27.55385208,
,,,,,,,,,,755.9699707,-101.9238129,,,,,,,,,686,-9.316646576,,,,,,,,,696,-36.07506943,,,680.8499756,-27.29392815,
,,,,,,,,,,756.9400024,-102.0288467,,,,,,,,,687,-9.397524834,,,,,,,,,697,-35.60990906,,,681.8499756,-28.34337997,
,,,,,,,,,,758.0499878,-102.1767654,,,,,,,,,688,-9.204036713,,,,,,,,,698,-36.46998596,,,682.8499756,-28.59998512,
,,,,,,,,,,759.0200195,-102.331665,,,,,,,,,689,-9.359231949,,,,,,,,,699,-36.10128784,,,683.8499756,-28.63755989,
,,,,,,,,,,760,-102.7115936,,,,,,,,,690,-9.317482948,,,,,,,,,700,-36.34354782,,,684.8499756,-29.43288803,
,,,,,,,,,,760.9799805,-102.9397202,,,,,,,,,691,-9.318199158,,,,,,,,,,,,,685.8499756,-29.70461464,
,,,,,,,,,,761.9699707,-103.2226257,,,,,,,,,692,-9.503917694,,,,,,,,,,,,,686.8499756,-29.6520195,
,,,,,,,,,,762.9500122,-103.2490311,,,,,,,,,693,-9.461218834,,,,,,,,,,,,,687.8499756,-29.86985207,
,,,,,,,,,,763.9400024,-103.7671814,,,,,,,,,694,-9.591908455,,,,,,,,,,,,,688.8499756,-29.79437828,
,,,,,,,,,,765.0700073,-104.1348724,,,,,,,,,695,-9.515869141,,,,,,,,,,,,,689.8499756,-30.05480766,
,,,,,,,,,,766.0499878,-104.3793106,,,,,,,,,696,-9.447553635,,,,,,,,,,,,,690.8499756,-30.17900276,
,,,,,,,,,,767.039978,-104.8211288,,,,,,,,,697,-9.55961895,,,,,,,,,,,,,691.8499756,-31.00032616,
,,,,,,,,,,768.0200195,-105.0131912,,,,,,,,,698,-9.515586853,,,,,,,,,,,,,692.8499756,-30.80850983,
,,,,,,,,,,769.0100098,-104.9629745,,,,,,,,,699,-9.654079437,,,,,,,,,,,,,693.8499756,-30.28742218,
,,,,,,,,,,770,-105.2798615,,,,,,,,,700,-9.517438889,,,,,,,,,,,,,694.8499756,-31.32829666,
,,,,,,,,,,770.9500122,-105.3944321,,,,,,,,,,,,,,,,,,,,,,,695.8499756,-31.41757393,
,,,,,,,,,,772.0499878,-105.5824814,,,,,,,,,,,,,,,,,,,,,,,696.8499756,-31.48282433,
,,,,,,,,,,773.0100098,-105.8695374,,,,,,,,,,,,,,,,,,,,,,,697.8499756,-31.08075714,
,,,,,,,,,,773.9699707,-106.046814,,,,,,,,,,,,,,,,,,,,,,,698.8499756,-31.75918198,
,,,,,,,,,,775.0599976,-106.4802094,,,,,,,,,,,,,,,,,,,,,,,699.8499756,-31.53989029,
,,,,,,,,,,776.0200195,-106.7621841,,,,,,,,,,,,,,,,,,,,,,,700.8499756,-31.66300964,
,,,,,,,,,,776.9799805,-107.2652588,,,,,,,,,,,,,,,,,,,,,,,,,
,,,,,,,,,,777.9400024,-107.2993317,,,,,,,,,,,,,,,,,,,,,,,,,
,,,,,,,,,,779.039978,-107.457695,,,,,,,,,,,,,,,,,,,,,,,,,
,,,,,,,,,,780,-107.5229416,,,,,,,,,,,,,,,,,,,,,,,,,
,,,,,,,,,,780.9699707,-107.5782623,,,,,,,,,,,,,,,,,,,,,,,,,
,,,,,,,,,,781.9400024,-107.7134323,,,,,,,,,,,,,,,,,,,,,,,,,
,,,,,,,,,,783.0499878,-108.4255447,,,,,,,,,,,,,,,,,,,,,,,,,
,,,,,,,,,,784.0200195,-108.4209137,,,,,,,,,,,,,,,,,,,,,,,,,
,,,,,,,,,,785,-108.4598541,,,,,,,,,,,,,,,,,,,,,,,,,
,,,,,,,,,,785.9699707,-108.559906,,,,,,,,,,,,,,,,,,,,,,,,,
,,,,,,,,,,786.9400024,-109.1436005,,,,,,,,,,,,,,,,,,,,,,,,,
,,,,,,,,,,788.0499878,-108.8464127,,,,,,,,,,,,,,,,,,,,,,,,,
,,,,,,,,,,789.0200195,-109.2033463,,,,,,,,,,,,,,,,,,,,,,,,,
,,,,,,,,,,790,-109.2432098,,,,,,,,,,,,,,,,,,,,,,,,,
,,,,,,,,,,790.9500122,-109.4928589,,,,,,,,,,,,,,,,,,,,,,,,,
,,,,,,,,,,792.0499878,-109.587326,,,,,,,,,,,,,,,,,,,,,,,,,
,,,,,,,,,,793.0100098,-109.963356,,,,,,,,,,,,,,,,,,,,,,,,,
,,,,,,,,,,793.9699707,-109.7517929,,,,,,,,,,,,,,,,,,,,,,,,,
,,,,,,,,,,795.0599976,-110.2938614,,,,,,,,,,,,,,,,,,,,,,,,,
,,,,,,,,,,796.0200195,-110.234581,,,,,,,,,,,,,,,,,,,,,,,,,
,,,,,,,,,,796.9799805,-110.3389435,,,,,,,,,,,,,,,,,,,,,,,,,
,,,,,,,,,,797.9400024,-110.3961105,,,,,,,,,,,,,,,,,,,,,,,,,
,,,,,,,,,,799.039978,-110.7143173,,,,,,,,,,,,,,,,,,,,,,,,,
,,,,,,,,,,800,-110.7183075,,,,,,,,,,,,,,,,,,,,,,,,,

CdSe 10sec hi ex300,
CdSe 10sec hi ex300
Collection Time: 8/19/2022 12:43:25 PM
Operator Name  :
Scan Software Version: 1.1(132)
Parameter List :
Instrument                        Cary Eclipse
Instrument Serial Number          E08013467
Data mode                         Fluorescence
Scan mode                         Emission
X Mode                            Wavelength (nm)
Start (nm)                        310.00
Stop (nm)                         500.00
Ex. Wavelength (nm)               300.00
Ex. Slit (nm)                     5
Em. Slit (nm)                     5
Scan rate (nm/min)                600.00
Data interval (nm)                1.0000
Averaging Time (s)                0.1000
Excitation filter                 Auto
Emission filter                   Open
PMT voltage (V)                   Medium
Corrected spectra                 OFF
Method Log     :
Method Name    : Default
Date/Time stamp: 8/19/2022 12:24:21 PM
Method Modifications:
Zero Mode Changed: 8/19/2022 12:42:32 PM, Old:OFF, New:Reading
Zero Mode Changed: 8/19/2022 12:42:32 PM, Old:Reading, New:ON
Excitation Wavelength Changed: 8/19/2022 12:42:49 PM, Old: 350.00, New: 300.00
Emission Wavelength Changed: 8/19/2022 12:42:49 PM, Old: 400.00, New: 310.00
Stop Wavelength Changed: 8/19/2022 12:42:49 PM, Old: 600.00, New: 500.00
Zero Mode Changed: 8/19/2022 12:42:52 PM, Old:ON, New:Reading
Zero Mode Changed: 8/19/2022 12:42:52 PM, Old:Reading, New:ON
End Method Modifications

CdSe 10sec hi em510301,
CdSe 10sec hi em510301
Collection Time: 8/19/2022 12:44:17 PM
Operator Name  :
Scan Software Version: 1.1(132)
Parameter List :
Instrument                        Cary Eclipse
Instrument Serial Number          E08013467
Data mode                         Fluorescence
Scan mode                         Excitation
X Mode                            Wavelength (nm)
Start (nm)                        250.00
Stop (nm)                         500.00
Em. Wavelength (nm)               510.00
Ex. Slit (nm)                     5
Em. Slit (nm)                     5
Scan rate (nm/min)                600.00
Data interval (nm)                1.0000
Averaging Time (s)                0.1000
Excitation filter                 Auto
Emission filter                   Open
PMT voltage (V)                   Medium
Corrected spectra                 OFF
Method Log     :
Method Name    : Default
Date/Time stamp: 8/19/2022 12:24:21 PM
Method Modifications:
Zero Mode Changed: 8/19/2022 12:42:32 PM, Old:OFF, New:Reading
Zero Mode Changed: 8/19/2022 12:42:32 PM, Old:Reading, New:ON
Excitation Wavelength Changed: 8/19/2022 12:42:49 PM, Old: 350.00, New: 300.00
Emission Wavelength Changed: 8/19/2022 12:42:49 PM, Old: 400.00, New: 310.00
Stop Wavelength Changed: 8/19/2022 12:42:49 PM, Old: 600.00, New: 500.00
Zero Mode Changed: 8/19/2022 12:42:52 PM, Old:ON, New:Reading
Zero Mode Changed: 8/19/2022 12:42:52 PM, Old:Reading, New:ON
Scan mode: Changed: 8/19/2022 12:44:06 PM, Old:Emission, New:Excitation
User Delta Stop Changed: 8/19/2022 12:44:06 PM, Old: 450.00, New: 510.00
User Delta Increment Changed: 8/19/2022 12:44:06 PM, Old:  10.00, New:   0.15
Excitation Wavelength Changed: 8/19/2022 12:44:06 PM, Old: 300.00, New: 250.00
Emission Wavelength Changed: 8/19/2022 12:44:06 PM, Old: 310.00, New: 510.00
Zero Mode Changed: 8/19/2022 12:44:09 PM, Old:ON, New:Reading
Zero Mode Changed: 8/19/2022 12:44:09 PM, Old:Reading, New:ON
End Method Modifications

CdSe 10sec hi ex400,
CdSe 10sec hi ex400
Collection Time: 8/19/2022 12:45:45 PM
Operator Name  :
Scan Software Version: 1.1(132)
Parameter List :
Instrument                        Cary Eclipse
Instrument Serial Number          E08013467
Data mode                         Fluorescence
Scan mode                         Emission
X Mode                            Wavelength (nm)
Start (nm)                        410.00
Stop (nm)                         600.00
Ex. Wavelength (nm)               400.00
Ex. Slit (nm)                     5
Em. Slit (nm)                     5
Scan rate (nm/min)                600.00
Data interval (nm)                1.0000
Averaging Time (s)                0.1000
Excitation filter                 Auto
Emission filter                   Open
PMT voltage (V)                   Medium
Corrected spectra                 OFF
Method Log     :
Method Name    : Default
Date/Time stamp: 8/19/2022 12:24:21 PM
Method Modifications:
Zero Mode Changed: 8/19/2022 12:42:32 PM, Old:OFF, New:Reading
Zero Mode Changed: 8/19/2022 12:42:32 PM, Old:Reading, New:ON
Excitation Wavelength Changed: 8/19/2022 12:42:49 PM, Old: 350.00, New: 300.00
Emission Wavelength Changed: 8/19/2022 12:42:49 PM, Old: 400.00, New: 310.00
Stop Wavelength Changed: 8/19/2022 12:42:49 PM, Old: 600.00, New: 500.00
Zero Mode Changed: 8/19/2022 12:42:52 PM, Old:ON, New:Reading
Zero Mode Changed: 8/19/2022 12:42:52 PM, Old:Reading, New:ON
Scan mode: Changed: 8/19/2022 12:44:06 PM, Old:Emission, New:Excitation
User Delta Stop Changed: 8/19/2022 12:44:06 PM, Old: 450.00, New: 510.00
User Delta Increment Changed: 8/19/2022 12:44:06 PM, Old:  10.00, New:   0.15
Excitation Wavelength Changed: 8/19/2022 12:44:06 PM, Old: 300.00, New: 250.00
Emission Wavelength Changed: 8/19/2022 12:44:06 PM, Old: 310.00, New: 510.00
Zero Mode Changed: 8/19/2022 12:44:09 PM, Old:ON, New:Reading
Zero Mode Changed: 8/19/2022 12:44:09 PM, Old:Reading, New:ON
Overlayed Graphs Changed: 8/19/2022 12:44:58 PM, Old:OFF, New:ON
Scan mode: Changed: 8/19/2022 12:45:33 PM, Old:Excitation, New:Emission
Excitation Wavelength Changed: 8/19/2022 12:45:33 PM, Old: 250.00, New: 400.00
Emission Wavelength Changed: 8/19/2022 12:45:33 PM, Old: 510.00, New: 410.00
Stop Wavelength Changed: 8/19/2022 12:45:33 PM, Old: 500.00, New: 600.00
Zero Mode Changed: 8/19/2022 12:45:35 PM, Old:ON, New:Reading
Zero Mode Changed: 8/19/2022 12:45:35 PM, Old:Reading, New:ON
End Method Modifications

CdSe 180sec hi ex400,
CdSe 180sec hi ex400
Collection Time: 8/19/2022 1:01:52 PM
Operator Name  :
Scan Software Version: 1.1(132)
Parameter List :
Instrument                        Cary Eclipse
Instrument Serial Number          E08013467
Data mode                         Fluorescence
Scan mode                         Emission
X Mode                            Wavelength (nm)
Start (nm)                        410.00
Stop (nm)                         600.00
Ex. Wavelength (nm)               400.00
Ex. Slit (nm)                     5
Em. Slit (nm)                     5
Scan rate (nm/min)                600.00
Data interval (nm)                1.0000
Averaging Time (s)                0.1000
Excitation filter                 Auto
Emission filter                   Open
PMT voltage (V)                   Medium
Corrected spectra                 OFF
Method Log     :
Method Name    : Default
Date/Time stamp: 8/19/2022 12:24:21 PM
Method Modifications:
Zero Mode Changed: 8/19/2022 12:42:32 PM, Old:OFF, New:Reading
Zero Mode Changed: 8/19/2022 12:42:32 PM, Old:Reading, New:ON
Excitation Wavelength Changed: 8/19/2022 12:42:49 PM, Old: 350.00, New: 300.00
Emission Wavelength Changed: 8/19/2022 12:42:49 PM, Old: 400.00, New: 310.00
Stop Wavelength Changed: 8/19/2022 12:42:49 PM, Old: 600.00, New: 500.00
Zero Mode Changed: 8/19/2022 12:42:52 PM, Old:ON, New:Reading
Zero Mode Changed: 8/19/2022 12:42:52 PM, Old:Reading, New:ON
Scan mode: Changed: 8/19/2022 12:44:06 PM, Old:Emission, New:Excitation
User Delta Stop Changed: 8/19/2022 12:44:06 PM, Old: 450.00, New: 510.00
User Delta Increment Changed: 8/19/2022 12:44:06 PM, Old:  10.00, New:   0.15
Excitation Wavelength Changed: 8/19/2022 12:44:06 PM, Old: 300.00, New: 250.00
Emission Wavelength Changed: 8/19/2022 12:44:06 PM, Old: 310.00, New: 510.00
Zero Mode Changed: 8/19/2022 12:44:09 PM, Old:ON, New:Reading
Zero Mode Changed: 8/19/2022 12:44:09 PM, Old:Reading, New:ON
Overlayed Graphs Changed: 8/19/2022 12:44:58 PM, Old:OFF, New:ON
Scan mode: Changed: 8/19/2022 12:45:33 PM, Old:Excitation, New:Emission
Excitation Wavelength Changed: 8/19/2022 12:45:33 PM, Old: 250.00, New: 400.00
Emission Wavelength Changed: 8/19/2022 12:45:33 PM, Old: 510.00, New: 410.00
Stop Wavelength Changed: 8/19/2022 12:45:33 PM, Old: 500.00, New: 600.00
Zero Mode Changed: 8/19/2022 12:45:35 PM, Old:ON, New:Reading
Zero Mode Changed: 8/19/2022 12:45:35 PM, Old:Reading, New:ON
Zero Mode Changed: 8/19/2022 1:01:40 PM, Old:ON, New:Reading
Zero Mode Changed: 8/19/2022 1:01:41 PM, Old:Reading, New:ON
End Method Modifications

CdSe 180sec hi em525,
CdSe 180sec hi em525
Collection Time: 8/19/2022 1:03:07 PM
Operator Name  :
Scan Software Version: 1.1(132)
Parameter List :
Instrument                        Cary Eclipse
Instrument Serial Number          E08013467
Data mode                         Fluorescence
Scan mode                         Excitation
X Mode                            Wavelength (nm)
Start (nm)                        250.00
Stop (nm)                         510.00
Em. Wavelength (nm)               525.00
Ex. Slit (nm)                     5
Em. Slit (nm)                     5
Scan rate (nm/min)                600.00
Data interval (nm)                1.0000
Averaging Time (s)                0.1000
Excitation filter                 Auto
Emission filter                   Open
PMT voltage (V)                   Medium
Corrected spectra                 OFF
Method Log     :
Method Name    : Default
Date/Time stamp: 8/19/2022 12:24:21 PM
Method Modifications:
Zero Mode Changed: 8/19/2022 12:42:32 PM, Old:OFF, New:Reading
Zero Mode Changed: 8/19/2022 12:42:32 PM, Old:Reading, New:ON
Excitation Wavelength Changed: 8/19/2022 12:42:49 PM, Old: 350.00, New: 300.00
Emission Wavelength Changed: 8/19/2022 12:42:49 PM, Old: 400.00, New: 310.00
Stop Wavelength Changed: 8/19/2022 12:42:49 PM, Old: 600.00, New: 500.00
Zero Mode Changed: 8/19/2022 12:42:52 PM, Old:ON, New:Reading
Zero Mode Changed: 8/19/2022 12:42:52 PM, Old:Reading, New:ON
Scan mode: Changed: 8/19/2022 12:44:06 PM, Old:Emission, New:Excitation
User Delta Stop Changed: 8/19/2022 12:44:06 PM, Old: 450.00, New: 510.00
User Delta Increment Changed: 8/19/2022 12:44:06 PM, Old:  10.00, New:   0.15
Excitation Wavelength Changed: 8/19/2022 12:44:06 PM, Old: 300.00, New: 250.00
Emission Wavelength Changed: 8/19/2022 12:44:06 PM, Old: 310.00, New: 510.00
Zero Mode Changed: 8/19/2022 12:44:09 PM, Old:ON, New:Reading
Zero Mode Changed: 8/19/2022 12:44:09 PM, Old:Reading, New:ON
Overlayed Graphs Changed: 8/19/2022 12:44:58 PM, Old:OFF, New:ON
Scan mode: Changed: 8/19/2022 12:45:33 PM, Old:Excitation, New:Emission
Excitation Wavelength Changed: 8/19/2022 12:45:33 PM, Old: 250.00, New: 400.00
Emission Wavelength Changed: 8/19/2022 12:45:33 PM, Old: 510.00, New: 410.00
Stop Wavelength Changed: 8/19/2022 12:45:33 PM, Old: 500.00, New: 600.00
Zero Mode Changed: 8/19/2022 12:45:35 PM, Old:ON, New:Reading
Zero Mode Changed: 8/19/2022 12:45:35 PM, Old:Reading, New:ON
Zero Mode Changed: 8/19/2022 1:01:40 PM, Old:ON, New:Reading
Zero Mode Changed: 8/19/2022 1:01:41 PM, Old:Reading, New:ON
Scan mode: Changed: 8/19/2022 1:02:52 PM, Old:Emission, New:Excitation
User Delta Stop Changed: 8/19/2022 1:02:52 PM, Old: 510.00, New: 525.00
Excitation Wavelength Changed: 8/19/2022 1:02:52 PM, Old: 400.00, New: 250.00
Emission Wavelength Changed: 8/19/2022 1:02:52 PM, Old: 410.00, New: 525.00
Stop Wavelength Changed: 8/19/2022 1:02:52 PM, Old: 600.00, New: 510.00
Zero Mode Changed: 8/19/2022 1:02:59 PM, Old:ON, New:Reading
Zero Mode Changed: 8/19/2022 1:02:59 PM, Old:Reading, New:ON
End Method Modifications

CdSe 180sec hi ex460,
CdSe 180sec hi ex460
Collection Time: 8/19/2022 1:04:12 PM
Operator Name  :
Scan Software Version: 1.1(132)
Parameter List :
Instrument                        Cary Eclipse
Instrument Serial Number          E08013467
Data mode                         Fluorescence
Scan mode                         Emission
X Mode                            Wavelength (nm)
Start (nm)                        470.00
Stop (nm)                         800.00
Ex. Wavelength (nm)               460.00
Ex. Slit (nm)                     5
Em. Slit (nm)                     5
Scan rate (nm/min)                600.00
Data interval (nm)                1.0000
Averaging Time (s)                0.1000
Excitation filter                 Auto
Emission filter                   Open
PMT voltage (V)                   Medium
Corrected spectra                 OFF
Method Log     :
Method Name    : Default
Date/Time stamp: 8/19/2022 12:24:21 PM
Method Modifications:
Zero Mode Changed: 8/19/2022 12:42:32 PM, Old:OFF, New:Reading
Zero Mode Changed: 8/19/2022 12:42:32 PM, Old:Reading, New:ON
Excitation Wavelength Changed: 8/19/2022 12:42:49 PM, Old: 350.00, New: 300.00
Emission Wavelength Changed: 8/19/2022 12:42:49 PM, Old: 400.00, New: 310.00
Stop Wavelength Changed: 8/19/2022 12:42:49 PM, Old: 600.00, New: 500.00
Zero Mode Changed: 8/19/2022 12:42:52 PM, Old:ON, New:Reading
Zero Mode Changed: 8/19/2022 12:42:52 PM, Old:Reading, New:ON
Scan mode: Changed: 8/19/2022 12:44:06 PM, Old:Emission, New:Excitation
User Delta Stop Changed: 8/19/2022 12:44:06 PM, Old: 450.00, New: 510.00
User Delta Increment Changed: 8/19/2022 12:44:06 PM, Old:  10.00, New:   0.15
Excitation Wavelength Changed: 8/19/2022 12:44:06 PM, Old: 300.00, New: 250.00
Emission Wavelength Changed: 8/19/2022 12:44:06 PM, Old: 310.00, New: 510.00
Zero Mode Changed: 8/19/2022 12:44:09 PM, Old:ON, New:Reading
Zero Mode Changed: 8/19/2022 12:44:09 PM, Old:Reading, New:ON
Overlayed Graphs Changed: 8/19/2022 12:44:58 PM, Old:OFF, New:ON
Scan mode: Changed: 8/19/2022 12:45:33 PM, Old:Excitation, New:Emission
Excitation Wavelength Changed: 8/19/2022 12:45:33 PM, Old: 250.00, New: 400.00
Emission Wavelength Changed: 8/19/2022 12:45:33 PM, Old: 510.00, New: 410.00
Stop Wavelength Changed: 8/19/2022 12:45:33 PM, Old: 500.00, New: 600.00
Zero Mode Changed: 8/19/2022 12:45:35 PM, Old:ON, New:Reading
Zero Mode Changed: 8/19/2022 12:45:35 PM, Old:Reading, New:ON
Zero Mode Changed: 8/19/2022 1:01:40 PM, Old:ON, New:Reading
Zero Mode Changed: 8/19/2022 1:01:41 PM, Old:Reading, New:ON
Scan mode: Changed: 8/19/2022 1:02:52 PM, Old:Emission, New:Excitation
User Delta Stop Changed: 8/19/2022 1:02:52 PM, Old: 510.00, New: 525.00
Excitation Wavelength Changed: 8/19/2022 1:02:52 PM, Old: 400.00, New: 250.00
Emission Wavelength Changed: 8/19/2022 1:02:52 PM, Old: 410.00, New: 525.00
Stop Wavelength Changed: 8/19/2022 1:02:52 PM, Old: 600.00, New: 510.00
Zero Mode Changed: 8/19/2022 1:02:59 PM, Old:ON, New:Reading
Zero Mode Changed: 8/19/2022 1:02:59 PM, Old:Reading, New:ON
Scan mode: Changed: 8/19/2022 1:04:03 PM, Old:Excitation, New:Emission
Excitation Wavelength Changed: 8/19/2022 1:04:03 PM, Old: 250.00, New: 460.00
Emission Wavelength Changed: 8/19/2022 1:04:03 PM, Old: 525.00, New: 470.00
Stop Wavelength Changed: 8/19/2022 1:04:03 PM, Old: 510.00, New: 800.00
Zero Mode Changed: 8/19/2022 1:04:05 PM, Old:ON, New:Reading
Zero Mode Changed: 8/19/2022 1:04:05 PM, Old:Reading, New:ON
End Method Modifications

CdSe 180sec hi em470,
CdSe 180sec hi em470
Collection Time: 8/19/2022 1:05:16 PM
Operator Name  :
Scan Software Version: 1.1(132)
Parameter List :
Instrument                        Cary Eclipse
Instrument Serial Number          E08013467
Data mode                         Fluorescence
Scan mode                         Excitation
X Mode                            Wavelength (nm)
Start (nm)                        250.00
Stop (nm)                         460.00
Em. Wavelength (nm)               470.00
Ex. Slit (nm)                     5
Em. Slit (nm)                     5
Scan rate (nm/min)                600.00
Data interval (nm)                1.0000
Averaging Time (s)                0.1000
Excitation filter                 Auto
Emission filter                   Open
PMT voltage (V)                   Medium
Corrected spectra                 OFF
Method Log     :
Method Name    : Default
Date/Time stamp: 8/19/2022 12:24:21 PM
Method Modifications:
Zero Mode Changed: 8/19/2022 12:42:32 PM, Old:OFF, New:Reading
Zero Mode Changed: 8/19/2022 12:42:32 PM, Old:Reading, New:ON
Excitation Wavelength Changed: 8/19/2022 12:42:49 PM, Old: 350.00, New: 300.00
Emission Wavelength Changed: 8/19/2022 12:42:49 PM, Old: 400.00, New: 310.00
Stop Wavelength Changed: 8/19/2022 12:42:49 PM, Old: 600.00, New: 500.00
Zero Mode Changed: 8/19/2022 12:42:52 PM, Old:ON, New:Reading
Zero Mode Changed: 8/19/2022 12:42:52 PM, Old:Reading, New:ON
Scan mode: Changed: 8/19/2022 12:44:06 PM, Old:Emission, New:Excitation
User Delta Stop Changed: 8/19/2022 12:44:06 PM, Old: 450.00, New: 510.00
User Delta Increment Changed: 8/19/2022 12:44:06 PM, Old:  10.00, New:   0.15
Excitation Wavelength Changed: 8/19/2022 12:44:06 PM, Old: 300.00, New: 250.00
Emission Wavelength Changed: 8/19/2022 12:44:06 PM, Old: 310.00, New: 510.00
Zero Mode Changed: 8/19/2022 12:44:09 PM, Old:ON, New:Reading
Zero Mode Changed: 8/19/2022 12:44:09 PM, Old:Reading, New:ON
Overlayed Graphs Changed: 8/19/2022 12:44:58 PM, Old:OFF, New:ON
Scan mode: Changed: 8/19/2022 12:45:33 PM, Old:Excitation, New:Emission
Excitation Wavelength Changed: 8/19/2022 12:45:33 PM, Old: 250.00, New: 400.00
Emission Wavelength Changed: 8/19/2022 12:45:33 PM, Old: 510.00, New: 410.00
Stop Wavelength Changed: 8/19/2022 12:45:33 PM, Old: 500.00, New: 600.00
Zero Mode Changed: 8/19/2022 12:45:35 PM, Old:ON, New:Reading
Zero Mode Changed: 8/19/2022 12:45:35 PM, Old:Reading, New:ON
Zero Mode Changed: 8/19/2022 1:01:40 PM, Old:ON, New:Reading
Zero Mode Changed: 8/19/2022 1:01:41 PM, Old:Reading, New:ON
Scan mode: Changed: 8/19/2022 1:02:52 PM, Old:Emission, New:Excitation
User Delta Stop Changed: 8/19/2022 1:02:52 PM, Old: 510.00, New: 525.00
Excitation Wavelength Changed: 8/19/2022 1:02:52 PM, Old: 400.00, New: 250.00
Emission Wavelength Changed: 8/19/2022 1:02:52 PM, Old: 410.00, New: 525.00
Stop Wavelength Changed: 8/19/2022 1:02:52 PM, Old: 600.00, New: 510.00
Zero Mode Changed: 8/19/2022 1:02:59 PM, Old:ON, New:Reading
Zero Mode Changed: 8/19/2022 1:02:59 PM, Old:Reading, New:ON
Scan mode: Changed: 8/19/2022 1:04:03 PM, Old:Excitation, New:Emission
Excitation Wavelength Changed: 8/19/2022 1:04:03 PM, Old: 250.00, New: 460.00
Emission Wavelength Changed: 8/19/2022 1:04:03 PM, Old: 525.00, New: 470.00
Stop Wavelength Changed: 8/19/2022 1:04:03 PM, Old: 510.00, New: 800.00
Zero Mode Changed: 8/19/2022 1:04:05 PM, Old:ON, New:Reading
Zero Mode Changed: 8/19/2022 1:04:05 PM, Old:Reading, New:ON
Scan mode: Changed: 8/19/2022 1:05:06 PM, Old:Emission, New:Excitation
Excitation Wavelength Changed: 8/19/2022 1:05:06 PM, Old: 460.00, New: 250.00
Stop Wavelength Changed: 8/19/2022 1:05:06 PM, Old: 800.00, New: 460.00
Zero Mode Changed: 8/19/2022 1:05:10 PM, Old:ON, New:Reading
Zero Mode Changed: 8/19/2022 1:05:10 PM, Old:Reading, New:ON
End Method Modifications

CdSe 180min sonochem em520,
CdSe 180min sonochem em520
Collection Time: 8/19/2022 1:14:57 PM
Operator Name  :
Scan Software Version: 1.1(132)
Parameter List :
Instrument                        Cary Eclipse
Instrument Serial Number          E08013467
Data mode                         Fluorescence
Scan mode                         Excitation
X Mode                            Wavelength (nm)
Start (nm)                        250.00
Stop (nm)                         510.00
Em. Wavelength (nm)               520.00
Ex. Slit (nm)                     5
Em. Slit (nm)                     5
Scan rate (nm/min)                600.00
Data interval (nm)                1.0000
Averaging Time (s)                0.1000
Excitation filter                 Auto
Emission filter                   Open
PMT voltage (V)                   Medium
Corrected spectra                 OFF
Method Log     :
Method Name    : Default
Date/Time stamp: 8/19/2022 12:24:21 PM
Method Modifications:
Zero Mode Changed: 8/19/2022 12:42:32 PM, Old:OFF, New:Reading
Zero Mode Changed: 8/19/2022 12:42:32 PM, Old:Reading, New:ON
Excitation Wavelength Changed: 8/19/2022 12:42:49 PM, Old: 350.00, New: 300.00
Emission Wavelength Changed: 8/19/2022 12:42:49 PM, Old: 400.00, New: 310.00
Stop Wavelength Changed: 8/19/2022 12:42:49 PM, Old: 600.00, New: 500.00
Zero Mode Changed: 8/19/2022 12:42:52 PM, Old:ON, New:Reading
Zero Mode Changed: 8/19/2022 12:42:52 PM, Old:Reading, New:ON
Scan mode: Changed: 8/19/2022 12:44:06 PM, Old:Emission, New:Excitation
User Delta Stop Changed: 8/19/2022 12:44:06 PM, Old: 450.00, New: 510.00
User Delta Increment Changed: 8/19/2022 12:44:06 PM, Old:  10.00, New:   0.15
Excitation Wavelength Changed: 8/19/2022 12:44:06 PM, Old: 300.00, New: 250.00
Emission Wavelength Changed: 8/19/2022 12:44:06 PM, Old: 310.00, New: 510.00
Zero Mode Changed: 8/19/2022 12:44:09 PM, Old:ON, New:Reading
Zero Mode Changed: 8/19/2022 12:44:09 PM, Old:Reading, New:ON
Overlayed Graphs Changed: 8/19/2022 12:44:58 PM, Old:OFF, New:ON
Scan mode: Changed: 8/19/2022 12:45:33 PM, Old:Excitation, New:Emission
Excitation Wavelength Changed: 8/19/2022 12:45:33 PM, Old: 250.00, New: 400.00
Emission Wavelength Changed: 8/19/2022 12:45:33 PM, Old: 510.00, New: 410.00
Stop Wavelength Changed: 8/19/2022 12:45:33 PM, Old: 500.00, New: 600.00
Zero Mode Changed: 8/19/2022 12:45:35 PM, Old:ON, New:Reading
Zero Mode Changed: 8/19/2022 12:45:35 PM, Old:Reading, New:ON
Zero Mode Changed: 8/19/2022 1:01:40 PM, Old:ON, New:Reading
Zero Mode Changed: 8/19/2022 1:01:41 PM, Old:Reading, New:ON
Scan mode: Changed: 8/19/2022 1:02:52 PM, Old:Emission, New:Excitation
User Delta Stop Changed: 8/19/2022 1:02:52 PM, Old: 510.00, New: 525.00
Excitation Wavelength Changed: 8/19/2022 1:02:52 PM, Old: 400.00, New: 250.00
Emission Wavelength Changed: 8/19/2022 1:02:52 PM, Old: 410.00, New: 525.00
Stop Wavelength Changed: 8/19/2022 1:02:52 PM, Old: 600.00, New: 510.00
Zero Mode Changed: 8/19/2022 1:02:59 PM, Old:ON, New:Reading
Zero Mode Changed: 8/19/2022 1:02:59 PM, Old:Reading, New:ON
Scan mode: Changed: 8/19/2022 1:04:03 PM, Old:Excitation, New:Emission
Excitation Wavelength Changed: 8/19/2022 1:04:03 PM, Old: 250.00, New: 460.00
Emission Wavelength Changed: 8/19/2022 1:04:03 PM, Old: 525.00, New: 470.00
Stop Wavelength Changed: 8/19/2022 1:04:03 PM, Old: 510.00, New: 800.00
Zero Mode Changed: 8/19/2022 1:04:05 PM, Old:ON, New:Reading
Zero Mode Changed: 8/19/2022 1:04:05 PM, Old:Reading, New:ON
Scan mode: Changed: 8/19/2022 1:05:06 PM, Old:Emission, New:Excitation
Excitation Wavelength Changed: 8/19/2022 1:05:06 PM, Old: 460.00, New: 250.00
Stop Wavelength Changed: 8/19/2022 1:05:06 PM, Old: 800.00, New: 460.00
Zero Mode Changed: 8/19/2022 1:05:10 PM, Old:ON, New:Reading
Zero Mode Changed: 8/19/2022 1:05:10 PM, Old:Reading, New:ON
Emission Wavelength Changed: 8/19/2022 1:14:37 PM, Old: 470.00, New: 520.00
Stop Wavelength Changed: 8/19/2022 1:14:37 PM, Old: 460.00, New: 510.00
Zero Mode Changed: 8/19/2022 1:14:39 PM, Old:ON, New:Reading
Zero Mode Changed: 8/19/2022 1:14:39 PM, Old:Reading, New:ON
End Method Modifications

CdSe 180min sonochem ex410,
CdSe 180min sonochem ex410
Collection Time: 8/19/2022 1:16:11 PM
Operator Name  :
Scan Software Version: 1.1(132)
Parameter List :
Instrument                        Cary Eclipse
Instrument Serial Number          E08013467
Data mode                         Fluorescence
Scan mode                         Emission
X Mode                            Wavelength (nm)
Start (nm)                        420.00
Stop (nm)                         700.00
Ex. Wavelength (nm)               410.00
Ex. Slit (nm)                     5
Em. Slit (nm)                     5
Scan rate (nm/min)                600.00
Data interval (nm)                1.0000
Averaging Time (s)                0.1000
Excitation filter                 Auto
Emission filter                   Open
PMT voltage (V)                   Medium
Corrected spectra                 OFF
Method Log     :
Method Name    : Default
Date/Time stamp: 8/19/2022 12:24:21 PM
Method Modifications:
Zero Mode Changed: 8/19/2022 12:42:32 PM, Old:OFF, New:Reading
Zero Mode Changed: 8/19/2022 12:42:32 PM, Old:Reading, New:ON
Excitation Wavelength Changed: 8/19/2022 12:42:49 PM, Old: 350.00, New: 300.00
Emission Wavelength Changed: 8/19/2022 12:42:49 PM, Old: 400.00, New: 310.00
Stop Wavelength Changed: 8/19/2022 12:42:49 PM, Old: 600.00, New: 500.00
Zero Mode Changed: 8/19/2022 12:42:52 PM, Old:ON, New:Reading
Zero Mode Changed: 8/19/2022 12:42:52 PM, Old:Reading, New:ON
Scan mode: Changed: 8/19/2022 12:44:06 PM, Old:Emission, New:Excitation
User Delta Stop Changed: 8/19/2022 12:44:06 PM, Old: 450.00, New: 510.00
User Delta Increment Changed: 8/19/2022 12:44:06 PM, Old:  10.00, New:   0.15
Excitation Wavelength Changed: 8/19/2022 12:44:06 PM, Old: 300.00, New: 250.00
Emission Wavelength Changed: 8/19/2022 12:44:06 PM, Old: 310.00, New: 510.00
Zero Mode Changed: 8/19/2022 12:44:09 PM, Old:ON, New:Reading
Zero Mode Changed: 8/19/2022 12:44:09 PM, Old:Reading, New:ON
Overlayed Graphs Changed: 8/19/2022 12:44:58 PM, Old:OFF, New:ON
Scan mode: Changed: 8/19/2022 12:45:33 PM, Old:Excitation, New:Emission
Excitation Wavelength Changed: 8/19/2022 12:45:33 PM, Old: 250.00, New: 400.00
Emission Wavelength Changed: 8/19/2022 12:45:33 PM, Old: 510.00, New: 410.00
Stop Wavelength Changed: 8/19/2022 12:45:33 PM, Old: 500.00, New: 600.00
Zero Mode Changed: 8/19/2022 12:45:35 PM, Old:ON, New:Reading
Zero Mode Changed: 8/19/2022 12:45:35 PM, Old:Reading, New:ON
Zero Mode Changed: 8/19/2022 1:01:40 PM, Old:ON, New:Reading
Zero Mode Changed: 8/19/2022 1:01:41 PM, Old:Reading, New:ON
Scan mode: Changed: 8/19/2022 1:02:52 PM, Old:Emission, New:Excitation
User Delta Stop Changed: 8/19/2022 1:02:52 PM, Old: 510.00, New: 525.00
Excitation Wavelength Changed: 8/19/2022 1:02:52 PM, Old: 400.00, New: 250.00
Emission Wavelength Changed: 8/19/2022 1:02:52 PM, Old: 410.00, New: 525.00
Stop Wavelength Changed: 8/19/2022 1:02:52 PM, Old: 600.00, New: 510.00
Zero Mode Changed: 8/19/2022 1:02:59 PM, Old:ON, New:Reading
Zero Mode Changed: 8/19/2022 1:02:59 PM, Old:Reading, New:ON
Scan mode: Changed: 8/19/2022 1:04:03 PM, Old:Excitation, New:Emission
Excitation Wavelength Changed: 8/19/2022 1:04:03 PM, Old: 250.00, New: 460.00
Emission Wavelength Changed: 8/19/2022 1:04:03 PM, Old: 525.00, New: 470.00
Stop Wavelength Changed: 8/19/2022 1:04:03 PM, Old: 510.00, New: 800.00
Zero Mode Changed: 8/19/2022 1:04:05 PM, Old:ON, New:Reading
Zero Mode Changed: 8/19/2022 1:04:05 PM, Old:Reading, New:ON
Scan mode: Changed: 8/19/2022 1:05:06 PM, Old:Emission, New:Excitation
Excitation Wavelength Changed: 8/19/2022 1:05:06 PM, Old: 460.00, New: 250.00
Stop Wavelength Changed: 8/19/2022 1:05:06 PM, Old: 800.00, New: 460.00
Zero Mode Changed: 8/19/2022 1:05:10 PM, Old:ON, New:Reading
Zero Mode Changed: 8/19/2022 1:05:10 PM, Old:Reading, New:ON
Emission Wavelength Changed: 8/19/2022 1:14:37 PM, Old: 470.00, New: 520.00
Stop Wavelength Changed: 8/19/2022 1:14:37 PM, Old: 460.00, New: 510.00
Zero Mode Changed: 8/19/2022 1:14:39 PM, Old:ON, New:Reading
Zero Mode Changed: 8/19/2022 1:14:39 PM, Old:Reading, New:ON
Scan mode: Changed: 8/19/2022 1:16:03 PM, Old:Excitation, New:Emission
Excitation Wavelength Changed: 8/19/2022 1:16:03 PM, Old: 250.00, New: 410.00
Emission Wavelength Changed: 8/19/2022 1:16:03 PM, Old: 520.00, New: 420.00
Stop Wavelength Changed: 8/19/2022 1:16:03 PM, Old: 510.00, New: 700.00
Zero Mode Changed: 8/19/2022 1:16:05 PM, Old:ON, New:Reading
Zero Mode Changed: 8/19/2022 1:16:06 PM, Old:Reading, New:ON
End Method Modifications

CdSe 180min sonochem em485,
CdSe 180min sonochem em485
Collection Time: 8/19/2022 1:17:14 PM
Operator Name  :
Scan Software Version: 1.1(132)
Parameter List :
Instrument                        Cary Eclipse
Instrument Serial Number          E08013467
Data mode                         Fluorescence
Scan mode                         Excitation
X Mode                            Wavelength (nm)
Start (nm)                        250.00
Stop (nm)                         475.00
Em. Wavelength (nm)               485.00
Ex. Slit (nm)                     5
Em. Slit (nm)                     5
Scan rate (nm/min)                600.00
Data interval (nm)                1.0000
Averaging Time (s)                0.1000
Excitation filter                 Auto
Emission filter                   Open
PMT voltage (V)                   Medium
Corrected spectra                 OFF
Method Log     :
Method Name    : Default
Date/Time stamp: 8/19/2022 12:24:21 PM
Method Modifications:
Zero Mode Changed: 8/19/2022 12:42:32 PM, Old:OFF, New:Reading
Zero Mode Changed: 8/19/2022 12:42:32 PM, Old:Reading, New:ON
Excitation Wavelength Changed: 8/19/2022 12:42:49 PM, Old: 350.00, New: 300.00
Emission Wavelength Changed: 8/19/2022 12:42:49 PM, Old: 400.00, New: 310.00
Stop Wavelength Changed: 8/19/2022 12:42:49 PM, Old: 600.00, New: 500.00
Zero Mode Changed: 8/19/2022 12:42:52 PM, Old:ON, New:Reading
Zero Mode Changed: 8/19/2022 12:42:52 PM, Old:Reading, New:ON
Scan mode: Changed: 8/19/2022 12:44:06 PM, Old:Emission, New:Excitation
User Delta Stop Changed: 8/19/2022 12:44:06 PM, Old: 450.00, New: 510.00
User Delta Increment Changed: 8/19/2022 12:44:06 PM, Old:  10.00, New:   0.15
Excitation Wavelength Changed: 8/19/2022 12:44:06 PM, Old: 300.00, New: 250.00
Emission Wavelength Changed: 8/19/2022 12:44:06 PM, Old: 310.00, New: 510.00
Zero Mode Changed: 8/19/2022 12:44:09 PM, Old:ON, New:Reading
Zero Mode Changed: 8/19/2022 12:44:09 PM, Old:Reading, New:ON
Overlayed Graphs Changed: 8/19/2022 12:44:58 PM, Old:OFF, New:ON
Scan mode: Changed: 8/19/2022 12:45:33 PM, Old:Excitation, New:Emission
Excitation Wavelength Changed: 8/19/2022 12:45:33 PM, Old: 250.00, New: 400.00
Emission Wavelength Changed: 8/19/2022 12:45:33 PM, Old: 510.00, New: 410.00
Stop Wavelength Changed: 8/19/2022 12:45:33 PM, Old: 500.00, New: 600.00
Zero Mode Changed: 8/19/2022 12:45:35 PM, Old:ON, New:Reading
Zero Mode Changed: 8/19/2022 12:45:35 PM, Old:Reading, New:ON
Zero Mode Changed: 8/19/2022 1:01:40 PM, Old:ON, New:Reading
Zero Mode Changed: 8/19/2022 1:01:41 PM, Old:Reading, New:ON
Scan mode: Changed: 8/19/2022 1:02:52 PM, Old:Emission, New:Excitation
User Delta Stop Changed: 8/19/2022 1:02:52 PM, Old: 510.00, New: 525.00
Excitation Wavelength Changed: 8/19/2022 1:02:52 PM, Old: 400.00, New: 250.00
Emission Wavelength Changed: 8/19/2022 1:02:52 PM, Old: 410.00, New: 525.00
Stop Wavelength Changed: 8/19/2022 1:02:52 PM, Old: 600.00, New: 510.00
Zero Mode Changed: 8/19/2022 1:02:59 PM, Old:ON, New:Reading
Zero Mode Changed: 8/19/2022 1:02:59 PM, Old:Reading, New:ON
Scan mode: Changed: 8/19/2022 1:04:03 PM, Old:Excitation, New:Emission
Excitation Wavelength Changed: 8/19/2022 1:04:03 PM, Old: 250.00, New: 460.00
Emission Wavelength Changed: 8/19/2022 1:04:03 PM, Old: 525.00, New: 470.00
Stop Wavelength Changed: 8/19/2022 1:04:03 PM, Old: 510.00, New: 800.00
Zero Mode Changed: 8/19/2022 1:04:05 PM, Old:ON, New:Reading
Zero Mode Changed: 8/19/2022 1:04:05 PM, Old:Reading, New:ON
Scan mode: Changed: 8/19/2022 1:05:06 PM, Old:Emission, New:Excitation
Excitation Wavelength Changed: 8/19/2022 1:05:06 PM, Old: 460.00, New: 250.00
Stop Wavelength Changed: 8/19/2022 1:05:06 PM, Old: 800.00, New: 460.00
Zero Mode Changed: 8/19/2022 1:05:10 PM, Old:ON, New:Reading
Zero Mode Changed: 8/19/2022 1:05:10 PM, Old:Reading, New:ON
Emission Wavelength Changed: 8/19/2022 1:14:37 PM, Old: 470.00, New: 520.00
Stop Wavelength Changed: 8/19/2022 1:14:37 PM, Old: 460.00, New: 510.00
Zero Mode Changed: 8/19/2022 1:14:39 PM, Old:ON, New:Reading
Zero Mode Changed: 8/19/2022 1:14:39 PM, Old:Reading, New:ON
Scan mode: Changed: 8/19/2022 1:16:03 PM, Old:Excitation, New:Emission
Excitation Wavelength Changed: 8/19/2022 1:16:03 PM, Old: 250.00, New: 410.00
Emission Wavelength Changed: 8/19/2022 1:16:03 PM, Old: 520.00, New: 420.00
Stop Wavelength Changed: 8/19/2022 1:16:03 PM, Old: 510.00, New: 700.00
Zero Mode Changed: 8/19/2022 1:16:05 PM, Old:ON, New:Reading
Zero Mode Changed: 8/19/2022 1:16:06 PM, Old:Reading, New:ON
Scan mode: Changed: 8/19/2022 1:17:05 PM, Old:Emission, New:Excitation
Excitation Wavelength Changed: 8/19/2022 1:17:05 PM, Old: 410.00, New: 250.00
Emission Wavelength Changed: 8/19/2022 1:17:05 PM, Old: 420.00, New: 485.00
Stop Wavelength Changed: 8/19/2022 1:17:05 PM, Old: 700.00, New: 475.00
Zero Mode Changed: 8/19/2022 1:17:08 PM, Old:ON, New:Reading
Zero Mode Changed: 8/19/2022 1:17:09 PM, Old:Reading, New:ON
End Method Modifications

CdSe 180min sonochem ex390,
CdSe 180min sonochem ex390
Collection Time: 8/19/2022 1:18:07 PM
Operator Name  :
Scan Software Version: 1.1(132)
Parameter List :
Instrument                        Cary Eclipse
Instrument Serial Number          E08013467
Data mode                         Fluorescence
Scan mode                         Emission
X Mode                            Wavelength (nm)
Start (nm)                        400.00
Stop (nm)                         700.00
Ex. Wavelength (nm)               390.00
Ex. Slit (nm)                     5
Em. Slit (nm)                     5
Scan rate (nm/min)                600.00
Data interval (nm)                1.0000
Averaging Time (s)                0.1000
Excitation filter                 Auto
Emission filter                   Open
PMT voltage (V)                   Medium
Corrected spectra                 OFF
Method Log     :
Method Name    : Default
Date/Time stamp: 8/19/2022 12:24:21 PM
Method Modifications:
Zero Mode Changed: 8/19/2022 12:42:32 PM, Old:OFF, New:Reading
Zero Mode Changed: 8/19/2022 12:42:32 PM, Old:Reading, New:ON
Excitation Wavelength Changed: 8/19/2022 12:42:49 PM, Old: 350.00, New: 300.00
Emission Wavelength Changed: 8/19/2022 12:42:49 PM, Old: 400.00, New: 310.00
Stop Wavelength Changed: 8/19/2022 12:42:49 PM, Old: 600.00, New: 500.00
Zero Mode Changed: 8/19/2022 12:42:52 PM, Old:ON, New:Reading
Zero Mode Changed: 8/19/2022 12:42:52 PM, Old:Reading, New:ON
Scan mode: Changed: 8/19/2022 12:44:06 PM, Old:Emission, New:Excitation
User Delta Stop Changed: 8/19/2022 12:44:06 PM, Old: 450.00, New: 510.00
User Delta Increment Changed: 8/19/2022 12:44:06 PM, Old:  10.00, New:   0.15
Excitation Wavelength Changed: 8/19/2022 12:44:06 PM, Old: 300.00, New: 250.00
Emission Wavelength Changed: 8/19/2022 12:44:06 PM, Old: 310.00, New: 510.00
Zero Mode Changed: 8/19/2022 12:44:09 PM, Old:ON, New:Reading
Zero Mode Changed: 8/19/2022 12:44:09 PM, Old:Reading, New:ON
Overlayed Graphs Changed: 8/19/2022 12:44:58 PM, Old:OFF, New:ON
Scan mode: Changed: 8/19/2022 12:45:33 PM, Old:Excitation, New:Emission
Excitation Wavelength Changed: 8/19/2022 12:45:33 PM, Old: 250.00, New: 400.00
Emission Wavelength Changed: 8/19/2022 12:45:33 PM, Old: 510.00, New: 410.00
Stop Wavelength Changed: 8/19/2022 12:45:33 PM, Old: 500.00, New: 600.00
Zero Mode Changed: 8/19/2022 12:45:35 PM, Old:ON, New:Reading
Zero Mode Changed: 8/19/2022 12:45:35 PM, Old:Reading, New:ON
Zero Mode Changed: 8/19/2022 1:01:40 PM, Old:ON, New:Reading
Zero Mode Changed: 8/19/2022 1:01:41 PM, Old:Reading, New:ON
Scan mode: Changed: 8/19/2022 1:02:52 PM, Old:Emission, New:Excitation
User Delta Stop Changed: 8/19/2022 1:02:52 PM, Old: 510.00, New: 525.00
Excitation Wavelength Changed: 8/19/2022 1:02:52 PM, Old: 400.00, New: 250.00
Emission Wavelength Changed: 8/19/2022 1:02:52 PM, Old: 410.00, New: 525.00
Stop Wavelength Changed: 8/19/2022 1:02:52 PM, Old: 600.00, New: 510.00
Zero Mode Changed: 8/19/2022 1:02:59 PM, Old:ON, New:Reading
Zero Mode Changed: 8/19/2022 1:02:59 PM, Old:Reading, New:ON
Scan mode: Changed: 8/19/2022 1:04:03 PM, Old:Excitation, New:Emission
Excitation Wavelength Changed: 8/19/2022 1:04:03 PM, Old: 250.00, New: 460.00
Emission Wavelength Changed: 8/19/2022 1:04:03 PM, Old: 525.00, New: 470.00
Stop Wavelength Changed: 8/19/2022 1:04:03 PM, Old: 510.00, New: 800.00
Zero Mode Changed: 8/19/2022 1:04:05 PM, Old:ON, New:Reading
Zero Mode Changed: 8/19/2022 1:04:05 PM, Old:Reading, New:ON
Scan mode: Changed: 8/19/2022 1:05:06 PM, Old:Emission, New:Excitation
Excitation Wavelength Changed: 8/19/2022 1:05:06 PM, Old: 460.00, New: 250.00
Stop Wavelength Changed: 8/19/2022 1:05:06 PM, Old: 800.00, New: 460.00
Zero Mode Changed: 8/19/2022 1:05:10 PM, Old:ON, New:Reading
Zero Mode Changed: 8/19/2022 1:05:10 PM, Old:Reading, New:ON
Emission Wavelength Changed: 8/19/2022 1:14:37 PM, Old: 470.00, New: 520.00
Stop Wavelength Changed: 8/19/2022 1:14:37 PM, Old: 460.00, New: 510.00
Zero Mode Changed: 8/19/2022 1:14:39 PM, Old:ON, New:Reading
Zero Mode Changed: 8/19/2022 1:14:39 PM, Old:Reading, New:ON
Scan mode: Changed: 8/19/2022 1:16:03 PM, Old:Excitation, New:Emission
Excitation Wavelength Changed: 8/19/2022 1:16:03 PM, Old: 250.00, New: 410.00
Emission Wavelength Changed: 8/19/2022 1:16:03 PM, Old: 520.00, New: 420.00
Stop Wavelength Changed: 8/19/2022 1:16:03 PM, Old: 510.00, New: 700.00
Zero Mode Changed: 8/19/2022 1:16:05 PM, Old:ON, New:Reading
Zero Mode Changed: 8/19/2022 1:16:06 PM, Old:Reading, New:ON
Scan mode: Changed: 8/19/2022 1:17:05 PM, Old:Emission, New:Excitation
Excitation Wavelength Changed: 8/19/2022 1:17:05 PM, Old: 410.00, New: 250.00
Emission Wavelength Changed: 8/19/2022 1:17:05 PM, Old: 420.00, New: 485.00
Stop Wavelength Changed: 8/19/2022 1:17:05 PM, Old: 700.00, New: 475.00
Zero Mode Changed: 8/19/2022 1:17:08 PM, Old:ON, New:Reading
Zero Mode Changed: 8/19/2022 1:17:09 PM, Old:Reading, New:ON
Scan mode: Changed: 8/19/2022 1:17:59 PM, Old:Excitation, New:Emission
Excitation Wavelength Changed: 8/19/2022 1:17:59 PM, Old: 250.00, New: 390.00
Emission Wavelength Changed: 8/19/2022 1:17:59 PM, Old: 485.00, New: 400.00
Stop Wavelength Changed: 8/19/2022 1:17:59 PM, Old: 475.00, New: 700.00
Zero Mode Changed: 8/19/2022 1:18:01 PM, Old:ON, New:Reading
Zero Mode Changed: 8/19/2022 1:18:01 PM, Old:Reading, New:ON
End Method Modifications

CdSe 180min sonochem em560,
CdSe 180min sonochem em560
Collection Time: 8/19/2022 1:19:15 PM
Operator Name  :
Scan Software Version: 1.1(132)
Parameter List :
Instrument                        Cary Eclipse
Instrument Serial Number          E08013467
Data mode                         Fluorescence
Scan mode                         Excitation
X Mode                            Wavelength (nm)
Start (nm)                        270.00
Stop (nm)                         550.00
Em. Wavelength (nm)               560.00
Ex. Slit (nm)                     5
Em. Slit (nm)                     5
Scan rate (nm/min)                600.00
Data interval (nm)                1.0000
Averaging Time (s)                0.1000
Excitation filter                 Auto
Emission filter                   Open
PMT voltage (V)                   Medium
Corrected spectra                 OFF
Method Log     :
Method Name    : Default
Date/Time stamp: 8/19/2022 12:24:21 PM
Method Modifications:
Zero Mode Changed: 8/19/2022 12:42:32 PM, Old:OFF, New:Reading
Zero Mode Changed: 8/19/2022 12:42:32 PM, Old:Reading, New:ON
Excitation Wavelength Changed: 8/19/2022 12:42:49 PM, Old: 350.00, New: 300.00
Emission Wavelength Changed: 8/19/2022 12:42:49 PM, Old: 400.00, New: 310.00
Stop Wavelength Changed: 8/19/2022 12:42:49 PM, Old: 600.00, New: 500.00
Zero Mode Changed: 8/19/2022 12:42:52 PM, Old:ON, New:Reading
Zero Mode Changed: 8/19/2022 12:42:52 PM, Old:Reading, New:ON
Scan mode: Changed: 8/19/2022 12:44:06 PM, Old:Emission, New:Excitation
User Delta Stop Changed: 8/19/2022 12:44:06 PM, Old: 450.00, New: 510.00
User Delta Increment Changed: 8/19/2022 12:44:06 PM, Old:  10.00, New:   0.15
Excitation Wavelength Changed: 8/19/2022 12:44:06 PM, Old: 300.00, New: 250.00
Emission Wavelength Changed: 8/19/2022 12:44:06 PM, Old: 310.00, New: 510.00
Zero Mode Changed: 8/19/2022 12:44:09 PM, Old:ON, New:Reading
Zero Mode Changed: 8/19/2022 12:44:09 PM, Old:Reading, New:ON
Overlayed Graphs Changed: 8/19/2022 12:44:58 PM, Old:OFF, New:ON
Scan mode: Changed: 8/19/2022 12:45:33 PM, Old:Excitation, New:Emission
Excitation Wavelength Changed: 8/19/2022 12:45:33 PM, Old: 250.00, New: 400.00
Emission Wavelength Changed: 8/19/2022 12:45:33 PM, Old: 510.00, New: 410.00
Stop Wavelength Changed: 8/19/2022 12:45:33 PM, Old: 500.00, New: 600.00
Zero Mode Changed: 8/19/2022 12:45:35 PM, Old:ON, New:Reading
Zero Mode Changed: 8/19/2022 12:45:35 PM, Old:Reading, New:ON
Zero Mode Changed: 8/19/2022 1:01:40 PM, Old:ON, New:Reading
Zero Mode Changed: 8/19/2022 1:01:41 PM, Old:Reading, New:ON
Scan mode: Changed: 8/19/2022 1:02:52 PM, Old:Emission, New:Excitation
User Delta Stop Changed: 8/19/2022 1:02:52 PM, Old: 510.00, New: 525.00
Excitation Wavelength Changed: 8/19/2022 1:02:52 PM, Old: 400.00, New: 250.00
Emission Wavelength Changed: 8/19/2022 1:02:52 PM, Old: 410.00, New: 525.00
Stop Wavelength Changed: 8/19/2022 1:02:52 PM, Old: 600.00, New: 510.00
Zero Mode Changed: 8/19/2022 1:02:59 PM, Old:ON, New:Reading
Zero Mode Changed: 8/19/2022 1:02:59 PM, Old:Reading, New:ON
Scan mode: Changed: 8/19/2022 1:04:03 PM, Old:Excitation, New:Emission
Excitation Wavelength Changed: 8/19/2022 1:04:03 PM, Old: 250.00, New: 460.00
Emission Wavelength Changed: 8/19/2022 1:04:03 PM, Old: 525.00, New: 470.00
Stop Wavelength Changed: 8/19/2022 1:04:03 PM, Old: 510.00, New: 800.00
Zero Mode Changed: 8/19/2022 1:04:05 PM, Old:ON, New:Reading
Zero Mode Changed: 8/19/2022 1:04:05 PM, Old:Reading, New:ON
Scan mode: Changed: 8/19/2022 1:05:06 PM, Old:Emission, New:Excitation
Excitation Wavelength Changed: 8/19/2022 1:05:06 PM, Old: 460.00, New: 250.00
Stop Wavelength Changed: 8/19/2022 1:05:06 PM, Old: 800.00, New: 460.00
Zero Mode Changed: 8/19/2022 1:05:10 PM, Old:ON, New:Reading
Zero Mode Changed: 8/19/2022 1:05:10 PM, Old:Reading, New:ON
Emission Wavelength Changed: 8/19/2022 1:14:37 PM, Old: 470.00, New: 520.00
Stop Wavelength Changed: 8/19/2022 1:14:37 PM, Old: 460.00, New: 510.00
Zero Mode Changed: 8/19/2022 1:14:39 PM, Old:ON, New:Reading
Zero Mode Changed: 8/19/2022 1:14:39 PM, Old:Reading, New:ON
Scan mode: Changed: 8/19/2022 1:16:03 PM, Old:Excitation, New:Emission
Excitation Wavelength Changed: 8/19/2022 1:16:03 PM, Old: 250.00, New: 410.00
Emission Wavelength Changed: 8/19/2022 1:16:03 PM, Old: 520.00, New: 420.00
Stop Wavelength Changed: 8/19/2022 1:16:03 PM, Old: 510.00, New: 700.00
Zero Mode Changed: 8/19/2022 1:16:05 PM, Old:ON, New:Reading
Zero Mode Changed: 8/19/2022 1:16:06 PM, Old:Reading, New:ON
Scan mode: Changed: 8/19/2022 1:17:05 PM, Old:Emission, New:Excitation
Excitation Wavelength Changed: 8/19/2022 1:17:05 PM, Old: 410.00, New: 250.00
Emission Wavelength Changed: 8/19/2022 1:17:05 PM, Old: 420.00, New: 485.00
Stop Wavelength Changed: 8/19/2022 1:17:05 PM, Old: 700.00, New: 475.00
Zero Mode Changed: 8/19/2022 1:17:08 PM, Old:ON, New:Reading
Zero Mode Changed: 8/19/2022 1:17:09 PM, Old:Reading, New:ON
Scan mode: Changed: 8/19/2022 1:17:59 PM, Old:Excitation, New:Emission
Excitation Wavelength Changed: 8/19/2022 1:17:59 PM, Old: 250.00, New: 390.00
Emission Wavelength Changed: 8/19/2022 1:17:59 PM, Old: 485.00, New: 400.00
Stop Wavelength Changed: 8/19/2022 1:17:59 PM, Old: 475.00, New: 700.00
Zero Mode Changed: 8/19/2022 1:18:01 PM, Old:ON, New:Reading
Zero Mode Changed: 8/19/2022 1:18:01 PM, Old:Reading, New:ON
Scan mode: Changed: 8/19/2022 1:19:05 PM, Old:Emission, New:Excitation
User Delta Stop Changed: 8/19/2022 1:19:05 PM, Old: 525.00, New: 560.00
Excitation Wavelength Changed: 8/19/2022 1:19:05 PM, Old: 390.00, New: 270.00
Emission Wavelength Changed: 8/19/2022 1:19:05 PM, Old: 400.00, New: 560.00
Stop Wavelength Changed: 8/19/2022 1:19:05 PM, Old: 700.00, New: 550.00
Zero Mode Changed: 8/19/2022 1:19:09 PM, Old:ON, New:Reading
Zero Mode Changed: 8/19/2022 1:19:09 PM, Old:Reading, New:ON
End Method Modifications

CdSe 180min sonochem ex470,
CdSe 180min sonochem ex470
Collection Time: 8/19/2022 1:20:30 PM
Operator Name  :
Scan Software Version: 1.1(132)
Parameter List :
Instrument                        Cary Eclipse
Instrument Serial Number          E08013467
Data mode                         Fluorescence
Scan mode                         Emission
X Mode                            Wavelength (nm)
Start (nm)                        480.00
Stop (nm)                         700.00
Ex. Wavelength (nm)               470.00
Ex. Slit (nm)                     5
Em. Slit (nm)                     5
Scan rate (nm/min)                600.00
Data interval (nm)                1.0000
Averaging Time (s)                0.1000
Excitation filter                 Auto
Emission filter                   Open
PMT voltage (V)                   Medium
Corrected spectra                 OFF
Method Log     :
Method Name    : Default
Date/Time stamp: 8/19/2022 12:24:21 PM
Method Modifications:
Zero Mode Changed: 8/19/2022 12:42:32 PM, Old:OFF, New:Reading
Zero Mode Changed: 8/19/2022 12:42:32 PM, Old:Reading, New:ON
Excitation Wavelength Changed: 8/19/2022 12:42:49 PM, Old: 350.00, New: 300.00
Emission Wavelength Changed: 8/19/2022 12:42:49 PM, Old: 400.00, New: 310.00
Stop Wavelength Changed: 8/19/2022 12:42:49 PM, Old: 600.00, New: 500.00
Zero Mode Changed: 8/19/2022 12:42:52 PM, Old:ON, New:Reading
Zero Mode Changed: 8/19/2022 12:42:52 PM, Old:Reading, New:ON
Scan mode: Changed: 8/19/2022 12:44:06 PM, Old:Emission, New:Excitation
User Delta Stop Changed: 8/19/2022 12:44:06 PM, Old: 450.00, New: 510.00
User Delta Increment Changed: 8/19/2022 12:44:06 PM, Old:  10.00, New:   0.15
Excitation Wavelength Changed: 8/19/2022 12:44:06 PM, Old: 300.00, New: 250.00
Emission Wavelength Changed: 8/19/2022 12:44:06 PM, Old: 310.00, New: 510.00
Zero Mode Changed: 8/19/2022 12:44:09 PM, Old:ON, New:Reading
Zero Mode Changed: 8/19/2022 12:44:09 PM, Old:Reading, New:ON
Overlayed Graphs Changed: 8/19/2022 12:44:58 PM, Old:OFF, New:ON
Scan mode: Changed: 8/19/2022 12:45:33 PM, Old:Excitation, New:Emission
Excitation Wavelength Changed: 8/19/2022 12:45:33 PM, Old: 250.00, New: 400.00
Emission Wavelength Changed: 8/19/2022 12:45:33 PM, Old: 510.00, New: 410.00
Stop Wavelength Changed: 8/19/2022 12:45:33 PM, Old: 500.00, New: 600.00
Zero Mode Changed: 8/19/2022 12:45:35 PM, Old:ON, New:Reading
Zero Mode Changed: 8/19/2022 12:45:35 PM, Old:Reading, New:ON
Zero Mode Changed: 8/19/2022 1:01:40 PM, Old:ON, New:Reading
Zero Mode Changed: 8/19/2022 1:01:41 PM, Old:Reading, New:ON
Scan mode: Changed: 8/19/2022 1:02:52 PM, Old:Emission, New:Excitation
User Delta Stop Changed: 8/19/2022 1:02:52 PM, Old: 510.00, New: 525.00
Excitation Wavelength Changed: 8/19/2022 1:02:52 PM, Old: 400.00, New: 250.00
Emission Wavelength Changed: 8/19/2022 1:02:52 PM, Old: 410.00, New: 525.00
Stop Wavelength Changed: 8/19/2022 1:02:52 PM, Old: 600.00, New: 510.00
Zero Mode Changed: 8/19/2022 1:02:59 PM, Old:ON, New:Reading
Zero Mode Changed: 8/19/2022 1:02:59 PM, Old:Reading, New:ON
Scan mode: Changed: 8/19/2022 1:04:03 PM, Old:Excitation, New:Emission
Excitation Wavelength Changed: 8/19/2022 1:04:03 PM, Old: 250.00, New: 460.00
Emission Wavelength Changed: 8/19/2022 1:04:03 PM, Old: 525.00, New: 470.00
Stop Wavelength Changed: 8/19/2022 1:04:03 PM, Old: 510.00, New: 800.00
Zero Mode Changed: 8/19/2022 1:04:05 PM, Old:ON, New:Reading
Zero Mode Changed: 8/19/2022 1:04:05 PM, Old:Reading, New:ON
Scan mode: Changed: 8/19/2022 1:05:06 PM, Old:Emission, New:Excitation
Excitation Wavelength Changed: 8/19/2022 1:05:06 PM, Old: 460.00, New: 250.00
Stop Wavelength Changed: 8/19/2022 1:05:06 PM, Old: 800.00, New: 460.00
Zero Mode Changed: 8/19/2022 1:05:10 PM, Old:ON, New:Reading
Zero Mode Changed: 8/19/2022 1:05:10 PM, Old:Reading, New:ON
Emission Wavelength Changed: 8/19/2022 1:14:37 PM, Old: 470.00, New: 520.00
Stop Wavelength Changed: 8/19/2022 1:14:37 PM, Old: 460.00, New: 510.00
Zero Mode Changed: 8/19/2022 1:14:39 PM, Old:ON, New:Reading
Zero Mode Changed: 8/19/2022 1:14:39 PM, Old:Reading, New:ON
Scan mode: Changed: 8/19/2022 1:16:03 PM, Old:Excitation, New:Emission
Excitation Wavelength Changed: 8/19/2022 1:16:03 PM, Old: 250.00, New: 410.00
Emission Wavelength Changed: 8/19/2022 1:16:03 PM, Old: 520.00, New: 420.00
Stop Wavelength Changed: 8/19/2022 1:16:03 PM, Old: 510.00, New: 700.00
Zero Mode Changed: 8/19/2022 1:16:05 PM, Old:ON, New:Reading
Zero Mode Changed: 8/19/2022 1:16:06 PM, Old:Reading, New:ON
Scan mode: Changed: 8/19/2022 1:17:05 PM, Old:Emission, New:Excitation
Excitation Wavelength Changed: 8/19/2022 1:17:05 PM, Old: 410.00, New: 250.00
Emission Wavelength Changed: 8/19/2022 1:17:05 PM, Old: 420.00, New: 485.00
Stop Wavelength Changed: 8/19/2022 1:17:05 PM, Old: 700.00, New: 475.00
Zero Mode Changed: 8/19/2022 1:17:08 PM, Old:ON, New:Reading
Zero Mode Changed: 8/19/2022 1:17:09 PM, Old:Reading, New:ON
Scan mode: Changed: 8/19/2022 1:17:59 PM, Old:Excitation, New:Emission
Excitation Wavelength Changed: 8/19/2022 1:17:59 PM, Old: 250.00, New: 390.00
Emission Wavelength Changed: 8/19/2022 1:17:59 PM, Old: 485.00, New: 400.00
Stop Wavelength Changed: 8/19/2022 1:17:59 PM, Old: 475.00, New: 700.00
Zero Mode Changed: 8/19/2022 1:18:01 PM, Old:ON, New:Reading
Zero Mode Changed: 8/19/2022 1:18:01 PM, Old:Reading, New:ON
Scan mode: Changed: 8/19/2022 1:19:05 PM, Old:Emission, New:Excitation
User Delta Stop Changed: 8/19/2022 1:19:05 PM, Old: 525.00, New: 560.00
Excitation Wavelength Changed: 8/19/2022 1:19:05 PM, Old: 390.00, New: 270.00
Emission Wavelength Changed: 8/19/2022 1:19:05 PM, Old: 400.00, New: 560.00
Stop Wavelength Changed: 8/19/2022 1:19:05 PM, Old: 700.00, New: 550.00
Zero Mode Changed: 8/19/2022 1:19:09 PM, Old:ON, New:Reading
Zero Mode Changed: 8/19/2022 1:19:09 PM, Old:Reading, New:ON
Scan mode: Changed: 8/19/2022 1:20:21 PM, Old:Excitation, New:Emission
Excitation Wavelength Changed: 8/19/2022 1:20:21 PM, Old: 270.00, New: 470.00
Emission Wavelength Changed: 8/19/2022 1:20:21 PM, Old: 560.00, New: 480.00
Stop Wavelength Changed: 8/19/2022 1:20:21 PM, Old: 550.00, New: 700.00
Zero Mode Changed: 8/19/2022 1:20:24 PM, Old:ON, New:Reading
Zero Mode Changed: 8/19/2022 1:20:24 PM, Old:Reading, New:ON
End Method Modifications

CdSe 30min sonochem ex470,
CdSe 30min sonochem ex470
Collection Time: 8/19/2022 12:25:47 PM
Operator Name  :
Scan Software Version: 1.1(132)
Parameter List :
Instrument                        Cary Eclipse
Instrument Serial Number          E08013467
Data mode                         Fluorescence
Scan mode                         Emission
X Mode                            Wavelength (nm)
Start (nm)                        480.00
Stop (nm)                         700.00
Ex. Wavelength (nm)               470.00
Ex. Slit (nm)                     5
Em. Slit (nm)                     5
Scan rate (nm/min)                600.00
Data interval (nm)                1.0000
Averaging Time (s)                0.1000
Excitation filter                 Auto
Emission filter                   Open
PMT voltage (V)                   Medium
Corrected spectra                 OFF
Method Log     :
Method Name    : Default
Date/Time stamp: 8/19/2022 12:24:21 PM
Method Modifications:
Zero Mode Changed: 8/19/2022 12:42:32 PM, Old:OFF, New:Reading
Zero Mode Changed: 8/19/2022 12:42:32 PM, Old:Reading, New:ON
Excitation Wavelength Changed: 8/19/2022 12:42:49 PM, Old: 350.00, New: 300.00
Emission Wavelength Changed: 8/19/2022 12:42:49 PM, Old: 400.00, New: 310.00
Stop Wavelength Changed: 8/19/2022 12:42:49 PM, Old: 600.00, New: 500.00
Zero Mode Changed: 8/19/2022 12:42:52 PM, Old:ON, New:Reading
Zero Mode Changed: 8/19/2022 12:42:52 PM, Old:Reading, New:ON
Scan mode: Changed: 8/19/2022 12:44:06 PM, Old:Emission, New:Excitation
User Delta Stop Changed: 8/19/2022 12:44:06 PM, Old: 450.00, New: 510.00
User Delta Increment Changed: 8/19/2022 12:44:06 PM, Old:  10.00, New:   0.15
Excitation Wavelength Changed: 8/19/2022 12:44:06 PM, Old: 300.00, New: 250.00
Emission Wavelength Changed: 8/19/2022 12:44:06 PM, Old: 310.00, New: 510.00
Zero Mode Changed: 8/19/2022 12:44:09 PM, Old:ON, New:Reading
Zero Mode Changed: 8/19/2022 12:44:09 PM, Old:Reading, New:ON
Overlayed Graphs Changed: 8/19/2022 12:44:58 PM, Old:OFF, New:ON
Scan mode: Changed: 8/19/2022 12:45:33 PM, Old:Excitation, New:Emission
Excitation Wavelength Changed: 8/19/2022 12:45:33 PM, Old: 250.00, New: 400.00
Emission Wavelength Changed: 8/19/2022 12:45:33 PM, Old: 510.00, New: 410.00
Stop Wavelength Changed: 8/19/2022 12:45:33 PM, Old: 500.00, New: 600.00
Zero Mode Changed: 8/19/2022 12:45:35 PM, Old:ON, New:Reading
Zero Mode Changed: 8/19/2022 12:45:35 PM, Old:Reading, New:ON
Zero Mode Changed: 8/19/2022 1:01:40 PM, Old:ON, New:Reading
Zero Mode Changed: 8/19/2022 1:01:41 PM, Old:Reading, New:ON
Scan mode: Changed: 8/19/2022 1:02:52 PM, Old:Emission, New:Excitation
User Delta Stop Changed: 8/19/2022 1:02:52 PM, Old: 510.00, New: 525.00
Excitation Wavelength Changed: 8/19/2022 1:02:52 PM, Old: 400.00, New: 250.00
Emission Wavelength Changed: 8/19/2022 1:02:52 PM, Old: 410.00, New: 525.00
Stop Wavelength Changed: 8/19/2022 1:02:52 PM, Old: 600.00, New: 510.00
Zero Mode Changed: 8/19/2022 1:02:59 PM, Old:ON, New:Reading
Zero Mode Changed: 8/19/2022 1:02:59 PM, Old:Reading, New:ON
Scan mode: Changed: 8/19/2022 1:04:03 PM, Old:Excitation, New:Emission
Excitation Wavelength Changed: 8/19/2022 1:04:03 PM, Old: 250.00, New: 460.00
Emission Wavelength Changed: 8/19/2022 1:04:03 PM, Old: 525.00, New: 470.00
Stop Wavelength Changed: 8/19/2022 1:04:03 PM, Old: 510.00, New: 800.00
Zero Mode Changed: 8/19/2022 1:04:05 PM, Old:ON, New:Reading
Zero Mode Changed: 8/19/2022 1:04:05 PM, Old:Reading, New:ON
Scan mode: Changed: 8/19/2022 1:05:06 PM, Old:Emission, New:Excitation
Excitation Wavelength Changed: 8/19/2022 1:05:06 PM, Old: 460.00, New: 250.00
Stop Wavelength Changed: 8/19/2022 1:05:06 PM, Old: 800.00, New: 460.00
Zero Mode Changed: 8/19/2022 1:05:10 PM, Old:ON, New:Reading
Zero Mode Changed: 8/19/2022 1:05:10 PM, Old:Reading, New:ON
Emission Wavelength Changed: 8/19/2022 1:14:37 PM, Old: 470.00, New: 520.00
Stop Wavelength Changed: 8/19/2022 1:14:37 PM, Old: 460.00, New: 510.00
Zero Mode Changed: 8/19/2022 1:14:39 PM, Old:ON, New:Reading
Zero Mode Changed: 8/19/2022 1:14:39 PM, Old:Reading, New:ON
Scan mode: Changed: 8/19/2022 1:16:03 PM, Old:Excitation, New:Emission
Excitation Wavelength Changed: 8/19/2022 1:16:03 PM, Old: 250.00, New: 410.00
Emission Wavelength Changed: 8/19/2022 1:16:03 PM, Old: 520.00, New: 420.00
Stop Wavelength Changed: 8/19/2022 1:16:03 PM, Old: 510.00, New: 700.00
Zero Mode Changed: 8/19/2022 1:16:05 PM, Old:ON, New:Reading
Zero Mode Changed: 8/19/2022 1:16:06 PM, Old:Reading, New:ON
Scan mode: Changed: 8/19/2022 1:17:05 PM, Old:Emission, New:Excitation
Excitation Wavelength Changed: 8/19/2022 1:17:05 PM, Old: 410.00, New: 250.00
Emission Wavelength Changed: 8/19/2022 1:17:05 PM, Old: 420.00, New: 485.00
Stop Wavelength Changed: 8/19/2022 1:17:05 PM, Old: 700.00, New: 475.00
Zero Mode Changed: 8/19/2022 1:17:08 PM, Old:ON, New:Reading
Zero Mode Changed: 8/19/2022 1:17:09 PM, Old:Reading, New:ON
Scan mode: Changed: 8/19/2022 1:17:59 PM, Old:Excitation, New:Emission
Excitation Wavelength Changed: 8/19/2022 1:17:59 PM, Old: 250.00, New: 390.00
Emission Wavelength Changed: 8/19/2022 1:17:59 PM, Old: 485.00, New: 400.00
Stop Wavelength Changed: 8/19/2022 1:17:59 PM, Old: 475.00, New: 700.00
Zero Mode Changed: 8/19/2022 1:18:01 PM, Old:ON, New:Reading
Zero Mode Changed: 8/19/2022 1:18:01 PM, Old:Reading, New:ON
Scan mode: Changed: 8/19/2022 1:19:05 PM, Old:Emission, New:Excitation
User Delta Stop Changed: 8/19/2022 1:19:05 PM, Old: 525.00, New: 560.00
Excitation Wavelength Changed: 8/19/2022 1:19:05 PM, Old: 390.00, New: 270.00
Emission Wavelength Changed: 8/19/2022 1:19:05 PM, Old: 400.00, New: 560.00
Stop Wavelength Changed: 8/19/2022 1:19:05 PM, Old: 700.00, New: 550.00
Zero Mode Changed: 8/19/2022 1:19:09 PM, Old:ON, New:Reading
Zero Mode Changed: 8/19/2022 1:19:09 PM, Old:Reading, New:ON
Scan mode: Changed: 8/19/2022 1:20:21 PM, Old:Excitation, New:Emission
Excitation Wavelength Changed: 8/19/2022 1:20:21 PM, Old: 270.00, New: 470.00
Emission Wavelength Changed: 8/19/2022 1:20:21 PM, Old: 560.00, New: 480.00
Stop Wavelength Changed: 8/19/2022 1:20:21 PM, Old: 550.00, New: 700.00
Zero Mode Changed: 8/19/2022 1:20:24 PM, Old:ON, New:Reading
Zero Mode Changed: 8/19/2022 1:20:24 PM, Old:Reading, New:ON
Zero Mode Changed: 8/19/2022 12:25:34 PM, Old:ON, New:Reading
Zero Mode Changed: 8/19/2022 12:25:34 PM, Old:Reading, New:ON
End Method Modifications

CdSe 30min sonochem em515,
CdSe 30min sonochem em515
Collection Time: 8/19/2022 12:26:54 PM
Operator Name  :
Scan Software Version: 1.1(132)
Parameter List :
Instrument                        Cary Eclipse
Instrument Serial Number          E08013467
Data mode                         Fluorescence
Scan mode                         Excitation
X Mode                            Wavelength (nm)
Start (nm)                        270.00
Stop (nm)                         505.00
Em. Wavelength (nm)               515.00
Ex. Slit (nm)                     5
Em. Slit (nm)                     5
Scan rate (nm/min)                600.00
Data interval (nm)                1.0000
Averaging Time (s)                0.1000
Excitation filter                 Auto
Emission filter                   Open
PMT voltage (V)                   Medium
Corrected spectra                 OFF
Method Log     :
Method Name    : Default
Date/Time stamp: 8/19/2022 12:24:21 PM
Method Modifications:
Zero Mode Changed: 8/19/2022 12:42:32 PM, Old:OFF, New:Reading
Zero Mode Changed: 8/19/2022 12:42:32 PM, Old:Reading, New:ON
Excitation Wavelength Changed: 8/19/2022 12:42:49 PM, Old: 350.00, New: 300.00
Emission Wavelength Changed: 8/19/2022 12:42:49 PM, Old: 400.00, New: 310.00
Stop Wavelength Changed: 8/19/2022 12:42:49 PM, Old: 600.00, New: 500.00
Zero Mode Changed: 8/19/2022 12:42:52 PM, Old:ON, New:Reading
Zero Mode Changed: 8/19/2022 12:42:52 PM, Old:Reading, New:ON
Scan mode: Changed: 8/19/2022 12:44:06 PM, Old:Emission, New:Excitation
User Delta Stop Changed: 8/19/2022 12:44:06 PM, Old: 450.00, New: 510.00
User Delta Increment Changed: 8/19/2022 12:44:06 PM, Old:  10.00, New:   0.15
Excitation Wavelength Changed: 8/19/2022 12:44:06 PM, Old: 300.00, New: 250.00
Emission Wavelength Changed: 8/19/2022 12:44:06 PM, Old: 310.00, New: 510.00
Zero Mode Changed: 8/19/2022 12:44:09 PM, Old:ON, New:Reading
Zero Mode Changed: 8/19/2022 12:44:09 PM, Old:Reading, New:ON
Overlayed Graphs Changed: 8/19/2022 12:44:58 PM, Old:OFF, New:ON
Scan mode: Changed: 8/19/2022 12:45:33 PM, Old:Excitation, New:Emission
Excitation Wavelength Changed: 8/19/2022 12:45:33 PM, Old: 250.00, New: 400.00
Emission Wavelength Changed: 8/19/2022 12:45:33 PM, Old: 510.00, New: 410.00
Stop Wavelength Changed: 8/19/2022 12:45:33 PM, Old: 500.00, New: 600.00
Zero Mode Changed: 8/19/2022 12:45:35 PM, Old:ON, New:Reading
Zero Mode Changed: 8/19/2022 12:45:35 PM, Old:Reading, New:ON
Zero Mode Changed: 8/19/2022 1:01:40 PM, Old:ON, New:Reading
Zero Mode Changed: 8/19/2022 1:01:41 PM, Old:Reading, New:ON
Scan mode: Changed: 8/19/2022 1:02:52 PM, Old:Emission, New:Excitation
User Delta Stop Changed: 8/19/2022 1:02:52 PM, Old: 510.00, New: 525.00
Excitation Wavelength Changed: 8/19/2022 1:02:52 PM, Old: 400.00, New: 250.00
Emission Wavelength Changed: 8/19/2022 1:02:52 PM, Old: 410.00, New: 525.00
Stop Wavelength Changed: 8/19/2022 1:02:52 PM, Old: 600.00, New: 510.00
Zero Mode Changed: 8/19/2022 1:02:59 PM, Old:ON, New:Reading
Zero Mode Changed: 8/19/2022 1:02:59 PM, Old:Reading, New:ON
Scan mode: Changed: 8/19/2022 1:04:03 PM, Old:Excitation, New:Emission
Excitation Wavelength Changed: 8/19/2022 1:04:03 PM, Old: 250.00, New: 460.00
Emission Wavelength Changed: 8/19/2022 1:04:03 PM, Old: 525.00, New: 470.00
Stop Wavelength Changed: 8/19/2022 1:04:03 PM, Old: 510.00, New: 800.00
Zero Mode Changed: 8/19/2022 1:04:05 PM, Old:ON, New:Reading
Zero Mode Changed: 8/19/2022 1:04:05 PM, Old:Reading, New:ON
Scan mode: Changed: 8/19/2022 1:05:06 PM, Old:Emission, New:Excitation
Excitation Wavelength Changed: 8/19/2022 1:05:06 PM, Old: 460.00, New: 250.00
Stop Wavelength Changed: 8/19/2022 1:05:06 PM, Old: 800.00, New: 460.00
Zero Mode Changed: 8/19/2022 1:05:10 PM, Old:ON, New:Reading
Zero Mode Changed: 8/19/2022 1:05:10 PM, Old:Reading, New:ON
Emission Wavelength Changed: 8/19/2022 1:14:37 PM, Old: 470.00, New: 520.00
Stop Wavelength Changed: 8/19/2022 1:14:37 PM, Old: 460.00, New: 510.00
Zero Mode Changed: 8/19/2022 1:14:39 PM, Old:ON, New:Reading
Zero Mode Changed: 8/19/2022 1:14:39 PM, Old:Reading, New:ON
Scan mode: Changed: 8/19/2022 1:16:03 PM, Old:Excitation, New:Emission
Excitation Wavelength Changed: 8/19/2022 1:16:03 PM, Old: 250.00, New: 410.00
Emission Wavelength Changed: 8/19/2022 1:16:03 PM, Old: 520.00, New: 420.00
Stop Wavelength Changed: 8/19/2022 1:16:03 PM, Old: 510.00, New: 700.00
Zero Mode Changed: 8/19/2022 1:16:05 PM, Old:ON, New:Reading
Zero Mode Changed: 8/19/2022 1:16:06 PM, Old:Reading, New:ON
Scan mode: Changed: 8/19/2022 1:17:05 PM, Old:Emission, New:Excitation
Excitation Wavelength Changed: 8/19/2022 1:17:05 PM, Old: 410.00, New: 250.00
Emission Wavelength Changed: 8/19/2022 1:17:05 PM, Old: 420.00, New: 485.00
Stop Wavelength Changed: 8/19/2022 1:17:05 PM, Old: 700.00, New: 475.00
Zero Mode Changed: 8/19/2022 1:17:08 PM, Old:ON, New:Reading
Zero Mode Changed: 8/19/2022 1:17:09 PM, Old:Reading, New:ON
Scan mode: Changed: 8/19/2022 1:17:59 PM, Old:Excitation, New:Emission
Excitation Wavelength Changed: 8/19/2022 1:17:59 PM, Old: 250.00, New: 390.00
Emission Wavelength Changed: 8/19/2022 1:17:59 PM, Old: 485.00, New: 400.00
Stop Wavelength Changed: 8/19/2022 1:17:59 PM, Old: 475.00, New: 700.00
Zero Mode Changed: 8/19/2022 1:18:01 PM, Old:ON, New:Reading
Zero Mode Changed: 8/19/2022 1:18:01 PM, Old:Reading, New:ON
Scan mode: Changed: 8/19/2022 1:19:05 PM, Old:Emission, New:Excitation
User Delta Stop Changed: 8/19/2022 1:19:05 PM, Old: 525.00, New: 560.00
Excitation Wavelength Changed: 8/19/2022 1:19:05 PM, Old: 390.00, New: 270.00
Emission Wavelength Changed: 8/19/2022 1:19:05 PM, Old: 400.00, New: 560.00
Stop Wavelength Changed: 8/19/2022 1:19:05 PM, Old: 700.00, New: 550.00
Zero Mode Changed: 8/19/2022 1:19:09 PM, Old:ON, New:Reading
Zero Mode Changed: 8/19/2022 1:19:09 PM, Old:Reading, New:ON
Scan mode: Changed: 8/19/2022 1:20:21 PM, Old:Excitation, New:Emission
Excitation Wavelength Changed: 8/19/2022 1:20:21 PM, Old: 270.00, New: 470.00
Emission Wavelength Changed: 8/19/2022 1:20:21 PM, Old: 560.00, New: 480.00
Stop Wavelength Changed: 8/19/2022 1:20:21 PM, Old: 550.00, New: 700.00
Zero Mode Changed: 8/19/2022 1:20:24 PM, Old:ON, New:Reading
Zero Mode Changed: 8/19/2022 1:20:24 PM, Old:Reading, New:ON
Zero Mode Changed: 8/19/2022 12:25:34 PM, Old:ON, New:Reading
Zero Mode Changed: 8/19/2022 12:25:34 PM, Old:Reading, New:ON
Scan mode: Changed: 8/19/2022 12:26:37 PM, Old:Emission, New:Excitation
Excitation Wavelength Changed: 8/19/2022 12:26:37 PM, Old: 470.00, New: 270.00
Emission Wavelength Changed: 8/19/2022 12:26:37 PM, Old: 480.00, New: 515.00
Stop Wavelength Changed: 8/19/2022 12:26:37 PM, Old: 700.00, New: 505.00
Zero Mode Changed: 8/19/2022 12:26:41 PM, Old:ON, New:Reading
Zero Mode Changed: 8/19/2022 12:26:42 PM, Old:Reading, New:ON
End Method Modifications

CdSe 30min sonochem ex400,
CdSe 30min sonochem ex400
Collection Time: 8/19/2022 12:27:54 PM
Operator Name  :
Scan Software Version: 1.1(132)
Parameter List :
Instrument                        Cary Eclipse
Instrument Serial Number          E08013467
Data mode                         Fluorescence
Scan mode                         Emission
X Mode                            Wavelength (nm)
Start (nm)                        410.00
Stop (nm)                         700.00
Ex. Wavelength (nm)               400.00
Ex. Slit (nm)                     5
Em. Slit (nm)                     5
Scan rate (nm/min)                600.00
Data interval (nm)                1.0000
Averaging Time (s)                0.1000
Excitation filter                 Auto
Emission filter                   Open
PMT voltage (V)                   Medium
Corrected spectra                 OFF
Method Log     :
Method Name    : Default
Date/Time stamp: 8/19/2022 12:24:21 PM
Method Modifications:
Zero Mode Changed: 8/19/2022 12:42:32 PM, Old:OFF, New:Reading
Zero Mode Changed: 8/19/2022 12:42:32 PM, Old:Reading, New:ON
Excitation Wavelength Changed: 8/19/2022 12:42:49 PM, Old: 350.00, New: 300.00
Emission Wavelength Changed: 8/19/2022 12:42:49 PM, Old: 400.00, New: 310.00
Stop Wavelength Changed: 8/19/2022 12:42:49 PM, Old: 600.00, New: 500.00
Zero Mode Changed: 8/19/2022 12:42:52 PM, Old:ON, New:Reading
Zero Mode Changed: 8/19/2022 12:42:52 PM, Old:Reading, New:ON
Scan mode: Changed: 8/19/2022 12:44:06 PM, Old:Emission, New:Excitation
User Delta Stop Changed: 8/19/2022 12:44:06 PM, Old: 450.00, New: 510.00
User Delta Increment Changed: 8/19/2022 12:44:06 PM, Old:  10.00, New:   0.15
Excitation Wavelength Changed: 8/19/2022 12:44:06 PM, Old: 300.00, New: 250.00
Emission Wavelength Changed: 8/19/2022 12:44:06 PM, Old: 310.00, New: 510.00
Zero Mode Changed: 8/19/2022 12:44:09 PM, Old:ON, New:Reading
Zero Mode Changed: 8/19/2022 12:44:09 PM, Old:Reading, New:ON
Overlayed Graphs Changed: 8/19/2022 12:44:58 PM, Old:OFF, New:ON
Scan mode: Changed: 8/19/2022 12:45:33 PM, Old:Excitation, New:Emission
Excitation Wavelength Changed: 8/19/2022 12:45:33 PM, Old: 250.00, New: 400.00
Emission Wavelength Changed: 8/19/2022 12:45:33 PM, Old: 510.00, New: 410.00
Stop Wavelength Changed: 8/19/2022 12:45:33 PM, Old: 500.00, New: 600.00
Zero Mode Changed: 8/19/2022 12:45:35 PM, Old:ON, New:Reading
Zero Mode Changed: 8/19/2022 12:45:35 PM, Old:Reading, New:ON
Zero Mode Changed: 8/19/2022 1:01:40 PM, Old:ON, New:Reading
Zero Mode Changed: 8/19/2022 1:01:41 PM, Old:Reading, New:ON
Scan mode: Changed: 8/19/2022 1:02:52 PM, Old:Emission, New:Excitation
User Delta Stop Changed: 8/19/2022 1:02:52 PM, Old: 510.00, New: 525.00
Excitation Wavelength Changed: 8/19/2022 1:02:52 PM, Old: 400.00, New: 250.00
Emission Wavelength Changed: 8/19/2022 1:02:52 PM, Old: 410.00, New: 525.00
Stop Wavelength Changed: 8/19/2022 1:02:52 PM, Old: 600.00, New: 510.00
Zero Mode Changed: 8/19/2022 1:02:59 PM, Old:ON, New:Reading
Zero Mode Changed: 8/19/2022 1:02:59 PM, Old:Reading, New:ON
Scan mode: Changed: 8/19/2022 1:04:03 PM, Old:Excitation, New:Emission
Excitation Wavelength Changed: 8/19/2022 1:04:03 PM, Old: 250.00, New: 460.00
Emission Wavelength Changed: 8/19/2022 1:04:03 PM, Old: 525.00, New: 470.00
Stop Wavelength Changed: 8/19/2022 1:04:03 PM, Old: 510.00, New: 800.00
Zero Mode Changed: 8/19/2022 1:04:05 PM, Old:ON, New:Reading
Zero Mode Changed: 8/19/2022 1:04:05 PM, Old:Reading, New:ON
Scan mode: Changed: 8/19/2022 1:05:06 PM, Old:Emission, New:Excitation
Excitation Wavelength Changed: 8/19/2022 1:05:06 PM, Old: 460.00, New: 250.00
Stop Wavelength Changed: 8/19/2022 1:05:06 PM, Old: 800.00, New: 460.00
Zero Mode Changed: 8/19/2022 1:05:10 PM, Old:ON, New:Reading
Zero Mode Changed: 8/19/2022 1:05:10 PM, Old:Reading, New:ON
Emission Wavelength Changed: 8/19/2022 1:14:37 PM, Old: 470.00, New: 520.00
Stop Wavelength Changed: 8/19/2022 1:14:37 PM, Old: 460.00, New: 510.00
Zero Mode Changed: 8/19/2022 1:14:39 PM, Old:ON, New:Reading
Zero Mode Changed: 8/19/2022 1:14:39 PM, Old:Reading, New:ON
Scan mode: Changed: 8/19/2022 1:16:03 PM, Old:Excitation, New:Emission
Excitation Wavelength Changed: 8/19/2022 1:16:03 PM, Old: 250.00, New: 410.00
Emission Wavelength Changed: 8/19/2022 1:16:03 PM, Old: 520.00, New: 420.00
Stop Wavelength Changed: 8/19/2022 1:16:03 PM, Old: 510.00, New: 700.00
Zero Mode Changed: 8/19/2022 1:16:05 PM, Old:ON, New:Reading
Zero Mode Changed: 8/19/2022 1:16:06 PM, Old:Reading, New:ON
Scan mode: Changed: 8/19/2022 1:17:05 PM, Old:Emission, New:Excitation
Excitation Wavelength Changed: 8/19/2022 1:17:05 PM, Old: 410.00, New: 250.00
Emission Wavelength Changed: 8/19/2022 1:17:05 PM, Old: 420.00, New: 485.00
Stop Wavelength Changed: 8/19/2022 1:17:05 PM, Old: 700.00, New: 475.00
Zero Mode Changed: 8/19/2022 1:17:08 PM, Old:ON, New:Reading
Zero Mode Changed: 8/19/2022 1:17:09 PM, Old:Reading, New:ON
Scan mode: Changed: 8/19/2022 1:17:59 PM, Old:Excitation, New:Emission
Excitation Wavelength Changed: 8/19/2022 1:17:59 PM, Old: 250.00, New: 390.00
Emission Wavelength Changed: 8/19/2022 1:17:59 PM, Old: 485.00, New: 400.00
Stop Wavelength Changed: 8/19/2022 1:17:59 PM, Old: 475.00, New: 700.00
Zero Mode Changed: 8/19/2022 1:18:01 PM, Old:ON, New:Reading
Zero Mode Changed: 8/19/2022 1:18:01 PM, Old:Reading, New:ON
Scan mode: Changed: 8/19/2022 1:19:05 PM, Old:Emission, New:Excitation
User Delta Stop Changed: 8/19/2022 1:19:05 PM, Old: 525.00, New: 560.00
Excitation Wavelength Changed: 8/19/2022 1:19:05 PM, Old: 390.00, New: 270.00
Emission Wavelength Changed: 8/19/2022 1:19:05 PM, Old: 400.00, New: 560.00
Stop Wavelength Changed: 8/19/2022 1:19:05 PM, Old: 700.00, New: 550.00
Zero Mode Changed: 8/19/2022 1:19:09 PM, Old:ON, New:Reading
Zero Mode Changed: 8/19/2022 1:19:09 PM, Old:Reading, New:ON
Scan mode: Changed: 8/19/2022 1:20:21 PM, Old:Excitation, New:Emission
Excitation Wavelength Changed: 8/19/2022 1:20:21 PM, Old: 270.00, New: 470.00
Emission Wavelength Changed: 8/19/2022 1:20:21 PM, Old: 560.00, New: 480.00
Stop Wavelength Changed: 8/19/2022 1:20:21 PM, Old: 550.00, New: 700.00
Zero Mode Changed: 8/19/2022 1:20:24 PM, Old:ON, New:Reading
Zero Mode Changed: 8/19/2022 1:20:24 PM, Old:Reading, New:ON
Zero Mode Changed: 8/19/2022 12:25:34 PM, Old:ON, New:Reading
Zero Mode Changed: 8/19/2022 12:25:34 PM, Old:Reading, New:ON
Scan mode: Changed: 8/19/2022 12:26:37 PM, Old:Emission, New:Excitation
Excitation Wavelength Changed: 8/19/2022 12:26:37 PM, Old: 470.00, New: 270.00
Emission Wavelength Changed: 8/19/2022 12:26:37 PM, Old: 480.00, New: 515.00
Stop Wavelength Changed: 8/19/2022 12:26:37 PM, Old: 700.00, New: 505.00
Zero Mode Changed: 8/19/2022 12:26:41 PM, Old:ON, New:Reading
Zero Mode Changed: 8/19/2022 12:26:42 PM, Old:Reading, New:ON
Scan mode: Changed: 8/19/2022 12:27:42 PM, Old:Excitation, New:Emission
Excitation Wavelength Changed: 8/19/2022 12:27:42 PM, Old: 270.00, New: 400.00
Emission Wavelength Changed: 8/19/2022 12:27:42 PM, Old: 515.00, New: 410.00
Stop Wavelength Changed: 8/19/2022 12:27:42 PM, Old: 505.00, New: 700.00
Zero Mode Changed: 8/19/2022 12:27:44 PM, Old:ON, New:Reading
Zero Mode Changed: 8/19/2022 12:27:45 PM, Old:Reading, New:ON
End Method Modifications

CdSe 30min sonochem em470,
CdSe 30min sonochem em470
Collection Time: 8/19/2022 12:28:59 PM
Operator Name  :
Scan Software Version: 1.1(132)
Parameter List :
Instrument                        Cary Eclipse
Instrument Serial Number          E08013467
Data mode                         Fluorescence
Scan mode                         Excitation
X Mode                            Wavelength (nm)
Start (nm)                        250.00
Stop (nm)                         460.00
Em. Wavelength (nm)               470.00
Ex. Slit (nm)                     5
Em. Slit (nm)                     5
Scan rate (nm/min)                600.00
Data interval (nm)                1.0000
Averaging Time (s)                0.1000
Excitation filter                 Auto
Emission filter                   Open
PMT voltage (V)                   Medium
Corrected spectra                 OFF
Method Log     :
Method Name    : Default
Date/Time stamp: 8/19/2022 12:24:21 PM
Method Modifications:
Zero Mode Changed: 8/19/2022 12:42:32 PM, Old:OFF, New:Reading
Zero Mode Changed: 8/19/2022 12:42:32 PM, Old:Reading, New:ON
Excitation Wavelength Changed: 8/19/2022 12:42:49 PM, Old: 350.00, New: 300.00
Emission Wavelength Changed: 8/19/2022 12:42:49 PM, Old: 400.00, New: 310.00
Stop Wavelength Changed: 8/19/2022 12:42:49 PM, Old: 600.00, New: 500.00
Zero Mode Changed: 8/19/2022 12:42:52 PM, Old:ON, New:Reading
Zero Mode Changed: 8/19/2022 12:42:52 PM, Old:Reading, New:ON
Scan mode: Changed: 8/19/2022 12:44:06 PM, Old:Emission, New:Excitation
User Delta Stop Changed: 8/19/2022 12:44:06 PM, Old: 450.00, New: 510.00
User Delta Increment Changed: 8/19/2022 12:44:06 PM, Old:  10.00, New:   0.15
Excitation Wavelength Changed: 8/19/2022 12:44:06 PM, Old: 300.00, New: 250.00
Emission Wavelength Changed: 8/19/2022 12:44:06 PM, Old: 310.00, New: 510.00
Zero Mode Changed: 8/19/2022 12:44:09 PM, Old:ON, New:Reading
Zero Mode Changed: 8/19/2022 12:44:09 PM, Old:Reading, New:ON
Overlayed Graphs Changed: 8/19/2022 12:44:58 PM, Old:OFF, New:ON
Scan mode: Changed: 8/19/2022 12:45:33 PM, Old:Excitation, New:Emission
Excitation Wavelength Changed: 8/19/2022 12:45:33 PM, Old: 250.00, New: 400.00
Emission Wavelength Changed: 8/19/2022 12:45:33 PM, Old: 510.00, New: 410.00
Stop Wavelength Changed: 8/19/2022 12:45:33 PM, Old: 500.00, New: 600.00
Zero Mode Changed: 8/19/2022 12:45:35 PM, Old:ON, New:Reading
Zero Mode Changed: 8/19/2022 12:45:35 PM, Old:Reading, New:ON
Zero Mode Changed: 8/19/2022 1:01:40 PM, Old:ON, New:Reading
Zero Mode Changed: 8/19/2022 1:01:41 PM, Old:Reading, New:ON
Scan mode: Changed: 8/19/2022 1:02:52 PM, Old:Emission, New:Excitation
User Delta Stop Changed: 8/19/2022 1:02:52 PM, Old: 510.00, New: 525.00
Excitation Wavelength Changed: 8/19/2022 1:02:52 PM, Old: 400.00, New: 250.00
Emission Wavelength Changed: 8/19/2022 1:02:52 PM, Old: 410.00, New: 525.00
Stop Wavelength Changed: 8/19/2022 1:02:52 PM, Old: 600.00, New: 510.00
Zero Mode Changed: 8/19/2022 1:02:59 PM, Old:ON, New:Reading
Zero Mode Changed: 8/19/2022 1:02:59 PM, Old:Reading, New:ON
Scan mode: Changed: 8/19/2022 1:04:03 PM, Old:Excitation, New:Emission
Excitation Wavelength Changed: 8/19/2022 1:04:03 PM, Old: 250.00, New: 460.00
Emission Wavelength Changed: 8/19/2022 1:04:03 PM, Old: 525.00, New: 470.00
Stop Wavelength Changed: 8/19/2022 1:04:03 PM, Old: 510.00, New: 800.00
Zero Mode Changed: 8/19/2022 1:04:05 PM, Old:ON, New:Reading
Zero Mode Changed: 8/19/2022 1:04:05 PM, Old:Reading, New:ON
Scan mode: Changed: 8/19/2022 1:05:06 PM, Old:Emission, New:Excitation
Excitation Wavelength Changed: 8/19/2022 1:05:06 PM, Old: 460.00, New: 250.00
Stop Wavelength Changed: 8/19/2022 1:05:06 PM, Old: 800.00, New: 460.00
Zero Mode Changed: 8/19/2022 1:05:10 PM, Old:ON, New:Reading
Zero Mode Changed: 8/19/2022 1:05:10 PM, Old:Reading, New:ON
Emission Wavelength Changed: 8/19/2022 1:14:37 PM, Old: 470.00, New: 520.00
Stop Wavelength Changed: 8/19/2022 1:14:37 PM, Old: 460.00, New: 510.00
Zero Mode Changed: 8/19/2022 1:14:39 PM, Old:ON, New:Reading
Zero Mode Changed: 8/19/2022 1:14:39 PM, Old:Reading, New:ON
Scan mode: Changed: 8/19/2022 1:16:03 PM, Old:Excitation, New:Emission
Excitation Wavelength Changed: 8/19/2022 1:16:03 PM, Old: 250.00, New: 410.00
Emission Wavelength Changed: 8/19/2022 1:16:03 PM, Old: 520.00, New: 420.00
Stop Wavelength Changed: 8/19/2022 1:16:03 PM, Old: 510.00, New: 700.00
Zero Mode Changed: 8/19/2022 1:16:05 PM, Old:ON, New:Reading
Zero Mode Changed: 8/19/2022 1:16:06 PM, Old:Reading, New:ON
Scan mode: Changed: 8/19/2022 1:17:05 PM, Old:Emission, New:Excitation
Excitation Wavelength Changed: 8/19/2022 1:17:05 PM, Old: 410.00, New: 250.00
Emission Wavelength Changed: 8/19/2022 1:17:05 PM, Old: 420.00, New: 485.00
Stop Wavelength Changed: 8/19/2022 1:17:05 PM, Old: 700.00, New: 475.00
Zero Mode Changed: 8/19/2022 1:17:08 PM, Old:ON, New:Reading
Zero Mode Changed: 8/19/2022 1:17:09 PM, Old:Reading, New:ON
Scan mode: Changed: 8/19/2022 1:17:59 PM, Old:Excitation, New:Emission
Excitation Wavelength Changed: 8/19/2022 1:17:59 PM, Old: 250.00, New: 390.00
Emission Wavelength Changed: 8/19/2022 1:17:59 PM, Old: 485.00, New: 400.00
Stop Wavelength Changed: 8/19/2022 1:17:59 PM, Old: 475.00, New: 700.00
Zero Mode Changed: 8/19/2022 1:18:01 PM, Old:ON, New:Reading
Zero Mode Changed: 8/19/2022 1:18:01 PM, Old:Reading, New:ON
Scan mode: Changed: 8/19/2022 1:19:05 PM, Old:Emission, New:Excitation
User Delta Stop Changed: 8/19/2022 1:19:05 PM, Old: 525.00, New: 560.00
Excitation Wavelength Changed: 8/19/2022 1:19:05 PM, Old: 390.00, New: 270.00
Emission Wavelength Changed: 8/19/2022 1:19:05 PM, Old: 400.00, New: 560.00
Stop Wavelength Changed: 8/19/2022 1:19:05 PM, Old: 700.00, New: 550.00
Zero Mode Changed: 8/19/2022 1:19:09 PM, Old:ON, New:Reading
Zero Mode Changed: 8/19/2022 1:19:09 PM, Old:Reading, New:ON
Scan mode: Changed: 8/19/2022 1:20:21 PM, Old:Excitation, New:Emission
Excitation Wavelength Changed: 8/19/2022 1:20:21 PM, Old: 270.00, New: 470.00
Emission Wavelength Changed: 8/19/2022 1:20:21 PM, Old: 560.00, New: 480.00
Stop Wavelength Changed: 8/19/2022 1:20:21 PM, Old: 550.00, New: 700.00
Zero Mode Changed: 8/19/2022 1:20:24 PM, Old:ON, New:Reading
Zero Mode Changed: 8/19/2022 1:20:24 PM, Old:Reading, New:ON
Zero Mode Changed: 8/19/2022 12:25:34 PM, Old:ON, New:Reading
Zero Mode Changed: 8/19/2022 12:25:34 PM, Old:Reading, New:ON
Scan mode: Changed: 8/19/2022 12:26:37 PM, Old:Emission, New:Excitation
Excitation Wavelength Changed: 8/19/2022 12:26:37 PM, Old: 470.00, New: 270.00
Emission Wavelength Changed: 8/19/2022 12:26:37 PM, Old: 480.00, New: 515.00
Stop Wavelength Changed: 8/19/2022 12:26:37 PM, Old: 700.00, New: 505.00
Zero Mode Changed: 8/19/2022 12:26:41 PM, Old:ON, New:Reading
Zero Mode Changed: 8/19/2022 12:26:42 PM, Old:Reading, New:ON
Scan mode: Changed: 8/19/2022 12:27:42 PM, Old:Excitation, New:Emission
Excitation Wavelength Changed: 8/19/2022 12:27:42 PM, Old: 270.00, New: 400.00
Emission Wavelength Changed: 8/19/2022 12:27:42 PM, Old: 515.00, New: 410.00
Stop Wavelength Changed: 8/19/2022 12:27:42 PM, Old: 505.00, New: 700.00
Zero Mode Changed: 8/19/2022 12:27:44 PM, Old:ON, New:Reading
Zero Mode Changed: 8/19/2022 12:27:45 PM, Old:Reading, New:ON
Scan mode: Changed: 8/19/2022 12:28:48 PM, Old:Emission, New:Excitation
Excitation Wavelength Changed: 8/19/2022 12:28:48 PM, Old: 400.00, New: 250.00
Emission Wavelength Changed: 8/19/2022 12:28:48 PM, Old: 410.00, New: 470.00
Stop Wavelength Changed: 8/19/2022 12:28:48 PM, Old: 700.00, New: 460.00
Zero Mode Changed: 8/19/2022 12:28:52 PM, Old:ON, New:Reading
Zero Mode Changed: 8/19/2022 12:28:52 PM, Old:Reading, New:ON
End Method Modifications

CdSe 30min sonochem ex385,
CdSe 30min sonochem ex385
Collection Time: 8/19/2022 12:29:51 PM
Operator Name  :
Scan Software Version: 1.1(132)
Parameter List :
Instrument                        Cary Eclipse
Instrument Serial Number          E08013467
Data mode                         Fluorescence
Scan mode                         Emission
X Mode                            Wavelength (nm)
Start (nm)                        395.00
Stop (nm)                         700.00
Ex. Wavelength (nm)               385.00
Ex. Slit (nm)                     5
Em. Slit (nm)                     5
Scan rate (nm/min)                600.00
Data interval (nm)                1.0000
Averaging Time (s)                0.1000
Excitation filter                 Auto
Emission filter                   Open
PMT voltage (V)                   Medium
Corrected spectra                 OFF
Method Log     :
Method Name    : Default
Date/Time stamp: 8/19/2022 12:24:21 PM
Method Modifications:
Zero Mode Changed: 8/19/2022 12:42:32 PM, Old:OFF, New:Reading
Zero Mode Changed: 8/19/2022 12:42:32 PM, Old:Reading, New:ON
Excitation Wavelength Changed: 8/19/2022 12:42:49 PM, Old: 350.00, New: 300.00
Emission Wavelength Changed: 8/19/2022 12:42:49 PM, Old: 400.00, New: 310.00
Stop Wavelength Changed: 8/19/2022 12:42:49 PM, Old: 600.00, New: 500.00
Zero Mode Changed: 8/19/2022 12:42:52 PM, Old:ON, New:Reading
Zero Mode Changed: 8/19/2022 12:42:52 PM, Old:Reading, New:ON
Scan mode: Changed: 8/19/2022 12:44:06 PM, Old:Emission, New:Excitation
User Delta Stop Changed: 8/19/2022 12:44:06 PM, Old: 450.00, New: 510.00
User Delta Increment Changed: 8/19/2022 12:44:06 PM, Old:  10.00, New:   0.15
Excitation Wavelength Changed: 8/19/2022 12:44:06 PM, Old: 300.00, New: 250.00
Emission Wavelength Changed: 8/19/2022 12:44:06 PM, Old: 310.00, New: 510.00
Zero Mode Changed: 8/19/2022 12:44:09 PM, Old:ON, New:Reading
Zero Mode Changed: 8/19/2022 12:44:09 PM, Old:Reading, New:ON
Overlayed Graphs Changed: 8/19/2022 12:44:58 PM, Old:OFF, New:ON
Scan mode: Changed: 8/19/2022 12:45:33 PM, Old:Excitation, New:Emission
Excitation Wavelength Changed: 8/19/2022 12:45:33 PM, Old: 250.00, New: 400.00
Emission Wavelength Changed: 8/19/2022 12:45:33 PM, Old: 510.00, New: 410.00
Stop Wavelength Changed: 8/19/2022 12:45:33 PM, Old: 500.00, New: 600.00
Zero Mode Changed: 8/19/2022 12:45:35 PM, Old:ON, New:Reading
Zero Mode Changed: 8/19/2022 12:45:35 PM, Old:Reading, New:ON
Zero Mode Changed: 8/19/2022 1:01:40 PM, Old:ON, New:Reading
Zero Mode Changed: 8/19/2022 1:01:41 PM, Old:Reading, New:ON
Scan mode: Changed: 8/19/2022 1:02:52 PM, Old:Emission, New:Excitation
User Delta Stop Changed: 8/19/2022 1:02:52 PM, Old: 510.00, New: 525.00
Excitation Wavelength Changed: 8/19/2022 1:02:52 PM, Old: 400.00, New: 250.00
Emission Wavelength Changed: 8/19/2022 1:02:52 PM, Old: 410.00, New: 525.00
Stop Wavelength Changed: 8/19/2022 1:02:52 PM, Old: 600.00, New: 510.00
Zero Mode Changed: 8/19/2022 1:02:59 PM, Old:ON, New:Reading
Zero Mode Changed: 8/19/2022 1:02:59 PM, Old:Reading, New:ON
Scan mode: Changed: 8/19/2022 1:04:03 PM, Old:Excitation, New:Emission
Excitation Wavelength Changed: 8/19/2022 1:04:03 PM, Old: 250.00, New: 460.00
Emission Wavelength Changed: 8/19/2022 1:04:03 PM, Old: 525.00, New: 470.00
Stop Wavelength Changed: 8/19/2022 1:04:03 PM, Old: 510.00, New: 800.00
Zero Mode Changed: 8/19/2022 1:04:05 PM, Old:ON, New:Reading
Zero Mode Changed: 8/19/2022 1:04:05 PM, Old:Reading, New:ON
Scan mode: Changed: 8/19/2022 1:05:06 PM, Old:Emission, New:Excitation
Excitation Wavelength Changed: 8/19/2022 1:05:06 PM, Old: 460.00, New: 250.00
Stop Wavelength Changed: 8/19/2022 1:05:06 PM, Old: 800.00, New: 460.00
Zero Mode Changed: 8/19/2022 1:05:10 PM, Old:ON, New:Reading
Zero Mode Changed: 8/19/2022 1:05:10 PM, Old:Reading, New:ON
Emission Wavelength Changed: 8/19/2022 1:14:37 PM, Old: 470.00, New: 520.00
Stop Wavelength Changed: 8/19/2022 1:14:37 PM, Old: 460.00, New: 510.00
Zero Mode Changed: 8/19/2022 1:14:39 PM, Old:ON, New:Reading
Zero Mode Changed: 8/19/2022 1:14:39 PM, Old:Reading, New:ON
Scan mode: Changed: 8/19/2022 1:16:03 PM, Old:Excitation, New:Emission
Excitation Wavelength Changed: 8/19/2022 1:16:03 PM, Old: 250.00, New: 410.00
Emission Wavelength Changed: 8/19/2022 1:16:03 PM, Old: 520.00, New: 420.00
Stop Wavelength Changed: 8/19/2022 1:16:03 PM, Old: 510.00, New: 700.00
Zero Mode Changed: 8/19/2022 1:16:05 PM, Old:ON, New:Reading
Zero Mode Changed: 8/19/2022 1:16:06 PM, Old:Reading, New:ON
Scan mode: Changed: 8/19/2022 1:17:05 PM, Old:Emission, New:Excitation
Excitation Wavelength Changed: 8/19/2022 1:17:05 PM, Old: 410.00, New: 250.00
Emission Wavelength Changed: 8/19/2022 1:17:05 PM, Old: 420.00, New: 485.00
Stop Wavelength Changed: 8/19/2022 1:17:05 PM, Old: 700.00, New: 475.00
Zero Mode Changed: 8/19/2022 1:17:08 PM, Old:ON, New:Reading
Zero Mode Changed: 8/19/2022 1:17:09 PM, Old:Reading, New:ON
Scan mode: Changed: 8/19/2022 1:17:59 PM, Old:Excitation, New:Emission
Excitation Wavelength Changed: 8/19/2022 1:17:59 PM, Old: 250.00, New: 390.00
Emission Wavelength Changed: 8/19/2022 1:17:59 PM, Old: 485.00, New: 400.00
Stop Wavelength Changed: 8/19/2022 1:17:59 PM, Old: 475.00, New: 700.00
Zero Mode Changed: 8/19/2022 1:18:01 PM, Old:ON, New:Reading
Zero Mode Changed: 8/19/2022 1:18:01 PM, Old:Reading, New:ON
Scan mode: Changed: 8/19/2022 1:19:05 PM, Old:Emission, New:Excitation
User Delta Stop Changed: 8/19/2022 1:19:05 PM, Old: 525.00, New: 560.00
Excitation Wavelength Changed: 8/19/2022 1:19:05 PM, Old: 390.00, New: 270.00
Emission Wavelength Changed: 8/19/2022 1:19:05 PM, Old: 400.00, New: 560.00
Stop Wavelength Changed: 8/19/2022 1:19:05 PM, Old: 700.00, New: 550.00
Zero Mode Changed: 8/19/2022 1:19:09 PM, Old:ON, New:Reading
Zero Mode Changed: 8/19/2022 1:19:09 PM, Old:Reading, New:ON
Scan mode: Changed: 8/19/2022 1:20:21 PM, Old:Excitation, New:Emission
Excitation Wavelength Changed: 8/19/2022 1:20:21 PM, Old: 270.00, New: 470.00
Emission Wavelength Changed: 8/19/2022 1:20:21 PM, Old: 560.00, New: 480.00
Stop Wavelength Changed: 8/19/2022 1:20:21 PM, Old: 550.00, New: 700.00
Zero Mode Changed: 8/19/2022 1:20:24 PM, Old:ON, New:Reading
Zero Mode Changed: 8/19/2022 1:20:24 PM, Old:Reading, New:ON
Zero Mode Changed: 8/19/2022 12:25:34 PM, Old:ON, New:Reading
Zero Mode Changed: 8/19/2022 12:25:34 PM, Old:Reading, New:ON
Scan mode: Changed: 8/19/2022 12:26:37 PM, Old:Emission, New:Excitation
Excitation Wavelength Changed: 8/19/2022 12:26:37 PM, Old: 470.00, New: 270.00
Emission Wavelength Changed: 8/19/2022 12:26:37 PM, Old: 480.00, New: 515.00
Stop Wavelength Changed: 8/19/2022 12:26:37 PM, Old: 700.00, New: 505.00
Zero Mode Changed: 8/19/2022 12:26:41 PM, Old:ON, New:Reading
Zero Mode Changed: 8/19/2022 12:26:42 PM, Old:Reading, New:ON
Scan mode: Changed: 8/19/2022 12:27:42 PM, Old:Excitation, New:Emission
Excitation Wavelength Changed: 8/19/2022 12:27:42 PM, Old: 270.00, New: 400.00
Emission Wavelength Changed: 8/19/2022 12:27:42 PM, Old: 515.00, New: 410.00
Stop Wavelength Changed: 8/19/2022 12:27:42 PM, Old: 505.00, New: 700.00
Zero Mode Changed: 8/19/2022 12:27:44 PM, Old:ON, New:Reading
Zero Mode Changed: 8/19/2022 12:27:45 PM, Old:Reading, New:ON
Scan mode: Changed: 8/19/2022 12:28:48 PM, Old:Emission, New:Excitation
Excitation Wavelength Changed: 8/19/2022 12:28:48 PM, Old: 400.00, New: 250.00
Emission Wavelength Changed: 8/19/2022 12:28:48 PM, Old: 410.00, New: 470.00
Stop Wavelength Changed: 8/19/2022 12:28:48 PM, Old: 700.00, New: 460.00
Zero Mode Changed: 8/19/2022 12:28:52 PM, Old:ON, New:Reading
Zero Mode Changed: 8/19/2022 12:28:52 PM, Old:Reading, New:ON
Scan mode: Changed: 8/19/2022 12:29:43 PM, Old:Excitation, New:Emission
Excitation Wavelength Changed: 8/19/2022 12:29:43 PM, Old: 250.00, New: 385.00
Emission Wavelength Changed: 8/19/2022 12:29:43 PM, Old: 470.00, New: 395.00
Stop Wavelength Changed: 8/19/2022 12:29:43 PM, Old: 460.00, New: 700.00
Zero Mode Changed: 8/19/2022 12:29:45 PM, Old:ON, New:Reading
Zero Mode Changed: 8/19/2022 12:29:46 PM, Old:Reading, New:ON
End Method Modifications

