CdS 40sec ODE2 Toluene1 ex340,,CdS 50sec ODE2 Toluene1 ex335,,CdS 50sec ODE2 Toluene1 em420,,CdS 50sec ODE2 Toluene1 ex337,,CdS 50sec ODE2 Toluene1 ex345,,CdS 50sec ODE2 Toluene1 ex325,,CdS 50sec ODE2 Toluene1 em410,,CdS 50sec ODE2 Toluene1 ex333,,CdS 50sec ODE2 Toluene1 ex345,,CdS 50sec ODE2 Toluene1 ex345,,CdS 50sec ODE2 Toluene1 ex335,,
Wavelength (nm),Intensity (a.u.),Wavelength (nm),Intensity (a.u.),Wavelength (nm),Intensity (a.u.),Wavelength (nm),Intensity (a.u.),Wavelength (nm),Intensity (a.u.),Wavelength (nm),Intensity (a.u.),Wavelength (nm),Intensity (a.u.),Wavelength (nm),Intensity (a.u.),Wavelength (nm),Intensity (a.u.),Wavelength (nm),Intensity (a.u.),Wavelength (nm),Intensity (a.u.),
350,0.9387798309,344.9200134,-0.6265888214,240,-0.4050502777,346.9200134,-0.04264831543,354.9200134,1.386474609,334.9200134,-0.2767219543,240,0.6247406006,342.9200134,0.2560558319,354.9200134,0.1712856293,350,-1.98802948,340,0.2638626099,
351.0700073,3.799549103,345.8399963,1.880647659,240.9299927,0.01026535034,347.8399963,1.680147171,355.8399963,1.866008759,335.8399963,2.109537125,240.9299927,-0.674577713,343.8399963,1.440486908,355.8399963,2.63224411,351.0700073,-49.02310181,341.0700073,-40.74286652,
352,6.488994598,346.9200134,4.072532654,242.0299988,-0.7641620636,348.9200134,5.025894165,356.9200134,4.731237411,336.9200134,2.892854691,242.0299988,-0.6273479462,344.9200134,3.611232758,356.9200134,4.362863541,352,-75.37104797,342,-65.06005859,
353.0700073,8.873222351,347.8399963,5.897497177,242.9600067,-1.282032013,349.8399963,6.94278717,357.8399963,7.520206451,337.8399963,5.150775909,242.9600067,0.3080921173,345.8399963,7.532775879,357.8399963,7.534128189,353.0700073,-90.39720154,343.0700073,-78.54464722,
354,13.43207932,348.9200134,12.21626854,244.0599976,-0.8585968018,350.9200134,10.17690849,358.9200134,9.949645996,338.9200134,7.209165573,244.0599976,-0.5613822937,346.9200134,10.06385803,358.9200134,9.539907455,354,-94.01786041,344,-81.15621948,
355.0700073,18.07619095,349.8399963,13.178339,245,-0.3453273773,351.8399963,12.95717049,359.8399963,12.36251831,339.8399963,9.252695084,245,-0.7545433044,347.8399963,13.89959717,359.8399963,12.86921501,355.0700073,-93.33776855,345.0700073,-80.22830963,
356,20.62223434,350.9200134,16.59102821,245.9299927,-0.2002639771,352.9200134,16.95607948,360.9200134,16.08014679,340.9200134,13.82393837,245.9299927,0.3483657837,348.9200134,16.46408463,360.9200134,14.99276543,356,-92.27828979,346,-78.06072235,
357.0700073,25.6039238,351.8399963,18.57414436,247.0299988,-0.8810405731,353.8399963,19.43068504,361.8399963,18.50945663,341.8399963,16.56316185,247.0299988,0.4802932739,349.8399963,19.35401154,361.8399963,17.55219078,357.0700073,-89.49705505,347.0700073,-76.07540894,
358,29.13490677,352.9200134,23.60262489,247.9600067,-0.6596240997,354.9200134,23.12364388,362.9200134,22.51091385,342.9200134,18.69550896,247.9600067,0.9390792847,350.9200134,24.78912354,362.9200134,20.95348549,358,-87.50409698,348,-72.72616577,
359.0700073,34.47902298,353.8399963,27.87414742,249.0599976,0.08259010315,355.8399963,25.33812141,363.8399963,26.07540894,343.8399963,22.96102333,249.0599976,0.9157066345,351.8399963,26.49978256,363.8399963,24.33312035,359.0700073,-83.94247437,349.0700073,-70.16792297,
360,40.18686676,354.9200134,29.44433784,250,0.3568096161,356.9200134,31.59231758,364.9200134,27.63953018,344.9200134,25.96727943,250,0.292383194,352.9200134,29.71367645,364.9200134,29.62848854,360,-82.03538513,350,-67.69894409,
361.0700073,46.17975616,355.8399963,32.44545746,250.9299927,1.118013382,357.8399963,31.98048973,365.8399963,33.07829285,345.8399963,29.66293526,250.9299927,0.9690227509,353.8399963,33.62223053,365.8399963,33.16210938,361.0700073,-77.4443512,351.0700073,-64.33938599,
362,50.9360199,356.9200134,37.59487915,252.0299988,0.8259658813,358.9200134,37.88299561,366.9200134,36.62183762,346.9200134,32.9383316,252.0299988,2.154483795,354.9200134,38.73744202,366.9200134,36.563591,362,-74.97309875,352,-59.60479736,
363.0700073,55.48571014,357.8399963,40.9528656,252.9600067,1.934625626,359.8399963,41.95339966,367.8399963,40.63197708,347.8399963,37.10774994,252.9600067,1.365776062,355.8399963,40.63694763,367.8399963,40.51780701,363.0700073,-72.13856506,353.0700073,-57.9310379,
364,61.83518982,358.9200134,45.4045639,254.0599976,1.735565186,360.9200134,44.72755432,368.9200134,44.48423767,348.9200134,42.26574707,254.0599976,3.53515625,356.9200134,46.43377686,368.9200134,41.98857117,364,-68.65614319,354,-53.47719574,
365.0700073,70.66259003,359.8399963,48.77568817,255,2.665287018,361.8399963,50.72129059,369.8399963,48.44698334,349.8399963,44.31522369,255,3.121906281,357.8399963,49.34653473,369.8399963,49.0734024,365.0700073,-63.42907715,355.0700073,-49.65760422,
366,74.42845917,360.9200134,54.11412811,255.9299927,1.591972351,362.9200134,54.73826599,370.9200134,52.79216766,350.9200134,46.9373703,255.9299927,3.71072197,358.9200134,53.6150589,370.9200134,53.2269516,366,-60.44665527,356,-47.00884247,
367.0700073,79.86313629,361.8399963,57.61382294,257.0299988,1.952699661,363.8399963,59.07055664,371.8399963,57.63119507,351.8399963,54.41125488,257.0299988,3.961784363,359.8399963,60.5181427,371.8399963,55.64151764,367.0700073,-57.92786407,357.0700073,-43.93740845,
368,83.96834564,362.9200134,63.37111664,257.9599915,2.46354866,364.9200134,63.75128937,372.9200134,62.11116028,352.9200134,57.08444977,257.9599915,3.963850021,360.9200134,65.58874512,372.9200134,61.26512146,368,-54.48001099,358,-38.18943024,
369.0700073,91.25440216,363.8399963,66.36019897,259.0599976,2.932886124,365.8399963,69.61560822,373.8399963,66.38513947,353.8399963,61.3110199,259.0599976,3.909181595,361.8399963,67.95684052,373.8399963,66.422966,369.0700073,-48.14175415,359.0700073,-34.64606476,
370,99.0587616,364.9200134,72.4417572,260,2.295974731,366.9200134,73.23934937,374.9200134,71.67427063,354.9200134,67.12848663,260,4.618553162,362.9200134,74.62631989,374.9200134,69.56806946,370,-44.84520721,360,-29.76074982,
371.0700073,107.8175201,365.8399963,79.61615753,260.9299927,1.97533226,367.8399963,79.7691803,375.8399963,75.94564056,355.8399963,70.95965576,260.9299927,3.709976196,363.8399963,79.88318634,375.8399963,76.11056519,371.0700073,-39.82889557,361.0700073,-24.94716644,
372,112.0655518,366.9200134,84.27193451,262.0299988,2.709194183,368.9200134,85.99658966,376.9200134,80.05932617,356.9200134,81.04875183,262.0299988,3.667194366,364.9200134,85.76280212,376.9200134,79.22691345,372,-36.16217041,362,-21.78969574,
373.0700073,119.3872375,367.8399963,90.39887238,262.9599915,2.503856659,369.8399963,88.36225128,377.8399963,86.2906723,357.8399963,84.13426208,262.9599915,3.986839294,365.8399963,91.7113266,377.8399963,84.27496338,373.0700073,-31.94677734,363.0700073,-15.57305908,
374,125.2898407,368.9200134,96.86975861,264.0599976,1.936693192,370.9200134,98.5868454,378.9200134,91.85609436,358.9200134,89.51519012,264.0599976,4.888870239,366.9200134,95.66426849,378.9200134,90.83765411,374,-28.77373505,364,-11.16270447,
375.0700073,133.984436,369.8399963,102.30867,265,2.079402924,371.8399963,101.9916229,379.8399963,98.33942413,359.8399963,94.22361755,265,4.402864456,367.8399963,101.3313751,379.8399963,95.34197235,375.0700073,-24.1155014,365.0700073,-5.133079529,
376,139.0568695,370.9200134,104.8915558,265.9299927,2.022022247,372.9200134,105.7224731,380.9200134,102.6880341,360.9200134,99.84200287,265.9299927,3.770246506,368.9200134,109.7001724,380.9200134,100.9266281,376,-16.04745483,366,2.046279907,
377.0700073,149.8936615,371.8399963,114.6951447,267.0299988,0.7284679413,373.8399963,111.6710205,381.8399963,109.8712158,361.8399963,103.577774,267.0299988,4.578760147,369.8399963,115.3461533,381.8399963,106.0203171,377.0700073,-13.54297638,367.0700073,6.768852234,
378,152.6717834,372.9200134,119.7588043,267.9599915,-0.02513885498,374.9200134,118.3239441,382.9200134,113.0076447,362.9200134,107.9060516,267.9599915,3.484380722,370.9200134,118.9821091,382.9200134,111.0186996,378,-8.972610474,368,9.117301941,
379.0700073,159.7019348,373.8399963,121.9157715,269.0599976,0.4463996887,375.8399963,121.9211578,383.8399963,119.0922089,363.8399963,112.0171661,269.0599976,1.823299408,371.8399963,122.8439865,383.8399963,115.5082474,379.0700073,-3.034690857,369.0700073,17.49820709,
380,166.6897736,374.9200134,126.9235687,270,-0.6839733124,376.9200134,128.2836151,384.9200134,121.4294281,364.9200134,116.8721619,270,2.035429001,372.9200134,124.3681107,384.9200134,122.6395798,380,0.3499832153,370,22.01665497,
381.0700073,172.1862183,375.8399963,132.2744751,271.0700073,-2.317001343,377.8399963,129.4659729,385.8399963,127.7224579,365.8399963,121.8821259,271.0700073,0.8730506897,373.8399963,130.3310852,385.8399963,124.6469345,381.0700073,10.73441315,371.0700073,29.66407013,
382,178.692337,376.9200134,133.6250305,272,-2.63359642,378.9200134,130.6881409,386.9200134,131.8027039,366.9200134,123.2378387,272,0.04245376587,374.9200134,133.1730347,386.9200134,131.9743805,382,13.04737854,372,33.75583649,
383.0700073,182.1539917,377.8399963,136.2467194,273.0700073,-4.065937042,379.8399963,137.0312805,387.8399963,134.1667023,367.8399963,128.921814,273.0700073,-0.2700710297,375.8399963,134.5930786,387.8399963,135.1705933,383.0700073,17.01747131,373.0700073,38.53859711,
384,189.7963104,378.9200134,140.8446503,274,-4.212989807,380.9200134,143.1287994,388.9200134,136.5671844,368.9200134,133.2518616,274,-1.798326492,376.9200134,143.2542114,388.9200134,137.7891388,384,24.12307739,374,40.52843475,
385.0700073,193.1588135,379.8399963,146.0941467,275.0700073,-4.845569611,381.8399963,144.4261322,389.8399963,140.7923737,369.8399963,138.1315002,275.0700073,-2.690879822,377.8399963,143.2888184,389.8399963,140.4721832,385.0700073,28.16668701,375.0700073,47.37856293,
386,197.8787384,380.9200134,149.4043427,276,-5.761987686,382.9200134,150.0489044,390.9200134,144.1214752,370.9200134,141.5052338,276,-3.905597687,378.9200134,146.6791687,390.9200134,143.1985016,386,33.75138855,376,50.27306366,
387.0700073,203.408844,381.8399963,155.3705597,277.0700073,-5.989183426,383.8399963,152.7818451,391.8399963,144.7453461,371.8399963,146.2649384,277.0700073,-3.264245987,379.8399963,152.9317627,391.8399963,146.9099579,387.0700073,34.57533264,377.0700073,53.44239044,
388,207.1603088,382.9200134,157.6209717,278,-5.655202866,384.9200134,154.0483704,392.9200134,150.3046417,372.9200134,147.9359436,278,-2.577898026,380.9200134,157.366394,392.9200134,149.8324432,388,39.50036621,378,55.60741425,
389.0700073,216.6743317,383.8399963,162.3459473,279.0700073,-1.685796738,385.8399963,156.1375427,393.8399963,155.5330353,373.8399963,152.0644531,279.0700073,1.086700439,381.8399963,162.1879883,393.8399963,154.7054291,389.0700073,42.7956543,379.0700073,60.76906586,
390,221.4158783,384.9200134,166.6265717,280,4.336799622,386.9200134,167.985611,394.9200134,160.8011475,374.9200134,160.2934113,280,6.21182251,382.9200134,165.3218994,394.9200134,156.1829681,390,46.30175781,380,66.18856049,
391.0700073,224.9471741,385.8399963,168.878067,280.9299927,9.27368927,387.8399963,169.4220734,395.8399963,159.4781799,375.8399963,160.3750305,280.9299927,12.52189064,383.8399963,169.1056824,395.8399963,160.2634583,391.0700073,50.86827087,381.0700073,67.12883759,
392,228.2987671,386.9200134,172.5807037,282.0299988,18.27104568,388.9200134,172.5821686,396.9200134,163.8592682,376.9200134,166.2901611,282.0299988,21.39377022,384.9200134,173.0448608,396.9200134,164.8869781,392,54.8523407,382,70.7372818,
393.0700073,236.3612976,387.8399963,177.5197601,282.9599915,26.54980469,389.8399963,175.8946075,397.8399963,165.4478607,377.8399963,164.615509,282.9599915,30.18103981,385.8399963,176.4859009,397.8399963,168.8326721,393.0700073,57.90913391,383.0700073,78.28662872,
394,236.100769,388.9200134,177.2778015,284.0599976,35.34363174,390.9200134,177.3581543,398.9200134,170.7355194,378.9200134,173.952179,284.0599976,40.40881348,386.9200134,178.4558716,398.9200134,171.6510468,394,62.05064392,384,80.11623383,
395.0700073,240.0033875,389.8399963,184.4124451,285,44.48096848,391.8399963,181.1215057,399.8399963,174.612793,379.8399963,173.7867126,285,47.61843109,387.8399963,179.8300171,399.8399963,171.3461151,395.0700073,63.17224121,385.0700073,85.72220612,
396,246.9763794,390.9200134,184.2538757,285.9299927,51.43052292,392.9200134,184.0032196,400.9200134,177.9876556,380.9200134,177.5995789,285.9299927,57.29105377,388.9200134,187.1444397,400.9200134,172.8149109,396,67.41732788,386,89.44661713,
397.0700073,249.6061401,391.8399963,187.8557587,287.0299988,59.35787582,393.8399963,188.0016022,401.8399963,177.8655701,381.8399963,177.5883331,287.0299988,64.26795959,389.8399963,188.6792297,401.8399963,179.9920197,397.0700073,68.50669861,387.0700073,92.63806915,
398,257.4723511,392.9200134,189.2395325,287.9599915,64.49557495,394.9200134,188.5468903,402.9200134,180.6414185,382.9200134,182.451416,287.9599915,69.15465546,390.9200134,188.9030457,402.9200134,182.6069946,398,70.279953,388,97.40926361,
399.0700073,255.4492493,393.8399963,190.6464539,289.0599976,72.24726868,395.8399963,192.3169861,403.8399963,184.5717468,383.8399963,184.5627594,289.0599976,75.99604797,391.8399963,192.2367554,403.8399963,183.3542938,399.0700073,78.1754303,389.0700073,97.65987396,
400,261.256897,394.9200134,192.5406342,290,78.14823914,396.9200134,194.5682526,404.9200134,186.2694702,384.9200134,185.2181549,290,81.85606384,392.9200134,195.3531189,404.9200134,183.9337616,400,79.67169189,390,99.2140274,
401.0700073,261.3930359,395.8399963,195.0041809,290.9299927,80.46328735,397.8399963,197.0975952,405.8399963,186.3548279,385.8399963,187.9894257,290.9299927,89.33782959,393.8399963,195.4314575,405.8399963,184.9256897,401.0700073,79.11857605,391.0700073,105.231514,
402,264.7081604,396.9200134,195.5283508,292.0299988,87.80104065,398.9200134,199.4775391,406.9200134,188.3330994,386.9200134,192.4254761,292.0299988,91.99639893,394.9200134,197.8690796,406.9200134,187.9268951,402,83.01016235,392,108.8223953,
403.0700073,267.4562378,397.8399963,199.3212891,292.9599915,90.73045349,399.8399963,196.3394318,407.8399963,191.6965027,387.8399963,194.8500977,292.9599915,96.83480072,395.8399963,201.1230774,407.8399963,192.786972,403.0700073,86.52041626,393.0700073,110.1033096,
404,273.9083862,398.9200134,201.9797516,294.0599976,98.38995361,400.9200134,198.6920776,408.9200134,192.585968,388.9200134,198.8436584,294.0599976,104.2845383,396.9200134,202.8514404,408.9200134,190.955719,404,88.25344849,394,112.5230637,
405.0700073,270.4588928,399.8399963,201.2833557,295,103.0806274,401.8399963,202.2926025,409.8399963,195.6243896,389.8399963,196.3199768,295,108.8886719,397.8399963,203.6939392,409.8399963,193.5151978,405.0700073,91.86317444,395.0700073,112.2112503,
406,277.520752,400.9200134,201.3726196,295.9299927,105.4280853,402.9200134,204.7039642,410.8999939,195.949585,390.9200134,197.2112732,295.9299927,113.8314056,398.9200134,203.7549744,410.8999939,194.692627,406,94.33093262,396,112.7415085,
407.0700073,274.7852173,401.8399963,205.5211487,297.0299988,109.8889465,403.8399963,203.8085175,411.9599915,195.0410461,391.8399963,199.7441254,297.0299988,120.0566559,399.8399963,206.908783,411.9599915,197.9182434,407.0700073,92.3533783,397.0700073,118.7788925,
408,279.0886536,402.9200134,206.5659637,297.9599915,113.747818,404.9200134,205.8753662,412.8699951,198.5468445,392.9200134,202.2385101,297.9599915,118.9494324,400.9200134,204.6465759,412.8699951,198.2157288,408,97.42524719,398,116.9820633,
409.0700073,279.53125,403.8399963,206.9607391,299.0599976,118.2350769,405.8399963,208.1493378,413.9299927,198.307251,393.8399963,201.2876282,299.0599976,125.1398926,401.8399963,209.4778137,413.9299927,200.5556793,409.0700073,96.84761047,399.0700073,118.1435776,
410,279.7459717,404.9200134,206.3924408,300,118.8350372,406.9200134,209.6799927,414.8399963,199.8291931,394.9200134,201.3394318,300,128.9286804,402.9200134,209.0751953,414.8399963,198.3980103,410,98.77912903,400,122.4867172,
411.0599976,278.7324829,405.8399963,210.0737152,301.0700073,123.8530579,407.8399963,207.5477295,415.8999939,197.8488617,395.8399963,203.1441193,301.0700073,133.4996948,403.8399963,205.5934448,415.8999939,198.2989044,411.0599976,100.5278168,401.0700073,123.7069931,
411.9599915,280.0951538,406.9200134,209.8730774,302,125.0162659,408.9200134,207.4161682,416.9599915,202.855423,396.9200134,203.1345062,302,134.8235474,404.9200134,206.5220642,416.9599915,202.6440582,411.9599915,101.3227234,402,121.98246,
413.0299988,284.3458252,407.8399963,211.1305695,303.0700073,130.2129822,409.8399963,210.1349792,417.8699951,202.4588776,397.8399963,204.751358,303.0700073,138.9494781,405.8399963,210.2854309,417.8699951,201.521286,413.0299988,102.892868,403.0700073,125.8361282,
413.9299927,282.4797668,408.9200134,208.7544403,304,132.8693542,410.8999939,212.2635956,418.9299927,201.7324677,398.9200134,203.1378937,304,143.3381805,406.9200134,210.9228821,418.9299927,202.9464111,413.9299927,104.0309906,404,125.0508041,
415,282.874054,409.8399963,210.3066559,305.0700073,135.4716492,411.9599915,211.0860291,419.8399963,204.3919373,399.8399963,202.8677979,305.0700073,144.0813446,407.8399963,211.0900574,419.8399963,200.1467285,415,104.9150391,405.0700073,127.7640762,
416.0599976,287.3512573,410.8999939,207.2017059,306,140.3435822,412.8699951,209.8147583,420.9200134,201.2806854,400.9200134,204.2850189,306,149.7570801,408.9200134,211.001709,420.9200134,202.1635132,416.0599976,105.4997559,406,125.1790543,
416.9599915,282.5768433,411.9599915,209.2904205,307.0700073,141.7035217,413.9299927,210.2998505,421.8399963,200.6723938,401.8399963,206.0959473,307.0700073,153.822052,409.8399963,206.8454285,421.8399963,200.2975311,416.9599915,105.7305298,407.0700073,126.8074112,
418.0299988,283.2051392,412.8699951,204.4127502,308,144.1641693,414.8399963,209.996994,422.9200134,199.1656647,402.9200134,203.2858734,308,155.9907379,410.8999939,208.271759,422.9200134,200.9959717,418.0299988,109.0946808,408,125.4640121,
418.9299927,282.8768921,413.9299927,205.4052124,309.0700073,146.001297,415.8999939,209.697525,423.8399963,201.9871979,403.8399963,198.8074493,309.0700073,158.0836639,411.9599915,206.8927917,423.8399963,200.1387482,418.9299927,106.442688,409.0700073,128.9703064,
420,285.8444214,414.8399963,207.9121246,310,150.3063202,416.9599915,209.370575,424.9200134,201.3855286,404.9200134,203.6527405,310,163.000061,412.8699951,208.0571899,424.9200134,195.4091034,420,111.4966125,410,128.6173096,
421.0700073,284.9119873,415.8999939,206.6785431,311.0700073,152.1166229,417.8699951,209.8127136,425.8399963,199.2682343,405.8399963,204.80896,311.0700073,165.1609802,413.9299927,205.4462891,425.8399963,198.5381317,421.0700073,107.5418701,411.0599976,126.7093124,
422,281.7722778,416.9599915,207.4126434,312,155.1819458,418.9299927,206.86763,426.9200134,195.1188354,406.9200134,199.4458618,312,166.9040375,414.8399963,203.4099426,426.9200134,195.734436,422,106.8851776,411.9599915,126.5178146,
423.0700073,283.241394,417.8699951,206.5628052,313.0700073,155.0651093,419.8399963,207.5848541,427.8399963,193.2113342,407.8399963,198.4873657,313.0700073,169.1065674,415.8999939,208.1788025,427.8399963,194.4497375,423.0700073,105.1470337,413.0299988,128.7592163,
424,276.1317749,418.9299927,207.4182587,314,158.6493835,420.9200134,205.0852356,428.9200134,195.8920898,408.9200134,200.3826752,314,171.3345337,416.9599915,205.4819641,428.9200134,191.7093811,424,104.4698944,413.9299927,126.8813858,
425.0700073,274.0498962,419.8399963,206.3470917,315.0700073,161.22966,421.8399963,203.9955139,429.8399963,189.1660309,409.8399963,195.2641296,315.0700073,173.3573608,417.8699951,202.9090271,429.8399963,189.3054657,425.0700073,105.9859009,415,126.0155258,
426,271.1695251,420.9200134,204.220047,316,167.5256653,422.9200134,204.2996826,430.8999939,187.484726,410.8999939,198.8686676,316,178.0003967,418.9299927,206.2141113,430.8999939,188.1889343,426,101.5409393,416.0599976,123.3663406,
427.0700073,267.4197388,421.8399963,204.5162354,317.0700073,168.1053925,423.8399963,206.6104736,431.9599915,183.2560577,411.9599915,199.9105225,317.0700073,178.4268036,419.8399963,203.7987671,431.9599915,185.1158447,427.0700073,102.6668396,416.9599915,126.2318954,
428,263.3052368,422.9200134,199.9882507,318,171.3274384,424.9200134,201.287384,432.8699951,180.4007416,412.8699951,196.9598236,318,184.4713593,420.9200134,201.4804993,432.8699951,182.4015198,428,96.43409729,418.0299988,125.1979446,
429.0700073,261.4676819,423.8399963,198.146698,319.0700073,171.8361816,425.8399963,199.4624023,433.9299927,182.0700226,413.9299927,194.424881,319.0700073,186.2582703,421.8399963,201.2145386,433.9299927,176.5247955,429.0700073,98.817276,418.9299927,122.8067093,
430,256.9717102,424.9200134,197.4585571,320,174.2016907,426.9200134,195.1578674,434.8399963,175.4715576,414.8399963,194.7653046,320,184.4749146,422.9200134,199.2220154,434.8399963,175.439682,430,96.13427734,420,122.2758255,
431.0599976,254.8722229,425.8399963,197.2944183,320.9299927,174.5563049,427.8399963,193.2902527,435.8999939,175.7301788,415.8999939,191.7982788,320.9299927,189.0099945,423.8399963,195.5997925,435.8999939,174.5793304,431.0599976,92.91659546,421.0700073,124.1580582,
431.9599915,251.2736206,426.9200134,192.7253265,322.0299988,180.0503387,428.9200134,189.8365631,436.9599915,173.2072906,416.9599915,192.1906738,322.0299988,195.772583,424.9200134,191.7135315,436.9599915,171.6622925,431.9599915,88.6660614,422,121.5195847,
433.0299988,246.8687439,427.8399963,189.4054108,322.9599915,182.6521759,429.8399963,186.2005463,437.8699951,169.6881104,417.8699951,190.0937805,322.9599915,193.8535767,425.8399963,190.5476379,437.8699951,171.1551971,433.0299988,87.65292358,423.0700073,121.1501083,
433.9299927,244.6750488,428.9200134,185.2327118,324.0599976,184.9557343,430.8999939,183.0190582,438.9299927,168.2516327,418.9299927,188.7628021,324.0599976,198.4596405,426.9200134,191.2459412,438.9299927,169.1112671,433.9299927,87.78004456,424,117.7620163,
435,240.5227661,429.8399963,185.4675751,325,188.0301819,431.9599915,182.3861847,439.8399963,165.6111145,419.8399963,187.1266327,325,203.0417328,427.8399963,188.3764343,439.8399963,165.0883789,435,85.49203491,425.0700073,115.9089432,
436.0599976,235.4671936,430.8999939,180.3605347,325.9299927,192.7472534,432.8699951,178.587616,440.8999939,164.556427,420.9200134,185.0282135,325.9299927,199.3790283,428.9200134,181.3241272,440.8999939,165.3695984,436.0599976,80.46080017,426,112.6092148,
436.9599915,233.9819336,431.9599915,181.7650909,327.0299988,195.5980225,433.9299927,175.0728912,441.9599915,158.8088684,421.8399963,186.5288544,327.0299988,204.3130646,429.8399963,180.7974243,441.9599915,157.6497192,436.9599915,77.43203735,427.0700073,109.7952194,
438.0299988,229.4894409,432.8699951,173.6985931,327.9599915,192.5980072,434.8399963,170.8892212,442.8699951,159.6563416,422.9200134,181.943512,327.9599915,204.1635895,430.8999939,174.3728027,442.8699951,156.8578033,438.0299988,75.59999084,428,109.6539536,
438.9299927,228.4525757,433.9299927,170.8733063,329.0599976,198.2896576,435.8999939,170.3359985,443.9299927,154.9072571,423.8399963,181.7318878,329.0599976,204.651123,431.9599915,174.5336304,443.9299927,154.8289642,438.9299927,73.914505,429.0700073,107.1049728,
440,223.7038269,434.8399963,170.4482574,330,197.1112213,436.9599915,166.0517273,444.8399963,156.4414063,424.9200134,178.8655243,330,206.404953,432.8699951,171.4385986,444.8399963,155.8754425,440,69.72991943,430,102.1368484,
441.0599976,214.8544312,435.8999939,166.6828003,331.0700073,203.8931274,437.8699951,163.134903,445.8999939,151.2840271,425.8399963,176.4787598,331.0700073,211.4385681,433.9299927,169.9298706,445.8999939,152.7452393,441.0599976,66.7182312,431.0599976,100.0031815,
441.9599915,213.8315887,436.9599915,162.9952393,332,201.5826721,438.9299927,159.8536072,446.9599915,150.964798,426.9200134,172.6566772,332,212.0215454,434.8399963,166.6482239,446.9599915,149.2687073,441.9599915,66.90740967,431.9599915,95.90892792,
443.0299988,210.8079071,437.8699951,161.4216614,333.0700073,204.9097748,439.8399963,157.9611206,447.8699951,146.3079224,427.8399963,170.3388824,333.0700073,213.2408905,435.8999939,162.5621948,447.8699951,148.2663422,443.0299988,62.26766968,433.0299988,94.62152863,
443.9299927,210.0368042,438.9299927,159.6811829,334,205.6074524,440.8999939,157.6592407,448.9299927,146.7934875,428.9200134,167.4645081,334,211.1248627,436.9599915,159.8016663,448.9299927,142.5574188,443.9299927,61.75730896,433.9299927,91.0082016,
445,209.1744537,439.8399963,154.0558319,335.0700073,207.4668579,441.9599915,154.5358124,449.8399963,144.324585,429.8399963,166.2614288,335.0700073,212.1655273,437.8699951,158.5655518,449.8399963,144.593689,445,59.38508606,435,88.66597748,
446.0599976,202.438858,440.8999939,152.8822784,336,205.748703,442.8699951,151.440918,450.8999939,142.5173492,430.8999939,160.569458,336,210.8328857,438.9299927,152.9793091,450.8999939,143.5862885,446.0599976,57.60424805,436.0599976,83.13619232,
446.9599915,199.7426147,441.9599915,148.9031219,337.0700073,208.4038544,443.9299927,149.519989,451.9599915,140.3394623,431.9599915,154.9231262,337.0700073,210.5622711,439.8399963,152.0484009,451.9599915,141.4202423,446.9599915,57.22052002,436.9599915,82.23381805,
448.0299988,198.6201019,442.8699951,146.9594269,338,204.2990875,444.8399963,149.1037445,452.8699951,139.6635895,432.8699951,157.4464569,338,206.1566467,440.8999939,147.5902405,452.8699951,135.0245819,448.0299988,53.41488647,438.0299988,84.52718353,
448.9299927,200.5511017,443.9299927,144.1967468,339.0700073,205.734787,445.8999939,144.371048,453.9299927,138.4404144,433.9299927,152.4389648,339.0700073,205.7091827,441.9599915,144.1816101,453.9299927,133.2539978,448.9299927,50.10159302,438.9299927,78.11396027,
450,193.0036163,444.8399963,140.816391,340,207.5187225,446.9599915,140.8980713,454.8399963,135.8605652,434.8399963,150.6871185,340,203.9590607,442.8699951,146.9275513,454.8399963,133.7106781,450,47.9434967,440,73.99562836,
451.0599976,190.2421875,445.8999939,138.301178,341.0700073,207.5703583,447.8699951,140.6133423,455.8999939,136.3780365,435.8999939,144.822937,341.0700073,204.7866821,443.9299927,143.4520874,455.8999939,134.6908112,451.0599976,47.4168396,441.0599976,70.13092804,
451.9599915,191.0145111,446.9599915,135.2050476,342,201.5591583,448.9299927,138.5101929,456.9599915,131.1517944,436.9599915,142.6744537,342,198.183075,444.8399963,139.4171448,456.9599915,131.3817749,451.9599915,46.04537964,441.9599915,66.97296906,
453.0299988,184.9386444,447.8699951,135.6950989,343.0700073,204.6100616,449.8399963,136.1613464,457.8699951,128.2988129,437.8699951,144.1865082,343.0700073,197.7539063,445.8999939,137.0594788,457.8699951,129.3513489,453.0299988,45.44139099,443.0299988,66.06439972,
453.9299927,181.4526367,448.9299927,134.8906555,344,204.8615265,450.8999939,135.3209839,458.9299927,128.3080902,438.9299927,138.629425,344,196.8493805,446.9599915,131.5479126,458.9299927,124.5099258,453.9299927,41.24110413,443.9299927,63.33521271,
455,185.3323822,449.8399963,132.7861176,345.0700073,199.3219452,451.9599915,129.3656769,459.8399963,126.3282471,439.8399963,135.9468994,345.0700073,194.220047,447.8699951,132.793335,459.8399963,126.5619583,455,40.63446045,445,59.65471649,
456.0599976,176.7577362,450.8999939,130.5741425,346,199.2545624,452.8699951,130.348587,460.8999939,123.3544006,440.8999939,132.1803894,346,188.5055237,448.9299927,132.0924988,460.8999939,124.651268,456.0599976,37.29289246,446.0599976,58.87627411,
456.9599915,174.4326935,451.9599915,128.4424591,347.0700073,195.6531372,453.9299927,125.9749451,461.9599915,119.681366,441.9599915,132.134552,347.0700073,186.2573395,449.8399963,128.0445862,461.9599915,120.5541916,456.9599915,33.88938904,446.9599915,54.46926117,
458.0299988,171.7924957,452.8699951,123.7250214,348,193.8608551,454.8399963,125.5076599,462.8699951,116.2234497,442.8699951,126.9905548,348,179.6397858,450.8999939,126.9987717,462.8699951,117.1631699,458.0299988,34.59803772,448.0299988,54.22336578,
458.9299927,166.519104,453.9299927,123.4377441,349.0700073,191.1547089,455.8999939,123.3723907,463.9299927,116.2544556,443.9299927,123.0708008,349.0700073,177.0346222,451.9599915,124.5818863,463.9299927,117.6248093,458.9299927,32.74026489,448.9299927,51.18801117,
460,164.2131653,454.8399963,119.2556,350,183.6568298,456.9599915,118.6825256,464.8399963,115.2267456,444.8399963,124.4399414,350,172.539444,452.8699951,121.1898117,464.8399963,114.7722855,460,27.61787415,450,51.73325348,
461.0599976,161.80159,455.8999939,120.2895813,351.0700073,180.5916901,457.8699951,120.050354,465.8999939,111.6447449,445.8999939,121.1718445,351.0700073,168.2393646,453.9299927,119.7014236,465.8999939,112.8459091,461.0599976,27.30111694,451.0599976,48.95218658,
461.9599915,163.6912384,456.9599915,118.8138123,352,180.5315857,458.9299927,118.4777527,466.9599915,109.4608002,446.9599915,120.0466309,352,163.6405334,454.8399963,116.4903488,466.9599915,109.39077,461.9599915,26.52122498,451.9599915,45.71073151,
463.0299988,157.3015442,457.8699951,118.6115723,353.0700073,171.465683,459.8399963,113.8078003,467.8699951,108.32901,447.8699951,118.7845764,353.0700073,157.2089844,455.8999939,115.8879929,467.8699951,107.9556046,463.0299988,24.5443573,453.0299988,43.7009964,
463.9299927,154.5339508,458.9299927,114.0060425,354,169.4882202,460.8999939,114.9619293,468.9299927,106.6468964,448.9299927,116.5519562,354,152.8082886,456.9599915,113.5856857,468.9299927,106.3018875,463.9299927,23.54911804,453.9299927,42.42536163,
465,152.8909149,459.8399963,112.2664948,355.0700073,167.0132141,461.9599915,113.6169434,469.8399963,103.6055298,449.8399963,112.6647339,355.0700073,148.1314545,457.8699951,111.8455887,469.8399963,105.8482895,465,20.69546509,455,41.84485626,
466.0599976,151.5344849,460.8999939,110.5789642,356,163.0640411,462.8699951,111.6761627,470.8999939,103.8841629,450.8999939,110.0789948,356,145.160553,458.9299927,108.0012589,470.8999939,101.6638794,466.0599976,16.21115112,456.0599976,40.17623138,
466.9599915,148.3152466,461.9599915,107.8281555,357.0700073,158.4979858,463.9299927,106.7340546,471.9599915,99.0397644,451.9599915,110.6759491,357.0700073,139.3863525,459.8399963,108.8958664,471.9599915,98.74887848,466.9599915,14.82472229,456.9599915,36.80490875,
468.0299988,141.9767609,462.8699951,107.3791046,358,153.2092285,464.8399963,105.1232605,472.8699951,98.39389038,452.8699951,107.9176788,358,134.2039185,460.8999939,107.2596817,472.8699951,97.87784576,468.0299988,12.44194031,458.0299988,36.09514618,
468.9299927,140.8241425,463.9299927,103.375885,359.0700073,150.7384338,465.8999939,102.6891785,473.9299927,94.91596985,453.9299927,107.3569183,359.0700073,129.0291595,461.9599915,102.6706619,473.9299927,97.26898956,468.9299927,11.3894577,458.9299927,33.69141388,
470,139.7505493,464.8399963,101.2538528,360,145.6005249,466.9599915,101.4187469,474.8399963,94.87303162,454.8399963,102.9800415,360,125.9602509,462.8699951,101.2063522,474.8399963,94.91734314,470,8.538612366,460,30.27147675,
471.0599976,136.0540924,465.8999939,99.76564789,361.0700073,142.6819763,467.8699951,100.0728836,475.8999939,91.03879547,455.8999939,102.581192,361.0700073,123.3950958,463.9299927,99.77144623,475.8999939,93.05602264,471.0599976,7.635147095,461.0599976,27.88443756,
471.9599915,133.3456421,466.9599915,96.77762604,362,141.216568,468.9299927,100.0372009,476.9599915,92.68090057,456.9599915,101.7718506,362,116.9066315,464.8399963,95.51424408,476.9599915,86.88650513,471.9599915,5.686569214,461.9599915,27.11182404,
473.0299988,130.0583954,467.8699951,97.57213593,363.0700073,136.5573578,469.8399963,95.42076111,477.8699951,88.328125,457.8699951,100.9264679,363.0700073,115.0190735,465.8999939,97.08812714,477.8699951,86.90110779,473.0299988,3.441520691,463.0299988,24.1266861,
473.9299927,128.2094879,468.9299927,95.12625122,364,129.8167877,470.8999939,93.45427704,478.9299927,88.5772934,458.9299927,95.97835541,364,111.6219635,466.9599915,95.26110077,478.9299927,85.96273041,473.9299927,1.722892761,463.9299927,23.83444977,
475,125.4367676,469.8399963,91.89504242,365.0700073,127.4347992,471.9599915,91.52664948,479.8399963,84.14038849,459.8399963,96.37794495,365.0700073,107.2223511,467.8699951,92.986763,479.8399963,82.92443085,475,-2.10080719,465,18.73828125,
476.0599976,120.6152802,470.8999939,87.46541595,366,124.3891449,472.8699951,88.94953918,480.8999939,81.92589569,460.8999939,97.33787537,366,101.1362534,468.9299927,93.01451874,480.8999939,80.5309906,476.0599976,-2.763084412,466.0599976,19.59249115,
476.9599915,119.0931396,471.9599915,86.58125305,367.0700073,116.7097321,473.9299927,85.55434418,481.9599915,81.46259308,461.9599915,93.50731659,367.0700073,95.78032684,469.8399963,89.81420898,481.9599915,79.53253937,476.9599915,-4.70916748,466.9599915,16.19647217,
478.0299988,118.9404144,472.8699951,86.41454315,368,113.9081573,474.8399963,86.04016113,482.8699951,79.40881348,462.8699951,92.08419037,368,91.44192505,470.8999939,88.20339966,482.8699951,78.80158234,478.0299988,-9.299339294,468.0299988,16.39289093,
478.9299927,116.1813965,473.9299927,84.95947266,369.0700073,109.4965363,475.8999939,83.9785614,483.9299927,75.31112671,463.9299927,89.34521484,369.0700073,82.53492737,471.9599915,85.42067719,483.9299927,77.2677536,478.9299927,-9.780395508,468.9299927,15.23466492,
480,110.5153961,474.8399963,81.88804626,370,106.6930542,476.9599915,82.06338501,484.8399963,76.84624481,464.8399963,89.23139191,370,80.64962769,472.8699951,84.4039917,484.8399963,75.29192352,480,-9.548934937,470,11.58238983,
481.0599976,111.1645508,475.8999939,80.29392242,371.0700073,103.3394623,477.8699951,79.8780899,485.8999939,72.97051239,465.8999939,83.28363037,371.0700073,74.71793365,473.9299927,84.26386261,485.8999939,73.24073029,481.0599976,-14.47762299,471.0599976,10.41220093,
481.9599915,105.7239075,476.9599915,79.13800812,372,99.86235046,478.9299927,79.52350616,486.9599915,71.83448792,466.9599915,84.50271606,372,71.55878448,474.8399963,80.20178986,486.9599915,69.48566437,481.9599915,-13.51642609,471.9599915,10.44147491,
483.0299988,104.9751129,477.8699951,76.29143524,373.0700073,95.73554993,479.8399963,75.1501236,487.8699951,68.00592041,467.8699951,81.04358673,373.0700073,66.94667816,475.8999939,78.93824768,487.8699951,69.78408051,483.0299988,-15.94915771,473.0299988,7.214302063,
483.9299927,102.4924927,478.9299927,75.48810577,374,92.6749115,480.8999939,74.30593109,488.9299927,67.04295349,468.9299927,80.52050018,374,62.31071472,476.9599915,75.78300476,488.9299927,69.56221008,483.9299927,-16.83386993,473.9299927,5.049880981,
485,99.92328644,479.8399963,73.75704956,375.0700073,87.71633911,481.9599915,72.52441406,489.8399963,67.12407684,469.8399963,79.2106781,375.0700073,58.46218872,477.8699951,75.54640961,489.8399963,64.85354614,485,-20.08420563,475,2.200401306,
486.0599976,96.65484619,480.8999939,69.52096558,376,85.00630188,482.8699951,69.05426788,490.8900146,66.32711792,470.8999939,77.42516327,376,55.13523102,478.9299927,72.98834229,490.8900146,63.68933868,486.0599976,-21.33633423,476.0599976,1.782203674,
486.9599915,97.50656891,481.9599915,67.54348755,377.0700073,80.85974121,483.9299927,70.99299622,491.9400024,62.28382111,471.9599915,75.51193237,377.0700073,50.99679565,479.8399963,70.6175766,491.9400024,62.8028183,486.9599915,-23.58906555,476.9599915,-0.7297821045,
488.0299988,91.6437912,482.8699951,69.61077881,378,76.05049133,484.8399963,66.49616241,492.980011,61.53593445,472.8699951,74.0153656,378,48.33409882,480.8999939,68.18035126,492.980011,59.8131485,488.0299988,-25.7021637,478.0299988,-4.306556702,
488.9299927,91.99042511,483.9299927,68.12155914,379.0700073,72.39126587,485.8999939,66.51799774,493.8800049,59.48312378,473.9299927,71.41495514,379.0700073,44.27484131,481.9599915,66.04941559,493.8800049,59.94322968,488.9299927,-28.70983887,478.9299927,-5.368423462,
490,89.13535309,484.8399963,64.46921539,380,67.47642517,486.9599915,64.8314209,494.9200134,59.81281281,474.8399963,70.80771637,380,42.02046967,482.8699951,65.76040649,494.9200134,56.96490479,490,-25.577034,480,-5.318855286,
491.0400085,86.04071808,485.8999939,62.76113129,381.0700073,65.74360657,487.8699951,62.25278473,495.9700012,56.7719574,475.8999939,68.94284058,381.0700073,39.14122772,483.9299927,63.85356903,495.9700012,56.58891296,491.0400085,-29.97072601,481.0599976,-9.696769714,
491.9400024,82.28870392,486.9599915,61.93261719,382,61.75594711,488.9299927,61.36881256,496.8599854,55.98659515,476.9599915,67.62193298,382,35.32707977,484.8399963,62.43473816,496.8599854,53.30267334,491.9400024,-32.35641479,481.9599915,-11.09049988,
492.980011,81.00359344,487.8699951,59.29862213,383.0700073,58.29336166,489.8399963,59.52856445,497.9100037,53.25582123,477.8699951,64.36486053,383.0700073,31.31108284,485.8999939,59.22737885,497.9100037,53.87918854,492.980011,-33.17290497,483.0299988,-12.79548645,
494.019989,78.14357758,488.9299927,57.64889526,384,54.00562668,490.8900146,58.74133301,498.9500122,52.52225494,478.9299927,65.00278473,384,28.92364693,486.9599915,59.92430115,498.9500122,50.55101776,494.019989,-35.79718018,483.9299927,-14.48544312,
495.0700073,78.00917816,489.8399963,56.1733017,385.0700073,50.09201431,491.9400024,55.45384216,499.8500061,50.82674408,479.8399963,62.17367554,385.0700073,26.0601368,487.8699951,58.81628418,499.8500061,50.41980743,495.0700073,-34.46891022,485,-15.32104492,
495.9700012,75.68412781,490.8900146,56.73690033,386,47.41225815,492.980011,54.5302124,500.8900146,49.30539703,480.8999939,60.87579346,386,24.21640587,488.9299927,59.9172287,500.8900146,47.92919159,495.9700012,-36.32231903,486.0599976,-17.61203003,
497.0100098,75.67459106,491.9400024,52.45601654,387.0700073,45.61117935,493.8800049,52.72650909,501.9400024,47.06809235,481.9599915,60.1603775,387.0700073,21.37535286,489.8399963,54.58161163,501.9400024,49.17023468,497.0100098,-36.50153351,486.9599915,-20.15599823,
498.0499878,72.4671936,492.980011,51.97413635,388,42.63811874,494.9200134,50.6667099,502.980011,46.4006424,482.8699951,57.15522766,388,19.14853096,490.8900146,52.52246857,502.980011,46.59933472,498.0499878,-40.55161285,488.0299988,-20.430336,
498.9500122,70.36415863,493.8800049,51.2869873,389.0700073,37.30899048,495.9700012,48.19219208,503.8800049,43.84453583,483.9299927,55.47068787,389.0700073,16.56632423,491.9400024,52.07055664,503.8800049,41.98047638,498.9500122,-41.75164032,488.9299927,-21.56809998,
500,70.10745239,494.9200134,48.02967834,390,35.78754425,496.8599854,49.49420929,504.9200134,44.47473907,484.8399963,54.9079895,390,14.83350182,492.980011,50.28793335,504.9200134,44.17188263,500,-44.87804413,490,-22.55535889,
501.0400085,64.17281342,495.9700012,46.67006683,391.0599976,33.95714951,497.9100037,49.5304718,505.9700012,44.3585968,485.8999939,53.4394455,391.0599976,12.55531502,493.8800049,48.61828613,505.9700012,41.06009674,501.0400085,-44.98681641,491.0400085,-24.53897095,
501.9400024,64.67890167,496.8599854,47.44817352,391.9599915,32.32095337,498.9500122,46.5995636,506.8599854,41.23139572,486.9599915,52.70829773,391.9599915,9.799814224,494.9200134,48.60621643,506.8599854,40.1489563,501.9400024,-47.19029999,491.9400024,-25.06370544,
502.980011,61.45098114,497.9100037,45.07582092,393.0299988,29.90125656,499.8500061,45.53840637,507.9100037,41.95048141,487.8699951,52.47657776,393.0299988,7.886520386,495.9700012,45.24836731,507.9100037,40.63188171,502.980011,-48.46509552,492.980011,-26.30300903,
504.019989,62.58810425,498.9500122,44.08796692,393.9299927,27.15632629,500.8900146,44.3874054,508.9500122,38.88278961,488.9299927,49.48297882,393.9299927,6.437925339,496.8599854,45.69856262,508.9500122,37.60147858,504.019989,-49.23140717,494.019989,-29.16088104,
505.0700073,60.26634979,499.8500061,41.94022369,395,24.79623795,501.9400024,44.6856842,509.8500061,37.51012039,489.8399963,47.58657837,395,4.310548782,497.9100037,43.15628052,509.8500061,37.0514679,505.0700073,-52.59738159,495.0700073,-30.86330414,
505.9700012,57.47003937,500.8900146,40.9026947,396.0599976,21.96504593,502.980011,41.49865723,510.8999939,37.06301498,490.8900146,47.58262634,396.0599976,2.466537476,498.9500122,43.4539032,510.8999939,36.16460419,505.9700012,-52.35580444,495.9700012,-31.43273926,
507.0100098,57.29597473,501.9400024,39.52606201,396.9599915,20.60431671,503.8800049,40.71929169,511.9599915,34.92869949,491.9400024,45.72361755,396.9599915,1.341178894,499.8500061,41.0875473,511.9599915,34.09854126,507.0100098,-51.87792969,497.0100098,-34.63069153,
508.0499878,55.51078796,502.980011,38.31980133,398.0299988,18.68175888,504.9200134,41.15616608,512.8699951,35.51535034,492.980011,45.2516098,398.0299988,-0.2845745087,500.8900146,39.63018036,512.8699951,35.92656708,508.0499878,-53.03488159,498.0499878,-34.92176819,
508.9500122,53.69173431,503.8800049,37.72180176,398.9299927,16.62094879,505.9700012,36.44351959,513.9299927,32.62062836,493.8800049,45.37689209,398.9299927,-1.996648788,501.9400024,38.7776413,513.9299927,33.34293365,508.9500122,-55.55136871,498.9500122,-35.91239166,
510,50.39120483,504.9200134,37.20574188,400,14.4443779,506.8599854,36.51803589,514.8400269,33.24385071,494.9200134,41.01065063,400,-2.137477875,502.980011,38.31537247,514.8400269,32.00797272,510,-56.68424606,500,-37.13412476,
511.0599976,49.07532501,505.9700012,36.00604248,401.0700073,12.17187119,507.9100037,35.05266571,515.9000244,32.91270828,495.9700012,41.49219513,,,503.8800049,35.8900528,515.9000244,31.45818138,511.0599976,-57.10279846,501.0400085,-38.79172516,
511.9599915,48.66808319,506.8599854,36.31072998,402,10.06132889,508.9500122,32.54248047,516.960022,30.39830399,496.8599854,40.76035309,,,504.9200134,35.17937851,516.960022,30.66939354,511.9599915,-57.69815063,501.9400024,-38.63961029,
513.0300293,47.45620728,507.9100037,33.64015198,403.0700073,8.205867767,509.8500061,35.1557312,517.8699951,30.05183792,497.9100037,38.37682343,,,505.9700012,32.81639099,517.8699951,30.61114311,513.0300293,-58.48361206,502.980011,-40.07025146,
513.9299927,44.32984161,508.9500122,32.11484528,404,7.576705933,510.8999939,31.50795937,518.9299927,29.13125229,498.9500122,37.73162842,,,506.8599854,32.80994797,518.9299927,28.31490898,513.9299927,-60.94492722,504.019989,-43.94419861,
515,44.30893707,509.8500061,30.88492393,405.0700073,6.40297699,511.9599915,31.9750576,519.8400269,27.53634644,499.8500061,35.25045013,,,507.9100037,31.43292618,519.8400269,26.7385807,515,-61.82681274,505.0700073,-43.75185776,
516.0599976,43.93706512,510.8999939,31.10783577,406,5.022174835,512.8699951,29.93749809,520.8900146,26.81812668,500.8900146,36.80860901,,,508.9500122,29.8405571,520.8900146,25.93108177,516.0599976,-64.14285278,505.9700012,-45.53056335,
516.960022,39.62863159,511.9599915,29.51413918,407.0700073,3.319038391,513.9299927,29.11651421,521.9400024,25.77339935,501.9400024,34.73889923,,,509.8500061,32.33277893,521.9400024,24.15905571,516.960022,-63.10824966,507.0100098,-45.45394897,
518.0300293,41.84368896,512.8699951,27.17094994,408,2.584098816,514.8400269,28.60194588,522.9799805,24.89498901,502.980011,32.18991089,,,510.8999939,28.1339035,522.9799805,23.15875435,518.0300293,-64.38685608,508.0499878,-47.96743393,
518.9299927,39.66997528,513.9299927,27.10679436,409.0700073,0.9097118378,515.9000244,26.27430534,523.8800049,24.78374863,503.8800049,32.09061432,,,511.9599915,28.52631378,523.8800049,23.36172676,518.9299927,-65.65499878,508.9500122,-47.55426407,
520,38.08911896,514.8400269,26.63835335,410,0.3281326294,516.960022,25.19870949,524.9199829,22.29995728,504.9200134,30.18704414,,,512.8699951,27.13333511,524.9199829,23.08009148,520,-66.29455566,510,-50.02314758,
521.039978,37.52560425,515.9000244,24.86572075,,,517.8699951,25.80278206,525.9699707,21.83872223,505.9700012,29.78917122,,,513.9299927,25.93901062,525.9699707,22.21569633,521.039978,-69.2572937,511.0599976,-50.94636154,
521.9400024,35.66670609,516.960022,24.41232491,,,518.9299927,22.70278358,526.8599854,19.48827362,506.8599854,29.00865746,,,514.8400269,24.24776077,526.8599854,21.32157326,521.9400024,-67.29125214,511.9599915,-49.32095337,
522.9799805,32.99840164,517.8699951,23.64164925,,,519.8400269,22.79230309,527.9099731,21.44344711,507.9100037,27.11518669,,,515.9000244,25.28510284,527.9099731,20.14103889,522.9799805,-68.76812744,513.0300293,-51.94411469,
524.0200195,34.8895607,518.9299927,21.74216652,,,520.8900146,22.37663841,528.9500122,19.42782593,508.9500122,27.51859474,,,516.960022,22.19697952,528.9500122,20.23330498,524.0200195,-71.09269714,513.9299927,-53.62459564,
525.0700073,32.06884384,519.8400269,21.89415932,,,521.9400024,22.03457451,529.8499756,19.11690521,509.8500061,26.2462368,,,517.8699951,23.20362854,529.8499756,19.23118019,525.0700073,-70.504776,515,-52.92300034,
525.9699707,30.55461121,520.8900146,20.73673439,,,522.9799805,20.39766121,530.8900146,17.49130249,510.8999939,25.25098991,,,518.9299927,23.192276,530.8900146,17.88154793,525.9699707,-70.75292969,516.0599976,-54.47314835,
527.0100098,30.28135681,521.9400024,20.93648338,,,523.8800049,20.06835365,531.9400024,17.48250198,511.9599915,24.01374626,,,519.8400269,21.64580154,531.9400024,17.24454689,527.0100098,-72.11276245,516.960022,-54.84519196,
528.0499878,29.52149582,522.9799805,20.26600838,,,524.9199829,19.40549278,532.9799805,17.57472992,512.8699951,24.66035652,,,520.8900146,19.18552017,532.9799805,16.41543007,528.0499878,-72.90091705,518.0300293,-56.43157196,
528.9500122,28.31418991,523.8800049,18.76782417,,,525.9699707,17.89200783,533.8800049,16.59804153,513.9299927,22.2933712,,,521.9400024,17.17116165,533.8800049,16.30340385,528.9500122,-73.53672791,518.9299927,-56.95251465,
530,26.30131149,524.9199829,17.73514366,,,526.8599854,18.45538902,534.9199829,15.84449387,514.8400269,22.89282799,,,522.9799805,19.58024597,534.9199829,15.84327126,530,-75.13873291,520,-57.60688019,
531.039978,25.57435989,525.9699707,16.62607765,,,527.9099731,16.97306633,535.9699707,14.76498795,515.9000244,20.62418175,,,523.8800049,17.39097214,535.9699707,13.08499718,531.039978,-76.24212646,521.039978,-59.20046997,
531.9400024,23.83890533,526.8599854,15.35015678,,,528.9500122,14.65088844,536.8599854,15.28294754,516.960022,20.61715889,,,524.9199829,15.70264816,536.8599854,13.36512184,531.9400024,-75.77249908,521.9400024,-60.56483841,
532.9799805,24.3597908,527.9099731,14.97545815,,,529.8499756,15.6429615,537.9099731,13.51250076,517.8699951,20.32793999,,,525.9699707,15.56417847,537.9099731,12.69901085,532.9799805,-77.12458801,522.9799805,-60.23699188,
534.0200195,21.68203354,528.9500122,14.39723396,,,530.8900146,14.42129326,538.9500122,13.44546509,518.9299927,20.14227486,,,526.8599854,16.23310852,538.9500122,11.98668098,534.0200195,-77.59004974,524.0200195,-61.60499191,
535.0700073,23.41343689,529.8499756,13.32640648,,,531.9400024,14.83049965,539.8499756,12.57513809,519.8400269,19.07731438,,,527.9099731,14.20477295,539.8499756,12.38665581,535.0700073,-78.96095276,525.0700073,-63.44608307,
535.9699707,21.90457153,530.8900146,12.94291115,,,532.9799805,12.33957863,540.8800049,11.41661072,520.8900146,18.83244133,,,528.9500122,13.44858551,540.8800049,10.49341011,535.9699707,-79.33660126,525.9699707,-64.30990601,
537.0100098,18.44755554,531.9400024,12.53988075,,,533.8800049,13.43533897,541.9099731,10.03835297,521.9400024,16.93280983,,,529.8499756,13.50368881,541.9099731,10.37902641,537.0100098,-79.01712799,527.0100098,-63.27950287,
538.0499878,19.43148041,532.9799805,12.05325508,,,534.9199829,11.88161278,542.9400024,10.73118591,522.9799805,17.01167107,,,530.8900146,12.91650772,542.9400024,9.007701874,538.0499878,-80.87715149,528.0499878,-64.33209229,
538.9500122,18.82594681,533.8800049,12.13394737,,,535.9699707,11.41020012,543.9699707,9.50929451,523.8800049,15.46613121,,,531.9400024,11.03938675,543.9699707,8.469566345,538.9500122,-81.58987427,528.9500122,-66.2061615,
540,17.23884583,534.9199829,9.549863815,,,536.8599854,12.27272224,544.8499756,9.603609085,524.9199829,15.04316902,,,532.9799805,11.4070816,544.8499756,7.156301498,540,-81.74382019,530,-66.25363159,
541.0200195,16.76542664,535.9699707,10.56126213,,,537.9099731,10.34512138,545.8800049,7.847057343,525.9699707,14.7659626,,,533.8800049,9.563034058,545.8800049,7.537061691,541.0200195,-83.80467224,531.039978,-66.88731384,
542.0499878,15.19042587,536.8599854,8.949426651,,,538.9500122,10.46781349,546.9099731,8.407026291,526.8599854,12.5300808,,,534.9199829,10.43857193,546.9099731,7.837875366,542.0499878,-83.08854675,531.9400024,-67.70951843,
542.9400024,14.63027954,537.9099731,8.440011978,,,539.8499756,9.536527634,547.9400024,7.867797852,527.9099731,13.28746605,,,535.9699707,8.234043121,547.9400024,7.285682678,542.9400024,-83.71379089,532.9799805,-69.00364685,
543.9699707,14.60823441,538.9500122,7.798223495,,,540.8800049,7.580293655,548.9699707,7.125974655,528.9500122,12.29055595,,,536.8599854,9.090061188,548.9699707,6.326900482,543.9699707,-83.883255,534.0200195,-69.16621399,
545,14.41007614,539.8499756,7.370176315,,,541.9099731,7.393993378,549.8499756,5.94370842,529.8499756,13.06254005,,,537.9099731,7.957317352,549.8499756,4.795700073,545,-85.5873642,535.0700073,-69.28329468,
546.0200195,13.22967148,540.8800049,6.260362625,,,542.9400024,7.057882309,550.8900146,6.133775711,530.8900146,11.64289284,,,538.9500122,8.14566803,550.8900146,5.523698807,546.0200195,-86.17024994,535.9699707,-70.30337524,
547.0499878,12.35864639,541.9099731,7.055715561,,,543.9699707,5.795761108,551.9400024,5.941469193,531.9400024,11.33153343,,,539.8499756,7.135501862,551.9400024,5.857564926,547.0499878,-85.75778961,537.0100098,-72.00101471,
547.9400024,10.51502609,542.9400024,5.383583069,,,544.8499756,4.725246429,552.9799805,4.431285858,532.9799805,9.322069168,,,540.8800049,5.299158096,552.9799805,3.414236069,547.9400024,-87.31400299,538.0499878,-71.25009155,
548.9699707,11.07696915,543.9699707,4.644542694,,,545.8800049,5.467784882,553.8800049,4.164056778,533.8800049,10.32602882,,,541.9099731,6.297315598,553.8800049,3.517864227,548.9699707,-86.67314148,538.9500122,-72.01197815,
550,8.258808136,544.8499756,4.548337936,,,546.9099731,4.542541504,554.9199829,3.447954178,534.9199829,8.629301071,,,542.9400024,6.487216949,554.9199829,3.343561172,550,-87.07186127,540,-71.40512085,
551.039978,8.476268768,545.8800049,4.097642899,,,547.9400024,4.827367783,555.9699707,3.199394226,535.9699707,8.82714653,,,543.9699707,3.552305222,555.9699707,2.997190475,551.039978,-87.82863617,541.0200195,-72.04281616,
551.9400024,9.448425293,546.9099731,3.271644592,,,548.9699707,3.48878479,556.8599854,3.837966919,536.8599854,7.247297287,,,544.8499756,4.676141739,556.8599854,2.111207962,551.9400024,-88.81474304,542.0499878,-73.80510712,
552.9799805,6.403842926,547.9400024,3.927095413,,,549.8499756,2.699670792,557.9099731,1.732561111,537.9099731,7.45246315,,,545.8800049,3.828609467,557.9099731,2.032682419,552.9799805,-89.27183533,542.9400024,-73.97141266,
554.0200195,7.159114838,548.9699707,1.361522675,,,550.8900146,3.626783371,558.9500122,1.543966293,538.9500122,6.453050613,,,546.9099731,2.87701416,558.9500122,1.493747711,554.0200195,-90.96766663,543.9699707,-75.10810089,
555.0700073,6.003623962,549.8499756,1.102725983,,,551.9400024,1.622980118,559.8499756,1.806674957,539.8499756,5.754507065,,,547.9400024,2.811222076,559.8499756,1.507585526,555.0700073,-90.60923767,545,-74.32709503,
555.9699707,5.416706085,550.8900146,1.185400009,,,552.9799805,1.976085663,560.8900146,0.8012123108,540.8800049,5.415779114,,,548.9699707,3.217002869,560.8900146,0.3837394714,555.9699707,-90.63490295,546.0200195,-75.47077942,
557.0100098,5.46913147,551.9400024,0.5796527863,,,553.8800049,1.378700256,561.9400024,0.6365318298,541.9099731,2.980607986,,,549.8499756,1.53515625,561.9400024,0.01296424866,557.0100098,-91.14855194,547.0499878,-77.3830719,
558.0499878,3.281961441,552.9799805,0.2836761475,,,554.9199829,0.409040451,562.9799805,-0.1654987335,542.9400024,4.061653137,,,550.8900146,2.563360214,562.9799805,-0.3485641479,558.0499878,-91.30780029,547.9400024,-75.97951508,
558.9500122,3.645084381,553.8800049,0.1715278625,,,555.9699707,1.528448105,563.8800049,-0.5921821594,543.9699707,3.540678024,,,551.9400024,-0.01504516602,563.8800049,-0.2941169739,558.9500122,-92.42153931,548.9699707,-77.12229919,
560,3.774190903,554.9199829,-0.3260211945,,,556.8599854,0.438747406,564.9199829,-0.7415904999,544.8499756,2.98853302,,,552.9799805,-0.1753749847,564.9199829,-0.905456543,560,-92.78746033,550,-78.16643524,
561.039978,2.418210983,555.9699707,0.8431949615,,,557.9099731,-1.451591492,565.9699707,-0.7191333771,545.8800049,2.138544083,,,553.8800049,-0.7835044861,565.9699707,-0.7673969269,561.039978,-93.24081421,551.039978,-77.39961243,
561.9400024,2.982465744,556.8599854,-0.509847641,,,558.9500122,-1.213108063,566.8599854,-1.203630447,546.9099731,2.235822678,,,554.9199829,-0.3161773682,566.8599854,-1.602209091,561.9400024,-92.95265198,551.9400024,-79.47566223,
562.9799805,1.699544907,557.9099731,-1.700733185,,,559.8499756,-1.210174561,567.9099731,-2.135578156,547.9400024,2.097322464,,,555.9699707,-0.2267875671,567.9099731,-1.992704391,562.9799805,-93.59666443,552.9799805,-79.28102112,
564.0200195,1.149362564,558.9500122,-2.521224976,,,560.8900146,-2.328248978,568.9500122,-1.738981247,548.9699707,1.408937454,,,556.8599854,-1.455255508,568.9500122,-1.893592834,564.0200195,-94.0477066,554.0200195,-79.40113068,
565.0700073,1.267326355,559.8499756,-2.684940338,,,561.9400024,-1.921777725,569.8499756,-2.812759399,549.8499756,2.148349762,,,557.9099731,-1.758087158,569.8499756,-2.503585815,565.0700073,-94.73707581,555.0700073,-80.65691376,
565.9699707,0.6737613678,560.8900146,-3.251573563,,,562.9799805,-2.631816864,570.8800049,-3.00246048,550.8900146,0.9559955597,,,558.9500122,-1.707874298,570.8800049,-2.491361618,565.9699707,-95.13348389,555.9699707,-80.57055664,
567.0100098,-1.226190567,561.9400024,-3.154369354,,,563.8800049,-3.271303177,571.9099731,-2.521751404,551.9400024,-0.9829139709,,,559.8499756,-3.190130234,571.9099731,-3.579977036,567.0100098,-95.63529968,557.0100098,-81.16995239,
568.0499878,-1.284749985,562.9799805,-3.250822067,,,564.9199829,-3.373567581,572.9400024,-3.082410812,552.9799805,0.4077796936,,,560.8900146,-3.550485611,572.9400024,-3.149744034,568.0499878,-95.02314758,558.0499878,-81.12721252,
568.9500122,-1.672014236,563.8800049,-4.871194839,,,565.9699707,-3.190439224,573.9699707,-4.264101028,553.8800049,-1.152711868,,,561.9400024,-3.821847916,573.9699707,-4.904598236,568.9500122,-96.23104858,558.9500122,-80.80056763,
570,-1.773454666,564.9199829,-3.508625031,,,566.8599854,-4.531471252,574.8499756,-5.393596649,554.9199829,-2.071697235,,,562.9799805,-3.487400055,574.8499756,-4.659545898,570,-96.12957764,560,-83.08644867,
571.0200195,-2.297119141,565.9699707,-4.949649811,,,567.9099731,-3.990898132,575.8800049,-4.670999527,555.9699707,-2.190935135,,,563.8800049,-4.571487427,575.8800049,-5.130298615,571.0200195,-96.19949341,561.039978,-82.60505676,
572.0499878,-3.527391434,566.8599854,-5.849807739,,,568.9500122,-4.183906555,576.9099731,-4.836969376,556.8599854,-1.292503357,,,564.9199829,-5.290836334,576.9099731,-5.277330399,572.0499878,-97.59138489,561.9400024,-82.1893158,
572.9400024,-3.895265579,567.9099731,-5.071357727,,,569.8499756,-4.622283936,577.9400024,-5.47873497,557.9099731,-2.56495285,,,565.9699707,-4.993761063,577.9400024,-5.472537994,572.9400024,-97.97312927,562.9799805,-83.45783234,
573.9699707,-3.596815109,568.9500122,-6.964471817,,,570.8800049,-5.196166992,578.9699707,-5.935073853,558.9500122,-3.636365891,,,566.8599854,-4.622001648,578.9699707,-6.352220535,573.9699707,-97.82788849,564.0200195,-84.25154877,
575,-4.910898209,569.8499756,-5.784833908,,,571.9099731,-6.360279083,579.8499756,-5.236614227,559.8499756,-3.613431931,,,567.9099731,-6.485904694,579.8499756,-6.247993469,575,-98.09054565,565.0700073,-84.83620453,
576.0200195,-4.093746185,570.8800049,-7.498329163,,,572.9400024,-5.694959641,580.8800049,-6.37148571,560.8900146,-3.20416832,,,568.9500122,-6.19052887,580.8800049,-5.545110703,576.0200195,-98.76393127,565.9699707,-84.80427551,
577.0499878,-4.70202446,571.9099731,-7.3223629,,,573.9699707,-5.622152328,581.9099731,-6.639159203,561.9400024,-3.9103508,,,569.8499756,-6.353315353,581.9099731,-6.148353577,577.0499878,-98.39339447,567.0100098,-85.31790161,
577.9400024,-6.049154282,572.9400024,-7.975782394,,,574.8499756,-6.564348221,582.9400024,-6.978059769,562.9799805,-4.543159485,,,570.8800049,-7.364732742,582.9400024,-6.636276245,577.9400024,-99.2474823,568.0499878,-86.00431824,
578.9699707,-6.041110992,573.9699707,-7.508277893,,,575.8800049,-7.460243225,583.9699707,-7.088480949,563.8800049,-5.440624237,,,571.9099731,-6.809436798,583.9699707,-7.418291092,578.9699707,-99.71684265,568.9500122,-86.7955246,
580,-5.859285355,574.8499756,-8.088001251,,,576.9099731,-6.696680069,584.8499756,-7.253614426,564.9199829,-6.032102585,,,572.9400024,-8.298458099,584.8499756,-7.633782387,580,-99.44930267,570,-85.39480591,
581.0200195,-6.821292877,575.8800049,-8.70895195,,,577.9400024,-7.155164719,585.8800049,-7.800504684,565.9699707,-5.337833405,,,573.9699707,-7.962106705,585.8800049,-7.888838768,581.0200195,-99.86309814,571.0200195,-86.43069458,
582.0499878,-7.425510406,576.9099731,-8.993871689,,,578.9699707,-6.992574692,586.9099731,-7.764697075,566.8599854,-5.623550415,,,574.8499756,-8.05547142,586.9099731,-7.561197281,582.0499878,-100.5995407,572.0499878,-86.5823822,
582.9400024,-7.905012131,577.9400024,-8.77322197,,,579.8499756,-8.674567223,587.9400024,-8.25320816,567.9099731,-6.037815094,,,575.8800049,-7.148330688,587.9400024,-8.182774544,582.9400024,-100.6449432,572.9400024,-87.68894196,
583.9699707,-8.501678467,578.9699707,-9.48784256,,,580.8800049,-7.472646713,588.9699707,-7.839346886,568.9500122,-6.576137543,,,576.9099731,-8.586830139,588.9699707,-8.502432823,583.9699707,-100.5360336,573.9699707,-87.76802826,
585,-8.688280106,579.8499756,-9.416284561,,,581.9099731,-8.151737213,589.8499756,-7.586235046,569.8499756,-6.81291008,,,577.9400024,-8.688375473,589.8499756,-8.775397301,585,-100.4238052,575,-87.72689056,
586.0200195,-8.782203674,580.8800049,-9.76927948,,,582.9400024,-8.65676403,590.8800049,-9.622411728,570.8800049,-8.278507233,,,578.9699707,-8.957006454,590.8800049,-8.226571083,586.0200195,-101.4793243,576.0200195,-88.8092804,
587.0499878,-8.374744415,581.9099731,-9.539287567,,,583.9699707,-8.494647026,591.9099731,-8.522014618,571.9099731,-7.086164474,,,579.8499756,-9.185590744,591.9099731,-9.021509171,587.0499878,-101.6482315,577.0499878,-87.83670044,
587.9400024,-9.890975952,582.9400024,-9.872087479,,,584.8499756,-9.850736618,592.9400024,-9.144208908,572.9400024,-7.502689362,,,580.8800049,-8.859407425,592.9400024,-9.506700516,587.9400024,-101.6565018,577.9400024,-87.52295685,
588.9699707,-10.44490814,583.9699707,-11.07508278,,,585.8800049,-10.05463314,593.9699707,-9.134267807,573.9699707,-7.858699799,,,581.9099731,-9.938755989,593.9699707,-9.877702713,588.9699707,-102.1776505,578.9699707,-89.1164856,
590,-9.915586472,584.8499756,-10.30728149,,,586.9099731,-10.43505955,594.8499756,-8.98486805,574.8499756,-8.546840668,,,582.9400024,-10.59340954,594.8499756,-10.16081047,590,-101.919014,580,-89.54599762,
591.0200195,-10.25828171,585.8800049,-11.93650627,,,587.9400024,-10.44652748,595.8800049,-9.862874031,575.8800049,-8.705617905,,,583.9699707,-10.29671383,595.8800049,-10.66794968,591.0200195,-103.1344147,581.0200195,-89.57296753,
592.0499878,-10.44333267,586.9099731,-10.73500633,,,588.9699707,-10.45239544,596.9099731,-8.74431324,576.9099731,-9.626811981,,,584.8499756,-10.73344517,596.9099731,-10.0677042,592.0499878,-103.1118088,582.0499878,-88.51142883,
592.9400024,-11.39598274,587.9400024,-11.20350552,,,589.8499756,-10.16258335,597.9400024,-10.3768549,577.9400024,-8.742097855,,,585.8800049,-11.13537407,597.9400024,-11.04732704,592.9400024,-102.6358261,582.9400024,-89.94937134,
593.9699707,-11.21372414,588.9699707,-11.62199116,,,590.8800049,-10.07207489,598.9699707,-9.896267891,578.9699707,-9.629266739,,,586.9099731,-11.19213104,598.9699707,-11.03556919,593.9699707,-103.6403122,583.9699707,-89.87927246,
595,-12.23970032,589.8499756,-11.99645233,,,591.9099731,-11.36287022,599.8499756,-10.30706596,579.8499756,-9.807229042,,,587.9400024,-12.19410896,599.8499756,-11.37700462,595,-103.9356918,585,-90.3770752,
596.0200195,-12.05627537,590.8800049,-12.75958824,,,592.9400024,-10.88358498,600.8800049,-10.33819675,580.8800049,-10.58059788,,,588.9699707,-11.98228168,600.8800049,-11.79200268,596.0200195,-103.9389038,586.0200195,-90.29962921,
597.0499878,-11.909832,591.9099731,-12.41901302,,,593.9699707,-11.4497385,,,581.9099731,-10.46018124,,,589.8499756,-12.64810658,,,597.0499878,-103.6400375,587.0499878,-90.6737442,
597.9400024,-12.79739952,592.9400024,-12.9842205,,,594.8499756,-11.85469437,,,582.9400024,-10.03837776,,,590.8800049,-12.38384724,,,597.9400024,-104.5531845,587.9400024,-91.88227844,
598.9699707,-12.456213,593.9699707,-12.59840679,,,595.8800049,-12.29424286,,,583.9699707,-10.89388466,,,591.9099731,-12.5798502,,,598.9699707,-104.024704,588.9699707,-91.07979584,
600,-12.61258507,594.8499756,-13.51155472,,,596.9099731,-12.58787155,,,584.8499756,-10.70360661,,,592.9400024,-12.45300007,,,600,-104.7067032,590,-92.16066742,
,,595.8800049,-12.96257973,,,597.9400024,-12.27225494,,,585.8800049,-10.62988186,,,593.9699707,-13.01626682,,,,,591.0200195,-92.36361694,
,,596.9099731,-13.83845615,,,598.9699707,-12.3669939,,,586.9099731,-11.0092392,,,594.8499756,-12.91230774,,,,,592.0499878,-93.04459381,
,,597.9400024,-13.4758873,,,599.8499756,-12.86071205,,,587.9400024,-12.20310974,,,595.8800049,-13.3529644,,,,,592.9400024,-92.71109772,
,,598.9699707,-12.95369816,,,600.8800049,-13.23885536,,,588.9699707,-12.28302002,,,596.9099731,-13.33250618,,,,,593.9699707,-92.5140152,
,,599.8499756,-14.82532883,,,,,,,589.8499756,-12.10921764,,,597.9400024,-14.40590382,,,,,595,-93.47898865,
,,600.8800049,-14.54654312,,,,,,,590.8800049,-12.02372169,,,598.9699707,-13.41874123,,,,,596.0200195,-93.60047913,
,,,,,,,,,,591.9099731,-12.62200546,,,599.8499756,-14.72054386,,,,,597.0499878,-93.04682159,
,,,,,,,,,,592.9400024,-12.51994228,,,600.8800049,-14.97968292,,,,,597.9400024,-92.73594666,
,,,,,,,,,,593.9699707,-12.90574551,,,,,,,,,598.9699707,-93.77304077,
,,,,,,,,,,594.8499756,-13.34163952,,,,,,,,,600,-93.59875488,
,,,,,,,,,,595.8800049,-13.62223148,,,,,,,,,,,
,,,,,,,,,,596.9099731,-13.45755386,,,,,,,,,,,
,,,,,,,,,,597.9400024,-13.9708128,,,,,,,,,,,
,,,,,,,,,,598.9699707,-14.32799625,,,,,,,,,,,
,,,,,,,,,,599.8499756,-14.46960354,,,,,,,,,,,
,,,,,,,,,,600.8800049,-14.99046516,,,,,,,,,,,

CdS 40sec ODE2 Toluene1 ex340,
CdS 40sec ODE2 Toluene1 ex340
Collection Time: 8/19/2022 12:32:48 PM
Operator Name  :
Scan Software Version: 1.1(132)
Parameter List :
Instrument                        Cary Eclipse
Instrument Serial Number          E08013467
Data mode                         Fluorescence
Scan mode                         Emission
X Mode                            Wavelength (nm)
Start (nm)                        350.00
Stop (nm)                         600.00
Ex. Wavelength (nm)               340.00
Ex. Slit (nm)                     5
Em. Slit (nm)                     5
Scan rate (nm/min)                600.00
Data interval (nm)                1.0000
Averaging Time (s)                0.1000
Excitation filter                 Auto
Emission filter                   Open
PMT voltage (V)                   Medium
Corrected spectra                 OFF
Method Log     :
Method Name    : Default
Date/Time stamp: 8/19/2022 12:21:40 PM
Method Modifications:
Zero Mode Changed: 8/19/2022 1:01:28 PM, Old:OFF, New:Reading
Zero Mode Changed: 8/19/2022 1:01:28 PM, Old:Reading, New:ON
Excitation Wavelength Changed: 8/19/2022 1:04:17 PM, Old: 350.00, New: 284.00
Emission Wavelength Changed: 8/19/2022 1:04:17 PM, Old: 400.00, New: 300.00
Stop Wavelength Changed: 8/19/2022 1:04:17 PM, Old: 600.00, New: 550.00
Zero Mode Changed: 8/19/2022 1:04:20 PM, Old:ON, New:Reading
Zero Mode Changed: 8/19/2022 1:04:20 PM, Old:Reading, New:ON
Emission Wavelength Changed: 8/19/2022 1:05:41 PM, Old: 300.00, New: 290.00
Zero Mode Changed: 8/19/2022 1:05:43 PM, Old:ON, New:Reading
Zero Mode Changed: 8/19/2022 1:05:43 PM, Old:Reading, New:ON
Scan mode: Changed: 8/19/2022 1:07:20 PM, Old:Emission, New:Excitation
Excitation Wavelength Changed: 8/19/2022 1:07:20 PM, Old: 284.00, New: 220.00
Emission Wavelength Changed: 8/19/2022 1:07:20 PM, Old: 290.00, New: 330.00
Stop Wavelength Changed: 8/19/2022 1:07:20 PM, Old: 550.00, New: 320.00
Zero Mode Changed: 8/19/2022 1:07:23 PM, Old:ON, New:Reading
Zero Mode Changed: 8/19/2022 1:07:24 PM, Old:Reading, New:ON
Scan mode: Changed: 8/19/2022 1:09:00 PM, Old:Excitation, New:Emission
Excitation Wavelength Changed: 8/19/2022 1:09:00 PM, Old: 220.00, New: 287.00
Emission Wavelength Changed: 8/19/2022 1:09:00 PM, Old: 330.00, New: 297.00
Stop Wavelength Changed: 8/19/2022 1:09:00 PM, Old: 320.00, New: 550.00
Zero Mode Changed: 8/19/2022 1:09:02 PM, Old:ON, New:Reading
Zero Mode Changed: 8/19/2022 1:09:03 PM, Old:Reading, New:ON
Excitation Wavelength Changed: 8/19/2022 1:10:13 PM, Old: 287.00, New: 300.00
Emission Wavelength Changed: 8/19/2022 1:10:13 PM, Old: 297.00, New: 310.00
Zero Mode Changed: 8/19/2022 1:10:15 PM, Old:ON, New:Reading
Zero Mode Changed: 8/19/2022 1:10:15 PM, Old:Reading, New:ON
Overlayed Graphs Changed: 8/19/2022 1:12:23 PM, Old:OFF, New:ON
Scan mode: Changed: 8/19/2022 1:13:08 PM, Old:Emission, New:Excitation
Excitation Wavelength Changed: 8/19/2022 1:13:08 PM, Old: 300.00, New: 220.00
Emission Wavelength Changed: 8/19/2022 1:13:08 PM, Old: 310.00, New: 350.00
Stop Wavelength Changed: 8/19/2022 1:13:08 PM, Old: 550.00, New: 340.00
Zero Mode Changed: 8/19/2022 1:13:11 PM, Old:ON, New:Reading
Zero Mode Changed: 8/19/2022 1:13:12 PM, Old:Reading, New:ON
Emission Wavelength Changed: 8/19/2022 12:22:43 PM, Old: 350.00, New: 400.00
Stop Wavelength Changed: 8/19/2022 12:22:43 PM, Old: 340.00, New: 390.00
Zero Mode Changed: 8/19/2022 12:22:45 PM, Old:ON, New:Reading
Zero Mode Changed: 8/19/2022 12:22:45 PM, Old:Reading, New:ON
Scan mode: Changed: 8/19/2022 12:27:15 PM, Old:Excitation, New:Emission
Excitation Wavelength Changed: 8/19/2022 12:27:15 PM, Old: 220.00, New: 330.00
Emission Wavelength Changed: 8/19/2022 12:27:15 PM, Old: 400.00, New: 340.00
Stop Wavelength Changed: 8/19/2022 12:27:15 PM, Old: 390.00, New: 600.00
Excitation Wavelength Changed: 8/19/2022 12:30:30 PM, Old: 330.00, New: 310.00
Emission Wavelength Changed: 8/19/2022 12:30:30 PM, Old: 340.00, New: 320.00
Zero Mode Changed: 8/19/2022 12:30:32 PM, Old:ON, New:Reading
Zero Mode Changed: 8/19/2022 12:30:33 PM, Old:Reading, New:ON
Excitation Wavelength Changed: 8/19/2022 12:32:16 PM, Old: 310.00, New: 350.00
Emission Wavelength Changed: 8/19/2022 12:32:16 PM, Old: 320.00, New: 360.00
Scan mode: Changed: 8/19/2022 12:34:16 PM, Old:Emission, New:Excitation
Excitation Wavelength Changed: 8/19/2022 12:34:16 PM, Old: 350.00, New: 220.00
Emission Wavelength Changed: 8/19/2022 12:34:16 PM, Old: 360.00, New: 417.00
Stop Wavelength Changed: 8/19/2022 12:34:16 PM, Old: 600.00, New: 407.00
Zero Mode Changed: 8/19/2022 12:34:20 PM, Old:ON, New:Reading
Zero Mode Changed: 8/19/2022 12:34:20 PM, Old:Reading, New:ON
Emission Wavelength Changed: 8/19/2022 12:42:33 PM, Old: 417.00, New: 400.00
Stop Wavelength Changed: 8/19/2022 12:42:33 PM, Old: 407.00, New: 390.00
Zero Mode Changed: 8/19/2022 12:42:34 PM, Old:ON, New:Reading
Zero Mode Changed: 8/19/2022 12:42:34 PM, Old:Reading, New:ON
Scan mode: Changed: 8/19/2022 12:43:36 PM, Old:Excitation, New:Emission
Excitation Wavelength Changed: 8/19/2022 12:43:36 PM, Old: 220.00, New: 327.00
Emission Wavelength Changed: 8/19/2022 12:43:36 PM, Old: 400.00, New: 337.00
Stop Wavelength Changed: 8/19/2022 12:43:36 PM, Old: 390.00, New: 600.00
Zero Mode Changed: 8/19/2022 12:43:38 PM, Old:ON, New:Reading
Zero Mode Changed: 8/19/2022 12:43:38 PM, Old:Reading, New:ON
Excitation Wavelength Changed: 8/19/2022 12:45:05 PM, Old: 327.00, New: 330.00
Emission Wavelength Changed: 8/19/2022 12:45:05 PM, Old: 337.00, New: 340.00
Zero Mode Changed: 8/19/2022 12:45:20 PM, Old:ON, New:Reading
Zero Mode Changed: 8/19/2022 12:45:21 PM, Old:Reading, New:ON
Scan mode: Changed: 8/19/2022 12:46:37 PM, Old:Emission, New:Excitation
Excitation Wavelength Changed: 8/19/2022 12:46:37 PM, Old: 330.00, New: 220.00
Emission Wavelength Changed: 8/19/2022 12:46:37 PM, Old: 340.00, New: 405.00
Stop Wavelength Changed: 8/19/2022 12:46:37 PM, Old: 600.00, New: 395.00
Zero Mode Changed: 8/19/2022 12:46:42 PM, Old:ON, New:Reading
Zero Mode Changed: 8/19/2022 12:46:42 PM, Old:Reading, New:ON
Emission Wavelength Changed: 8/19/2022 12:47:39 PM, Old: 405.00, New: 410.00
Zero Mode Changed: 8/19/2022 12:47:41 PM, Old:ON, New:Reading
Zero Mode Changed: 8/19/2022 12:47:41 PM, Old:Reading, New:ON
Emission Wavelength Changed: 8/19/2022 12:48:27 PM, Old: 410.00, New: 420.00
Zero Mode Changed: 8/19/2022 12:48:29 PM, Old:ON, New:Reading
Zero Mode Changed: 8/19/2022 12:48:29 PM, Old:Reading, New:ON
Zero Mode Changed: 8/19/2022 12:55:27 PM, Old:ON, New:Reading
Zero Mode Changed: 8/19/2022 12:55:27 PM, Old:Reading, New:ON
Zero Mode Changed: 8/19/2022 12:55:42 PM, Old:ON, New:Reading
Zero Mode Changed: 8/19/2022 12:55:43 PM, Old:Reading, New:ON
Excitation Wavelength Changed: 8/19/2022 1:04:36 PM, Old: 220.00, New: 200.00
Emission Wavelength Changed: 8/19/2022 1:04:36 PM, Old: 420.00, New: 342.00
Stop Wavelength Changed: 8/19/2022 1:04:36 PM, Old: 395.00, New: 332.00
Zero Mode Changed: 8/19/2022 1:04:39 PM, Old:ON, New:Reading
Zero Mode Changed: 8/19/2022 1:04:40 PM, Old:Reading, New:ON
Scan mode: Changed: 8/19/2022 1:12:22 PM, Old:Excitation, New:Emission
Excitation Wavelength Changed: 8/19/2022 1:12:22 PM, Old: 200.00, New: 420.00
Emission Wavelength Changed: 8/19/2022 1:12:22 PM, Old: 342.00, New: 430.00
Stop Wavelength Changed: 8/19/2022 1:12:22 PM, Old: 332.00, New: 600.00
Zero Mode Changed: 8/19/2022 1:12:28 PM, Old:ON, New:Reading
Zero Mode Changed: 8/19/2022 1:12:29 PM, Old:Reading, New:ON
Scan mode: Changed: 8/19/2022 1:14:41 PM, Old:Emission, New:Excitation
Excitation Wavelength Changed: 8/19/2022 1:14:41 PM, Old: 420.00, New: 220.00
Emission Wavelength Changed: 8/19/2022 1:14:41 PM, Old: 430.00, New: 420.00
Stop Wavelength Changed: 8/19/2022 1:14:41 PM, Old: 600.00, New: 400.00
Zero Mode Changed: 8/19/2022 1:14:46 PM, Old:ON, New:Reading
Zero Mode Changed: 8/19/2022 1:14:46 PM, Old:Reading, New:ON
Scan mode: Changed: 8/19/2022 1:16:06 PM, Old:Excitation, New:Emission
Excitation Wavelength Changed: 8/19/2022 1:16:06 PM, Old: 220.00, New: 340.00
Emission Wavelength Changed: 8/19/2022 1:16:06 PM, Old: 420.00, New: 350.00
Stop Wavelength Changed: 8/19/2022 1:16:06 PM, Old: 400.00, New: 600.00
Zero Mode Changed: 8/19/2022 1:16:08 PM, Old:ON, New:Reading
Zero Mode Changed: 8/19/2022 1:16:08 PM, Old:Reading, New:ON
Scan mode: Changed: 8/19/2022 1:18:23 PM, Old:Emission, New:Excitation
Excitation Wavelength Changed: 8/19/2022 1:18:23 PM, Old: 340.00, New: 200.00
Emission Wavelength Changed: 8/19/2022 1:18:23 PM, Old: 350.00, New: 415.00
Stop Wavelength Changed: 8/19/2022 1:18:23 PM, Old: 600.00, New: 400.00
Zero Mode Changed: 8/19/2022 12:28:38 PM, Old:ON, New:Reading
Zero Mode Changed: 8/19/2022 12:28:38 PM, Old:Reading, New:ON
Emission Wavelength Changed: 8/19/2022 12:29:15 PM, Old: 415.00, New: 420.00
Stop Wavelength Changed: 8/19/2022 12:29:15 PM, Old: 400.00, New: 410.00
Zero Mode Changed: 8/19/2022 12:29:19 PM, Old:ON, New:Reading
Zero Mode Changed: 8/19/2022 12:29:20 PM, Old:Reading, New:ON
Emission Wavelength Changed: 8/19/2022 12:30:25 PM, Old: 420.00, New: 415.00
Stop Wavelength Changed: 8/19/2022 12:30:25 PM, Old: 410.00, New: 405.00
Zero Mode Changed: 8/19/2022 12:30:27 PM, Old:ON, New:Reading
Zero Mode Changed: 8/19/2022 12:30:28 PM, Old:Reading, New:ON
Scan mode: Changed: 8/19/2022 12:32:30 PM, Old:Excitation, New:Emission
Excitation Wavelength Changed: 8/19/2022 12:32:30 PM, Old: 200.00, New: 340.00
Emission Wavelength Changed: 8/19/2022 12:32:30 PM, Old: 415.00, New: 350.00
Stop Wavelength Changed: 8/19/2022 12:32:30 PM, Old: 405.00, New: 600.00
Zero Mode Changed: 8/19/2022 12:32:36 PM, Old:ON, New:Reading
Zero Mode Changed: 8/19/2022 12:32:36 PM, Old:Reading, New:ON
End Method Modifications

CdS 50sec ODE2 Toluene1 ex335,
CdS 50sec ODE2 Toluene1 ex335
Collection Time: 8/19/2022 12:56:52 PM
Operator Name  :
Scan Software Version: 1.1(132)
Parameter List :
Instrument                        Cary Eclipse
Instrument Serial Number          E08013467
Data mode                         Fluorescence
Scan mode                         Emission
X Mode                            Wavelength (nm)
Start (nm)                        345.00
Stop (nm)                         600.00
Ex. Wavelength (nm)               335.00
Ex. Slit (nm)                     5
Em. Slit (nm)                     5
Scan rate (nm/min)                600.00
Data interval (nm)                1.0000
Averaging Time (s)                0.1000
Excitation filter                 Auto
Emission filter                   Open
PMT voltage (V)                   Medium
Corrected spectra                 OFF
Method Log     :
Method Name    : Default
Date/Time stamp: 8/19/2022 12:21:40 PM
Method Modifications:
Zero Mode Changed: 8/19/2022 1:01:28 PM, Old:OFF, New:Reading
Zero Mode Changed: 8/19/2022 1:01:28 PM, Old:Reading, New:ON
Excitation Wavelength Changed: 8/19/2022 1:04:17 PM, Old: 350.00, New: 284.00
Emission Wavelength Changed: 8/19/2022 1:04:17 PM, Old: 400.00, New: 300.00
Stop Wavelength Changed: 8/19/2022 1:04:17 PM, Old: 600.00, New: 550.00
Zero Mode Changed: 8/19/2022 1:04:20 PM, Old:ON, New:Reading
Zero Mode Changed: 8/19/2022 1:04:20 PM, Old:Reading, New:ON
Emission Wavelength Changed: 8/19/2022 1:05:41 PM, Old: 300.00, New: 290.00
Zero Mode Changed: 8/19/2022 1:05:43 PM, Old:ON, New:Reading
Zero Mode Changed: 8/19/2022 1:05:43 PM, Old:Reading, New:ON
Scan mode: Changed: 8/19/2022 1:07:20 PM, Old:Emission, New:Excitation
Excitation Wavelength Changed: 8/19/2022 1:07:20 PM, Old: 284.00, New: 220.00
Emission Wavelength Changed: 8/19/2022 1:07:20 PM, Old: 290.00, New: 330.00
Stop Wavelength Changed: 8/19/2022 1:07:20 PM, Old: 550.00, New: 320.00
Zero Mode Changed: 8/19/2022 1:07:23 PM, Old:ON, New:Reading
Zero Mode Changed: 8/19/2022 1:07:24 PM, Old:Reading, New:ON
Scan mode: Changed: 8/19/2022 1:09:00 PM, Old:Excitation, New:Emission
Excitation Wavelength Changed: 8/19/2022 1:09:00 PM, Old: 220.00, New: 287.00
Emission Wavelength Changed: 8/19/2022 1:09:00 PM, Old: 330.00, New: 297.00
Stop Wavelength Changed: 8/19/2022 1:09:00 PM, Old: 320.00, New: 550.00
Zero Mode Changed: 8/19/2022 1:09:02 PM, Old:ON, New:Reading
Zero Mode Changed: 8/19/2022 1:09:03 PM, Old:Reading, New:ON
Excitation Wavelength Changed: 8/19/2022 1:10:13 PM, Old: 287.00, New: 300.00
Emission Wavelength Changed: 8/19/2022 1:10:13 PM, Old: 297.00, New: 310.00
Zero Mode Changed: 8/19/2022 1:10:15 PM, Old:ON, New:Reading
Zero Mode Changed: 8/19/2022 1:10:15 PM, Old:Reading, New:ON
Overlayed Graphs Changed: 8/19/2022 1:12:23 PM, Old:OFF, New:ON
Scan mode: Changed: 8/19/2022 1:13:08 PM, Old:Emission, New:Excitation
Excitation Wavelength Changed: 8/19/2022 1:13:08 PM, Old: 300.00, New: 220.00
Emission Wavelength Changed: 8/19/2022 1:13:08 PM, Old: 310.00, New: 350.00
Stop Wavelength Changed: 8/19/2022 1:13:08 PM, Old: 550.00, New: 340.00
Zero Mode Changed: 8/19/2022 1:13:11 PM, Old:ON, New:Reading
Zero Mode Changed: 8/19/2022 1:13:12 PM, Old:Reading, New:ON
Emission Wavelength Changed: 8/19/2022 12:22:43 PM, Old: 350.00, New: 400.00
Stop Wavelength Changed: 8/19/2022 12:22:43 PM, Old: 340.00, New: 390.00
Zero Mode Changed: 8/19/2022 12:22:45 PM, Old:ON, New:Reading
Zero Mode Changed: 8/19/2022 12:22:45 PM, Old:Reading, New:ON
Scan mode: Changed: 8/19/2022 12:27:15 PM, Old:Excitation, New:Emission
Excitation Wavelength Changed: 8/19/2022 12:27:15 PM, Old: 220.00, New: 330.00
Emission Wavelength Changed: 8/19/2022 12:27:15 PM, Old: 400.00, New: 340.00
Stop Wavelength Changed: 8/19/2022 12:27:15 PM, Old: 390.00, New: 600.00
Excitation Wavelength Changed: 8/19/2022 12:30:30 PM, Old: 330.00, New: 310.00
Emission Wavelength Changed: 8/19/2022 12:30:30 PM, Old: 340.00, New: 320.00
Zero Mode Changed: 8/19/2022 12:30:32 PM, Old:ON, New:Reading
Zero Mode Changed: 8/19/2022 12:30:33 PM, Old:Reading, New:ON
Excitation Wavelength Changed: 8/19/2022 12:32:16 PM, Old: 310.00, New: 350.00
Emission Wavelength Changed: 8/19/2022 12:32:16 PM, Old: 320.00, New: 360.00
Scan mode: Changed: 8/19/2022 12:34:16 PM, Old:Emission, New:Excitation
Excitation Wavelength Changed: 8/19/2022 12:34:16 PM, Old: 350.00, New: 220.00
Emission Wavelength Changed: 8/19/2022 12:34:16 PM, Old: 360.00, New: 417.00
Stop Wavelength Changed: 8/19/2022 12:34:16 PM, Old: 600.00, New: 407.00
Zero Mode Changed: 8/19/2022 12:34:20 PM, Old:ON, New:Reading
Zero Mode Changed: 8/19/2022 12:34:20 PM, Old:Reading, New:ON
Emission Wavelength Changed: 8/19/2022 12:42:33 PM, Old: 417.00, New: 400.00
Stop Wavelength Changed: 8/19/2022 12:42:33 PM, Old: 407.00, New: 390.00
Zero Mode Changed: 8/19/2022 12:42:34 PM, Old:ON, New:Reading
Zero Mode Changed: 8/19/2022 12:42:34 PM, Old:Reading, New:ON
Scan mode: Changed: 8/19/2022 12:43:36 PM, Old:Excitation, New:Emission
Excitation Wavelength Changed: 8/19/2022 12:43:36 PM, Old: 220.00, New: 327.00
Emission Wavelength Changed: 8/19/2022 12:43:36 PM, Old: 400.00, New: 337.00
Stop Wavelength Changed: 8/19/2022 12:43:36 PM, Old: 390.00, New: 600.00
Zero Mode Changed: 8/19/2022 12:43:38 PM, Old:ON, New:Reading
Zero Mode Changed: 8/19/2022 12:43:38 PM, Old:Reading, New:ON
Excitation Wavelength Changed: 8/19/2022 12:45:05 PM, Old: 327.00, New: 330.00
Emission Wavelength Changed: 8/19/2022 12:45:05 PM, Old: 337.00, New: 340.00
Zero Mode Changed: 8/19/2022 12:45:20 PM, Old:ON, New:Reading
Zero Mode Changed: 8/19/2022 12:45:21 PM, Old:Reading, New:ON
Scan mode: Changed: 8/19/2022 12:46:37 PM, Old:Emission, New:Excitation
Excitation Wavelength Changed: 8/19/2022 12:46:37 PM, Old: 330.00, New: 220.00
Emission Wavelength Changed: 8/19/2022 12:46:37 PM, Old: 340.00, New: 405.00
Stop Wavelength Changed: 8/19/2022 12:46:37 PM, Old: 600.00, New: 395.00
Zero Mode Changed: 8/19/2022 12:46:42 PM, Old:ON, New:Reading
Zero Mode Changed: 8/19/2022 12:46:42 PM, Old:Reading, New:ON
Emission Wavelength Changed: 8/19/2022 12:47:39 PM, Old: 405.00, New: 410.00
Zero Mode Changed: 8/19/2022 12:47:41 PM, Old:ON, New:Reading
Zero Mode Changed: 8/19/2022 12:47:41 PM, Old:Reading, New:ON
Emission Wavelength Changed: 8/19/2022 12:48:27 PM, Old: 410.00, New: 420.00
Zero Mode Changed: 8/19/2022 12:48:29 PM, Old:ON, New:Reading
Zero Mode Changed: 8/19/2022 12:48:29 PM, Old:Reading, New:ON
Zero Mode Changed: 8/19/2022 12:55:27 PM, Old:ON, New:Reading
Zero Mode Changed: 8/19/2022 12:55:27 PM, Old:Reading, New:ON
Zero Mode Changed: 8/19/2022 12:55:42 PM, Old:ON, New:Reading
Zero Mode Changed: 8/19/2022 12:55:43 PM, Old:Reading, New:ON
Excitation Wavelength Changed: 8/19/2022 1:04:36 PM, Old: 220.00, New: 200.00
Emission Wavelength Changed: 8/19/2022 1:04:36 PM, Old: 420.00, New: 342.00
Stop Wavelength Changed: 8/19/2022 1:04:36 PM, Old: 395.00, New: 332.00
Zero Mode Changed: 8/19/2022 1:04:39 PM, Old:ON, New:Reading
Zero Mode Changed: 8/19/2022 1:04:40 PM, Old:Reading, New:ON
Scan mode: Changed: 8/19/2022 1:12:22 PM, Old:Excitation, New:Emission
Excitation Wavelength Changed: 8/19/2022 1:12:22 PM, Old: 200.00, New: 420.00
Emission Wavelength Changed: 8/19/2022 1:12:22 PM, Old: 342.00, New: 430.00
Stop Wavelength Changed: 8/19/2022 1:12:22 PM, Old: 332.00, New: 600.00
Zero Mode Changed: 8/19/2022 1:12:28 PM, Old:ON, New:Reading
Zero Mode Changed: 8/19/2022 1:12:29 PM, Old:Reading, New:ON
Scan mode: Changed: 8/19/2022 1:14:41 PM, Old:Emission, New:Excitation
Excitation Wavelength Changed: 8/19/2022 1:14:41 PM, Old: 420.00, New: 220.00
Emission Wavelength Changed: 8/19/2022 1:14:41 PM, Old: 430.00, New: 420.00
Stop Wavelength Changed: 8/19/2022 1:14:41 PM, Old: 600.00, New: 400.00
Zero Mode Changed: 8/19/2022 1:14:46 PM, Old:ON, New:Reading
Zero Mode Changed: 8/19/2022 1:14:46 PM, Old:Reading, New:ON
Scan mode: Changed: 8/19/2022 1:16:06 PM, Old:Excitation, New:Emission
Excitation Wavelength Changed: 8/19/2022 1:16:06 PM, Old: 220.00, New: 340.00
Emission Wavelength Changed: 8/19/2022 1:16:06 PM, Old: 420.00, New: 350.00
Stop Wavelength Changed: 8/19/2022 1:16:06 PM, Old: 400.00, New: 600.00
Zero Mode Changed: 8/19/2022 1:16:08 PM, Old:ON, New:Reading
Zero Mode Changed: 8/19/2022 1:16:08 PM, Old:Reading, New:ON
Scan mode: Changed: 8/19/2022 1:18:23 PM, Old:Emission, New:Excitation
Excitation Wavelength Changed: 8/19/2022 1:18:23 PM, Old: 340.00, New: 200.00
Emission Wavelength Changed: 8/19/2022 1:18:23 PM, Old: 350.00, New: 415.00
Stop Wavelength Changed: 8/19/2022 1:18:23 PM, Old: 600.00, New: 400.00
Zero Mode Changed: 8/19/2022 12:28:38 PM, Old:ON, New:Reading
Zero Mode Changed: 8/19/2022 12:28:38 PM, Old:Reading, New:ON
Emission Wavelength Changed: 8/19/2022 12:29:15 PM, Old: 415.00, New: 420.00
Stop Wavelength Changed: 8/19/2022 12:29:15 PM, Old: 400.00, New: 410.00
Zero Mode Changed: 8/19/2022 12:29:19 PM, Old:ON, New:Reading
Zero Mode Changed: 8/19/2022 12:29:20 PM, Old:Reading, New:ON
Emission Wavelength Changed: 8/19/2022 12:30:25 PM, Old: 420.00, New: 415.00
Stop Wavelength Changed: 8/19/2022 12:30:25 PM, Old: 410.00, New: 405.00
Zero Mode Changed: 8/19/2022 12:30:27 PM, Old:ON, New:Reading
Zero Mode Changed: 8/19/2022 12:30:28 PM, Old:Reading, New:ON
Scan mode: Changed: 8/19/2022 12:32:30 PM, Old:Excitation, New:Emission
Excitation Wavelength Changed: 8/19/2022 12:32:30 PM, Old: 200.00, New: 340.00
Emission Wavelength Changed: 8/19/2022 12:32:30 PM, Old: 415.00, New: 350.00
Stop Wavelength Changed: 8/19/2022 12:32:30 PM, Old: 405.00, New: 600.00
Zero Mode Changed: 8/19/2022 12:32:36 PM, Old:ON, New:Reading
Zero Mode Changed: 8/19/2022 12:32:36 PM, Old:Reading, New:ON
Scan mode: Changed: 8/19/2022 12:34:00 PM, Old:Emission, New:Excitation
Excitation Wavelength Changed: 8/19/2022 12:34:00 PM, Old: 340.00, New: 200.00
Emission Wavelength Changed: 8/19/2022 12:34:00 PM, Old: 350.00, New: 316.00
Stop Wavelength Changed: 8/19/2022 12:34:00 PM, Old: 600.00, New: 306.00
Zero Mode Changed: 8/19/2022 12:34:03 PM, Old:ON, New:Reading
Zero Mode Changed: 8/19/2022 12:34:04 PM, Old:Reading, New:ON
Emission Wavelength Changed: 8/19/2022 12:35:24 PM, Old: 316.00, New: 416.00
Stop Wavelength Changed: 8/19/2022 12:35:24 PM, Old: 306.00, New: 406.00
Zero Mode Changed: 8/19/2022 12:35:26 PM, Old:ON, New:Reading
Zero Mode Changed: 8/19/2022 12:35:26 PM, Old:Reading, New:ON
Zero Mode Changed: 8/19/2022 12:35:50 PM, Old:ON, New:Reading
Zero Mode Changed: 8/19/2022 12:35:51 PM, Old:Reading, New:ON
Emission Wavelength Changed: 8/19/2022 12:36:54 PM, Old: 416.00, New: 420.00
Stop Wavelength Changed: 8/19/2022 12:36:54 PM, Old: 406.00, New: 410.00
Zero Mode Changed: 8/19/2022 12:36:56 PM, Old:ON, New:Reading
Zero Mode Changed: 8/19/2022 12:36:56 PM, Old:Reading, New:ON
Excitation Wavelength Changed: 8/19/2022 12:39:59 PM, Old: 200.00, New: 240.00
Zero Mode Changed: 8/19/2022 12:40:11 PM, Old:ON, New:Reading
Zero Mode Changed: 8/19/2022 12:40:12 PM, Old:Reading, New:ON
Emission Wavelength Changed: 8/19/2022 12:43:15 PM, Old: 420.00, New: 410.00
Zero Mode Changed: 8/19/2022 12:43:17 PM, Old:ON, New:Reading
Zero Mode Changed: 8/19/2022 12:43:17 PM, Old:Reading, New:ON
Stop Wavelength Changed: 8/19/2022 12:43:55 PM, Old: 410.00, New: 400.00
Zero Mode Changed: 8/19/2022 12:43:57 PM, Old:ON, New:Reading
Zero Mode Changed: 8/19/2022 12:43:57 PM, Old:Reading, New:ON
Scan mode: Changed: 8/19/2022 12:47:00 PM, Old:Excitation, New:Emission
Excitation Wavelength Changed: 8/19/2022 12:47:00 PM, Old: 240.00, New: 336.00
Emission Wavelength Changed: 8/19/2022 12:47:00 PM, Old: 410.00, New: 346.00
Stop Wavelength Changed: 8/19/2022 12:47:00 PM, Old: 400.00, New: 600.00
Zero Mode Changed: 8/19/2022 12:47:05 PM, Old:ON, New:Reading
Zero Mode Changed: 8/19/2022 12:47:05 PM, Old:Reading, New:ON
Scan mode: Changed: 8/19/2022 12:54:02 PM, Old:Emission, New:Excitation
Excitation Wavelength Changed: 8/19/2022 12:54:02 PM, Old: 336.00, New: 200.00
Emission Wavelength Changed: 8/19/2022 12:54:02 PM, Old: 346.00, New: 416.00
Stop Wavelength Changed: 8/19/2022 12:54:02 PM, Old: 600.00, New: 406.00
Zero Mode Changed: 8/19/2022 12:54:05 PM, Old:ON, New:Reading
Zero Mode Changed: 8/19/2022 12:54:05 PM, Old:Reading, New:ON
Excitation Wavelength Changed: 8/19/2022 12:55:14 PM, Old: 200.00, New: 240.00
Zero Mode Changed: 8/19/2022 12:55:18 PM, Old:ON, New:Reading
Zero Mode Changed: 8/19/2022 12:55:19 PM, Old:Reading, New:ON
Scan mode: Changed: 8/19/2022 12:56:39 PM, Old:Excitation, New:Emission
Excitation Wavelength Changed: 8/19/2022 12:56:39 PM, Old: 240.00, New: 335.00
Emission Wavelength Changed: 8/19/2022 12:56:39 PM, Old: 416.00, New: 345.00
Stop Wavelength Changed: 8/19/2022 12:56:39 PM, Old: 406.00, New: 600.00
Zero Mode Changed: 8/19/2022 12:56:42 PM, Old:ON, New:Reading
Zero Mode Changed: 8/19/2022 12:56:43 PM, Old:Reading, New:ON
End Method Modifications

CdS 50sec ODE2 Toluene1 em420,
CdS 50sec ODE2 Toluene1 em420
Collection Time: 8/19/2022 12:59:02 PM
Operator Name  :
Scan Software Version: 1.1(132)
Parameter List :
Instrument                        Cary Eclipse
Instrument Serial Number          E08013467
Data mode                         Fluorescence
Scan mode                         Excitation
X Mode                            Wavelength (nm)
Start (nm)                        240.00
Stop (nm)                         410.00
Em. Wavelength (nm)               420.00
Ex. Slit (nm)                     5
Em. Slit (nm)                     5
Scan rate (nm/min)                600.00
Data interval (nm)                1.0000
Averaging Time (s)                0.1000
Excitation filter                 Auto
Emission filter                   Open
PMT voltage (V)                   Medium
Corrected spectra                 OFF
Method Log     :
Method Name    : Default
Date/Time stamp: 8/19/2022 12:21:40 PM
Method Modifications:
Zero Mode Changed: 8/19/2022 1:01:28 PM, Old:OFF, New:Reading
Zero Mode Changed: 8/19/2022 1:01:28 PM, Old:Reading, New:ON
Excitation Wavelength Changed: 8/19/2022 1:04:17 PM, Old: 350.00, New: 284.00
Emission Wavelength Changed: 8/19/2022 1:04:17 PM, Old: 400.00, New: 300.00
Stop Wavelength Changed: 8/19/2022 1:04:17 PM, Old: 600.00, New: 550.00
Zero Mode Changed: 8/19/2022 1:04:20 PM, Old:ON, New:Reading
Zero Mode Changed: 8/19/2022 1:04:20 PM, Old:Reading, New:ON
Emission Wavelength Changed: 8/19/2022 1:05:41 PM, Old: 300.00, New: 290.00
Zero Mode Changed: 8/19/2022 1:05:43 PM, Old:ON, New:Reading
Zero Mode Changed: 8/19/2022 1:05:43 PM, Old:Reading, New:ON
Scan mode: Changed: 8/19/2022 1:07:20 PM, Old:Emission, New:Excitation
Excitation Wavelength Changed: 8/19/2022 1:07:20 PM, Old: 284.00, New: 220.00
Emission Wavelength Changed: 8/19/2022 1:07:20 PM, Old: 290.00, New: 330.00
Stop Wavelength Changed: 8/19/2022 1:07:20 PM, Old: 550.00, New: 320.00
Zero Mode Changed: 8/19/2022 1:07:23 PM, Old:ON, New:Reading
Zero Mode Changed: 8/19/2022 1:07:24 PM, Old:Reading, New:ON
Scan mode: Changed: 8/19/2022 1:09:00 PM, Old:Excitation, New:Emission
Excitation Wavelength Changed: 8/19/2022 1:09:00 PM, Old: 220.00, New: 287.00
Emission Wavelength Changed: 8/19/2022 1:09:00 PM, Old: 330.00, New: 297.00
Stop Wavelength Changed: 8/19/2022 1:09:00 PM, Old: 320.00, New: 550.00
Zero Mode Changed: 8/19/2022 1:09:02 PM, Old:ON, New:Reading
Zero Mode Changed: 8/19/2022 1:09:03 PM, Old:Reading, New:ON
Excitation Wavelength Changed: 8/19/2022 1:10:13 PM, Old: 287.00, New: 300.00
Emission Wavelength Changed: 8/19/2022 1:10:13 PM, Old: 297.00, New: 310.00
Zero Mode Changed: 8/19/2022 1:10:15 PM, Old:ON, New:Reading
Zero Mode Changed: 8/19/2022 1:10:15 PM, Old:Reading, New:ON
Overlayed Graphs Changed: 8/19/2022 1:12:23 PM, Old:OFF, New:ON
Scan mode: Changed: 8/19/2022 1:13:08 PM, Old:Emission, New:Excitation
Excitation Wavelength Changed: 8/19/2022 1:13:08 PM, Old: 300.00, New: 220.00
Emission Wavelength Changed: 8/19/2022 1:13:08 PM, Old: 310.00, New: 350.00
Stop Wavelength Changed: 8/19/2022 1:13:08 PM, Old: 550.00, New: 340.00
Zero Mode Changed: 8/19/2022 1:13:11 PM, Old:ON, New:Reading
Zero Mode Changed: 8/19/2022 1:13:12 PM, Old:Reading, New:ON
Emission Wavelength Changed: 8/19/2022 12:22:43 PM, Old: 350.00, New: 400.00
Stop Wavelength Changed: 8/19/2022 12:22:43 PM, Old: 340.00, New: 390.00
Zero Mode Changed: 8/19/2022 12:22:45 PM, Old:ON, New:Reading
Zero Mode Changed: 8/19/2022 12:22:45 PM, Old:Reading, New:ON
Scan mode: Changed: 8/19/2022 12:27:15 PM, Old:Excitation, New:Emission
Excitation Wavelength Changed: 8/19/2022 12:27:15 PM, Old: 220.00, New: 330.00
Emission Wavelength Changed: 8/19/2022 12:27:15 PM, Old: 400.00, New: 340.00
Stop Wavelength Changed: 8/19/2022 12:27:15 PM, Old: 390.00, New: 600.00
Excitation Wavelength Changed: 8/19/2022 12:30:30 PM, Old: 330.00, New: 310.00
Emission Wavelength Changed: 8/19/2022 12:30:30 PM, Old: 340.00, New: 320.00
Zero Mode Changed: 8/19/2022 12:30:32 PM, Old:ON, New:Reading
Zero Mode Changed: 8/19/2022 12:30:33 PM, Old:Reading, New:ON
Excitation Wavelength Changed: 8/19/2022 12:32:16 PM, Old: 310.00, New: 350.00
Emission Wavelength Changed: 8/19/2022 12:32:16 PM, Old: 320.00, New: 360.00
Scan mode: Changed: 8/19/2022 12:34:16 PM, Old:Emission, New:Excitation
Excitation Wavelength Changed: 8/19/2022 12:34:16 PM, Old: 350.00, New: 220.00
Emission Wavelength Changed: 8/19/2022 12:34:16 PM, Old: 360.00, New: 417.00
Stop Wavelength Changed: 8/19/2022 12:34:16 PM, Old: 600.00, New: 407.00
Zero Mode Changed: 8/19/2022 12:34:20 PM, Old:ON, New:Reading
Zero Mode Changed: 8/19/2022 12:34:20 PM, Old:Reading, New:ON
Emission Wavelength Changed: 8/19/2022 12:42:33 PM, Old: 417.00, New: 400.00
Stop Wavelength Changed: 8/19/2022 12:42:33 PM, Old: 407.00, New: 390.00
Zero Mode Changed: 8/19/2022 12:42:34 PM, Old:ON, New:Reading
Zero Mode Changed: 8/19/2022 12:42:34 PM, Old:Reading, New:ON
Scan mode: Changed: 8/19/2022 12:43:36 PM, Old:Excitation, New:Emission
Excitation Wavelength Changed: 8/19/2022 12:43:36 PM, Old: 220.00, New: 327.00
Emission Wavelength Changed: 8/19/2022 12:43:36 PM, Old: 400.00, New: 337.00
Stop Wavelength Changed: 8/19/2022 12:43:36 PM, Old: 390.00, New: 600.00
Zero Mode Changed: 8/19/2022 12:43:38 PM, Old:ON, New:Reading
Zero Mode Changed: 8/19/2022 12:43:38 PM, Old:Reading, New:ON
Excitation Wavelength Changed: 8/19/2022 12:45:05 PM, Old: 327.00, New: 330.00
Emission Wavelength Changed: 8/19/2022 12:45:05 PM, Old: 337.00, New: 340.00
Zero Mode Changed: 8/19/2022 12:45:20 PM, Old:ON, New:Reading
Zero Mode Changed: 8/19/2022 12:45:21 PM, Old:Reading, New:ON
Scan mode: Changed: 8/19/2022 12:46:37 PM, Old:Emission, New:Excitation
Excitation Wavelength Changed: 8/19/2022 12:46:37 PM, Old: 330.00, New: 220.00
Emission Wavelength Changed: 8/19/2022 12:46:37 PM, Old: 340.00, New: 405.00
Stop Wavelength Changed: 8/19/2022 12:46:37 PM, Old: 600.00, New: 395.00
Zero Mode Changed: 8/19/2022 12:46:42 PM, Old:ON, New:Reading
Zero Mode Changed: 8/19/2022 12:46:42 PM, Old:Reading, New:ON
Emission Wavelength Changed: 8/19/2022 12:47:39 PM, Old: 405.00, New: 410.00
Zero Mode Changed: 8/19/2022 12:47:41 PM, Old:ON, New:Reading
Zero Mode Changed: 8/19/2022 12:47:41 PM, Old:Reading, New:ON
Emission Wavelength Changed: 8/19/2022 12:48:27 PM, Old: 410.00, New: 420.00
Zero Mode Changed: 8/19/2022 12:48:29 PM, Old:ON, New:Reading
Zero Mode Changed: 8/19/2022 12:48:29 PM, Old:Reading, New:ON
Zero Mode Changed: 8/19/2022 12:55:27 PM, Old:ON, New:Reading
Zero Mode Changed: 8/19/2022 12:55:27 PM, Old:Reading, New:ON
Zero Mode Changed: 8/19/2022 12:55:42 PM, Old:ON, New:Reading
Zero Mode Changed: 8/19/2022 12:55:43 PM, Old:Reading, New:ON
Excitation Wavelength Changed: 8/19/2022 1:04:36 PM, Old: 220.00, New: 200.00
Emission Wavelength Changed: 8/19/2022 1:04:36 PM, Old: 420.00, New: 342.00
Stop Wavelength Changed: 8/19/2022 1:04:36 PM, Old: 395.00, New: 332.00
Zero Mode Changed: 8/19/2022 1:04:39 PM, Old:ON, New:Reading
Zero Mode Changed: 8/19/2022 1:04:40 PM, Old:Reading, New:ON
Scan mode: Changed: 8/19/2022 1:12:22 PM, Old:Excitation, New:Emission
Excitation Wavelength Changed: 8/19/2022 1:12:22 PM, Old: 200.00, New: 420.00
Emission Wavelength Changed: 8/19/2022 1:12:22 PM, Old: 342.00, New: 430.00
Stop Wavelength Changed: 8/19/2022 1:12:22 PM, Old: 332.00, New: 600.00
Zero Mode Changed: 8/19/2022 1:12:28 PM, Old:ON, New:Reading
Zero Mode Changed: 8/19/2022 1:12:29 PM, Old:Reading, New:ON
Scan mode: Changed: 8/19/2022 1:14:41 PM, Old:Emission, New:Excitation
Excitation Wavelength Changed: 8/19/2022 1:14:41 PM, Old: 420.00, New: 220.00
Emission Wavelength Changed: 8/19/2022 1:14:41 PM, Old: 430.00, New: 420.00
Stop Wavelength Changed: 8/19/2022 1:14:41 PM, Old: 600.00, New: 400.00
Zero Mode Changed: 8/19/2022 1:14:46 PM, Old:ON, New:Reading
Zero Mode Changed: 8/19/2022 1:14:46 PM, Old:Reading, New:ON
Scan mode: Changed: 8/19/2022 1:16:06 PM, Old:Excitation, New:Emission
Excitation Wavelength Changed: 8/19/2022 1:16:06 PM, Old: 220.00, New: 340.00
Emission Wavelength Changed: 8/19/2022 1:16:06 PM, Old: 420.00, New: 350.00
Stop Wavelength Changed: 8/19/2022 1:16:06 PM, Old: 400.00, New: 600.00
Zero Mode Changed: 8/19/2022 1:16:08 PM, Old:ON, New:Reading
Zero Mode Changed: 8/19/2022 1:16:08 PM, Old:Reading, New:ON
Scan mode: Changed: 8/19/2022 1:18:23 PM, Old:Emission, New:Excitation
Excitation Wavelength Changed: 8/19/2022 1:18:23 PM, Old: 340.00, New: 200.00
Emission Wavelength Changed: 8/19/2022 1:18:23 PM, Old: 350.00, New: 415.00
Stop Wavelength Changed: 8/19/2022 1:18:23 PM, Old: 600.00, New: 400.00
Zero Mode Changed: 8/19/2022 12:28:38 PM, Old:ON, New:Reading
Zero Mode Changed: 8/19/2022 12:28:38 PM, Old:Reading, New:ON
Emission Wavelength Changed: 8/19/2022 12:29:15 PM, Old: 415.00, New: 420.00
Stop Wavelength Changed: 8/19/2022 12:29:15 PM, Old: 400.00, New: 410.00
Zero Mode Changed: 8/19/2022 12:29:19 PM, Old:ON, New:Reading
Zero Mode Changed: 8/19/2022 12:29:20 PM, Old:Reading, New:ON
Emission Wavelength Changed: 8/19/2022 12:30:25 PM, Old: 420.00, New: 415.00
Stop Wavelength Changed: 8/19/2022 12:30:25 PM, Old: 410.00, New: 405.00
Zero Mode Changed: 8/19/2022 12:30:27 PM, Old:ON, New:Reading
Zero Mode Changed: 8/19/2022 12:30:28 PM, Old:Reading, New:ON
Scan mode: Changed: 8/19/2022 12:32:30 PM, Old:Excitation, New:Emission
Excitation Wavelength Changed: 8/19/2022 12:32:30 PM, Old: 200.00, New: 340.00
Emission Wavelength Changed: 8/19/2022 12:32:30 PM, Old: 415.00, New: 350.00
Stop Wavelength Changed: 8/19/2022 12:32:30 PM, Old: 405.00, New: 600.00
Zero Mode Changed: 8/19/2022 12:32:36 PM, Old:ON, New:Reading
Zero Mode Changed: 8/19/2022 12:32:36 PM, Old:Reading, New:ON
Scan mode: Changed: 8/19/2022 12:34:00 PM, Old:Emission, New:Excitation
Excitation Wavelength Changed: 8/19/2022 12:34:00 PM, Old: 340.00, New: 200.00
Emission Wavelength Changed: 8/19/2022 12:34:00 PM, Old: 350.00, New: 316.00
Stop Wavelength Changed: 8/19/2022 12:34:00 PM, Old: 600.00, New: 306.00
Zero Mode Changed: 8/19/2022 12:34:03 PM, Old:ON, New:Reading
Zero Mode Changed: 8/19/2022 12:34:04 PM, Old:Reading, New:ON
Emission Wavelength Changed: 8/19/2022 12:35:24 PM, Old: 316.00, New: 416.00
Stop Wavelength Changed: 8/19/2022 12:35:24 PM, Old: 306.00, New: 406.00
Zero Mode Changed: 8/19/2022 12:35:26 PM, Old:ON, New:Reading
Zero Mode Changed: 8/19/2022 12:35:26 PM, Old:Reading, New:ON
Zero Mode Changed: 8/19/2022 12:35:50 PM, Old:ON, New:Reading
Zero Mode Changed: 8/19/2022 12:35:51 PM, Old:Reading, New:ON
Emission Wavelength Changed: 8/19/2022 12:36:54 PM, Old: 416.00, New: 420.00
Stop Wavelength Changed: 8/19/2022 12:36:54 PM, Old: 406.00, New: 410.00
Zero Mode Changed: 8/19/2022 12:36:56 PM, Old:ON, New:Reading
Zero Mode Changed: 8/19/2022 12:36:56 PM, Old:Reading, New:ON
Excitation Wavelength Changed: 8/19/2022 12:39:59 PM, Old: 200.00, New: 240.00
Zero Mode Changed: 8/19/2022 12:40:11 PM, Old:ON, New:Reading
Zero Mode Changed: 8/19/2022 12:40:12 PM, Old:Reading, New:ON
Emission Wavelength Changed: 8/19/2022 12:43:15 PM, Old: 420.00, New: 410.00
Zero Mode Changed: 8/19/2022 12:43:17 PM, Old:ON, New:Reading
Zero Mode Changed: 8/19/2022 12:43:17 PM, Old:Reading, New:ON
Stop Wavelength Changed: 8/19/2022 12:43:55 PM, Old: 410.00, New: 400.00
Zero Mode Changed: 8/19/2022 12:43:57 PM, Old:ON, New:Reading
Zero Mode Changed: 8/19/2022 12:43:57 PM, Old:Reading, New:ON
Scan mode: Changed: 8/19/2022 12:47:00 PM, Old:Excitation, New:Emission
Excitation Wavelength Changed: 8/19/2022 12:47:00 PM, Old: 240.00, New: 336.00
Emission Wavelength Changed: 8/19/2022 12:47:00 PM, Old: 410.00, New: 346.00
Stop Wavelength Changed: 8/19/2022 12:47:00 PM, Old: 400.00, New: 600.00
Zero Mode Changed: 8/19/2022 12:47:05 PM, Old:ON, New:Reading
Zero Mode Changed: 8/19/2022 12:47:05 PM, Old:Reading, New:ON
Scan mode: Changed: 8/19/2022 12:54:02 PM, Old:Emission, New:Excitation
Excitation Wavelength Changed: 8/19/2022 12:54:02 PM, Old: 336.00, New: 200.00
Emission Wavelength Changed: 8/19/2022 12:54:02 PM, Old: 346.00, New: 416.00
Stop Wavelength Changed: 8/19/2022 12:54:02 PM, Old: 600.00, New: 406.00
Zero Mode Changed: 8/19/2022 12:54:05 PM, Old:ON, New:Reading
Zero Mode Changed: 8/19/2022 12:54:05 PM, Old:Reading, New:ON
Excitation Wavelength Changed: 8/19/2022 12:55:14 PM, Old: 200.00, New: 240.00
Zero Mode Changed: 8/19/2022 12:55:18 PM, Old:ON, New:Reading
Zero Mode Changed: 8/19/2022 12:55:19 PM, Old:Reading, New:ON
Scan mode: Changed: 8/19/2022 12:56:39 PM, Old:Excitation, New:Emission
Excitation Wavelength Changed: 8/19/2022 12:56:39 PM, Old: 240.00, New: 335.00
Emission Wavelength Changed: 8/19/2022 12:56:39 PM, Old: 416.00, New: 345.00
Stop Wavelength Changed: 8/19/2022 12:56:39 PM, Old: 406.00, New: 600.00
Zero Mode Changed: 8/19/2022 12:56:42 PM, Old:ON, New:Reading
Zero Mode Changed: 8/19/2022 12:56:43 PM, Old:Reading, New:ON
Scan mode: Changed: 8/19/2022 12:58:09 PM, Old:Emission, New:Excitation
Excitation Wavelength Changed: 8/19/2022 12:58:09 PM, Old: 335.00, New: 200.00
Emission Wavelength Changed: 8/19/2022 12:58:09 PM, Old: 345.00, New: 420.00
Stop Wavelength Changed: 8/19/2022 12:58:09 PM, Old: 600.00, New: 410.00
Zero Mode Changed: 8/19/2022 12:58:12 PM, Old:ON, New:Reading
Zero Mode Changed: 8/19/2022 12:58:12 PM, Old:Reading, New:ON
Excitation Wavelength Changed: 8/19/2022 12:58:54 PM, Old: 200.00, New: 240.00
Zero Mode Changed: 8/19/2022 12:58:56 PM, Old:ON, New:Reading
Zero Mode Changed: 8/19/2022 12:58:56 PM, Old:Reading, New:ON
End Method Modifications

CdS 50sec ODE2 Toluene1 ex337,
CdS 50sec ODE2 Toluene1 ex337
Collection Time: 8/19/2022 1:01:27 PM
Operator Name  :
Scan Software Version: 1.1(132)
Parameter List :
Instrument                        Cary Eclipse
Instrument Serial Number          E08013467
Data mode                         Fluorescence
Scan mode                         Emission
X Mode                            Wavelength (nm)
Start (nm)                        347.00
Stop (nm)                         600.00
Ex. Wavelength (nm)               337.00
Ex. Slit (nm)                     5
Em. Slit (nm)                     5
Scan rate (nm/min)                600.00
Data interval (nm)                1.0000
Averaging Time (s)                0.1000
Excitation filter                 Auto
Emission filter                   Open
PMT voltage (V)                   Medium
Corrected spectra                 OFF
Method Log     :
Method Name    : Default
Date/Time stamp: 8/19/2022 12:21:40 PM
Method Modifications:
Zero Mode Changed: 8/19/2022 1:01:28 PM, Old:OFF, New:Reading
Zero Mode Changed: 8/19/2022 1:01:28 PM, Old:Reading, New:ON
Excitation Wavelength Changed: 8/19/2022 1:04:17 PM, Old: 350.00, New: 284.00
Emission Wavelength Changed: 8/19/2022 1:04:17 PM, Old: 400.00, New: 300.00
Stop Wavelength Changed: 8/19/2022 1:04:17 PM, Old: 600.00, New: 550.00
Zero Mode Changed: 8/19/2022 1:04:20 PM, Old:ON, New:Reading
Zero Mode Changed: 8/19/2022 1:04:20 PM, Old:Reading, New:ON
Emission Wavelength Changed: 8/19/2022 1:05:41 PM, Old: 300.00, New: 290.00
Zero Mode Changed: 8/19/2022 1:05:43 PM, Old:ON, New:Reading
Zero Mode Changed: 8/19/2022 1:05:43 PM, Old:Reading, New:ON
Scan mode: Changed: 8/19/2022 1:07:20 PM, Old:Emission, New:Excitation
Excitation Wavelength Changed: 8/19/2022 1:07:20 PM, Old: 284.00, New: 220.00
Emission Wavelength Changed: 8/19/2022 1:07:20 PM, Old: 290.00, New: 330.00
Stop Wavelength Changed: 8/19/2022 1:07:20 PM, Old: 550.00, New: 320.00
Zero Mode Changed: 8/19/2022 1:07:23 PM, Old:ON, New:Reading
Zero Mode Changed: 8/19/2022 1:07:24 PM, Old:Reading, New:ON
Scan mode: Changed: 8/19/2022 1:09:00 PM, Old:Excitation, New:Emission
Excitation Wavelength Changed: 8/19/2022 1:09:00 PM, Old: 220.00, New: 287.00
Emission Wavelength Changed: 8/19/2022 1:09:00 PM, Old: 330.00, New: 297.00
Stop Wavelength Changed: 8/19/2022 1:09:00 PM, Old: 320.00, New: 550.00
Zero Mode Changed: 8/19/2022 1:09:02 PM, Old:ON, New:Reading
Zero Mode Changed: 8/19/2022 1:09:03 PM, Old:Reading, New:ON
Excitation Wavelength Changed: 8/19/2022 1:10:13 PM, Old: 287.00, New: 300.00
Emission Wavelength Changed: 8/19/2022 1:10:13 PM, Old: 297.00, New: 310.00
Zero Mode Changed: 8/19/2022 1:10:15 PM, Old:ON, New:Reading
Zero Mode Changed: 8/19/2022 1:10:15 PM, Old:Reading, New:ON
Overlayed Graphs Changed: 8/19/2022 1:12:23 PM, Old:OFF, New:ON
Scan mode: Changed: 8/19/2022 1:13:08 PM, Old:Emission, New:Excitation
Excitation Wavelength Changed: 8/19/2022 1:13:08 PM, Old: 300.00, New: 220.00
Emission Wavelength Changed: 8/19/2022 1:13:08 PM, Old: 310.00, New: 350.00
Stop Wavelength Changed: 8/19/2022 1:13:08 PM, Old: 550.00, New: 340.00
Zero Mode Changed: 8/19/2022 1:13:11 PM, Old:ON, New:Reading
Zero Mode Changed: 8/19/2022 1:13:12 PM, Old:Reading, New:ON
Emission Wavelength Changed: 8/19/2022 12:22:43 PM, Old: 350.00, New: 400.00
Stop Wavelength Changed: 8/19/2022 12:22:43 PM, Old: 340.00, New: 390.00
Zero Mode Changed: 8/19/2022 12:22:45 PM, Old:ON, New:Reading
Zero Mode Changed: 8/19/2022 12:22:45 PM, Old:Reading, New:ON
Scan mode: Changed: 8/19/2022 12:27:15 PM, Old:Excitation, New:Emission
Excitation Wavelength Changed: 8/19/2022 12:27:15 PM, Old: 220.00, New: 330.00
Emission Wavelength Changed: 8/19/2022 12:27:15 PM, Old: 400.00, New: 340.00
Stop Wavelength Changed: 8/19/2022 12:27:15 PM, Old: 390.00, New: 600.00
Excitation Wavelength Changed: 8/19/2022 12:30:30 PM, Old: 330.00, New: 310.00
Emission Wavelength Changed: 8/19/2022 12:30:30 PM, Old: 340.00, New: 320.00
Zero Mode Changed: 8/19/2022 12:30:32 PM, Old:ON, New:Reading
Zero Mode Changed: 8/19/2022 12:30:33 PM, Old:Reading, New:ON
Excitation Wavelength Changed: 8/19/2022 12:32:16 PM, Old: 310.00, New: 350.00
Emission Wavelength Changed: 8/19/2022 12:32:16 PM, Old: 320.00, New: 360.00
Scan mode: Changed: 8/19/2022 12:34:16 PM, Old:Emission, New:Excitation
Excitation Wavelength Changed: 8/19/2022 12:34:16 PM, Old: 350.00, New: 220.00
Emission Wavelength Changed: 8/19/2022 12:34:16 PM, Old: 360.00, New: 417.00
Stop Wavelength Changed: 8/19/2022 12:34:16 PM, Old: 600.00, New: 407.00
Zero Mode Changed: 8/19/2022 12:34:20 PM, Old:ON, New:Reading
Zero Mode Changed: 8/19/2022 12:34:20 PM, Old:Reading, New:ON
Emission Wavelength Changed: 8/19/2022 12:42:33 PM, Old: 417.00, New: 400.00
Stop Wavelength Changed: 8/19/2022 12:42:33 PM, Old: 407.00, New: 390.00
Zero Mode Changed: 8/19/2022 12:42:34 PM, Old:ON, New:Reading
Zero Mode Changed: 8/19/2022 12:42:34 PM, Old:Reading, New:ON
Scan mode: Changed: 8/19/2022 12:43:36 PM, Old:Excitation, New:Emission
Excitation Wavelength Changed: 8/19/2022 12:43:36 PM, Old: 220.00, New: 327.00
Emission Wavelength Changed: 8/19/2022 12:43:36 PM, Old: 400.00, New: 337.00
Stop Wavelength Changed: 8/19/2022 12:43:36 PM, Old: 390.00, New: 600.00
Zero Mode Changed: 8/19/2022 12:43:38 PM, Old:ON, New:Reading
Zero Mode Changed: 8/19/2022 12:43:38 PM, Old:Reading, New:ON
Excitation Wavelength Changed: 8/19/2022 12:45:05 PM, Old: 327.00, New: 330.00
Emission Wavelength Changed: 8/19/2022 12:45:05 PM, Old: 337.00, New: 340.00
Zero Mode Changed: 8/19/2022 12:45:20 PM, Old:ON, New:Reading
Zero Mode Changed: 8/19/2022 12:45:21 PM, Old:Reading, New:ON
Scan mode: Changed: 8/19/2022 12:46:37 PM, Old:Emission, New:Excitation
Excitation Wavelength Changed: 8/19/2022 12:46:37 PM, Old: 330.00, New: 220.00
Emission Wavelength Changed: 8/19/2022 12:46:37 PM, Old: 340.00, New: 405.00
Stop Wavelength Changed: 8/19/2022 12:46:37 PM, Old: 600.00, New: 395.00
Zero Mode Changed: 8/19/2022 12:46:42 PM, Old:ON, New:Reading
Zero Mode Changed: 8/19/2022 12:46:42 PM, Old:Reading, New:ON
Emission Wavelength Changed: 8/19/2022 12:47:39 PM, Old: 405.00, New: 410.00
Zero Mode Changed: 8/19/2022 12:47:41 PM, Old:ON, New:Reading
Zero Mode Changed: 8/19/2022 12:47:41 PM, Old:Reading, New:ON
Emission Wavelength Changed: 8/19/2022 12:48:27 PM, Old: 410.00, New: 420.00
Zero Mode Changed: 8/19/2022 12:48:29 PM, Old:ON, New:Reading
Zero Mode Changed: 8/19/2022 12:48:29 PM, Old:Reading, New:ON
Zero Mode Changed: 8/19/2022 12:55:27 PM, Old:ON, New:Reading
Zero Mode Changed: 8/19/2022 12:55:27 PM, Old:Reading, New:ON
Zero Mode Changed: 8/19/2022 12:55:42 PM, Old:ON, New:Reading
Zero Mode Changed: 8/19/2022 12:55:43 PM, Old:Reading, New:ON
Excitation Wavelength Changed: 8/19/2022 1:04:36 PM, Old: 220.00, New: 200.00
Emission Wavelength Changed: 8/19/2022 1:04:36 PM, Old: 420.00, New: 342.00
Stop Wavelength Changed: 8/19/2022 1:04:36 PM, Old: 395.00, New: 332.00
Zero Mode Changed: 8/19/2022 1:04:39 PM, Old:ON, New:Reading
Zero Mode Changed: 8/19/2022 1:04:40 PM, Old:Reading, New:ON
Scan mode: Changed: 8/19/2022 1:12:22 PM, Old:Excitation, New:Emission
Excitation Wavelength Changed: 8/19/2022 1:12:22 PM, Old: 200.00, New: 420.00
Emission Wavelength Changed: 8/19/2022 1:12:22 PM, Old: 342.00, New: 430.00
Stop Wavelength Changed: 8/19/2022 1:12:22 PM, Old: 332.00, New: 600.00
Zero Mode Changed: 8/19/2022 1:12:28 PM, Old:ON, New:Reading
Zero Mode Changed: 8/19/2022 1:12:29 PM, Old:Reading, New:ON
Scan mode: Changed: 8/19/2022 1:14:41 PM, Old:Emission, New:Excitation
Excitation Wavelength Changed: 8/19/2022 1:14:41 PM, Old: 420.00, New: 220.00
Emission Wavelength Changed: 8/19/2022 1:14:41 PM, Old: 430.00, New: 420.00
Stop Wavelength Changed: 8/19/2022 1:14:41 PM, Old: 600.00, New: 400.00
Zero Mode Changed: 8/19/2022 1:14:46 PM, Old:ON, New:Reading
Zero Mode Changed: 8/19/2022 1:14:46 PM, Old:Reading, New:ON
Scan mode: Changed: 8/19/2022 1:16:06 PM, Old:Excitation, New:Emission
Excitation Wavelength Changed: 8/19/2022 1:16:06 PM, Old: 220.00, New: 340.00
Emission Wavelength Changed: 8/19/2022 1:16:06 PM, Old: 420.00, New: 350.00
Stop Wavelength Changed: 8/19/2022 1:16:06 PM, Old: 400.00, New: 600.00
Zero Mode Changed: 8/19/2022 1:16:08 PM, Old:ON, New:Reading
Zero Mode Changed: 8/19/2022 1:16:08 PM, Old:Reading, New:ON
Scan mode: Changed: 8/19/2022 1:18:23 PM, Old:Emission, New:Excitation
Excitation Wavelength Changed: 8/19/2022 1:18:23 PM, Old: 340.00, New: 200.00
Emission Wavelength Changed: 8/19/2022 1:18:23 PM, Old: 350.00, New: 415.00
Stop Wavelength Changed: 8/19/2022 1:18:23 PM, Old: 600.00, New: 400.00
Zero Mode Changed: 8/19/2022 12:28:38 PM, Old:ON, New:Reading
Zero Mode Changed: 8/19/2022 12:28:38 PM, Old:Reading, New:ON
Emission Wavelength Changed: 8/19/2022 12:29:15 PM, Old: 415.00, New: 420.00
Stop Wavelength Changed: 8/19/2022 12:29:15 PM, Old: 400.00, New: 410.00
Zero Mode Changed: 8/19/2022 12:29:19 PM, Old:ON, New:Reading
Zero Mode Changed: 8/19/2022 12:29:20 PM, Old:Reading, New:ON
Emission Wavelength Changed: 8/19/2022 12:30:25 PM, Old: 420.00, New: 415.00
Stop Wavelength Changed: 8/19/2022 12:30:25 PM, Old: 410.00, New: 405.00
Zero Mode Changed: 8/19/2022 12:30:27 PM, Old:ON, New:Reading
Zero Mode Changed: 8/19/2022 12:30:28 PM, Old:Reading, New:ON
Scan mode: Changed: 8/19/2022 12:32:30 PM, Old:Excitation, New:Emission
Excitation Wavelength Changed: 8/19/2022 12:32:30 PM, Old: 200.00, New: 340.00
Emission Wavelength Changed: 8/19/2022 12:32:30 PM, Old: 415.00, New: 350.00
Stop Wavelength Changed: 8/19/2022 12:32:30 PM, Old: 405.00, New: 600.00
Zero Mode Changed: 8/19/2022 12:32:36 PM, Old:ON, New:Reading
Zero Mode Changed: 8/19/2022 12:32:36 PM, Old:Reading, New:ON
Scan mode: Changed: 8/19/2022 12:34:00 PM, Old:Emission, New:Excitation
Excitation Wavelength Changed: 8/19/2022 12:34:00 PM, Old: 340.00, New: 200.00
Emission Wavelength Changed: 8/19/2022 12:34:00 PM, Old: 350.00, New: 316.00
Stop Wavelength Changed: 8/19/2022 12:34:00 PM, Old: 600.00, New: 306.00
Zero Mode Changed: 8/19/2022 12:34:03 PM, Old:ON, New:Reading
Zero Mode Changed: 8/19/2022 12:34:04 PM, Old:Reading, New:ON
Emission Wavelength Changed: 8/19/2022 12:35:24 PM, Old: 316.00, New: 416.00
Stop Wavelength Changed: 8/19/2022 12:35:24 PM, Old: 306.00, New: 406.00
Zero Mode Changed: 8/19/2022 12:35:26 PM, Old:ON, New:Reading
Zero Mode Changed: 8/19/2022 12:35:26 PM, Old:Reading, New:ON
Zero Mode Changed: 8/19/2022 12:35:50 PM, Old:ON, New:Reading
Zero Mode Changed: 8/19/2022 12:35:51 PM, Old:Reading, New:ON
Emission Wavelength Changed: 8/19/2022 12:36:54 PM, Old: 416.00, New: 420.00
Stop Wavelength Changed: 8/19/2022 12:36:54 PM, Old: 406.00, New: 410.00
Zero Mode Changed: 8/19/2022 12:36:56 PM, Old:ON, New:Reading
Zero Mode Changed: 8/19/2022 12:36:56 PM, Old:Reading, New:ON
Excitation Wavelength Changed: 8/19/2022 12:39:59 PM, Old: 200.00, New: 240.00
Zero Mode Changed: 8/19/2022 12:40:11 PM, Old:ON, New:Reading
Zero Mode Changed: 8/19/2022 12:40:12 PM, Old:Reading, New:ON
Emission Wavelength Changed: 8/19/2022 12:43:15 PM, Old: 420.00, New: 410.00
Zero Mode Changed: 8/19/2022 12:43:17 PM, Old:ON, New:Reading
Zero Mode Changed: 8/19/2022 12:43:17 PM, Old:Reading, New:ON
Stop Wavelength Changed: 8/19/2022 12:43:55 PM, Old: 410.00, New: 400.00
Zero Mode Changed: 8/19/2022 12:43:57 PM, Old:ON, New:Reading
Zero Mode Changed: 8/19/2022 12:43:57 PM, Old:Reading, New:ON
Scan mode: Changed: 8/19/2022 12:47:00 PM, Old:Excitation, New:Emission
Excitation Wavelength Changed: 8/19/2022 12:47:00 PM, Old: 240.00, New: 336.00
Emission Wavelength Changed: 8/19/2022 12:47:00 PM, Old: 410.00, New: 346.00
Stop Wavelength Changed: 8/19/2022 12:47:00 PM, Old: 400.00, New: 600.00
Zero Mode Changed: 8/19/2022 12:47:05 PM, Old:ON, New:Reading
Zero Mode Changed: 8/19/2022 12:47:05 PM, Old:Reading, New:ON
Scan mode: Changed: 8/19/2022 12:54:02 PM, Old:Emission, New:Excitation
Excitation Wavelength Changed: 8/19/2022 12:54:02 PM, Old: 336.00, New: 200.00
Emission Wavelength Changed: 8/19/2022 12:54:02 PM, Old: 346.00, New: 416.00
Stop Wavelength Changed: 8/19/2022 12:54:02 PM, Old: 600.00, New: 406.00
Zero Mode Changed: 8/19/2022 12:54:05 PM, Old:ON, New:Reading
Zero Mode Changed: 8/19/2022 12:54:05 PM, Old:Reading, New:ON
Excitation Wavelength Changed: 8/19/2022 12:55:14 PM, Old: 200.00, New: 240.00
Zero Mode Changed: 8/19/2022 12:55:18 PM, Old:ON, New:Reading
Zero Mode Changed: 8/19/2022 12:55:19 PM, Old:Reading, New:ON
Scan mode: Changed: 8/19/2022 12:56:39 PM, Old:Excitation, New:Emission
Excitation Wavelength Changed: 8/19/2022 12:56:39 PM, Old: 240.00, New: 335.00
Emission Wavelength Changed: 8/19/2022 12:56:39 PM, Old: 416.00, New: 345.00
Stop Wavelength Changed: 8/19/2022 12:56:39 PM, Old: 406.00, New: 600.00
Zero Mode Changed: 8/19/2022 12:56:42 PM, Old:ON, New:Reading
Zero Mode Changed: 8/19/2022 12:56:43 PM, Old:Reading, New:ON
Scan mode: Changed: 8/19/2022 12:58:09 PM, Old:Emission, New:Excitation
Excitation Wavelength Changed: 8/19/2022 12:58:09 PM, Old: 335.00, New: 200.00
Emission Wavelength Changed: 8/19/2022 12:58:09 PM, Old: 345.00, New: 420.00
Stop Wavelength Changed: 8/19/2022 12:58:09 PM, Old: 600.00, New: 410.00
Zero Mode Changed: 8/19/2022 12:58:12 PM, Old:ON, New:Reading
Zero Mode Changed: 8/19/2022 12:58:12 PM, Old:Reading, New:ON
Excitation Wavelength Changed: 8/19/2022 12:58:54 PM, Old: 200.00, New: 240.00
Zero Mode Changed: 8/19/2022 12:58:56 PM, Old:ON, New:Reading
Zero Mode Changed: 8/19/2022 12:58:56 PM, Old:Reading, New:ON
Scan mode: Changed: 8/19/2022 1:01:10 PM, Old:Excitation, New:Emission
Excitation Wavelength Changed: 8/19/2022 1:01:10 PM, Old: 240.00, New: 337.00
Emission Wavelength Changed: 8/19/2022 1:01:10 PM, Old: 420.00, New: 347.00
Stop Wavelength Changed: 8/19/2022 1:01:10 PM, Old: 410.00, New: 600.00
Zero Mode Changed: 8/19/2022 1:01:19 PM, Old:ON, New:Reading
Zero Mode Changed: 8/19/2022 1:01:19 PM, Old:Reading, New:ON
End Method Modifications

CdS 50sec ODE2 Toluene1 ex345,
CdS 50sec ODE2 Toluene1 ex345
Collection Time: 8/19/2022 1:02:32 PM
Operator Name  :
Scan Software Version: 1.1(132)
Parameter List :
Instrument                        Cary Eclipse
Instrument Serial Number          E08013467
Data mode                         Fluorescence
Scan mode                         Emission
X Mode                            Wavelength (nm)
Start (nm)                        355.00
Stop (nm)                         600.00
Ex. Wavelength (nm)               345.00
Ex. Slit (nm)                     5
Em. Slit (nm)                     5
Scan rate (nm/min)                600.00
Data interval (nm)                1.0000
Averaging Time (s)                0.1000
Excitation filter                 Auto
Emission filter                   Open
PMT voltage (V)                   Medium
Corrected spectra                 OFF
Method Log     :
Method Name    : Default
Date/Time stamp: 8/19/2022 12:21:40 PM
Method Modifications:
Zero Mode Changed: 8/19/2022 1:01:28 PM, Old:OFF, New:Reading
Zero Mode Changed: 8/19/2022 1:01:28 PM, Old:Reading, New:ON
Excitation Wavelength Changed: 8/19/2022 1:04:17 PM, Old: 350.00, New: 284.00
Emission Wavelength Changed: 8/19/2022 1:04:17 PM, Old: 400.00, New: 300.00
Stop Wavelength Changed: 8/19/2022 1:04:17 PM, Old: 600.00, New: 550.00
Zero Mode Changed: 8/19/2022 1:04:20 PM, Old:ON, New:Reading
Zero Mode Changed: 8/19/2022 1:04:20 PM, Old:Reading, New:ON
Emission Wavelength Changed: 8/19/2022 1:05:41 PM, Old: 300.00, New: 290.00
Zero Mode Changed: 8/19/2022 1:05:43 PM, Old:ON, New:Reading
Zero Mode Changed: 8/19/2022 1:05:43 PM, Old:Reading, New:ON
Scan mode: Changed: 8/19/2022 1:07:20 PM, Old:Emission, New:Excitation
Excitation Wavelength Changed: 8/19/2022 1:07:20 PM, Old: 284.00, New: 220.00
Emission Wavelength Changed: 8/19/2022 1:07:20 PM, Old: 290.00, New: 330.00
Stop Wavelength Changed: 8/19/2022 1:07:20 PM, Old: 550.00, New: 320.00
Zero Mode Changed: 8/19/2022 1:07:23 PM, Old:ON, New:Reading
Zero Mode Changed: 8/19/2022 1:07:24 PM, Old:Reading, New:ON
Scan mode: Changed: 8/19/2022 1:09:00 PM, Old:Excitation, New:Emission
Excitation Wavelength Changed: 8/19/2022 1:09:00 PM, Old: 220.00, New: 287.00
Emission Wavelength Changed: 8/19/2022 1:09:00 PM, Old: 330.00, New: 297.00
Stop Wavelength Changed: 8/19/2022 1:09:00 PM, Old: 320.00, New: 550.00
Zero Mode Changed: 8/19/2022 1:09:02 PM, Old:ON, New:Reading
Zero Mode Changed: 8/19/2022 1:09:03 PM, Old:Reading, New:ON
Excitation Wavelength Changed: 8/19/2022 1:10:13 PM, Old: 287.00, New: 300.00
Emission Wavelength Changed: 8/19/2022 1:10:13 PM, Old: 297.00, New: 310.00
Zero Mode Changed: 8/19/2022 1:10:15 PM, Old:ON, New:Reading
Zero Mode Changed: 8/19/2022 1:10:15 PM, Old:Reading, New:ON
Overlayed Graphs Changed: 8/19/2022 1:12:23 PM, Old:OFF, New:ON
Scan mode: Changed: 8/19/2022 1:13:08 PM, Old:Emission, New:Excitation
Excitation Wavelength Changed: 8/19/2022 1:13:08 PM, Old: 300.00, New: 220.00
Emission Wavelength Changed: 8/19/2022 1:13:08 PM, Old: 310.00, New: 350.00
Stop Wavelength Changed: 8/19/2022 1:13:08 PM, Old: 550.00, New: 340.00
Zero Mode Changed: 8/19/2022 1:13:11 PM, Old:ON, New:Reading
Zero Mode Changed: 8/19/2022 1:13:12 PM, Old:Reading, New:ON
Emission Wavelength Changed: 8/19/2022 12:22:43 PM, Old: 350.00, New: 400.00
Stop Wavelength Changed: 8/19/2022 12:22:43 PM, Old: 340.00, New: 390.00
Zero Mode Changed: 8/19/2022 12:22:45 PM, Old:ON, New:Reading
Zero Mode Changed: 8/19/2022 12:22:45 PM, Old:Reading, New:ON
Scan mode: Changed: 8/19/2022 12:27:15 PM, Old:Excitation, New:Emission
Excitation Wavelength Changed: 8/19/2022 12:27:15 PM, Old: 220.00, New: 330.00
Emission Wavelength Changed: 8/19/2022 12:27:15 PM, Old: 400.00, New: 340.00
Stop Wavelength Changed: 8/19/2022 12:27:15 PM, Old: 390.00, New: 600.00
Excitation Wavelength Changed: 8/19/2022 12:30:30 PM, Old: 330.00, New: 310.00
Emission Wavelength Changed: 8/19/2022 12:30:30 PM, Old: 340.00, New: 320.00
Zero Mode Changed: 8/19/2022 12:30:32 PM, Old:ON, New:Reading
Zero Mode Changed: 8/19/2022 12:30:33 PM, Old:Reading, New:ON
Excitation Wavelength Changed: 8/19/2022 12:32:16 PM, Old: 310.00, New: 350.00
Emission Wavelength Changed: 8/19/2022 12:32:16 PM, Old: 320.00, New: 360.00
Scan mode: Changed: 8/19/2022 12:34:16 PM, Old:Emission, New:Excitation
Excitation Wavelength Changed: 8/19/2022 12:34:16 PM, Old: 350.00, New: 220.00
Emission Wavelength Changed: 8/19/2022 12:34:16 PM, Old: 360.00, New: 417.00
Stop Wavelength Changed: 8/19/2022 12:34:16 PM, Old: 600.00, New: 407.00
Zero Mode Changed: 8/19/2022 12:34:20 PM, Old:ON, New:Reading
Zero Mode Changed: 8/19/2022 12:34:20 PM, Old:Reading, New:ON
Emission Wavelength Changed: 8/19/2022 12:42:33 PM, Old: 417.00, New: 400.00
Stop Wavelength Changed: 8/19/2022 12:42:33 PM, Old: 407.00, New: 390.00
Zero Mode Changed: 8/19/2022 12:42:34 PM, Old:ON, New:Reading
Zero Mode Changed: 8/19/2022 12:42:34 PM, Old:Reading, New:ON
Scan mode: Changed: 8/19/2022 12:43:36 PM, Old:Excitation, New:Emission
Excitation Wavelength Changed: 8/19/2022 12:43:36 PM, Old: 220.00, New: 327.00
Emission Wavelength Changed: 8/19/2022 12:43:36 PM, Old: 400.00, New: 337.00
Stop Wavelength Changed: 8/19/2022 12:43:36 PM, Old: 390.00, New: 600.00
Zero Mode Changed: 8/19/2022 12:43:38 PM, Old:ON, New:Reading
Zero Mode Changed: 8/19/2022 12:43:38 PM, Old:Reading, New:ON
Excitation Wavelength Changed: 8/19/2022 12:45:05 PM, Old: 327.00, New: 330.00
Emission Wavelength Changed: 8/19/2022 12:45:05 PM, Old: 337.00, New: 340.00
Zero Mode Changed: 8/19/2022 12:45:20 PM, Old:ON, New:Reading
Zero Mode Changed: 8/19/2022 12:45:21 PM, Old:Reading, New:ON
Scan mode: Changed: 8/19/2022 12:46:37 PM, Old:Emission, New:Excitation
Excitation Wavelength Changed: 8/19/2022 12:46:37 PM, Old: 330.00, New: 220.00
Emission Wavelength Changed: 8/19/2022 12:46:37 PM, Old: 340.00, New: 405.00
Stop Wavelength Changed: 8/19/2022 12:46:37 PM, Old: 600.00, New: 395.00
Zero Mode Changed: 8/19/2022 12:46:42 PM, Old:ON, New:Reading
Zero Mode Changed: 8/19/2022 12:46:42 PM, Old:Reading, New:ON
Emission Wavelength Changed: 8/19/2022 12:47:39 PM, Old: 405.00, New: 410.00
Zero Mode Changed: 8/19/2022 12:47:41 PM, Old:ON, New:Reading
Zero Mode Changed: 8/19/2022 12:47:41 PM, Old:Reading, New:ON
Emission Wavelength Changed: 8/19/2022 12:48:27 PM, Old: 410.00, New: 420.00
Zero Mode Changed: 8/19/2022 12:48:29 PM, Old:ON, New:Reading
Zero Mode Changed: 8/19/2022 12:48:29 PM, Old:Reading, New:ON
Zero Mode Changed: 8/19/2022 12:55:27 PM, Old:ON, New:Reading
Zero Mode Changed: 8/19/2022 12:55:27 PM, Old:Reading, New:ON
Zero Mode Changed: 8/19/2022 12:55:42 PM, Old:ON, New:Reading
Zero Mode Changed: 8/19/2022 12:55:43 PM, Old:Reading, New:ON
Excitation Wavelength Changed: 8/19/2022 1:04:36 PM, Old: 220.00, New: 200.00
Emission Wavelength Changed: 8/19/2022 1:04:36 PM, Old: 420.00, New: 342.00
Stop Wavelength Changed: 8/19/2022 1:04:36 PM, Old: 395.00, New: 332.00
Zero Mode Changed: 8/19/2022 1:04:39 PM, Old:ON, New:Reading
Zero Mode Changed: 8/19/2022 1:04:40 PM, Old:Reading, New:ON
Scan mode: Changed: 8/19/2022 1:12:22 PM, Old:Excitation, New:Emission
Excitation Wavelength Changed: 8/19/2022 1:12:22 PM, Old: 200.00, New: 420.00
Emission Wavelength Changed: 8/19/2022 1:12:22 PM, Old: 342.00, New: 430.00
Stop Wavelength Changed: 8/19/2022 1:12:22 PM, Old: 332.00, New: 600.00
Zero Mode Changed: 8/19/2022 1:12:28 PM, Old:ON, New:Reading
Zero Mode Changed: 8/19/2022 1:12:29 PM, Old:Reading, New:ON
Scan mode: Changed: 8/19/2022 1:14:41 PM, Old:Emission, New:Excitation
Excitation Wavelength Changed: 8/19/2022 1:14:41 PM, Old: 420.00, New: 220.00
Emission Wavelength Changed: 8/19/2022 1:14:41 PM, Old: 430.00, New: 420.00
Stop Wavelength Changed: 8/19/2022 1:14:41 PM, Old: 600.00, New: 400.00
Zero Mode Changed: 8/19/2022 1:14:46 PM, Old:ON, New:Reading
Zero Mode Changed: 8/19/2022 1:14:46 PM, Old:Reading, New:ON
Scan mode: Changed: 8/19/2022 1:16:06 PM, Old:Excitation, New:Emission
Excitation Wavelength Changed: 8/19/2022 1:16:06 PM, Old: 220.00, New: 340.00
Emission Wavelength Changed: 8/19/2022 1:16:06 PM, Old: 420.00, New: 350.00
Stop Wavelength Changed: 8/19/2022 1:16:06 PM, Old: 400.00, New: 600.00
Zero Mode Changed: 8/19/2022 1:16:08 PM, Old:ON, New:Reading
Zero Mode Changed: 8/19/2022 1:16:08 PM, Old:Reading, New:ON
Scan mode: Changed: 8/19/2022 1:18:23 PM, Old:Emission, New:Excitation
Excitation Wavelength Changed: 8/19/2022 1:18:23 PM, Old: 340.00, New: 200.00
Emission Wavelength Changed: 8/19/2022 1:18:23 PM, Old: 350.00, New: 415.00
Stop Wavelength Changed: 8/19/2022 1:18:23 PM, Old: 600.00, New: 400.00
Zero Mode Changed: 8/19/2022 12:28:38 PM, Old:ON, New:Reading
Zero Mode Changed: 8/19/2022 12:28:38 PM, Old:Reading, New:ON
Emission Wavelength Changed: 8/19/2022 12:29:15 PM, Old: 415.00, New: 420.00
Stop Wavelength Changed: 8/19/2022 12:29:15 PM, Old: 400.00, New: 410.00
Zero Mode Changed: 8/19/2022 12:29:19 PM, Old:ON, New:Reading
Zero Mode Changed: 8/19/2022 12:29:20 PM, Old:Reading, New:ON
Emission Wavelength Changed: 8/19/2022 12:30:25 PM, Old: 420.00, New: 415.00
Stop Wavelength Changed: 8/19/2022 12:30:25 PM, Old: 410.00, New: 405.00
Zero Mode Changed: 8/19/2022 12:30:27 PM, Old:ON, New:Reading
Zero Mode Changed: 8/19/2022 12:30:28 PM, Old:Reading, New:ON
Scan mode: Changed: 8/19/2022 12:32:30 PM, Old:Excitation, New:Emission
Excitation Wavelength Changed: 8/19/2022 12:32:30 PM, Old: 200.00, New: 340.00
Emission Wavelength Changed: 8/19/2022 12:32:30 PM, Old: 415.00, New: 350.00
Stop Wavelength Changed: 8/19/2022 12:32:30 PM, Old: 405.00, New: 600.00
Zero Mode Changed: 8/19/2022 12:32:36 PM, Old:ON, New:Reading
Zero Mode Changed: 8/19/2022 12:32:36 PM, Old:Reading, New:ON
Scan mode: Changed: 8/19/2022 12:34:00 PM, Old:Emission, New:Excitation
Excitation Wavelength Changed: 8/19/2022 12:34:00 PM, Old: 340.00, New: 200.00
Emission Wavelength Changed: 8/19/2022 12:34:00 PM, Old: 350.00, New: 316.00
Stop Wavelength Changed: 8/19/2022 12:34:00 PM, Old: 600.00, New: 306.00
Zero Mode Changed: 8/19/2022 12:34:03 PM, Old:ON, New:Reading
Zero Mode Changed: 8/19/2022 12:34:04 PM, Old:Reading, New:ON
Emission Wavelength Changed: 8/19/2022 12:35:24 PM, Old: 316.00, New: 416.00
Stop Wavelength Changed: 8/19/2022 12:35:24 PM, Old: 306.00, New: 406.00
Zero Mode Changed: 8/19/2022 12:35:26 PM, Old:ON, New:Reading
Zero Mode Changed: 8/19/2022 12:35:26 PM, Old:Reading, New:ON
Zero Mode Changed: 8/19/2022 12:35:50 PM, Old:ON, New:Reading
Zero Mode Changed: 8/19/2022 12:35:51 PM, Old:Reading, New:ON
Emission Wavelength Changed: 8/19/2022 12:36:54 PM, Old: 416.00, New: 420.00
Stop Wavelength Changed: 8/19/2022 12:36:54 PM, Old: 406.00, New: 410.00
Zero Mode Changed: 8/19/2022 12:36:56 PM, Old:ON, New:Reading
Zero Mode Changed: 8/19/2022 12:36:56 PM, Old:Reading, New:ON
Excitation Wavelength Changed: 8/19/2022 12:39:59 PM, Old: 200.00, New: 240.00
Zero Mode Changed: 8/19/2022 12:40:11 PM, Old:ON, New:Reading
Zero Mode Changed: 8/19/2022 12:40:12 PM, Old:Reading, New:ON
Emission Wavelength Changed: 8/19/2022 12:43:15 PM, Old: 420.00, New: 410.00
Zero Mode Changed: 8/19/2022 12:43:17 PM, Old:ON, New:Reading
Zero Mode Changed: 8/19/2022 12:43:17 PM, Old:Reading, New:ON
Stop Wavelength Changed: 8/19/2022 12:43:55 PM, Old: 410.00, New: 400.00
Zero Mode Changed: 8/19/2022 12:43:57 PM, Old:ON, New:Reading
Zero Mode Changed: 8/19/2022 12:43:57 PM, Old:Reading, New:ON
Scan mode: Changed: 8/19/2022 12:47:00 PM, Old:Excitation, New:Emission
Excitation Wavelength Changed: 8/19/2022 12:47:00 PM, Old: 240.00, New: 336.00
Emission Wavelength Changed: 8/19/2022 12:47:00 PM, Old: 410.00, New: 346.00
Stop Wavelength Changed: 8/19/2022 12:47:00 PM, Old: 400.00, New: 600.00
Zero Mode Changed: 8/19/2022 12:47:05 PM, Old:ON, New:Reading
Zero Mode Changed: 8/19/2022 12:47:05 PM, Old:Reading, New:ON
Scan mode: Changed: 8/19/2022 12:54:02 PM, Old:Emission, New:Excitation
Excitation Wavelength Changed: 8/19/2022 12:54:02 PM, Old: 336.00, New: 200.00
Emission Wavelength Changed: 8/19/2022 12:54:02 PM, Old: 346.00, New: 416.00
Stop Wavelength Changed: 8/19/2022 12:54:02 PM, Old: 600.00, New: 406.00
Zero Mode Changed: 8/19/2022 12:54:05 PM, Old:ON, New:Reading
Zero Mode Changed: 8/19/2022 12:54:05 PM, Old:Reading, New:ON
Excitation Wavelength Changed: 8/19/2022 12:55:14 PM, Old: 200.00, New: 240.00
Zero Mode Changed: 8/19/2022 12:55:18 PM, Old:ON, New:Reading
Zero Mode Changed: 8/19/2022 12:55:19 PM, Old:Reading, New:ON
Scan mode: Changed: 8/19/2022 12:56:39 PM, Old:Excitation, New:Emission
Excitation Wavelength Changed: 8/19/2022 12:56:39 PM, Old: 240.00, New: 335.00
Emission Wavelength Changed: 8/19/2022 12:56:39 PM, Old: 416.00, New: 345.00
Stop Wavelength Changed: 8/19/2022 12:56:39 PM, Old: 406.00, New: 600.00
Zero Mode Changed: 8/19/2022 12:56:42 PM, Old:ON, New:Reading
Zero Mode Changed: 8/19/2022 12:56:43 PM, Old:Reading, New:ON
Scan mode: Changed: 8/19/2022 12:58:09 PM, Old:Emission, New:Excitation
Excitation Wavelength Changed: 8/19/2022 12:58:09 PM, Old: 335.00, New: 200.00
Emission Wavelength Changed: 8/19/2022 12:58:09 PM, Old: 345.00, New: 420.00
Stop Wavelength Changed: 8/19/2022 12:58:09 PM, Old: 600.00, New: 410.00
Zero Mode Changed: 8/19/2022 12:58:12 PM, Old:ON, New:Reading
Zero Mode Changed: 8/19/2022 12:58:12 PM, Old:Reading, New:ON
Excitation Wavelength Changed: 8/19/2022 12:58:54 PM, Old: 200.00, New: 240.00
Zero Mode Changed: 8/19/2022 12:58:56 PM, Old:ON, New:Reading
Zero Mode Changed: 8/19/2022 12:58:56 PM, Old:Reading, New:ON
Scan mode: Changed: 8/19/2022 1:01:10 PM, Old:Excitation, New:Emission
Excitation Wavelength Changed: 8/19/2022 1:01:10 PM, Old: 240.00, New: 337.00
Emission Wavelength Changed: 8/19/2022 1:01:10 PM, Old: 420.00, New: 347.00
Stop Wavelength Changed: 8/19/2022 1:01:10 PM, Old: 410.00, New: 600.00
Zero Mode Changed: 8/19/2022 1:01:19 PM, Old:ON, New:Reading
Zero Mode Changed: 8/19/2022 1:01:19 PM, Old:Reading, New:ON
Excitation Wavelength Changed: 8/19/2022 1:02:21 PM, Old: 337.00, New: 345.00
Emission Wavelength Changed: 8/19/2022 1:02:21 PM, Old: 347.00, New: 355.00
Zero Mode Changed: 8/19/2022 1:02:24 PM, Old:ON, New:Reading
Zero Mode Changed: 8/19/2022 1:02:24 PM, Old:Reading, New:ON
End Method Modifications

CdS 50sec ODE2 Toluene1 ex325,
CdS 50sec ODE2 Toluene1 ex325
Collection Time: 8/19/2022 1:04:00 PM
Operator Name  :
Scan Software Version: 1.1(132)
Parameter List :
Instrument                        Cary Eclipse
Instrument Serial Number          E08013467
Data mode                         Fluorescence
Scan mode                         Emission
X Mode                            Wavelength (nm)
Start (nm)                        335.00
Stop (nm)                         600.00
Ex. Wavelength (nm)               325.00
Ex. Slit (nm)                     5
Em. Slit (nm)                     5
Scan rate (nm/min)                600.00
Data interval (nm)                1.0000
Averaging Time (s)                0.1000
Excitation filter                 Auto
Emission filter                   Open
PMT voltage (V)                   Medium
Corrected spectra                 OFF
Method Log     :
Method Name    : Default
Date/Time stamp: 8/19/2022 12:21:40 PM
Method Modifications:
Zero Mode Changed: 8/19/2022 1:01:28 PM, Old:OFF, New:Reading
Zero Mode Changed: 8/19/2022 1:01:28 PM, Old:Reading, New:ON
Excitation Wavelength Changed: 8/19/2022 1:04:17 PM, Old: 350.00, New: 284.00
Emission Wavelength Changed: 8/19/2022 1:04:17 PM, Old: 400.00, New: 300.00
Stop Wavelength Changed: 8/19/2022 1:04:17 PM, Old: 600.00, New: 550.00
Zero Mode Changed: 8/19/2022 1:04:20 PM, Old:ON, New:Reading
Zero Mode Changed: 8/19/2022 1:04:20 PM, Old:Reading, New:ON
Emission Wavelength Changed: 8/19/2022 1:05:41 PM, Old: 300.00, New: 290.00
Zero Mode Changed: 8/19/2022 1:05:43 PM, Old:ON, New:Reading
Zero Mode Changed: 8/19/2022 1:05:43 PM, Old:Reading, New:ON
Scan mode: Changed: 8/19/2022 1:07:20 PM, Old:Emission, New:Excitation
Excitation Wavelength Changed: 8/19/2022 1:07:20 PM, Old: 284.00, New: 220.00
Emission Wavelength Changed: 8/19/2022 1:07:20 PM, Old: 290.00, New: 330.00
Stop Wavelength Changed: 8/19/2022 1:07:20 PM, Old: 550.00, New: 320.00
Zero Mode Changed: 8/19/2022 1:07:23 PM, Old:ON, New:Reading
Zero Mode Changed: 8/19/2022 1:07:24 PM, Old:Reading, New:ON
Scan mode: Changed: 8/19/2022 1:09:00 PM, Old:Excitation, New:Emission
Excitation Wavelength Changed: 8/19/2022 1:09:00 PM, Old: 220.00, New: 287.00
Emission Wavelength Changed: 8/19/2022 1:09:00 PM, Old: 330.00, New: 297.00
Stop Wavelength Changed: 8/19/2022 1:09:00 PM, Old: 320.00, New: 550.00
Zero Mode Changed: 8/19/2022 1:09:02 PM, Old:ON, New:Reading
Zero Mode Changed: 8/19/2022 1:09:03 PM, Old:Reading, New:ON
Excitation Wavelength Changed: 8/19/2022 1:10:13 PM, Old: 287.00, New: 300.00
Emission Wavelength Changed: 8/19/2022 1:10:13 PM, Old: 297.00, New: 310.00
Zero Mode Changed: 8/19/2022 1:10:15 PM, Old:ON, New:Reading
Zero Mode Changed: 8/19/2022 1:10:15 PM, Old:Reading, New:ON
Overlayed Graphs Changed: 8/19/2022 1:12:23 PM, Old:OFF, New:ON
Scan mode: Changed: 8/19/2022 1:13:08 PM, Old:Emission, New:Excitation
Excitation Wavelength Changed: 8/19/2022 1:13:08 PM, Old: 300.00, New: 220.00
Emission Wavelength Changed: 8/19/2022 1:13:08 PM, Old: 310.00, New: 350.00
Stop Wavelength Changed: 8/19/2022 1:13:08 PM, Old: 550.00, New: 340.00
Zero Mode Changed: 8/19/2022 1:13:11 PM, Old:ON, New:Reading
Zero Mode Changed: 8/19/2022 1:13:12 PM, Old:Reading, New:ON
Emission Wavelength Changed: 8/19/2022 12:22:43 PM, Old: 350.00, New: 400.00
Stop Wavelength Changed: 8/19/2022 12:22:43 PM, Old: 340.00, New: 390.00
Zero Mode Changed: 8/19/2022 12:22:45 PM, Old:ON, New:Reading
Zero Mode Changed: 8/19/2022 12:22:45 PM, Old:Reading, New:ON
Scan mode: Changed: 8/19/2022 12:27:15 PM, Old:Excitation, New:Emission
Excitation Wavelength Changed: 8/19/2022 12:27:15 PM, Old: 220.00, New: 330.00
Emission Wavelength Changed: 8/19/2022 12:27:15 PM, Old: 400.00, New: 340.00
Stop Wavelength Changed: 8/19/2022 12:27:15 PM, Old: 390.00, New: 600.00
Excitation Wavelength Changed: 8/19/2022 12:30:30 PM, Old: 330.00, New: 310.00
Emission Wavelength Changed: 8/19/2022 12:30:30 PM, Old: 340.00, New: 320.00
Zero Mode Changed: 8/19/2022 12:30:32 PM, Old:ON, New:Reading
Zero Mode Changed: 8/19/2022 12:30:33 PM, Old:Reading, New:ON
Excitation Wavelength Changed: 8/19/2022 12:32:16 PM, Old: 310.00, New: 350.00
Emission Wavelength Changed: 8/19/2022 12:32:16 PM, Old: 320.00, New: 360.00
Scan mode: Changed: 8/19/2022 12:34:16 PM, Old:Emission, New:Excitation
Excitation Wavelength Changed: 8/19/2022 12:34:16 PM, Old: 350.00, New: 220.00
Emission Wavelength Changed: 8/19/2022 12:34:16 PM, Old: 360.00, New: 417.00
Stop Wavelength Changed: 8/19/2022 12:34:16 PM, Old: 600.00, New: 407.00
Zero Mode Changed: 8/19/2022 12:34:20 PM, Old:ON, New:Reading
Zero Mode Changed: 8/19/2022 12:34:20 PM, Old:Reading, New:ON
Emission Wavelength Changed: 8/19/2022 12:42:33 PM, Old: 417.00, New: 400.00
Stop Wavelength Changed: 8/19/2022 12:42:33 PM, Old: 407.00, New: 390.00
Zero Mode Changed: 8/19/2022 12:42:34 PM, Old:ON, New:Reading
Zero Mode Changed: 8/19/2022 12:42:34 PM, Old:Reading, New:ON
Scan mode: Changed: 8/19/2022 12:43:36 PM, Old:Excitation, New:Emission
Excitation Wavelength Changed: 8/19/2022 12:43:36 PM, Old: 220.00, New: 327.00
Emission Wavelength Changed: 8/19/2022 12:43:36 PM, Old: 400.00, New: 337.00
Stop Wavelength Changed: 8/19/2022 12:43:36 PM, Old: 390.00, New: 600.00
Zero Mode Changed: 8/19/2022 12:43:38 PM, Old:ON, New:Reading
Zero Mode Changed: 8/19/2022 12:43:38 PM, Old:Reading, New:ON
Excitation Wavelength Changed: 8/19/2022 12:45:05 PM, Old: 327.00, New: 330.00
Emission Wavelength Changed: 8/19/2022 12:45:05 PM, Old: 337.00, New: 340.00
Zero Mode Changed: 8/19/2022 12:45:20 PM, Old:ON, New:Reading
Zero Mode Changed: 8/19/2022 12:45:21 PM, Old:Reading, New:ON
Scan mode: Changed: 8/19/2022 12:46:37 PM, Old:Emission, New:Excitation
Excitation Wavelength Changed: 8/19/2022 12:46:37 PM, Old: 330.00, New: 220.00
Emission Wavelength Changed: 8/19/2022 12:46:37 PM, Old: 340.00, New: 405.00
Stop Wavelength Changed: 8/19/2022 12:46:37 PM, Old: 600.00, New: 395.00
Zero Mode Changed: 8/19/2022 12:46:42 PM, Old:ON, New:Reading
Zero Mode Changed: 8/19/2022 12:46:42 PM, Old:Reading, New:ON
Emission Wavelength Changed: 8/19/2022 12:47:39 PM, Old: 405.00, New: 410.00
Zero Mode Changed: 8/19/2022 12:47:41 PM, Old:ON, New:Reading
Zero Mode Changed: 8/19/2022 12:47:41 PM, Old:Reading, New:ON
Emission Wavelength Changed: 8/19/2022 12:48:27 PM, Old: 410.00, New: 420.00
Zero Mode Changed: 8/19/2022 12:48:29 PM, Old:ON, New:Reading
Zero Mode Changed: 8/19/2022 12:48:29 PM, Old:Reading, New:ON
Zero Mode Changed: 8/19/2022 12:55:27 PM, Old:ON, New:Reading
Zero Mode Changed: 8/19/2022 12:55:27 PM, Old:Reading, New:ON
Zero Mode Changed: 8/19/2022 12:55:42 PM, Old:ON, New:Reading
Zero Mode Changed: 8/19/2022 12:55:43 PM, Old:Reading, New:ON
Excitation Wavelength Changed: 8/19/2022 1:04:36 PM, Old: 220.00, New: 200.00
Emission Wavelength Changed: 8/19/2022 1:04:36 PM, Old: 420.00, New: 342.00
Stop Wavelength Changed: 8/19/2022 1:04:36 PM, Old: 395.00, New: 332.00
Zero Mode Changed: 8/19/2022 1:04:39 PM, Old:ON, New:Reading
Zero Mode Changed: 8/19/2022 1:04:40 PM, Old:Reading, New:ON
Scan mode: Changed: 8/19/2022 1:12:22 PM, Old:Excitation, New:Emission
Excitation Wavelength Changed: 8/19/2022 1:12:22 PM, Old: 200.00, New: 420.00
Emission Wavelength Changed: 8/19/2022 1:12:22 PM, Old: 342.00, New: 430.00
Stop Wavelength Changed: 8/19/2022 1:12:22 PM, Old: 332.00, New: 600.00
Zero Mode Changed: 8/19/2022 1:12:28 PM, Old:ON, New:Reading
Zero Mode Changed: 8/19/2022 1:12:29 PM, Old:Reading, New:ON
Scan mode: Changed: 8/19/2022 1:14:41 PM, Old:Emission, New:Excitation
Excitation Wavelength Changed: 8/19/2022 1:14:41 PM, Old: 420.00, New: 220.00
Emission Wavelength Changed: 8/19/2022 1:14:41 PM, Old: 430.00, New: 420.00
Stop Wavelength Changed: 8/19/2022 1:14:41 PM, Old: 600.00, New: 400.00
Zero Mode Changed: 8/19/2022 1:14:46 PM, Old:ON, New:Reading
Zero Mode Changed: 8/19/2022 1:14:46 PM, Old:Reading, New:ON
Scan mode: Changed: 8/19/2022 1:16:06 PM, Old:Excitation, New:Emission
Excitation Wavelength Changed: 8/19/2022 1:16:06 PM, Old: 220.00, New: 340.00
Emission Wavelength Changed: 8/19/2022 1:16:06 PM, Old: 420.00, New: 350.00
Stop Wavelength Changed: 8/19/2022 1:16:06 PM, Old: 400.00, New: 600.00
Zero Mode Changed: 8/19/2022 1:16:08 PM, Old:ON, New:Reading
Zero Mode Changed: 8/19/2022 1:16:08 PM, Old:Reading, New:ON
Scan mode: Changed: 8/19/2022 1:18:23 PM, Old:Emission, New:Excitation
Excitation Wavelength Changed: 8/19/2022 1:18:23 PM, Old: 340.00, New: 200.00
Emission Wavelength Changed: 8/19/2022 1:18:23 PM, Old: 350.00, New: 415.00
Stop Wavelength Changed: 8/19/2022 1:18:23 PM, Old: 600.00, New: 400.00
Zero Mode Changed: 8/19/2022 12:28:38 PM, Old:ON, New:Reading
Zero Mode Changed: 8/19/2022 12:28:38 PM, Old:Reading, New:ON
Emission Wavelength Changed: 8/19/2022 12:29:15 PM, Old: 415.00, New: 420.00
Stop Wavelength Changed: 8/19/2022 12:29:15 PM, Old: 400.00, New: 410.00
Zero Mode Changed: 8/19/2022 12:29:19 PM, Old:ON, New:Reading
Zero Mode Changed: 8/19/2022 12:29:20 PM, Old:Reading, New:ON
Emission Wavelength Changed: 8/19/2022 12:30:25 PM, Old: 420.00, New: 415.00
Stop Wavelength Changed: 8/19/2022 12:30:25 PM, Old: 410.00, New: 405.00
Zero Mode Changed: 8/19/2022 12:30:27 PM, Old:ON, New:Reading
Zero Mode Changed: 8/19/2022 12:30:28 PM, Old:Reading, New:ON
Scan mode: Changed: 8/19/2022 12:32:30 PM, Old:Excitation, New:Emission
Excitation Wavelength Changed: 8/19/2022 12:32:30 PM, Old: 200.00, New: 340.00
Emission Wavelength Changed: 8/19/2022 12:32:30 PM, Old: 415.00, New: 350.00
Stop Wavelength Changed: 8/19/2022 12:32:30 PM, Old: 405.00, New: 600.00
Zero Mode Changed: 8/19/2022 12:32:36 PM, Old:ON, New:Reading
Zero Mode Changed: 8/19/2022 12:32:36 PM, Old:Reading, New:ON
Scan mode: Changed: 8/19/2022 12:34:00 PM, Old:Emission, New:Excitation
Excitation Wavelength Changed: 8/19/2022 12:34:00 PM, Old: 340.00, New: 200.00
Emission Wavelength Changed: 8/19/2022 12:34:00 PM, Old: 350.00, New: 316.00
Stop Wavelength Changed: 8/19/2022 12:34:00 PM, Old: 600.00, New: 306.00
Zero Mode Changed: 8/19/2022 12:34:03 PM, Old:ON, New:Reading
Zero Mode Changed: 8/19/2022 12:34:04 PM, Old:Reading, New:ON
Emission Wavelength Changed: 8/19/2022 12:35:24 PM, Old: 316.00, New: 416.00
Stop Wavelength Changed: 8/19/2022 12:35:24 PM, Old: 306.00, New: 406.00
Zero Mode Changed: 8/19/2022 12:35:26 PM, Old:ON, New:Reading
Zero Mode Changed: 8/19/2022 12:35:26 PM, Old:Reading, New:ON
Zero Mode Changed: 8/19/2022 12:35:50 PM, Old:ON, New:Reading
Zero Mode Changed: 8/19/2022 12:35:51 PM, Old:Reading, New:ON
Emission Wavelength Changed: 8/19/2022 12:36:54 PM, Old: 416.00, New: 420.00
Stop Wavelength Changed: 8/19/2022 12:36:54 PM, Old: 406.00, New: 410.00
Zero Mode Changed: 8/19/2022 12:36:56 PM, Old:ON, New:Reading
Zero Mode Changed: 8/19/2022 12:36:56 PM, Old:Reading, New:ON
Excitation Wavelength Changed: 8/19/2022 12:39:59 PM, Old: 200.00, New: 240.00
Zero Mode Changed: 8/19/2022 12:40:11 PM, Old:ON, New:Reading
Zero Mode Changed: 8/19/2022 12:40:12 PM, Old:Reading, New:ON
Emission Wavelength Changed: 8/19/2022 12:43:15 PM, Old: 420.00, New: 410.00
Zero Mode Changed: 8/19/2022 12:43:17 PM, Old:ON, New:Reading
Zero Mode Changed: 8/19/2022 12:43:17 PM, Old:Reading, New:ON
Stop Wavelength Changed: 8/19/2022 12:43:55 PM, Old: 410.00, New: 400.00
Zero Mode Changed: 8/19/2022 12:43:57 PM, Old:ON, New:Reading
Zero Mode Changed: 8/19/2022 12:43:57 PM, Old:Reading, New:ON
Scan mode: Changed: 8/19/2022 12:47:00 PM, Old:Excitation, New:Emission
Excitation Wavelength Changed: 8/19/2022 12:47:00 PM, Old: 240.00, New: 336.00
Emission Wavelength Changed: 8/19/2022 12:47:00 PM, Old: 410.00, New: 346.00
Stop Wavelength Changed: 8/19/2022 12:47:00 PM, Old: 400.00, New: 600.00
Zero Mode Changed: 8/19/2022 12:47:05 PM, Old:ON, New:Reading
Zero Mode Changed: 8/19/2022 12:47:05 PM, Old:Reading, New:ON
Scan mode: Changed: 8/19/2022 12:54:02 PM, Old:Emission, New:Excitation
Excitation Wavelength Changed: 8/19/2022 12:54:02 PM, Old: 336.00, New: 200.00
Emission Wavelength Changed: 8/19/2022 12:54:02 PM, Old: 346.00, New: 416.00
Stop Wavelength Changed: 8/19/2022 12:54:02 PM, Old: 600.00, New: 406.00
Zero Mode Changed: 8/19/2022 12:54:05 PM, Old:ON, New:Reading
Zero Mode Changed: 8/19/2022 12:54:05 PM, Old:Reading, New:ON
Excitation Wavelength Changed: 8/19/2022 12:55:14 PM, Old: 200.00, New: 240.00
Zero Mode Changed: 8/19/2022 12:55:18 PM, Old:ON, New:Reading
Zero Mode Changed: 8/19/2022 12:55:19 PM, Old:Reading, New:ON
Scan mode: Changed: 8/19/2022 12:56:39 PM, Old:Excitation, New:Emission
Excitation Wavelength Changed: 8/19/2022 12:56:39 PM, Old: 240.00, New: 335.00
Emission Wavelength Changed: 8/19/2022 12:56:39 PM, Old: 416.00, New: 345.00
Stop Wavelength Changed: 8/19/2022 12:56:39 PM, Old: 406.00, New: 600.00
Zero Mode Changed: 8/19/2022 12:56:42 PM, Old:ON, New:Reading
Zero Mode Changed: 8/19/2022 12:56:43 PM, Old:Reading, New:ON
Scan mode: Changed: 8/19/2022 12:58:09 PM, Old:Emission, New:Excitation
Excitation Wavelength Changed: 8/19/2022 12:58:09 PM, Old: 335.00, New: 200.00
Emission Wavelength Changed: 8/19/2022 12:58:09 PM, Old: 345.00, New: 420.00
Stop Wavelength Changed: 8/19/2022 12:58:09 PM, Old: 600.00, New: 410.00
Zero Mode Changed: 8/19/2022 12:58:12 PM, Old:ON, New:Reading
Zero Mode Changed: 8/19/2022 12:58:12 PM, Old:Reading, New:ON
Excitation Wavelength Changed: 8/19/2022 12:58:54 PM, Old: 200.00, New: 240.00
Zero Mode Changed: 8/19/2022 12:58:56 PM, Old:ON, New:Reading
Zero Mode Changed: 8/19/2022 12:58:56 PM, Old:Reading, New:ON
Scan mode: Changed: 8/19/2022 1:01:10 PM, Old:Excitation, New:Emission
Excitation Wavelength Changed: 8/19/2022 1:01:10 PM, Old: 240.00, New: 337.00
Emission Wavelength Changed: 8/19/2022 1:01:10 PM, Old: 420.00, New: 347.00
Stop Wavelength Changed: 8/19/2022 1:01:10 PM, Old: 410.00, New: 600.00
Zero Mode Changed: 8/19/2022 1:01:19 PM, Old:ON, New:Reading
Zero Mode Changed: 8/19/2022 1:01:19 PM, Old:Reading, New:ON
Excitation Wavelength Changed: 8/19/2022 1:02:21 PM, Old: 337.00, New: 345.00
Emission Wavelength Changed: 8/19/2022 1:02:21 PM, Old: 347.00, New: 355.00
Zero Mode Changed: 8/19/2022 1:02:24 PM, Old:ON, New:Reading
Zero Mode Changed: 8/19/2022 1:02:24 PM, Old:Reading, New:ON
Excitation Wavelength Changed: 8/19/2022 1:03:50 PM, Old: 345.00, New: 325.00
Emission Wavelength Changed: 8/19/2022 1:03:50 PM, Old: 355.00, New: 335.00
Zero Mode Changed: 8/19/2022 1:03:52 PM, Old:ON, New:Reading
Zero Mode Changed: 8/19/2022 1:03:52 PM, Old:Reading, New:ON
End Method Modifications

CdS 50sec ODE2 Toluene1 em410,
CdS 50sec ODE2 Toluene1 em410
Collection Time: 8/19/2022 1:06:44 PM
Operator Name  :
Scan Software Version: 1.1(132)
Parameter List :
Instrument                        Cary Eclipse
Instrument Serial Number          E08013467
Data mode                         Fluorescence
Scan mode                         Excitation
X Mode                            Wavelength (nm)
Start (nm)                        240.00
Stop (nm)                         400.00
Em. Wavelength (nm)               410.00
Ex. Slit (nm)                     5
Em. Slit (nm)                     5
Scan rate (nm/min)                600.00
Data interval (nm)                1.0000
Averaging Time (s)                0.1000
Excitation filter                 Auto
Emission filter                   Open
PMT voltage (V)                   Medium
Corrected spectra                 OFF
Method Log     :
Method Name    : Default
Date/Time stamp: 8/19/2022 12:21:40 PM
Method Modifications:
Zero Mode Changed: 8/19/2022 1:01:28 PM, Old:OFF, New:Reading
Zero Mode Changed: 8/19/2022 1:01:28 PM, Old:Reading, New:ON
Excitation Wavelength Changed: 8/19/2022 1:04:17 PM, Old: 350.00, New: 284.00
Emission Wavelength Changed: 8/19/2022 1:04:17 PM, Old: 400.00, New: 300.00
Stop Wavelength Changed: 8/19/2022 1:04:17 PM, Old: 600.00, New: 550.00
Zero Mode Changed: 8/19/2022 1:04:20 PM, Old:ON, New:Reading
Zero Mode Changed: 8/19/2022 1:04:20 PM, Old:Reading, New:ON
Emission Wavelength Changed: 8/19/2022 1:05:41 PM, Old: 300.00, New: 290.00
Zero Mode Changed: 8/19/2022 1:05:43 PM, Old:ON, New:Reading
Zero Mode Changed: 8/19/2022 1:05:43 PM, Old:Reading, New:ON
Scan mode: Changed: 8/19/2022 1:07:20 PM, Old:Emission, New:Excitation
Excitation Wavelength Changed: 8/19/2022 1:07:20 PM, Old: 284.00, New: 220.00
Emission Wavelength Changed: 8/19/2022 1:07:20 PM, Old: 290.00, New: 330.00
Stop Wavelength Changed: 8/19/2022 1:07:20 PM, Old: 550.00, New: 320.00
Zero Mode Changed: 8/19/2022 1:07:23 PM, Old:ON, New:Reading
Zero Mode Changed: 8/19/2022 1:07:24 PM, Old:Reading, New:ON
Scan mode: Changed: 8/19/2022 1:09:00 PM, Old:Excitation, New:Emission
Excitation Wavelength Changed: 8/19/2022 1:09:00 PM, Old: 220.00, New: 287.00
Emission Wavelength Changed: 8/19/2022 1:09:00 PM, Old: 330.00, New: 297.00
Stop Wavelength Changed: 8/19/2022 1:09:00 PM, Old: 320.00, New: 550.00
Zero Mode Changed: 8/19/2022 1:09:02 PM, Old:ON, New:Reading
Zero Mode Changed: 8/19/2022 1:09:03 PM, Old:Reading, New:ON
Excitation Wavelength Changed: 8/19/2022 1:10:13 PM, Old: 287.00, New: 300.00
Emission Wavelength Changed: 8/19/2022 1:10:13 PM, Old: 297.00, New: 310.00
Zero Mode Changed: 8/19/2022 1:10:15 PM, Old:ON, New:Reading
Zero Mode Changed: 8/19/2022 1:10:15 PM, Old:Reading, New:ON
Overlayed Graphs Changed: 8/19/2022 1:12:23 PM, Old:OFF, New:ON
Scan mode: Changed: 8/19/2022 1:13:08 PM, Old:Emission, New:Excitation
Excitation Wavelength Changed: 8/19/2022 1:13:08 PM, Old: 300.00, New: 220.00
Emission Wavelength Changed: 8/19/2022 1:13:08 PM, Old: 310.00, New: 350.00
Stop Wavelength Changed: 8/19/2022 1:13:08 PM, Old: 550.00, New: 340.00
Zero Mode Changed: 8/19/2022 1:13:11 PM, Old:ON, New:Reading
Zero Mode Changed: 8/19/2022 1:13:12 PM, Old:Reading, New:ON
Emission Wavelength Changed: 8/19/2022 12:22:43 PM, Old: 350.00, New: 400.00
Stop Wavelength Changed: 8/19/2022 12:22:43 PM, Old: 340.00, New: 390.00
Zero Mode Changed: 8/19/2022 12:22:45 PM, Old:ON, New:Reading
Zero Mode Changed: 8/19/2022 12:22:45 PM, Old:Reading, New:ON
Scan mode: Changed: 8/19/2022 12:27:15 PM, Old:Excitation, New:Emission
Excitation Wavelength Changed: 8/19/2022 12:27:15 PM, Old: 220.00, New: 330.00
Emission Wavelength Changed: 8/19/2022 12:27:15 PM, Old: 400.00, New: 340.00
Stop Wavelength Changed: 8/19/2022 12:27:15 PM, Old: 390.00, New: 600.00
Excitation Wavelength Changed: 8/19/2022 12:30:30 PM, Old: 330.00, New: 310.00
Emission Wavelength Changed: 8/19/2022 12:30:30 PM, Old: 340.00, New: 320.00
Zero Mode Changed: 8/19/2022 12:30:32 PM, Old:ON, New:Reading
Zero Mode Changed: 8/19/2022 12:30:33 PM, Old:Reading, New:ON
Excitation Wavelength Changed: 8/19/2022 12:32:16 PM, Old: 310.00, New: 350.00
Emission Wavelength Changed: 8/19/2022 12:32:16 PM, Old: 320.00, New: 360.00
Scan mode: Changed: 8/19/2022 12:34:16 PM, Old:Emission, New:Excitation
Excitation Wavelength Changed: 8/19/2022 12:34:16 PM, Old: 350.00, New: 220.00
Emission Wavelength Changed: 8/19/2022 12:34:16 PM, Old: 360.00, New: 417.00
Stop Wavelength Changed: 8/19/2022 12:34:16 PM, Old: 600.00, New: 407.00
Zero Mode Changed: 8/19/2022 12:34:20 PM, Old:ON, New:Reading
Zero Mode Changed: 8/19/2022 12:34:20 PM, Old:Reading, New:ON
Emission Wavelength Changed: 8/19/2022 12:42:33 PM, Old: 417.00, New: 400.00
Stop Wavelength Changed: 8/19/2022 12:42:33 PM, Old: 407.00, New: 390.00
Zero Mode Changed: 8/19/2022 12:42:34 PM, Old:ON, New:Reading
Zero Mode Changed: 8/19/2022 12:42:34 PM, Old:Reading, New:ON
Scan mode: Changed: 8/19/2022 12:43:36 PM, Old:Excitation, New:Emission
Excitation Wavelength Changed: 8/19/2022 12:43:36 PM, Old: 220.00, New: 327.00
Emission Wavelength Changed: 8/19/2022 12:43:36 PM, Old: 400.00, New: 337.00
Stop Wavelength Changed: 8/19/2022 12:43:36 PM, Old: 390.00, New: 600.00
Zero Mode Changed: 8/19/2022 12:43:38 PM, Old:ON, New:Reading
Zero Mode Changed: 8/19/2022 12:43:38 PM, Old:Reading, New:ON
Excitation Wavelength Changed: 8/19/2022 12:45:05 PM, Old: 327.00, New: 330.00
Emission Wavelength Changed: 8/19/2022 12:45:05 PM, Old: 337.00, New: 340.00
Zero Mode Changed: 8/19/2022 12:45:20 PM, Old:ON, New:Reading
Zero Mode Changed: 8/19/2022 12:45:21 PM, Old:Reading, New:ON
Scan mode: Changed: 8/19/2022 12:46:37 PM, Old:Emission, New:Excitation
Excitation Wavelength Changed: 8/19/2022 12:46:37 PM, Old: 330.00, New: 220.00
Emission Wavelength Changed: 8/19/2022 12:46:37 PM, Old: 340.00, New: 405.00
Stop Wavelength Changed: 8/19/2022 12:46:37 PM, Old: 600.00, New: 395.00
Zero Mode Changed: 8/19/2022 12:46:42 PM, Old:ON, New:Reading
Zero Mode Changed: 8/19/2022 12:46:42 PM, Old:Reading, New:ON
Emission Wavelength Changed: 8/19/2022 12:47:39 PM, Old: 405.00, New: 410.00
Zero Mode Changed: 8/19/2022 12:47:41 PM, Old:ON, New:Reading
Zero Mode Changed: 8/19/2022 12:47:41 PM, Old:Reading, New:ON
Emission Wavelength Changed: 8/19/2022 12:48:27 PM, Old: 410.00, New: 420.00
Zero Mode Changed: 8/19/2022 12:48:29 PM, Old:ON, New:Reading
Zero Mode Changed: 8/19/2022 12:48:29 PM, Old:Reading, New:ON
Zero Mode Changed: 8/19/2022 12:55:27 PM, Old:ON, New:Reading
Zero Mode Changed: 8/19/2022 12:55:27 PM, Old:Reading, New:ON
Zero Mode Changed: 8/19/2022 12:55:42 PM, Old:ON, New:Reading
Zero Mode Changed: 8/19/2022 12:55:43 PM, Old:Reading, New:ON
Excitation Wavelength Changed: 8/19/2022 1:04:36 PM, Old: 220.00, New: 200.00
Emission Wavelength Changed: 8/19/2022 1:04:36 PM, Old: 420.00, New: 342.00
Stop Wavelength Changed: 8/19/2022 1:04:36 PM, Old: 395.00, New: 332.00
Zero Mode Changed: 8/19/2022 1:04:39 PM, Old:ON, New:Reading
Zero Mode Changed: 8/19/2022 1:04:40 PM, Old:Reading, New:ON
Scan mode: Changed: 8/19/2022 1:12:22 PM, Old:Excitation, New:Emission
Excitation Wavelength Changed: 8/19/2022 1:12:22 PM, Old: 200.00, New: 420.00
Emission Wavelength Changed: 8/19/2022 1:12:22 PM, Old: 342.00, New: 430.00
Stop Wavelength Changed: 8/19/2022 1:12:22 PM, Old: 332.00, New: 600.00
Zero Mode Changed: 8/19/2022 1:12:28 PM, Old:ON, New:Reading
Zero Mode Changed: 8/19/2022 1:12:29 PM, Old:Reading, New:ON
Scan mode: Changed: 8/19/2022 1:14:41 PM, Old:Emission, New:Excitation
Excitation Wavelength Changed: 8/19/2022 1:14:41 PM, Old: 420.00, New: 220.00
Emission Wavelength Changed: 8/19/2022 1:14:41 PM, Old: 430.00, New: 420.00
Stop Wavelength Changed: 8/19/2022 1:14:41 PM, Old: 600.00, New: 400.00
Zero Mode Changed: 8/19/2022 1:14:46 PM, Old:ON, New:Reading
Zero Mode Changed: 8/19/2022 1:14:46 PM, Old:Reading, New:ON
Scan mode: Changed: 8/19/2022 1:16:06 PM, Old:Excitation, New:Emission
Excitation Wavelength Changed: 8/19/2022 1:16:06 PM, Old: 220.00, New: 340.00
Emission Wavelength Changed: 8/19/2022 1:16:06 PM, Old: 420.00, New: 350.00
Stop Wavelength Changed: 8/19/2022 1:16:06 PM, Old: 400.00, New: 600.00
Zero Mode Changed: 8/19/2022 1:16:08 PM, Old:ON, New:Reading
Zero Mode Changed: 8/19/2022 1:16:08 PM, Old:Reading, New:ON
Scan mode: Changed: 8/19/2022 1:18:23 PM, Old:Emission, New:Excitation
Excitation Wavelength Changed: 8/19/2022 1:18:23 PM, Old: 340.00, New: 200.00
Emission Wavelength Changed: 8/19/2022 1:18:23 PM, Old: 350.00, New: 415.00
Stop Wavelength Changed: 8/19/2022 1:18:23 PM, Old: 600.00, New: 400.00
Zero Mode Changed: 8/19/2022 12:28:38 PM, Old:ON, New:Reading
Zero Mode Changed: 8/19/2022 12:28:38 PM, Old:Reading, New:ON
Emission Wavelength Changed: 8/19/2022 12:29:15 PM, Old: 415.00, New: 420.00
Stop Wavelength Changed: 8/19/2022 12:29:15 PM, Old: 400.00, New: 410.00
Zero Mode Changed: 8/19/2022 12:29:19 PM, Old:ON, New:Reading
Zero Mode Changed: 8/19/2022 12:29:20 PM, Old:Reading, New:ON
Emission Wavelength Changed: 8/19/2022 12:30:25 PM, Old: 420.00, New: 415.00
Stop Wavelength Changed: 8/19/2022 12:30:25 PM, Old: 410.00, New: 405.00
Zero Mode Changed: 8/19/2022 12:30:27 PM, Old:ON, New:Reading
Zero Mode Changed: 8/19/2022 12:30:28 PM, Old:Reading, New:ON
Scan mode: Changed: 8/19/2022 12:32:30 PM, Old:Excitation, New:Emission
Excitation Wavelength Changed: 8/19/2022 12:32:30 PM, Old: 200.00, New: 340.00
Emission Wavelength Changed: 8/19/2022 12:32:30 PM, Old: 415.00, New: 350.00
Stop Wavelength Changed: 8/19/2022 12:32:30 PM, Old: 405.00, New: 600.00
Zero Mode Changed: 8/19/2022 12:32:36 PM, Old:ON, New:Reading
Zero Mode Changed: 8/19/2022 12:32:36 PM, Old:Reading, New:ON
Scan mode: Changed: 8/19/2022 12:34:00 PM, Old:Emission, New:Excitation
Excitation Wavelength Changed: 8/19/2022 12:34:00 PM, Old: 340.00, New: 200.00
Emission Wavelength Changed: 8/19/2022 12:34:00 PM, Old: 350.00, New: 316.00
Stop Wavelength Changed: 8/19/2022 12:34:00 PM, Old: 600.00, New: 306.00
Zero Mode Changed: 8/19/2022 12:34:03 PM, Old:ON, New:Reading
Zero Mode Changed: 8/19/2022 12:34:04 PM, Old:Reading, New:ON
Emission Wavelength Changed: 8/19/2022 12:35:24 PM, Old: 316.00, New: 416.00
Stop Wavelength Changed: 8/19/2022 12:35:24 PM, Old: 306.00, New: 406.00
Zero Mode Changed: 8/19/2022 12:35:26 PM, Old:ON, New:Reading
Zero Mode Changed: 8/19/2022 12:35:26 PM, Old:Reading, New:ON
Zero Mode Changed: 8/19/2022 12:35:50 PM, Old:ON, New:Reading
Zero Mode Changed: 8/19/2022 12:35:51 PM, Old:Reading, New:ON
Emission Wavelength Changed: 8/19/2022 12:36:54 PM, Old: 416.00, New: 420.00
Stop Wavelength Changed: 8/19/2022 12:36:54 PM, Old: 406.00, New: 410.00
Zero Mode Changed: 8/19/2022 12:36:56 PM, Old:ON, New:Reading
Zero Mode Changed: 8/19/2022 12:36:56 PM, Old:Reading, New:ON
Excitation Wavelength Changed: 8/19/2022 12:39:59 PM, Old: 200.00, New: 240.00
Zero Mode Changed: 8/19/2022 12:40:11 PM, Old:ON, New:Reading
Zero Mode Changed: 8/19/2022 12:40:12 PM, Old:Reading, New:ON
Emission Wavelength Changed: 8/19/2022 12:43:15 PM, Old: 420.00, New: 410.00
Zero Mode Changed: 8/19/2022 12:43:17 PM, Old:ON, New:Reading
Zero Mode Changed: 8/19/2022 12:43:17 PM, Old:Reading, New:ON
Stop Wavelength Changed: 8/19/2022 12:43:55 PM, Old: 410.00, New: 400.00
Zero Mode Changed: 8/19/2022 12:43:57 PM, Old:ON, New:Reading
Zero Mode Changed: 8/19/2022 12:43:57 PM, Old:Reading, New:ON
Scan mode: Changed: 8/19/2022 12:47:00 PM, Old:Excitation, New:Emission
Excitation Wavelength Changed: 8/19/2022 12:47:00 PM, Old: 240.00, New: 336.00
Emission Wavelength Changed: 8/19/2022 12:47:00 PM, Old: 410.00, New: 346.00
Stop Wavelength Changed: 8/19/2022 12:47:00 PM, Old: 400.00, New: 600.00
Zero Mode Changed: 8/19/2022 12:47:05 PM, Old:ON, New:Reading
Zero Mode Changed: 8/19/2022 12:47:05 PM, Old:Reading, New:ON
Scan mode: Changed: 8/19/2022 12:54:02 PM, Old:Emission, New:Excitation
Excitation Wavelength Changed: 8/19/2022 12:54:02 PM, Old: 336.00, New: 200.00
Emission Wavelength Changed: 8/19/2022 12:54:02 PM, Old: 346.00, New: 416.00
Stop Wavelength Changed: 8/19/2022 12:54:02 PM, Old: 600.00, New: 406.00
Zero Mode Changed: 8/19/2022 12:54:05 PM, Old:ON, New:Reading
Zero Mode Changed: 8/19/2022 12:54:05 PM, Old:Reading, New:ON
Excitation Wavelength Changed: 8/19/2022 12:55:14 PM, Old: 200.00, New: 240.00
Zero Mode Changed: 8/19/2022 12:55:18 PM, Old:ON, New:Reading
Zero Mode Changed: 8/19/2022 12:55:19 PM, Old:Reading, New:ON
Scan mode: Changed: 8/19/2022 12:56:39 PM, Old:Excitation, New:Emission
Excitation Wavelength Changed: 8/19/2022 12:56:39 PM, Old: 240.00, New: 335.00
Emission Wavelength Changed: 8/19/2022 12:56:39 PM, Old: 416.00, New: 345.00
Stop Wavelength Changed: 8/19/2022 12:56:39 PM, Old: 406.00, New: 600.00
Zero Mode Changed: 8/19/2022 12:56:42 PM, Old:ON, New:Reading
Zero Mode Changed: 8/19/2022 12:56:43 PM, Old:Reading, New:ON
Scan mode: Changed: 8/19/2022 12:58:09 PM, Old:Emission, New:Excitation
Excitation Wavelength Changed: 8/19/2022 12:58:09 PM, Old: 335.00, New: 200.00
Emission Wavelength Changed: 8/19/2022 12:58:09 PM, Old: 345.00, New: 420.00
Stop Wavelength Changed: 8/19/2022 12:58:09 PM, Old: 600.00, New: 410.00
Zero Mode Changed: 8/19/2022 12:58:12 PM, Old:ON, New:Reading
Zero Mode Changed: 8/19/2022 12:58:12 PM, Old:Reading, New:ON
Excitation Wavelength Changed: 8/19/2022 12:58:54 PM, Old: 200.00, New: 240.00
Zero Mode Changed: 8/19/2022 12:58:56 PM, Old:ON, New:Reading
Zero Mode Changed: 8/19/2022 12:58:56 PM, Old:Reading, New:ON
Scan mode: Changed: 8/19/2022 1:01:10 PM, Old:Excitation, New:Emission
Excitation Wavelength Changed: 8/19/2022 1:01:10 PM, Old: 240.00, New: 337.00
Emission Wavelength Changed: 8/19/2022 1:01:10 PM, Old: 420.00, New: 347.00
Stop Wavelength Changed: 8/19/2022 1:01:10 PM, Old: 410.00, New: 600.00
Zero Mode Changed: 8/19/2022 1:01:19 PM, Old:ON, New:Reading
Zero Mode Changed: 8/19/2022 1:01:19 PM, Old:Reading, New:ON
Excitation Wavelength Changed: 8/19/2022 1:02:21 PM, Old: 337.00, New: 345.00
Emission Wavelength Changed: 8/19/2022 1:02:21 PM, Old: 347.00, New: 355.00
Zero Mode Changed: 8/19/2022 1:02:24 PM, Old:ON, New:Reading
Zero Mode Changed: 8/19/2022 1:02:24 PM, Old:Reading, New:ON
Excitation Wavelength Changed: 8/19/2022 1:03:50 PM, Old: 345.00, New: 325.00
Emission Wavelength Changed: 8/19/2022 1:03:50 PM, Old: 355.00, New: 335.00
Zero Mode Changed: 8/19/2022 1:03:52 PM, Old:ON, New:Reading
Zero Mode Changed: 8/19/2022 1:03:52 PM, Old:Reading, New:ON
Scan mode: Changed: 8/19/2022 1:06:29 PM, Old:Emission, New:Excitation
Excitation Wavelength Changed: 8/19/2022 1:06:29 PM, Old: 325.00, New: 240.00
Emission Wavelength Changed: 8/19/2022 1:06:29 PM, Old: 335.00, New: 410.00
Stop Wavelength Changed: 8/19/2022 1:06:29 PM, Old: 600.00, New: 400.00
Zero Mode Changed: 8/19/2022 1:06:32 PM, Old:ON, New:Reading
Zero Mode Changed: 8/19/2022 1:06:33 PM, Old:Reading, New:ON
End Method Modifications

CdS 50sec ODE2 Toluene1 ex333,
CdS 50sec ODE2 Toluene1 ex333
Collection Time: 8/19/2022 1:07:34 PM
Operator Name  :
Scan Software Version: 1.1(132)
Parameter List :
Instrument                        Cary Eclipse
Instrument Serial Number          E08013467
Data mode                         Fluorescence
Scan mode                         Emission
X Mode                            Wavelength (nm)
Start (nm)                        343.00
Stop (nm)                         600.00
Ex. Wavelength (nm)               333.00
Ex. Slit (nm)                     5
Em. Slit (nm)                     5
Scan rate (nm/min)                600.00
Data interval (nm)                1.0000
Averaging Time (s)                0.1000
Excitation filter                 Auto
Emission filter                   Open
PMT voltage (V)                   Medium
Corrected spectra                 OFF
Method Log     :
Method Name    : Default
Date/Time stamp: 8/19/2022 12:21:40 PM
Method Modifications:
Zero Mode Changed: 8/19/2022 1:01:28 PM, Old:OFF, New:Reading
Zero Mode Changed: 8/19/2022 1:01:28 PM, Old:Reading, New:ON
Excitation Wavelength Changed: 8/19/2022 1:04:17 PM, Old: 350.00, New: 284.00
Emission Wavelength Changed: 8/19/2022 1:04:17 PM, Old: 400.00, New: 300.00
Stop Wavelength Changed: 8/19/2022 1:04:17 PM, Old: 600.00, New: 550.00
Zero Mode Changed: 8/19/2022 1:04:20 PM, Old:ON, New:Reading
Zero Mode Changed: 8/19/2022 1:04:20 PM, Old:Reading, New:ON
Emission Wavelength Changed: 8/19/2022 1:05:41 PM, Old: 300.00, New: 290.00
Zero Mode Changed: 8/19/2022 1:05:43 PM, Old:ON, New:Reading
Zero Mode Changed: 8/19/2022 1:05:43 PM, Old:Reading, New:ON
Scan mode: Changed: 8/19/2022 1:07:20 PM, Old:Emission, New:Excitation
Excitation Wavelength Changed: 8/19/2022 1:07:20 PM, Old: 284.00, New: 220.00
Emission Wavelength Changed: 8/19/2022 1:07:20 PM, Old: 290.00, New: 330.00
Stop Wavelength Changed: 8/19/2022 1:07:20 PM, Old: 550.00, New: 320.00
Zero Mode Changed: 8/19/2022 1:07:23 PM, Old:ON, New:Reading
Zero Mode Changed: 8/19/2022 1:07:24 PM, Old:Reading, New:ON
Scan mode: Changed: 8/19/2022 1:09:00 PM, Old:Excitation, New:Emission
Excitation Wavelength Changed: 8/19/2022 1:09:00 PM, Old: 220.00, New: 287.00
Emission Wavelength Changed: 8/19/2022 1:09:00 PM, Old: 330.00, New: 297.00
Stop Wavelength Changed: 8/19/2022 1:09:00 PM, Old: 320.00, New: 550.00
Zero Mode Changed: 8/19/2022 1:09:02 PM, Old:ON, New:Reading
Zero Mode Changed: 8/19/2022 1:09:03 PM, Old:Reading, New:ON
Excitation Wavelength Changed: 8/19/2022 1:10:13 PM, Old: 287.00, New: 300.00
Emission Wavelength Changed: 8/19/2022 1:10:13 PM, Old: 297.00, New: 310.00
Zero Mode Changed: 8/19/2022 1:10:15 PM, Old:ON, New:Reading
Zero Mode Changed: 8/19/2022 1:10:15 PM, Old:Reading, New:ON
Overlayed Graphs Changed: 8/19/2022 1:12:23 PM, Old:OFF, New:ON
Scan mode: Changed: 8/19/2022 1:13:08 PM, Old:Emission, New:Excitation
Excitation Wavelength Changed: 8/19/2022 1:13:08 PM, Old: 300.00, New: 220.00
Emission Wavelength Changed: 8/19/2022 1:13:08 PM, Old: 310.00, New: 350.00
Stop Wavelength Changed: 8/19/2022 1:13:08 PM, Old: 550.00, New: 340.00
Zero Mode Changed: 8/19/2022 1:13:11 PM, Old:ON, New:Reading
Zero Mode Changed: 8/19/2022 1:13:12 PM, Old:Reading, New:ON
Emission Wavelength Changed: 8/19/2022 12:22:43 PM, Old: 350.00, New: 400.00
Stop Wavelength Changed: 8/19/2022 12:22:43 PM, Old: 340.00, New: 390.00
Zero Mode Changed: 8/19/2022 12:22:45 PM, Old:ON, New:Reading
Zero Mode Changed: 8/19/2022 12:22:45 PM, Old:Reading, New:ON
Scan mode: Changed: 8/19/2022 12:27:15 PM, Old:Excitation, New:Emission
Excitation Wavelength Changed: 8/19/2022 12:27:15 PM, Old: 220.00, New: 330.00
Emission Wavelength Changed: 8/19/2022 12:27:15 PM, Old: 400.00, New: 340.00
Stop Wavelength Changed: 8/19/2022 12:27:15 PM, Old: 390.00, New: 600.00
Excitation Wavelength Changed: 8/19/2022 12:30:30 PM, Old: 330.00, New: 310.00
Emission Wavelength Changed: 8/19/2022 12:30:30 PM, Old: 340.00, New: 320.00
Zero Mode Changed: 8/19/2022 12:30:32 PM, Old:ON, New:Reading
Zero Mode Changed: 8/19/2022 12:30:33 PM, Old:Reading, New:ON
Excitation Wavelength Changed: 8/19/2022 12:32:16 PM, Old: 310.00, New: 350.00
Emission Wavelength Changed: 8/19/2022 12:32:16 PM, Old: 320.00, New: 360.00
Scan mode: Changed: 8/19/2022 12:34:16 PM, Old:Emission, New:Excitation
Excitation Wavelength Changed: 8/19/2022 12:34:16 PM, Old: 350.00, New: 220.00
Emission Wavelength Changed: 8/19/2022 12:34:16 PM, Old: 360.00, New: 417.00
Stop Wavelength Changed: 8/19/2022 12:34:16 PM, Old: 600.00, New: 407.00
Zero Mode Changed: 8/19/2022 12:34:20 PM, Old:ON, New:Reading
Zero Mode Changed: 8/19/2022 12:34:20 PM, Old:Reading, New:ON
Emission Wavelength Changed: 8/19/2022 12:42:33 PM, Old: 417.00, New: 400.00
Stop Wavelength Changed: 8/19/2022 12:42:33 PM, Old: 407.00, New: 390.00
Zero Mode Changed: 8/19/2022 12:42:34 PM, Old:ON, New:Reading
Zero Mode Changed: 8/19/2022 12:42:34 PM, Old:Reading, New:ON
Scan mode: Changed: 8/19/2022 12:43:36 PM, Old:Excitation, New:Emission
Excitation Wavelength Changed: 8/19/2022 12:43:36 PM, Old: 220.00, New: 327.00
Emission Wavelength Changed: 8/19/2022 12:43:36 PM, Old: 400.00, New: 337.00
Stop Wavelength Changed: 8/19/2022 12:43:36 PM, Old: 390.00, New: 600.00
Zero Mode Changed: 8/19/2022 12:43:38 PM, Old:ON, New:Reading
Zero Mode Changed: 8/19/2022 12:43:38 PM, Old:Reading, New:ON
Excitation Wavelength Changed: 8/19/2022 12:45:05 PM, Old: 327.00, New: 330.00
Emission Wavelength Changed: 8/19/2022 12:45:05 PM, Old: 337.00, New: 340.00
Zero Mode Changed: 8/19/2022 12:45:20 PM, Old:ON, New:Reading
Zero Mode Changed: 8/19/2022 12:45:21 PM, Old:Reading, New:ON
Scan mode: Changed: 8/19/2022 12:46:37 PM, Old:Emission, New:Excitation
Excitation Wavelength Changed: 8/19/2022 12:46:37 PM, Old: 330.00, New: 220.00
Emission Wavelength Changed: 8/19/2022 12:46:37 PM, Old: 340.00, New: 405.00
Stop Wavelength Changed: 8/19/2022 12:46:37 PM, Old: 600.00, New: 395.00
Zero Mode Changed: 8/19/2022 12:46:42 PM, Old:ON, New:Reading
Zero Mode Changed: 8/19/2022 12:46:42 PM, Old:Reading, New:ON
Emission Wavelength Changed: 8/19/2022 12:47:39 PM, Old: 405.00, New: 410.00
Zero Mode Changed: 8/19/2022 12:47:41 PM, Old:ON, New:Reading
Zero Mode Changed: 8/19/2022 12:47:41 PM, Old:Reading, New:ON
Emission Wavelength Changed: 8/19/2022 12:48:27 PM, Old: 410.00, New: 420.00
Zero Mode Changed: 8/19/2022 12:48:29 PM, Old:ON, New:Reading
Zero Mode Changed: 8/19/2022 12:48:29 PM, Old:Reading, New:ON
Zero Mode Changed: 8/19/2022 12:55:27 PM, Old:ON, New:Reading
Zero Mode Changed: 8/19/2022 12:55:27 PM, Old:Reading, New:ON
Zero Mode Changed: 8/19/2022 12:55:42 PM, Old:ON, New:Reading
Zero Mode Changed: 8/19/2022 12:55:43 PM, Old:Reading, New:ON
Excitation Wavelength Changed: 8/19/2022 1:04:36 PM, Old: 220.00, New: 200.00
Emission Wavelength Changed: 8/19/2022 1:04:36 PM, Old: 420.00, New: 342.00
Stop Wavelength Changed: 8/19/2022 1:04:36 PM, Old: 395.00, New: 332.00
Zero Mode Changed: 8/19/2022 1:04:39 PM, Old:ON, New:Reading
Zero Mode Changed: 8/19/2022 1:04:40 PM, Old:Reading, New:ON
Scan mode: Changed: 8/19/2022 1:12:22 PM, Old:Excitation, New:Emission
Excitation Wavelength Changed: 8/19/2022 1:12:22 PM, Old: 200.00, New: 420.00
Emission Wavelength Changed: 8/19/2022 1:12:22 PM, Old: 342.00, New: 430.00
Stop Wavelength Changed: 8/19/2022 1:12:22 PM, Old: 332.00, New: 600.00
Zero Mode Changed: 8/19/2022 1:12:28 PM, Old:ON, New:Reading
Zero Mode Changed: 8/19/2022 1:12:29 PM, Old:Reading, New:ON
Scan mode: Changed: 8/19/2022 1:14:41 PM, Old:Emission, New:Excitation
Excitation Wavelength Changed: 8/19/2022 1:14:41 PM, Old: 420.00, New: 220.00
Emission Wavelength Changed: 8/19/2022 1:14:41 PM, Old: 430.00, New: 420.00
Stop Wavelength Changed: 8/19/2022 1:14:41 PM, Old: 600.00, New: 400.00
Zero Mode Changed: 8/19/2022 1:14:46 PM, Old:ON, New:Reading
Zero Mode Changed: 8/19/2022 1:14:46 PM, Old:Reading, New:ON
Scan mode: Changed: 8/19/2022 1:16:06 PM, Old:Excitation, New:Emission
Excitation Wavelength Changed: 8/19/2022 1:16:06 PM, Old: 220.00, New: 340.00
Emission Wavelength Changed: 8/19/2022 1:16:06 PM, Old: 420.00, New: 350.00
Stop Wavelength Changed: 8/19/2022 1:16:06 PM, Old: 400.00, New: 600.00
Zero Mode Changed: 8/19/2022 1:16:08 PM, Old:ON, New:Reading
Zero Mode Changed: 8/19/2022 1:16:08 PM, Old:Reading, New:ON
Scan mode: Changed: 8/19/2022 1:18:23 PM, Old:Emission, New:Excitation
Excitation Wavelength Changed: 8/19/2022 1:18:23 PM, Old: 340.00, New: 200.00
Emission Wavelength Changed: 8/19/2022 1:18:23 PM, Old: 350.00, New: 415.00
Stop Wavelength Changed: 8/19/2022 1:18:23 PM, Old: 600.00, New: 400.00
Zero Mode Changed: 8/19/2022 12:28:38 PM, Old:ON, New:Reading
Zero Mode Changed: 8/19/2022 12:28:38 PM, Old:Reading, New:ON
Emission Wavelength Changed: 8/19/2022 12:29:15 PM, Old: 415.00, New: 420.00
Stop Wavelength Changed: 8/19/2022 12:29:15 PM, Old: 400.00, New: 410.00
Zero Mode Changed: 8/19/2022 12:29:19 PM, Old:ON, New:Reading
Zero Mode Changed: 8/19/2022 12:29:20 PM, Old:Reading, New:ON
Emission Wavelength Changed: 8/19/2022 12:30:25 PM, Old: 420.00, New: 415.00
Stop Wavelength Changed: 8/19/2022 12:30:25 PM, Old: 410.00, New: 405.00
Zero Mode Changed: 8/19/2022 12:30:27 PM, Old:ON, New:Reading
Zero Mode Changed: 8/19/2022 12:30:28 PM, Old:Reading, New:ON
Scan mode: Changed: 8/19/2022 12:32:30 PM, Old:Excitation, New:Emission
Excitation Wavelength Changed: 8/19/2022 12:32:30 PM, Old: 200.00, New: 340.00
Emission Wavelength Changed: 8/19/2022 12:32:30 PM, Old: 415.00, New: 350.00
Stop Wavelength Changed: 8/19/2022 12:32:30 PM, Old: 405.00, New: 600.00
Zero Mode Changed: 8/19/2022 12:32:36 PM, Old:ON, New:Reading
Zero Mode Changed: 8/19/2022 12:32:36 PM, Old:Reading, New:ON
Scan mode: Changed: 8/19/2022 12:34:00 PM, Old:Emission, New:Excitation
Excitation Wavelength Changed: 8/19/2022 12:34:00 PM, Old: 340.00, New: 200.00
Emission Wavelength Changed: 8/19/2022 12:34:00 PM, Old: 350.00, New: 316.00
Stop Wavelength Changed: 8/19/2022 12:34:00 PM, Old: 600.00, New: 306.00
Zero Mode Changed: 8/19/2022 12:34:03 PM, Old:ON, New:Reading
Zero Mode Changed: 8/19/2022 12:34:04 PM, Old:Reading, New:ON
Emission Wavelength Changed: 8/19/2022 12:35:24 PM, Old: 316.00, New: 416.00
Stop Wavelength Changed: 8/19/2022 12:35:24 PM, Old: 306.00, New: 406.00
Zero Mode Changed: 8/19/2022 12:35:26 PM, Old:ON, New:Reading
Zero Mode Changed: 8/19/2022 12:35:26 PM, Old:Reading, New:ON
Zero Mode Changed: 8/19/2022 12:35:50 PM, Old:ON, New:Reading
Zero Mode Changed: 8/19/2022 12:35:51 PM, Old:Reading, New:ON
Emission Wavelength Changed: 8/19/2022 12:36:54 PM, Old: 416.00, New: 420.00
Stop Wavelength Changed: 8/19/2022 12:36:54 PM, Old: 406.00, New: 410.00
Zero Mode Changed: 8/19/2022 12:36:56 PM, Old:ON, New:Reading
Zero Mode Changed: 8/19/2022 12:36:56 PM, Old:Reading, New:ON
Excitation Wavelength Changed: 8/19/2022 12:39:59 PM, Old: 200.00, New: 240.00
Zero Mode Changed: 8/19/2022 12:40:11 PM, Old:ON, New:Reading
Zero Mode Changed: 8/19/2022 12:40:12 PM, Old:Reading, New:ON
Emission Wavelength Changed: 8/19/2022 12:43:15 PM, Old: 420.00, New: 410.00
Zero Mode Changed: 8/19/2022 12:43:17 PM, Old:ON, New:Reading
Zero Mode Changed: 8/19/2022 12:43:17 PM, Old:Reading, New:ON
Stop Wavelength Changed: 8/19/2022 12:43:55 PM, Old: 410.00, New: 400.00
Zero Mode Changed: 8/19/2022 12:43:57 PM, Old:ON, New:Reading
Zero Mode Changed: 8/19/2022 12:43:57 PM, Old:Reading, New:ON
Scan mode: Changed: 8/19/2022 12:47:00 PM, Old:Excitation, New:Emission
Excitation Wavelength Changed: 8/19/2022 12:47:00 PM, Old: 240.00, New: 336.00
Emission Wavelength Changed: 8/19/2022 12:47:00 PM, Old: 410.00, New: 346.00
Stop Wavelength Changed: 8/19/2022 12:47:00 PM, Old: 400.00, New: 600.00
Zero Mode Changed: 8/19/2022 12:47:05 PM, Old:ON, New:Reading
Zero Mode Changed: 8/19/2022 12:47:05 PM, Old:Reading, New:ON
Scan mode: Changed: 8/19/2022 12:54:02 PM, Old:Emission, New:Excitation
Excitation Wavelength Changed: 8/19/2022 12:54:02 PM, Old: 336.00, New: 200.00
Emission Wavelength Changed: 8/19/2022 12:54:02 PM, Old: 346.00, New: 416.00
Stop Wavelength Changed: 8/19/2022 12:54:02 PM, Old: 600.00, New: 406.00
Zero Mode Changed: 8/19/2022 12:54:05 PM, Old:ON, New:Reading
Zero Mode Changed: 8/19/2022 12:54:05 PM, Old:Reading, New:ON
Excitation Wavelength Changed: 8/19/2022 12:55:14 PM, Old: 200.00, New: 240.00
Zero Mode Changed: 8/19/2022 12:55:18 PM, Old:ON, New:Reading
Zero Mode Changed: 8/19/2022 12:55:19 PM, Old:Reading, New:ON
Scan mode: Changed: 8/19/2022 12:56:39 PM, Old:Excitation, New:Emission
Excitation Wavelength Changed: 8/19/2022 12:56:39 PM, Old: 240.00, New: 335.00
Emission Wavelength Changed: 8/19/2022 12:56:39 PM, Old: 416.00, New: 345.00
Stop Wavelength Changed: 8/19/2022 12:56:39 PM, Old: 406.00, New: 600.00
Zero Mode Changed: 8/19/2022 12:56:42 PM, Old:ON, New:Reading
Zero Mode Changed: 8/19/2022 12:56:43 PM, Old:Reading, New:ON
Scan mode: Changed: 8/19/2022 12:58:09 PM, Old:Emission, New:Excitation
Excitation Wavelength Changed: 8/19/2022 12:58:09 PM, Old: 335.00, New: 200.00
Emission Wavelength Changed: 8/19/2022 12:58:09 PM, Old: 345.00, New: 420.00
Stop Wavelength Changed: 8/19/2022 12:58:09 PM, Old: 600.00, New: 410.00
Zero Mode Changed: 8/19/2022 12:58:12 PM, Old:ON, New:Reading
Zero Mode Changed: 8/19/2022 12:58:12 PM, Old:Reading, New:ON
Excitation Wavelength Changed: 8/19/2022 12:58:54 PM, Old: 200.00, New: 240.00
Zero Mode Changed: 8/19/2022 12:58:56 PM, Old:ON, New:Reading
Zero Mode Changed: 8/19/2022 12:58:56 PM, Old:Reading, New:ON
Scan mode: Changed: 8/19/2022 1:01:10 PM, Old:Excitation, New:Emission
Excitation Wavelength Changed: 8/19/2022 1:01:10 PM, Old: 240.00, New: 337.00
Emission Wavelength Changed: 8/19/2022 1:01:10 PM, Old: 420.00, New: 347.00
Stop Wavelength Changed: 8/19/2022 1:01:10 PM, Old: 410.00, New: 600.00
Zero Mode Changed: 8/19/2022 1:01:19 PM, Old:ON, New:Reading
Zero Mode Changed: 8/19/2022 1:01:19 PM, Old:Reading, New:ON
Excitation Wavelength Changed: 8/19/2022 1:02:21 PM, Old: 337.00, New: 345.00
Emission Wavelength Changed: 8/19/2022 1:02:21 PM, Old: 347.00, New: 355.00
Zero Mode Changed: 8/19/2022 1:02:24 PM, Old:ON, New:Reading
Zero Mode Changed: 8/19/2022 1:02:24 PM, Old:Reading, New:ON
Excitation Wavelength Changed: 8/19/2022 1:03:50 PM, Old: 345.00, New: 325.00
Emission Wavelength Changed: 8/19/2022 1:03:50 PM, Old: 355.00, New: 335.00
Zero Mode Changed: 8/19/2022 1:03:52 PM, Old:ON, New:Reading
Zero Mode Changed: 8/19/2022 1:03:52 PM, Old:Reading, New:ON
Scan mode: Changed: 8/19/2022 1:06:29 PM, Old:Emission, New:Excitation
Excitation Wavelength Changed: 8/19/2022 1:06:29 PM, Old: 325.00, New: 240.00
Emission Wavelength Changed: 8/19/2022 1:06:29 PM, Old: 335.00, New: 410.00
Stop Wavelength Changed: 8/19/2022 1:06:29 PM, Old: 600.00, New: 400.00
Zero Mode Changed: 8/19/2022 1:06:32 PM, Old:ON, New:Reading
Zero Mode Changed: 8/19/2022 1:06:33 PM, Old:Reading, New:ON
Scan mode: Changed: 8/19/2022 1:07:23 PM, Old:Excitation, New:Emission
Excitation Wavelength Changed: 8/19/2022 1:07:23 PM, Old: 240.00, New: 333.00
Emission Wavelength Changed: 8/19/2022 1:07:23 PM, Old: 410.00, New: 343.00
Stop Wavelength Changed: 8/19/2022 1:07:23 PM, Old: 400.00, New: 600.00
Zero Mode Changed: 8/19/2022 1:07:25 PM, Old:ON, New:Reading
Zero Mode Changed: 8/19/2022 1:07:25 PM, Old:Reading, New:ON
End Method Modifications

CdS 50sec ODE2 Toluene1 ex345,
CdS 50sec ODE2 Toluene1 ex345
Collection Time: 8/19/2022 1:09:32 PM
Operator Name  :
Scan Software Version: 1.1(132)
Parameter List :
Instrument                        Cary Eclipse
Instrument Serial Number          E08013467
Data mode                         Fluorescence
Scan mode                         Emission
X Mode                            Wavelength (nm)
Start (nm)                        355.00
Stop (nm)                         600.00
Ex. Wavelength (nm)               345.00
Ex. Slit (nm)                     5
Em. Slit (nm)                     5
Scan rate (nm/min)                600.00
Data interval (nm)                1.0000
Averaging Time (s)                0.1000
Excitation filter                 Auto
Emission filter                   Open
PMT voltage (V)                   Medium
Corrected spectra                 OFF
Method Log     :
Method Name    : Default
Date/Time stamp: 8/19/2022 12:21:40 PM
Method Modifications:
Zero Mode Changed: 8/19/2022 1:01:28 PM, Old:OFF, New:Reading
Zero Mode Changed: 8/19/2022 1:01:28 PM, Old:Reading, New:ON
Excitation Wavelength Changed: 8/19/2022 1:04:17 PM, Old: 350.00, New: 284.00
Emission Wavelength Changed: 8/19/2022 1:04:17 PM, Old: 400.00, New: 300.00
Stop Wavelength Changed: 8/19/2022 1:04:17 PM, Old: 600.00, New: 550.00
Zero Mode Changed: 8/19/2022 1:04:20 PM, Old:ON, New:Reading
Zero Mode Changed: 8/19/2022 1:04:20 PM, Old:Reading, New:ON
Emission Wavelength Changed: 8/19/2022 1:05:41 PM, Old: 300.00, New: 290.00
Zero Mode Changed: 8/19/2022 1:05:43 PM, Old:ON, New:Reading
Zero Mode Changed: 8/19/2022 1:05:43 PM, Old:Reading, New:ON
Scan mode: Changed: 8/19/2022 1:07:20 PM, Old:Emission, New:Excitation
Excitation Wavelength Changed: 8/19/2022 1:07:20 PM, Old: 284.00, New: 220.00
Emission Wavelength Changed: 8/19/2022 1:07:20 PM, Old: 290.00, New: 330.00
Stop Wavelength Changed: 8/19/2022 1:07:20 PM, Old: 550.00, New: 320.00
Zero Mode Changed: 8/19/2022 1:07:23 PM, Old:ON, New:Reading
Zero Mode Changed: 8/19/2022 1:07:24 PM, Old:Reading, New:ON
Scan mode: Changed: 8/19/2022 1:09:00 PM, Old:Excitation, New:Emission
Excitation Wavelength Changed: 8/19/2022 1:09:00 PM, Old: 220.00, New: 287.00
Emission Wavelength Changed: 8/19/2022 1:09:00 PM, Old: 330.00, New: 297.00
Stop Wavelength Changed: 8/19/2022 1:09:00 PM, Old: 320.00, New: 550.00
Zero Mode Changed: 8/19/2022 1:09:02 PM, Old:ON, New:Reading
Zero Mode Changed: 8/19/2022 1:09:03 PM, Old:Reading, New:ON
Excitation Wavelength Changed: 8/19/2022 1:10:13 PM, Old: 287.00, New: 300.00
Emission Wavelength Changed: 8/19/2022 1:10:13 PM, Old: 297.00, New: 310.00
Zero Mode Changed: 8/19/2022 1:10:15 PM, Old:ON, New:Reading
Zero Mode Changed: 8/19/2022 1:10:15 PM, Old:Reading, New:ON
Overlayed Graphs Changed: 8/19/2022 1:12:23 PM, Old:OFF, New:ON
Scan mode: Changed: 8/19/2022 1:13:08 PM, Old:Emission, New:Excitation
Excitation Wavelength Changed: 8/19/2022 1:13:08 PM, Old: 300.00, New: 220.00
Emission Wavelength Changed: 8/19/2022 1:13:08 PM, Old: 310.00, New: 350.00
Stop Wavelength Changed: 8/19/2022 1:13:08 PM, Old: 550.00, New: 340.00
Zero Mode Changed: 8/19/2022 1:13:11 PM, Old:ON, New:Reading
Zero Mode Changed: 8/19/2022 1:13:12 PM, Old:Reading, New:ON
Emission Wavelength Changed: 8/19/2022 12:22:43 PM, Old: 350.00, New: 400.00
Stop Wavelength Changed: 8/19/2022 12:22:43 PM, Old: 340.00, New: 390.00
Zero Mode Changed: 8/19/2022 12:22:45 PM, Old:ON, New:Reading
Zero Mode Changed: 8/19/2022 12:22:45 PM, Old:Reading, New:ON
Scan mode: Changed: 8/19/2022 12:27:15 PM, Old:Excitation, New:Emission
Excitation Wavelength Changed: 8/19/2022 12:27:15 PM, Old: 220.00, New: 330.00
Emission Wavelength Changed: 8/19/2022 12:27:15 PM, Old: 400.00, New: 340.00
Stop Wavelength Changed: 8/19/2022 12:27:15 PM, Old: 390.00, New: 600.00
Excitation Wavelength Changed: 8/19/2022 12:30:30 PM, Old: 330.00, New: 310.00
Emission Wavelength Changed: 8/19/2022 12:30:30 PM, Old: 340.00, New: 320.00
Zero Mode Changed: 8/19/2022 12:30:32 PM, Old:ON, New:Reading
Zero Mode Changed: 8/19/2022 12:30:33 PM, Old:Reading, New:ON
Excitation Wavelength Changed: 8/19/2022 12:32:16 PM, Old: 310.00, New: 350.00
Emission Wavelength Changed: 8/19/2022 12:32:16 PM, Old: 320.00, New: 360.00
Scan mode: Changed: 8/19/2022 12:34:16 PM, Old:Emission, New:Excitation
Excitation Wavelength Changed: 8/19/2022 12:34:16 PM, Old: 350.00, New: 220.00
Emission Wavelength Changed: 8/19/2022 12:34:16 PM, Old: 360.00, New: 417.00
Stop Wavelength Changed: 8/19/2022 12:34:16 PM, Old: 600.00, New: 407.00
Zero Mode Changed: 8/19/2022 12:34:20 PM, Old:ON, New:Reading
Zero Mode Changed: 8/19/2022 12:34:20 PM, Old:Reading, New:ON
Emission Wavelength Changed: 8/19/2022 12:42:33 PM, Old: 417.00, New: 400.00
Stop Wavelength Changed: 8/19/2022 12:42:33 PM, Old: 407.00, New: 390.00
Zero Mode Changed: 8/19/2022 12:42:34 PM, Old:ON, New:Reading
Zero Mode Changed: 8/19/2022 12:42:34 PM, Old:Reading, New:ON
Scan mode: Changed: 8/19/2022 12:43:36 PM, Old:Excitation, New:Emission
Excitation Wavelength Changed: 8/19/2022 12:43:36 PM, Old: 220.00, New: 327.00
Emission Wavelength Changed: 8/19/2022 12:43:36 PM, Old: 400.00, New: 337.00
Stop Wavelength Changed: 8/19/2022 12:43:36 PM, Old: 390.00, New: 600.00
Zero Mode Changed: 8/19/2022 12:43:38 PM, Old:ON, New:Reading
Zero Mode Changed: 8/19/2022 12:43:38 PM, Old:Reading, New:ON
Excitation Wavelength Changed: 8/19/2022 12:45:05 PM, Old: 327.00, New: 330.00
Emission Wavelength Changed: 8/19/2022 12:45:05 PM, Old: 337.00, New: 340.00
Zero Mode Changed: 8/19/2022 12:45:20 PM, Old:ON, New:Reading
Zero Mode Changed: 8/19/2022 12:45:21 PM, Old:Reading, New:ON
Scan mode: Changed: 8/19/2022 12:46:37 PM, Old:Emission, New:Excitation
Excitation Wavelength Changed: 8/19/2022 12:46:37 PM, Old: 330.00, New: 220.00
Emission Wavelength Changed: 8/19/2022 12:46:37 PM, Old: 340.00, New: 405.00
Stop Wavelength Changed: 8/19/2022 12:46:37 PM, Old: 600.00, New: 395.00
Zero Mode Changed: 8/19/2022 12:46:42 PM, Old:ON, New:Reading
Zero Mode Changed: 8/19/2022 12:46:42 PM, Old:Reading, New:ON
Emission Wavelength Changed: 8/19/2022 12:47:39 PM, Old: 405.00, New: 410.00
Zero Mode Changed: 8/19/2022 12:47:41 PM, Old:ON, New:Reading
Zero Mode Changed: 8/19/2022 12:47:41 PM, Old:Reading, New:ON
Emission Wavelength Changed: 8/19/2022 12:48:27 PM, Old: 410.00, New: 420.00
Zero Mode Changed: 8/19/2022 12:48:29 PM, Old:ON, New:Reading
Zero Mode Changed: 8/19/2022 12:48:29 PM, Old:Reading, New:ON
Zero Mode Changed: 8/19/2022 12:55:27 PM, Old:ON, New:Reading
Zero Mode Changed: 8/19/2022 12:55:27 PM, Old:Reading, New:ON
Zero Mode Changed: 8/19/2022 12:55:42 PM, Old:ON, New:Reading
Zero Mode Changed: 8/19/2022 12:55:43 PM, Old:Reading, New:ON
Excitation Wavelength Changed: 8/19/2022 1:04:36 PM, Old: 220.00, New: 200.00
Emission Wavelength Changed: 8/19/2022 1:04:36 PM, Old: 420.00, New: 342.00
Stop Wavelength Changed: 8/19/2022 1:04:36 PM, Old: 395.00, New: 332.00
Zero Mode Changed: 8/19/2022 1:04:39 PM, Old:ON, New:Reading
Zero Mode Changed: 8/19/2022 1:04:40 PM, Old:Reading, New:ON
Scan mode: Changed: 8/19/2022 1:12:22 PM, Old:Excitation, New:Emission
Excitation Wavelength Changed: 8/19/2022 1:12:22 PM, Old: 200.00, New: 420.00
Emission Wavelength Changed: 8/19/2022 1:12:22 PM, Old: 342.00, New: 430.00
Stop Wavelength Changed: 8/19/2022 1:12:22 PM, Old: 332.00, New: 600.00
Zero Mode Changed: 8/19/2022 1:12:28 PM, Old:ON, New:Reading
Zero Mode Changed: 8/19/2022 1:12:29 PM, Old:Reading, New:ON
Scan mode: Changed: 8/19/2022 1:14:41 PM, Old:Emission, New:Excitation
Excitation Wavelength Changed: 8/19/2022 1:14:41 PM, Old: 420.00, New: 220.00
Emission Wavelength Changed: 8/19/2022 1:14:41 PM, Old: 430.00, New: 420.00
Stop Wavelength Changed: 8/19/2022 1:14:41 PM, Old: 600.00, New: 400.00
Zero Mode Changed: 8/19/2022 1:14:46 PM, Old:ON, New:Reading
Zero Mode Changed: 8/19/2022 1:14:46 PM, Old:Reading, New:ON
Scan mode: Changed: 8/19/2022 1:16:06 PM, Old:Excitation, New:Emission
Excitation Wavelength Changed: 8/19/2022 1:16:06 PM, Old: 220.00, New: 340.00
Emission Wavelength Changed: 8/19/2022 1:16:06 PM, Old: 420.00, New: 350.00
Stop Wavelength Changed: 8/19/2022 1:16:06 PM, Old: 400.00, New: 600.00
Zero Mode Changed: 8/19/2022 1:16:08 PM, Old:ON, New:Reading
Zero Mode Changed: 8/19/2022 1:16:08 PM, Old:Reading, New:ON
Scan mode: Changed: 8/19/2022 1:18:23 PM, Old:Emission, New:Excitation
Excitation Wavelength Changed: 8/19/2022 1:18:23 PM, Old: 340.00, New: 200.00
Emission Wavelength Changed: 8/19/2022 1:18:23 PM, Old: 350.00, New: 415.00
Stop Wavelength Changed: 8/19/2022 1:18:23 PM, Old: 600.00, New: 400.00
Zero Mode Changed: 8/19/2022 12:28:38 PM, Old:ON, New:Reading
Zero Mode Changed: 8/19/2022 12:28:38 PM, Old:Reading, New:ON
Emission Wavelength Changed: 8/19/2022 12:29:15 PM, Old: 415.00, New: 420.00
Stop Wavelength Changed: 8/19/2022 12:29:15 PM, Old: 400.00, New: 410.00
Zero Mode Changed: 8/19/2022 12:29:19 PM, Old:ON, New:Reading
Zero Mode Changed: 8/19/2022 12:29:20 PM, Old:Reading, New:ON
Emission Wavelength Changed: 8/19/2022 12:30:25 PM, Old: 420.00, New: 415.00
Stop Wavelength Changed: 8/19/2022 12:30:25 PM, Old: 410.00, New: 405.00
Zero Mode Changed: 8/19/2022 12:30:27 PM, Old:ON, New:Reading
Zero Mode Changed: 8/19/2022 12:30:28 PM, Old:Reading, New:ON
Scan mode: Changed: 8/19/2022 12:32:30 PM, Old:Excitation, New:Emission
Excitation Wavelength Changed: 8/19/2022 12:32:30 PM, Old: 200.00, New: 340.00
Emission Wavelength Changed: 8/19/2022 12:32:30 PM, Old: 415.00, New: 350.00
Stop Wavelength Changed: 8/19/2022 12:32:30 PM, Old: 405.00, New: 600.00
Zero Mode Changed: 8/19/2022 12:32:36 PM, Old:ON, New:Reading
Zero Mode Changed: 8/19/2022 12:32:36 PM, Old:Reading, New:ON
Scan mode: Changed: 8/19/2022 12:34:00 PM, Old:Emission, New:Excitation
Excitation Wavelength Changed: 8/19/2022 12:34:00 PM, Old: 340.00, New: 200.00
Emission Wavelength Changed: 8/19/2022 12:34:00 PM, Old: 350.00, New: 316.00
Stop Wavelength Changed: 8/19/2022 12:34:00 PM, Old: 600.00, New: 306.00
Zero Mode Changed: 8/19/2022 12:34:03 PM, Old:ON, New:Reading
Zero Mode Changed: 8/19/2022 12:34:04 PM, Old:Reading, New:ON
Emission Wavelength Changed: 8/19/2022 12:35:24 PM, Old: 316.00, New: 416.00
Stop Wavelength Changed: 8/19/2022 12:35:24 PM, Old: 306.00, New: 406.00
Zero Mode Changed: 8/19/2022 12:35:26 PM, Old:ON, New:Reading
Zero Mode Changed: 8/19/2022 12:35:26 PM, Old:Reading, New:ON
Zero Mode Changed: 8/19/2022 12:35:50 PM, Old:ON, New:Reading
Zero Mode Changed: 8/19/2022 12:35:51 PM, Old:Reading, New:ON
Emission Wavelength Changed: 8/19/2022 12:36:54 PM, Old: 416.00, New: 420.00
Stop Wavelength Changed: 8/19/2022 12:36:54 PM, Old: 406.00, New: 410.00
Zero Mode Changed: 8/19/2022 12:36:56 PM, Old:ON, New:Reading
Zero Mode Changed: 8/19/2022 12:36:56 PM, Old:Reading, New:ON
Excitation Wavelength Changed: 8/19/2022 12:39:59 PM, Old: 200.00, New: 240.00
Zero Mode Changed: 8/19/2022 12:40:11 PM, Old:ON, New:Reading
Zero Mode Changed: 8/19/2022 12:40:12 PM, Old:Reading, New:ON
Emission Wavelength Changed: 8/19/2022 12:43:15 PM, Old: 420.00, New: 410.00
Zero Mode Changed: 8/19/2022 12:43:17 PM, Old:ON, New:Reading
Zero Mode Changed: 8/19/2022 12:43:17 PM, Old:Reading, New:ON
Stop Wavelength Changed: 8/19/2022 12:43:55 PM, Old: 410.00, New: 400.00
Zero Mode Changed: 8/19/2022 12:43:57 PM, Old:ON, New:Reading
Zero Mode Changed: 8/19/2022 12:43:57 PM, Old:Reading, New:ON
Scan mode: Changed: 8/19/2022 12:47:00 PM, Old:Excitation, New:Emission
Excitation Wavelength Changed: 8/19/2022 12:47:00 PM, Old: 240.00, New: 336.00
Emission Wavelength Changed: 8/19/2022 12:47:00 PM, Old: 410.00, New: 346.00
Stop Wavelength Changed: 8/19/2022 12:47:00 PM, Old: 400.00, New: 600.00
Zero Mode Changed: 8/19/2022 12:47:05 PM, Old:ON, New:Reading
Zero Mode Changed: 8/19/2022 12:47:05 PM, Old:Reading, New:ON
Scan mode: Changed: 8/19/2022 12:54:02 PM, Old:Emission, New:Excitation
Excitation Wavelength Changed: 8/19/2022 12:54:02 PM, Old: 336.00, New: 200.00
Emission Wavelength Changed: 8/19/2022 12:54:02 PM, Old: 346.00, New: 416.00
Stop Wavelength Changed: 8/19/2022 12:54:02 PM, Old: 600.00, New: 406.00
Zero Mode Changed: 8/19/2022 12:54:05 PM, Old:ON, New:Reading
Zero Mode Changed: 8/19/2022 12:54:05 PM, Old:Reading, New:ON
Excitation Wavelength Changed: 8/19/2022 12:55:14 PM, Old: 200.00, New: 240.00
Zero Mode Changed: 8/19/2022 12:55:18 PM, Old:ON, New:Reading
Zero Mode Changed: 8/19/2022 12:55:19 PM, Old:Reading, New:ON
Scan mode: Changed: 8/19/2022 12:56:39 PM, Old:Excitation, New:Emission
Excitation Wavelength Changed: 8/19/2022 12:56:39 PM, Old: 240.00, New: 335.00
Emission Wavelength Changed: 8/19/2022 12:56:39 PM, Old: 416.00, New: 345.00
Stop Wavelength Changed: 8/19/2022 12:56:39 PM, Old: 406.00, New: 600.00
Zero Mode Changed: 8/19/2022 12:56:42 PM, Old:ON, New:Reading
Zero Mode Changed: 8/19/2022 12:56:43 PM, Old:Reading, New:ON
Scan mode: Changed: 8/19/2022 12:58:09 PM, Old:Emission, New:Excitation
Excitation Wavelength Changed: 8/19/2022 12:58:09 PM, Old: 335.00, New: 200.00
Emission Wavelength Changed: 8/19/2022 12:58:09 PM, Old: 345.00, New: 420.00
Stop Wavelength Changed: 8/19/2022 12:58:09 PM, Old: 600.00, New: 410.00
Zero Mode Changed: 8/19/2022 12:58:12 PM, Old:ON, New:Reading
Zero Mode Changed: 8/19/2022 12:58:12 PM, Old:Reading, New:ON
Excitation Wavelength Changed: 8/19/2022 12:58:54 PM, Old: 200.00, New: 240.00
Zero Mode Changed: 8/19/2022 12:58:56 PM, Old:ON, New:Reading
Zero Mode Changed: 8/19/2022 12:58:56 PM, Old:Reading, New:ON
Scan mode: Changed: 8/19/2022 1:01:10 PM, Old:Excitation, New:Emission
Excitation Wavelength Changed: 8/19/2022 1:01:10 PM, Old: 240.00, New: 337.00
Emission Wavelength Changed: 8/19/2022 1:01:10 PM, Old: 420.00, New: 347.00
Stop Wavelength Changed: 8/19/2022 1:01:10 PM, Old: 410.00, New: 600.00
Zero Mode Changed: 8/19/2022 1:01:19 PM, Old:ON, New:Reading
Zero Mode Changed: 8/19/2022 1:01:19 PM, Old:Reading, New:ON
Excitation Wavelength Changed: 8/19/2022 1:02:21 PM, Old: 337.00, New: 345.00
Emission Wavelength Changed: 8/19/2022 1:02:21 PM, Old: 347.00, New: 355.00
Zero Mode Changed: 8/19/2022 1:02:24 PM, Old:ON, New:Reading
Zero Mode Changed: 8/19/2022 1:02:24 PM, Old:Reading, New:ON
Excitation Wavelength Changed: 8/19/2022 1:03:50 PM, Old: 345.00, New: 325.00
Emission Wavelength Changed: 8/19/2022 1:03:50 PM, Old: 355.00, New: 335.00
Zero Mode Changed: 8/19/2022 1:03:52 PM, Old:ON, New:Reading
Zero Mode Changed: 8/19/2022 1:03:52 PM, Old:Reading, New:ON
Scan mode: Changed: 8/19/2022 1:06:29 PM, Old:Emission, New:Excitation
Excitation Wavelength Changed: 8/19/2022 1:06:29 PM, Old: 325.00, New: 240.00
Emission Wavelength Changed: 8/19/2022 1:06:29 PM, Old: 335.00, New: 410.00
Stop Wavelength Changed: 8/19/2022 1:06:29 PM, Old: 600.00, New: 400.00
Zero Mode Changed: 8/19/2022 1:06:32 PM, Old:ON, New:Reading
Zero Mode Changed: 8/19/2022 1:06:33 PM, Old:Reading, New:ON
Scan mode: Changed: 8/19/2022 1:07:23 PM, Old:Excitation, New:Emission
Excitation Wavelength Changed: 8/19/2022 1:07:23 PM, Old: 240.00, New: 333.00
Emission Wavelength Changed: 8/19/2022 1:07:23 PM, Old: 410.00, New: 343.00
Stop Wavelength Changed: 8/19/2022 1:07:23 PM, Old: 400.00, New: 600.00
Zero Mode Changed: 8/19/2022 1:07:25 PM, Old:ON, New:Reading
Zero Mode Changed: 8/19/2022 1:07:25 PM, Old:Reading, New:ON
Excitation Wavelength Changed: 8/19/2022 1:09:24 PM, Old: 333.00, New: 345.00
Emission Wavelength Changed: 8/19/2022 1:09:24 PM, Old: 343.00, New: 355.00
Zero Mode Changed: 8/19/2022 1:09:25 PM, Old:ON, New:Reading
Zero Mode Changed: 8/19/2022 1:09:26 PM, Old:Reading, New:ON
End Method Modifications

CdS 50sec ODE2 Toluene1 ex345,
CdS 50sec ODE2 Toluene1 ex345
Collection Time: 8/19/2022 1:10:16 PM
Operator Name  :
Scan Software Version: 1.1(132)
Parameter List :
Instrument                        Cary Eclipse
Instrument Serial Number          E08013467
Data mode                         Fluorescence
Scan mode                         Emission
X Mode                            Wavelength (nm)
Start (nm)                        350.00
Stop (nm)                         600.00
Ex. Wavelength (nm)               345.00
Ex. Slit (nm)                     5
Em. Slit (nm)                     5
Scan rate (nm/min)                600.00
Data interval (nm)                1.0000
Averaging Time (s)                0.1000
Excitation filter                 Auto
Emission filter                   Open
PMT voltage (V)                   Medium
Corrected spectra                 OFF
Method Log     :
Method Name    : Default
Date/Time stamp: 8/19/2022 12:21:40 PM
Method Modifications:
Zero Mode Changed: 8/19/2022 1:01:28 PM, Old:OFF, New:Reading
Zero Mode Changed: 8/19/2022 1:01:28 PM, Old:Reading, New:ON
Excitation Wavelength Changed: 8/19/2022 1:04:17 PM, Old: 350.00, New: 284.00
Emission Wavelength Changed: 8/19/2022 1:04:17 PM, Old: 400.00, New: 300.00
Stop Wavelength Changed: 8/19/2022 1:04:17 PM, Old: 600.00, New: 550.00
Zero Mode Changed: 8/19/2022 1:04:20 PM, Old:ON, New:Reading
Zero Mode Changed: 8/19/2022 1:04:20 PM, Old:Reading, New:ON
Emission Wavelength Changed: 8/19/2022 1:05:41 PM, Old: 300.00, New: 290.00
Zero Mode Changed: 8/19/2022 1:05:43 PM, Old:ON, New:Reading
Zero Mode Changed: 8/19/2022 1:05:43 PM, Old:Reading, New:ON
Scan mode: Changed: 8/19/2022 1:07:20 PM, Old:Emission, New:Excitation
Excitation Wavelength Changed: 8/19/2022 1:07:20 PM, Old: 284.00, New: 220.00
Emission Wavelength Changed: 8/19/2022 1:07:20 PM, Old: 290.00, New: 330.00
Stop Wavelength Changed: 8/19/2022 1:07:20 PM, Old: 550.00, New: 320.00
Zero Mode Changed: 8/19/2022 1:07:23 PM, Old:ON, New:Reading
Zero Mode Changed: 8/19/2022 1:07:24 PM, Old:Reading, New:ON
Scan mode: Changed: 8/19/2022 1:09:00 PM, Old:Excitation, New:Emission
Excitation Wavelength Changed: 8/19/2022 1:09:00 PM, Old: 220.00, New: 287.00
Emission Wavelength Changed: 8/19/2022 1:09:00 PM, Old: 330.00, New: 297.00
Stop Wavelength Changed: 8/19/2022 1:09:00 PM, Old: 320.00, New: 550.00
Zero Mode Changed: 8/19/2022 1:09:02 PM, Old:ON, New:Reading
Zero Mode Changed: 8/19/2022 1:09:03 PM, Old:Reading, New:ON
Excitation Wavelength Changed: 8/19/2022 1:10:13 PM, Old: 287.00, New: 300.00
Emission Wavelength Changed: 8/19/2022 1:10:13 PM, Old: 297.00, New: 310.00
Zero Mode Changed: 8/19/2022 1:10:15 PM, Old:ON, New:Reading
Zero Mode Changed: 8/19/2022 1:10:15 PM, Old:Reading, New:ON
Overlayed Graphs Changed: 8/19/2022 1:12:23 PM, Old:OFF, New:ON
Scan mode: Changed: 8/19/2022 1:13:08 PM, Old:Emission, New:Excitation
Excitation Wavelength Changed: 8/19/2022 1:13:08 PM, Old: 300.00, New: 220.00
Emission Wavelength Changed: 8/19/2022 1:13:08 PM, Old: 310.00, New: 350.00
Stop Wavelength Changed: 8/19/2022 1:13:08 PM, Old: 550.00, New: 340.00
Zero Mode Changed: 8/19/2022 1:13:11 PM, Old:ON, New:Reading
Zero Mode Changed: 8/19/2022 1:13:12 PM, Old:Reading, New:ON
Emission Wavelength Changed: 8/19/2022 12:22:43 PM, Old: 350.00, New: 400.00
Stop Wavelength Changed: 8/19/2022 12:22:43 PM, Old: 340.00, New: 390.00
Zero Mode Changed: 8/19/2022 12:22:45 PM, Old:ON, New:Reading
Zero Mode Changed: 8/19/2022 12:22:45 PM, Old:Reading, New:ON
Scan mode: Changed: 8/19/2022 12:27:15 PM, Old:Excitation, New:Emission
Excitation Wavelength Changed: 8/19/2022 12:27:15 PM, Old: 220.00, New: 330.00
Emission Wavelength Changed: 8/19/2022 12:27:15 PM, Old: 400.00, New: 340.00
Stop Wavelength Changed: 8/19/2022 12:27:15 PM, Old: 390.00, New: 600.00
Excitation Wavelength Changed: 8/19/2022 12:30:30 PM, Old: 330.00, New: 310.00
Emission Wavelength Changed: 8/19/2022 12:30:30 PM, Old: 340.00, New: 320.00
Zero Mode Changed: 8/19/2022 12:30:32 PM, Old:ON, New:Reading
Zero Mode Changed: 8/19/2022 12:30:33 PM, Old:Reading, New:ON
Excitation Wavelength Changed: 8/19/2022 12:32:16 PM, Old: 310.00, New: 350.00
Emission Wavelength Changed: 8/19/2022 12:32:16 PM, Old: 320.00, New: 360.00
Scan mode: Changed: 8/19/2022 12:34:16 PM, Old:Emission, New:Excitation
Excitation Wavelength Changed: 8/19/2022 12:34:16 PM, Old: 350.00, New: 220.00
Emission Wavelength Changed: 8/19/2022 12:34:16 PM, Old: 360.00, New: 417.00
Stop Wavelength Changed: 8/19/2022 12:34:16 PM, Old: 600.00, New: 407.00
Zero Mode Changed: 8/19/2022 12:34:20 PM, Old:ON, New:Reading
Zero Mode Changed: 8/19/2022 12:34:20 PM, Old:Reading, New:ON
Emission Wavelength Changed: 8/19/2022 12:42:33 PM, Old: 417.00, New: 400.00
Stop Wavelength Changed: 8/19/2022 12:42:33 PM, Old: 407.00, New: 390.00
Zero Mode Changed: 8/19/2022 12:42:34 PM, Old:ON, New:Reading
Zero Mode Changed: 8/19/2022 12:42:34 PM, Old:Reading, New:ON
Scan mode: Changed: 8/19/2022 12:43:36 PM, Old:Excitation, New:Emission
Excitation Wavelength Changed: 8/19/2022 12:43:36 PM, Old: 220.00, New: 327.00
Emission Wavelength Changed: 8/19/2022 12:43:36 PM, Old: 400.00, New: 337.00
Stop Wavelength Changed: 8/19/2022 12:43:36 PM, Old: 390.00, New: 600.00
Zero Mode Changed: 8/19/2022 12:43:38 PM, Old:ON, New:Reading
Zero Mode Changed: 8/19/2022 12:43:38 PM, Old:Reading, New:ON
Excitation Wavelength Changed: 8/19/2022 12:45:05 PM, Old: 327.00, New: 330.00
Emission Wavelength Changed: 8/19/2022 12:45:05 PM, Old: 337.00, New: 340.00
Zero Mode Changed: 8/19/2022 12:45:20 PM, Old:ON, New:Reading
Zero Mode Changed: 8/19/2022 12:45:21 PM, Old:Reading, New:ON
Scan mode: Changed: 8/19/2022 12:46:37 PM, Old:Emission, New:Excitation
Excitation Wavelength Changed: 8/19/2022 12:46:37 PM, Old: 330.00, New: 220.00
Emission Wavelength Changed: 8/19/2022 12:46:37 PM, Old: 340.00, New: 405.00
Stop Wavelength Changed: 8/19/2022 12:46:37 PM, Old: 600.00, New: 395.00
Zero Mode Changed: 8/19/2022 12:46:42 PM, Old:ON, New:Reading
Zero Mode Changed: 8/19/2022 12:46:42 PM, Old:Reading, New:ON
Emission Wavelength Changed: 8/19/2022 12:47:39 PM, Old: 405.00, New: 410.00
Zero Mode Changed: 8/19/2022 12:47:41 PM, Old:ON, New:Reading
Zero Mode Changed: 8/19/2022 12:47:41 PM, Old:Reading, New:ON
Emission Wavelength Changed: 8/19/2022 12:48:27 PM, Old: 410.00, New: 420.00
Zero Mode Changed: 8/19/2022 12:48:29 PM, Old:ON, New:Reading
Zero Mode Changed: 8/19/2022 12:48:29 PM, Old:Reading, New:ON
Zero Mode Changed: 8/19/2022 12:55:27 PM, Old:ON, New:Reading
Zero Mode Changed: 8/19/2022 12:55:27 PM, Old:Reading, New:ON
Zero Mode Changed: 8/19/2022 12:55:42 PM, Old:ON, New:Reading
Zero Mode Changed: 8/19/2022 12:55:43 PM, Old:Reading, New:ON
Excitation Wavelength Changed: 8/19/2022 1:04:36 PM, Old: 220.00, New: 200.00
Emission Wavelength Changed: 8/19/2022 1:04:36 PM, Old: 420.00, New: 342.00
Stop Wavelength Changed: 8/19/2022 1:04:36 PM, Old: 395.00, New: 332.00
Zero Mode Changed: 8/19/2022 1:04:39 PM, Old:ON, New:Reading
Zero Mode Changed: 8/19/2022 1:04:40 PM, Old:Reading, New:ON
Scan mode: Changed: 8/19/2022 1:12:22 PM, Old:Excitation, New:Emission
Excitation Wavelength Changed: 8/19/2022 1:12:22 PM, Old: 200.00, New: 420.00
Emission Wavelength Changed: 8/19/2022 1:12:22 PM, Old: 342.00, New: 430.00
Stop Wavelength Changed: 8/19/2022 1:12:22 PM, Old: 332.00, New: 600.00
Zero Mode Changed: 8/19/2022 1:12:28 PM, Old:ON, New:Reading
Zero Mode Changed: 8/19/2022 1:12:29 PM, Old:Reading, New:ON
Scan mode: Changed: 8/19/2022 1:14:41 PM, Old:Emission, New:Excitation
Excitation Wavelength Changed: 8/19/2022 1:14:41 PM, Old: 420.00, New: 220.00
Emission Wavelength Changed: 8/19/2022 1:14:41 PM, Old: 430.00, New: 420.00
Stop Wavelength Changed: 8/19/2022 1:14:41 PM, Old: 600.00, New: 400.00
Zero Mode Changed: 8/19/2022 1:14:46 PM, Old:ON, New:Reading
Zero Mode Changed: 8/19/2022 1:14:46 PM, Old:Reading, New:ON
Scan mode: Changed: 8/19/2022 1:16:06 PM, Old:Excitation, New:Emission
Excitation Wavelength Changed: 8/19/2022 1:16:06 PM, Old: 220.00, New: 340.00
Emission Wavelength Changed: 8/19/2022 1:16:06 PM, Old: 420.00, New: 350.00
Stop Wavelength Changed: 8/19/2022 1:16:06 PM, Old: 400.00, New: 600.00
Zero Mode Changed: 8/19/2022 1:16:08 PM, Old:ON, New:Reading
Zero Mode Changed: 8/19/2022 1:16:08 PM, Old:Reading, New:ON
Scan mode: Changed: 8/19/2022 1:18:23 PM, Old:Emission, New:Excitation
Excitation Wavelength Changed: 8/19/2022 1:18:23 PM, Old: 340.00, New: 200.00
Emission Wavelength Changed: 8/19/2022 1:18:23 PM, Old: 350.00, New: 415.00
Stop Wavelength Changed: 8/19/2022 1:18:23 PM, Old: 600.00, New: 400.00
Zero Mode Changed: 8/19/2022 12:28:38 PM, Old:ON, New:Reading
Zero Mode Changed: 8/19/2022 12:28:38 PM, Old:Reading, New:ON
Emission Wavelength Changed: 8/19/2022 12:29:15 PM, Old: 415.00, New: 420.00
Stop Wavelength Changed: 8/19/2022 12:29:15 PM, Old: 400.00, New: 410.00
Zero Mode Changed: 8/19/2022 12:29:19 PM, Old:ON, New:Reading
Zero Mode Changed: 8/19/2022 12:29:20 PM, Old:Reading, New:ON
Emission Wavelength Changed: 8/19/2022 12:30:25 PM, Old: 420.00, New: 415.00
Stop Wavelength Changed: 8/19/2022 12:30:25 PM, Old: 410.00, New: 405.00
Zero Mode Changed: 8/19/2022 12:30:27 PM, Old:ON, New:Reading
Zero Mode Changed: 8/19/2022 12:30:28 PM, Old:Reading, New:ON
Scan mode: Changed: 8/19/2022 12:32:30 PM, Old:Excitation, New:Emission
Excitation Wavelength Changed: 8/19/2022 12:32:30 PM, Old: 200.00, New: 340.00
Emission Wavelength Changed: 8/19/2022 12:32:30 PM, Old: 415.00, New: 350.00
Stop Wavelength Changed: 8/19/2022 12:32:30 PM, Old: 405.00, New: 600.00
Zero Mode Changed: 8/19/2022 12:32:36 PM, Old:ON, New:Reading
Zero Mode Changed: 8/19/2022 12:32:36 PM, Old:Reading, New:ON
Scan mode: Changed: 8/19/2022 12:34:00 PM, Old:Emission, New:Excitation
Excitation Wavelength Changed: 8/19/2022 12:34:00 PM, Old: 340.00, New: 200.00
Emission Wavelength Changed: 8/19/2022 12:34:00 PM, Old: 350.00, New: 316.00
Stop Wavelength Changed: 8/19/2022 12:34:00 PM, Old: 600.00, New: 306.00
Zero Mode Changed: 8/19/2022 12:34:03 PM, Old:ON, New:Reading
Zero Mode Changed: 8/19/2022 12:34:04 PM, Old:Reading, New:ON
Emission Wavelength Changed: 8/19/2022 12:35:24 PM, Old: 316.00, New: 416.00
Stop Wavelength Changed: 8/19/2022 12:35:24 PM, Old: 306.00, New: 406.00
Zero Mode Changed: 8/19/2022 12:35:26 PM, Old:ON, New:Reading
Zero Mode Changed: 8/19/2022 12:35:26 PM, Old:Reading, New:ON
Zero Mode Changed: 8/19/2022 12:35:50 PM, Old:ON, New:Reading
Zero Mode Changed: 8/19/2022 12:35:51 PM, Old:Reading, New:ON
Emission Wavelength Changed: 8/19/2022 12:36:54 PM, Old: 416.00, New: 420.00
Stop Wavelength Changed: 8/19/2022 12:36:54 PM, Old: 406.00, New: 410.00
Zero Mode Changed: 8/19/2022 12:36:56 PM, Old:ON, New:Reading
Zero Mode Changed: 8/19/2022 12:36:56 PM, Old:Reading, New:ON
Excitation Wavelength Changed: 8/19/2022 12:39:59 PM, Old: 200.00, New: 240.00
Zero Mode Changed: 8/19/2022 12:40:11 PM, Old:ON, New:Reading
Zero Mode Changed: 8/19/2022 12:40:12 PM, Old:Reading, New:ON
Emission Wavelength Changed: 8/19/2022 12:43:15 PM, Old: 420.00, New: 410.00
Zero Mode Changed: 8/19/2022 12:43:17 PM, Old:ON, New:Reading
Zero Mode Changed: 8/19/2022 12:43:17 PM, Old:Reading, New:ON
Stop Wavelength Changed: 8/19/2022 12:43:55 PM, Old: 410.00, New: 400.00
Zero Mode Changed: 8/19/2022 12:43:57 PM, Old:ON, New:Reading
Zero Mode Changed: 8/19/2022 12:43:57 PM, Old:Reading, New:ON
Scan mode: Changed: 8/19/2022 12:47:00 PM, Old:Excitation, New:Emission
Excitation Wavelength Changed: 8/19/2022 12:47:00 PM, Old: 240.00, New: 336.00
Emission Wavelength Changed: 8/19/2022 12:47:00 PM, Old: 410.00, New: 346.00
Stop Wavelength Changed: 8/19/2022 12:47:00 PM, Old: 400.00, New: 600.00
Zero Mode Changed: 8/19/2022 12:47:05 PM, Old:ON, New:Reading
Zero Mode Changed: 8/19/2022 12:47:05 PM, Old:Reading, New:ON
Scan mode: Changed: 8/19/2022 12:54:02 PM, Old:Emission, New:Excitation
Excitation Wavelength Changed: 8/19/2022 12:54:02 PM, Old: 336.00, New: 200.00
Emission Wavelength Changed: 8/19/2022 12:54:02 PM, Old: 346.00, New: 416.00
Stop Wavelength Changed: 8/19/2022 12:54:02 PM, Old: 600.00, New: 406.00
Zero Mode Changed: 8/19/2022 12:54:05 PM, Old:ON, New:Reading
Zero Mode Changed: 8/19/2022 12:54:05 PM, Old:Reading, New:ON
Excitation Wavelength Changed: 8/19/2022 12:55:14 PM, Old: 200.00, New: 240.00
Zero Mode Changed: 8/19/2022 12:55:18 PM, Old:ON, New:Reading
Zero Mode Changed: 8/19/2022 12:55:19 PM, Old:Reading, New:ON
Scan mode: Changed: 8/19/2022 12:56:39 PM, Old:Excitation, New:Emission
Excitation Wavelength Changed: 8/19/2022 12:56:39 PM, Old: 240.00, New: 335.00
Emission Wavelength Changed: 8/19/2022 12:56:39 PM, Old: 416.00, New: 345.00
Stop Wavelength Changed: 8/19/2022 12:56:39 PM, Old: 406.00, New: 600.00
Zero Mode Changed: 8/19/2022 12:56:42 PM, Old:ON, New:Reading
Zero Mode Changed: 8/19/2022 12:56:43 PM, Old:Reading, New:ON
Scan mode: Changed: 8/19/2022 12:58:09 PM, Old:Emission, New:Excitation
Excitation Wavelength Changed: 8/19/2022 12:58:09 PM, Old: 335.00, New: 200.00
Emission Wavelength Changed: 8/19/2022 12:58:09 PM, Old: 345.00, New: 420.00
Stop Wavelength Changed: 8/19/2022 12:58:09 PM, Old: 600.00, New: 410.00
Zero Mode Changed: 8/19/2022 12:58:12 PM, Old:ON, New:Reading
Zero Mode Changed: 8/19/2022 12:58:12 PM, Old:Reading, New:ON
Excitation Wavelength Changed: 8/19/2022 12:58:54 PM, Old: 200.00, New: 240.00
Zero Mode Changed: 8/19/2022 12:58:56 PM, Old:ON, New:Reading
Zero Mode Changed: 8/19/2022 12:58:56 PM, Old:Reading, New:ON
Scan mode: Changed: 8/19/2022 1:01:10 PM, Old:Excitation, New:Emission
Excitation Wavelength Changed: 8/19/2022 1:01:10 PM, Old: 240.00, New: 337.00
Emission Wavelength Changed: 8/19/2022 1:01:10 PM, Old: 420.00, New: 347.00
Stop Wavelength Changed: 8/19/2022 1:01:10 PM, Old: 410.00, New: 600.00
Zero Mode Changed: 8/19/2022 1:01:19 PM, Old:ON, New:Reading
Zero Mode Changed: 8/19/2022 1:01:19 PM, Old:Reading, New:ON
Excitation Wavelength Changed: 8/19/2022 1:02:21 PM, Old: 337.00, New: 345.00
Emission Wavelength Changed: 8/19/2022 1:02:21 PM, Old: 347.00, New: 355.00
Zero Mode Changed: 8/19/2022 1:02:24 PM, Old:ON, New:Reading
Zero Mode Changed: 8/19/2022 1:02:24 PM, Old:Reading, New:ON
Excitation Wavelength Changed: 8/19/2022 1:03:50 PM, Old: 345.00, New: 325.00
Emission Wavelength Changed: 8/19/2022 1:03:50 PM, Old: 355.00, New: 335.00
Zero Mode Changed: 8/19/2022 1:03:52 PM, Old:ON, New:Reading
Zero Mode Changed: 8/19/2022 1:03:52 PM, Old:Reading, New:ON
Scan mode: Changed: 8/19/2022 1:06:29 PM, Old:Emission, New:Excitation
Excitation Wavelength Changed: 8/19/2022 1:06:29 PM, Old: 325.00, New: 240.00
Emission Wavelength Changed: 8/19/2022 1:06:29 PM, Old: 335.00, New: 410.00
Stop Wavelength Changed: 8/19/2022 1:06:29 PM, Old: 600.00, New: 400.00
Zero Mode Changed: 8/19/2022 1:06:32 PM, Old:ON, New:Reading
Zero Mode Changed: 8/19/2022 1:06:33 PM, Old:Reading, New:ON
Scan mode: Changed: 8/19/2022 1:07:23 PM, Old:Excitation, New:Emission
Excitation Wavelength Changed: 8/19/2022 1:07:23 PM, Old: 240.00, New: 333.00
Emission Wavelength Changed: 8/19/2022 1:07:23 PM, Old: 410.00, New: 343.00
Stop Wavelength Changed: 8/19/2022 1:07:23 PM, Old: 400.00, New: 600.00
Zero Mode Changed: 8/19/2022 1:07:25 PM, Old:ON, New:Reading
Zero Mode Changed: 8/19/2022 1:07:25 PM, Old:Reading, New:ON
Excitation Wavelength Changed: 8/19/2022 1:09:24 PM, Old: 333.00, New: 345.00
Emission Wavelength Changed: 8/19/2022 1:09:24 PM, Old: 343.00, New: 355.00
Zero Mode Changed: 8/19/2022 1:09:25 PM, Old:ON, New:Reading
Zero Mode Changed: 8/19/2022 1:09:26 PM, Old:Reading, New:ON
Emission Wavelength Changed: 8/19/2022 1:10:09 PM, Old: 355.00, New: 350.00
Zero Mode Changed: 8/19/2022 1:10:10 PM, Old:ON, New:Reading
Zero Mode Changed: 8/19/2022 1:10:11 PM, Old:Reading, New:ON
End Method Modifications

CdS 50sec ODE2 Toluene1 ex335,
CdS 50sec ODE2 Toluene1 ex335
Collection Time: 8/19/2022 1:11:12 PM
Operator Name  :
Scan Software Version: 1.1(132)
Parameter List :
Instrument                        Cary Eclipse
Instrument Serial Number          E08013467
Data mode                         Fluorescence
Scan mode                         Emission
X Mode                            Wavelength (nm)
Start (nm)                        340.00
Stop (nm)                         600.00
Ex. Wavelength (nm)               335.00
Ex. Slit (nm)                     5
Em. Slit (nm)                     5
Scan rate (nm/min)                600.00
Data interval (nm)                1.0000
Averaging Time (s)                0.1000
Excitation filter                 Auto
Emission filter                   Open
PMT voltage (V)                   Medium
Corrected spectra                 OFF
Method Log     :
Method Name    : Default
Date/Time stamp: 8/19/2022 12:21:40 PM
Method Modifications:
Zero Mode Changed: 8/19/2022 1:01:28 PM, Old:OFF, New:Reading
Zero Mode Changed: 8/19/2022 1:01:28 PM, Old:Reading, New:ON
Excitation Wavelength Changed: 8/19/2022 1:04:17 PM, Old: 350.00, New: 284.00
Emission Wavelength Changed: 8/19/2022 1:04:17 PM, Old: 400.00, New: 300.00
Stop Wavelength Changed: 8/19/2022 1:04:17 PM, Old: 600.00, New: 550.00
Zero Mode Changed: 8/19/2022 1:04:20 PM, Old:ON, New:Reading
Zero Mode Changed: 8/19/2022 1:04:20 PM, Old:Reading, New:ON
Emission Wavelength Changed: 8/19/2022 1:05:41 PM, Old: 300.00, New: 290.00
Zero Mode Changed: 8/19/2022 1:05:43 PM, Old:ON, New:Reading
Zero Mode Changed: 8/19/2022 1:05:43 PM, Old:Reading, New:ON
Scan mode: Changed: 8/19/2022 1:07:20 PM, Old:Emission, New:Excitation
Excitation Wavelength Changed: 8/19/2022 1:07:20 PM, Old: 284.00, New: 220.00
Emission Wavelength Changed: 8/19/2022 1:07:20 PM, Old: 290.00, New: 330.00
Stop Wavelength Changed: 8/19/2022 1:07:20 PM, Old: 550.00, New: 320.00
Zero Mode Changed: 8/19/2022 1:07:23 PM, Old:ON, New:Reading
Zero Mode Changed: 8/19/2022 1:07:24 PM, Old:Reading, New:ON
Scan mode: Changed: 8/19/2022 1:09:00 PM, Old:Excitation, New:Emission
Excitation Wavelength Changed: 8/19/2022 1:09:00 PM, Old: 220.00, New: 287.00
Emission Wavelength Changed: 8/19/2022 1:09:00 PM, Old: 330.00, New: 297.00
Stop Wavelength Changed: 8/19/2022 1:09:00 PM, Old: 320.00, New: 550.00
Zero Mode Changed: 8/19/2022 1:09:02 PM, Old:ON, New:Reading
Zero Mode Changed: 8/19/2022 1:09:03 PM, Old:Reading, New:ON
Excitation Wavelength Changed: 8/19/2022 1:10:13 PM, Old: 287.00, New: 300.00
Emission Wavelength Changed: 8/19/2022 1:10:13 PM, Old: 297.00, New: 310.00
Zero Mode Changed: 8/19/2022 1:10:15 PM, Old:ON, New:Reading
Zero Mode Changed: 8/19/2022 1:10:15 PM, Old:Reading, New:ON
Overlayed Graphs Changed: 8/19/2022 1:12:23 PM, Old:OFF, New:ON
Scan mode: Changed: 8/19/2022 1:13:08 PM, Old:Emission, New:Excitation
Excitation Wavelength Changed: 8/19/2022 1:13:08 PM, Old: 300.00, New: 220.00
Emission Wavelength Changed: 8/19/2022 1:13:08 PM, Old: 310.00, New: 350.00
Stop Wavelength Changed: 8/19/2022 1:13:08 PM, Old: 550.00, New: 340.00
Zero Mode Changed: 8/19/2022 1:13:11 PM, Old:ON, New:Reading
Zero Mode Changed: 8/19/2022 1:13:12 PM, Old:Reading, New:ON
Emission Wavelength Changed: 8/19/2022 12:22:43 PM, Old: 350.00, New: 400.00
Stop Wavelength Changed: 8/19/2022 12:22:43 PM, Old: 340.00, New: 390.00
Zero Mode Changed: 8/19/2022 12:22:45 PM, Old:ON, New:Reading
Zero Mode Changed: 8/19/2022 12:22:45 PM, Old:Reading, New:ON
Scan mode: Changed: 8/19/2022 12:27:15 PM, Old:Excitation, New:Emission
Excitation Wavelength Changed: 8/19/2022 12:27:15 PM, Old: 220.00, New: 330.00
Emission Wavelength Changed: 8/19/2022 12:27:15 PM, Old: 400.00, New: 340.00
Stop Wavelength Changed: 8/19/2022 12:27:15 PM, Old: 390.00, New: 600.00
Excitation Wavelength Changed: 8/19/2022 12:30:30 PM, Old: 330.00, New: 310.00
Emission Wavelength Changed: 8/19/2022 12:30:30 PM, Old: 340.00, New: 320.00
Zero Mode Changed: 8/19/2022 12:30:32 PM, Old:ON, New:Reading
Zero Mode Changed: 8/19/2022 12:30:33 PM, Old:Reading, New:ON
Excitation Wavelength Changed: 8/19/2022 12:32:16 PM, Old: 310.00, New: 350.00
Emission Wavelength Changed: 8/19/2022 12:32:16 PM, Old: 320.00, New: 360.00
Scan mode: Changed: 8/19/2022 12:34:16 PM, Old:Emission, New:Excitation
Excitation Wavelength Changed: 8/19/2022 12:34:16 PM, Old: 350.00, New: 220.00
Emission Wavelength Changed: 8/19/2022 12:34:16 PM, Old: 360.00, New: 417.00
Stop Wavelength Changed: 8/19/2022 12:34:16 PM, Old: 600.00, New: 407.00
Zero Mode Changed: 8/19/2022 12:34:20 PM, Old:ON, New:Reading
Zero Mode Changed: 8/19/2022 12:34:20 PM, Old:Reading, New:ON
Emission Wavelength Changed: 8/19/2022 12:42:33 PM, Old: 417.00, New: 400.00
Stop Wavelength Changed: 8/19/2022 12:42:33 PM, Old: 407.00, New: 390.00
Zero Mode Changed: 8/19/2022 12:42:34 PM, Old:ON, New:Reading
Zero Mode Changed: 8/19/2022 12:42:34 PM, Old:Reading, New:ON
Scan mode: Changed: 8/19/2022 12:43:36 PM, Old:Excitation, New:Emission
Excitation Wavelength Changed: 8/19/2022 12:43:36 PM, Old: 220.00, New: 327.00
Emission Wavelength Changed: 8/19/2022 12:43:36 PM, Old: 400.00, New: 337.00
Stop Wavelength Changed: 8/19/2022 12:43:36 PM, Old: 390.00, New: 600.00
Zero Mode Changed: 8/19/2022 12:43:38 PM, Old:ON, New:Reading
Zero Mode Changed: 8/19/2022 12:43:38 PM, Old:Reading, New:ON
Excitation Wavelength Changed: 8/19/2022 12:45:05 PM, Old: 327.00, New: 330.00
Emission Wavelength Changed: 8/19/2022 12:45:05 PM, Old: 337.00, New: 340.00
Zero Mode Changed: 8/19/2022 12:45:20 PM, Old:ON, New:Reading
Zero Mode Changed: 8/19/2022 12:45:21 PM, Old:Reading, New:ON
Scan mode: Changed: 8/19/2022 12:46:37 PM, Old:Emission, New:Excitation
Excitation Wavelength Changed: 8/19/2022 12:46:37 PM, Old: 330.00, New: 220.00
Emission Wavelength Changed: 8/19/2022 12:46:37 PM, Old: 340.00, New: 405.00
Stop Wavelength Changed: 8/19/2022 12:46:37 PM, Old: 600.00, New: 395.00
Zero Mode Changed: 8/19/2022 12:46:42 PM, Old:ON, New:Reading
Zero Mode Changed: 8/19/2022 12:46:42 PM, Old:Reading, New:ON
Emission Wavelength Changed: 8/19/2022 12:47:39 PM, Old: 405.00, New: 410.00
Zero Mode Changed: 8/19/2022 12:47:41 PM, Old:ON, New:Reading
Zero Mode Changed: 8/19/2022 12:47:41 PM, Old:Reading, New:ON
Emission Wavelength Changed: 8/19/2022 12:48:27 PM, Old: 410.00, New: 420.00
Zero Mode Changed: 8/19/2022 12:48:29 PM, Old:ON, New:Reading
Zero Mode Changed: 8/19/2022 12:48:29 PM, Old:Reading, New:ON
Zero Mode Changed: 8/19/2022 12:55:27 PM, Old:ON, New:Reading
Zero Mode Changed: 8/19/2022 12:55:27 PM, Old:Reading, New:ON
Zero Mode Changed: 8/19/2022 12:55:42 PM, Old:ON, New:Reading
Zero Mode Changed: 8/19/2022 12:55:43 PM, Old:Reading, New:ON
Excitation Wavelength Changed: 8/19/2022 1:04:36 PM, Old: 220.00, New: 200.00
Emission Wavelength Changed: 8/19/2022 1:04:36 PM, Old: 420.00, New: 342.00
Stop Wavelength Changed: 8/19/2022 1:04:36 PM, Old: 395.00, New: 332.00
Zero Mode Changed: 8/19/2022 1:04:39 PM, Old:ON, New:Reading
Zero Mode Changed: 8/19/2022 1:04:40 PM, Old:Reading, New:ON
Scan mode: Changed: 8/19/2022 1:12:22 PM, Old:Excitation, New:Emission
Excitation Wavelength Changed: 8/19/2022 1:12:22 PM, Old: 200.00, New: 420.00
Emission Wavelength Changed: 8/19/2022 1:12:22 PM, Old: 342.00, New: 430.00
Stop Wavelength Changed: 8/19/2022 1:12:22 PM, Old: 332.00, New: 600.00
Zero Mode Changed: 8/19/2022 1:12:28 PM, Old:ON, New:Reading
Zero Mode Changed: 8/19/2022 1:12:29 PM, Old:Reading, New:ON
Scan mode: Changed: 8/19/2022 1:14:41 PM, Old:Emission, New:Excitation
Excitation Wavelength Changed: 8/19/2022 1:14:41 PM, Old: 420.00, New: 220.00
Emission Wavelength Changed: 8/19/2022 1:14:41 PM, Old: 430.00, New: 420.00
Stop Wavelength Changed: 8/19/2022 1:14:41 PM, Old: 600.00, New: 400.00
Zero Mode Changed: 8/19/2022 1:14:46 PM, Old:ON, New:Reading
Zero Mode Changed: 8/19/2022 1:14:46 PM, Old:Reading, New:ON
Scan mode: Changed: 8/19/2022 1:16:06 PM, Old:Excitation, New:Emission
Excitation Wavelength Changed: 8/19/2022 1:16:06 PM, Old: 220.00, New: 340.00
Emission Wavelength Changed: 8/19/2022 1:16:06 PM, Old: 420.00, New: 350.00
Stop Wavelength Changed: 8/19/2022 1:16:06 PM, Old: 400.00, New: 600.00
Zero Mode Changed: 8/19/2022 1:16:08 PM, Old:ON, New:Reading
Zero Mode Changed: 8/19/2022 1:16:08 PM, Old:Reading, New:ON
Scan mode: Changed: 8/19/2022 1:18:23 PM, Old:Emission, New:Excitation
Excitation Wavelength Changed: 8/19/2022 1:18:23 PM, Old: 340.00, New: 200.00
Emission Wavelength Changed: 8/19/2022 1:18:23 PM, Old: 350.00, New: 415.00
Stop Wavelength Changed: 8/19/2022 1:18:23 PM, Old: 600.00, New: 400.00
Zero Mode Changed: 8/19/2022 12:28:38 PM, Old:ON, New:Reading
Zero Mode Changed: 8/19/2022 12:28:38 PM, Old:Reading, New:ON
Emission Wavelength Changed: 8/19/2022 12:29:15 PM, Old: 415.00, New: 420.00
Stop Wavelength Changed: 8/19/2022 12:29:15 PM, Old: 400.00, New: 410.00
Zero Mode Changed: 8/19/2022 12:29:19 PM, Old:ON, New:Reading
Zero Mode Changed: 8/19/2022 12:29:20 PM, Old:Reading, New:ON
Emission Wavelength Changed: 8/19/2022 12:30:25 PM, Old: 420.00, New: 415.00
Stop Wavelength Changed: 8/19/2022 12:30:25 PM, Old: 410.00, New: 405.00
Zero Mode Changed: 8/19/2022 12:30:27 PM, Old:ON, New:Reading
Zero Mode Changed: 8/19/2022 12:30:28 PM, Old:Reading, New:ON
Scan mode: Changed: 8/19/2022 12:32:30 PM, Old:Excitation, New:Emission
Excitation Wavelength Changed: 8/19/2022 12:32:30 PM, Old: 200.00, New: 340.00
Emission Wavelength Changed: 8/19/2022 12:32:30 PM, Old: 415.00, New: 350.00
Stop Wavelength Changed: 8/19/2022 12:32:30 PM, Old: 405.00, New: 600.00
Zero Mode Changed: 8/19/2022 12:32:36 PM, Old:ON, New:Reading
Zero Mode Changed: 8/19/2022 12:32:36 PM, Old:Reading, New:ON
Scan mode: Changed: 8/19/2022 12:34:00 PM, Old:Emission, New:Excitation
Excitation Wavelength Changed: 8/19/2022 12:34:00 PM, Old: 340.00, New: 200.00
Emission Wavelength Changed: 8/19/2022 12:34:00 PM, Old: 350.00, New: 316.00
Stop Wavelength Changed: 8/19/2022 12:34:00 PM, Old: 600.00, New: 306.00
Zero Mode Changed: 8/19/2022 12:34:03 PM, Old:ON, New:Reading
Zero Mode Changed: 8/19/2022 12:34:04 PM, Old:Reading, New:ON
Emission Wavelength Changed: 8/19/2022 12:35:24 PM, Old: 316.00, New: 416.00
Stop Wavelength Changed: 8/19/2022 12:35:24 PM, Old: 306.00, New: 406.00
Zero Mode Changed: 8/19/2022 12:35:26 PM, Old:ON, New:Reading
Zero Mode Changed: 8/19/2022 12:35:26 PM, Old:Reading, New:ON
Zero Mode Changed: 8/19/2022 12:35:50 PM, Old:ON, New:Reading
Zero Mode Changed: 8/19/2022 12:35:51 PM, Old:Reading, New:ON
Emission Wavelength Changed: 8/19/2022 12:36:54 PM, Old: 416.00, New: 420.00
Stop Wavelength Changed: 8/19/2022 12:36:54 PM, Old: 406.00, New: 410.00
Zero Mode Changed: 8/19/2022 12:36:56 PM, Old:ON, New:Reading
Zero Mode Changed: 8/19/2022 12:36:56 PM, Old:Reading, New:ON
Excitation Wavelength Changed: 8/19/2022 12:39:59 PM, Old: 200.00, New: 240.00
Zero Mode Changed: 8/19/2022 12:40:11 PM, Old:ON, New:Reading
Zero Mode Changed: 8/19/2022 12:40:12 PM, Old:Reading, New:ON
Emission Wavelength Changed: 8/19/2022 12:43:15 PM, Old: 420.00, New: 410.00
Zero Mode Changed: 8/19/2022 12:43:17 PM, Old:ON, New:Reading
Zero Mode Changed: 8/19/2022 12:43:17 PM, Old:Reading, New:ON
Stop Wavelength Changed: 8/19/2022 12:43:55 PM, Old: 410.00, New: 400.00
Zero Mode Changed: 8/19/2022 12:43:57 PM, Old:ON, New:Reading
Zero Mode Changed: 8/19/2022 12:43:57 PM, Old:Reading, New:ON
Scan mode: Changed: 8/19/2022 12:47:00 PM, Old:Excitation, New:Emission
Excitation Wavelength Changed: 8/19/2022 12:47:00 PM, Old: 240.00, New: 336.00
Emission Wavelength Changed: 8/19/2022 12:47:00 PM, Old: 410.00, New: 346.00
Stop Wavelength Changed: 8/19/2022 12:47:00 PM, Old: 400.00, New: 600.00
Zero Mode Changed: 8/19/2022 12:47:05 PM, Old:ON, New:Reading
Zero Mode Changed: 8/19/2022 12:47:05 PM, Old:Reading, New:ON
Scan mode: Changed: 8/19/2022 12:54:02 PM, Old:Emission, New:Excitation
Excitation Wavelength Changed: 8/19/2022 12:54:02 PM, Old: 336.00, New: 200.00
Emission Wavelength Changed: 8/19/2022 12:54:02 PM, Old: 346.00, New: 416.00
Stop Wavelength Changed: 8/19/2022 12:54:02 PM, Old: 600.00, New: 406.00
Zero Mode Changed: 8/19/2022 12:54:05 PM, Old:ON, New:Reading
Zero Mode Changed: 8/19/2022 12:54:05 PM, Old:Reading, New:ON
Excitation Wavelength Changed: 8/19/2022 12:55:14 PM, Old: 200.00, New: 240.00
Zero Mode Changed: 8/19/2022 12:55:18 PM, Old:ON, New:Reading
Zero Mode Changed: 8/19/2022 12:55:19 PM, Old:Reading, New:ON
Scan mode: Changed: 8/19/2022 12:56:39 PM, Old:Excitation, New:Emission
Excitation Wavelength Changed: 8/19/2022 12:56:39 PM, Old: 240.00, New: 335.00
Emission Wavelength Changed: 8/19/2022 12:56:39 PM, Old: 416.00, New: 345.00
Stop Wavelength Changed: 8/19/2022 12:56:39 PM, Old: 406.00, New: 600.00
Zero Mode Changed: 8/19/2022 12:56:42 PM, Old:ON, New:Reading
Zero Mode Changed: 8/19/2022 12:56:43 PM, Old:Reading, New:ON
Scan mode: Changed: 8/19/2022 12:58:09 PM, Old:Emission, New:Excitation
Excitation Wavelength Changed: 8/19/2022 12:58:09 PM, Old: 335.00, New: 200.00
Emission Wavelength Changed: 8/19/2022 12:58:09 PM, Old: 345.00, New: 420.00
Stop Wavelength Changed: 8/19/2022 12:58:09 PM, Old: 600.00, New: 410.00
Zero Mode Changed: 8/19/2022 12:58:12 PM, Old:ON, New:Reading
Zero Mode Changed: 8/19/2022 12:58:12 PM, Old:Reading, New:ON
Excitation Wavelength Changed: 8/19/2022 12:58:54 PM, Old: 200.00, New: 240.00
Zero Mode Changed: 8/19/2022 12:58:56 PM, Old:ON, New:Reading
Zero Mode Changed: 8/19/2022 12:58:56 PM, Old:Reading, New:ON
Scan mode: Changed: 8/19/2022 1:01:10 PM, Old:Excitation, New:Emission
Excitation Wavelength Changed: 8/19/2022 1:01:10 PM, Old: 240.00, New: 337.00
Emission Wavelength Changed: 8/19/2022 1:01:10 PM, Old: 420.00, New: 347.00
Stop Wavelength Changed: 8/19/2022 1:01:10 PM, Old: 410.00, New: 600.00
Zero Mode Changed: 8/19/2022 1:01:19 PM, Old:ON, New:Reading
Zero Mode Changed: 8/19/2022 1:01:19 PM, Old:Reading, New:ON
Excitation Wavelength Changed: 8/19/2022 1:02:21 PM, Old: 337.00, New: 345.00
Emission Wavelength Changed: 8/19/2022 1:02:21 PM, Old: 347.00, New: 355.00
Zero Mode Changed: 8/19/2022 1:02:24 PM, Old:ON, New:Reading
Zero Mode Changed: 8/19/2022 1:02:24 PM, Old:Reading, New:ON
Excitation Wavelength Changed: 8/19/2022 1:03:50 PM, Old: 345.00, New: 325.00
Emission Wavelength Changed: 8/19/2022 1:03:50 PM, Old: 355.00, New: 335.00
Zero Mode Changed: 8/19/2022 1:03:52 PM, Old:ON, New:Reading
Zero Mode Changed: 8/19/2022 1:03:52 PM, Old:Reading, New:ON
Scan mode: Changed: 8/19/2022 1:06:29 PM, Old:Emission, New:Excitation
Excitation Wavelength Changed: 8/19/2022 1:06:29 PM, Old: 325.00, New: 240.00
Emission Wavelength Changed: 8/19/2022 1:06:29 PM, Old: 335.00, New: 410.00
Stop Wavelength Changed: 8/19/2022 1:06:29 PM, Old: 600.00, New: 400.00
Zero Mode Changed: 8/19/2022 1:06:32 PM, Old:ON, New:Reading
Zero Mode Changed: 8/19/2022 1:06:33 PM, Old:Reading, New:ON
Scan mode: Changed: 8/19/2022 1:07:23 PM, Old:Excitation, New:Emission
Excitation Wavelength Changed: 8/19/2022 1:07:23 PM, Old: 240.00, New: 333.00
Emission Wavelength Changed: 8/19/2022 1:07:23 PM, Old: 410.00, New: 343.00
Stop Wavelength Changed: 8/19/2022 1:07:23 PM, Old: 400.00, New: 600.00
Zero Mode Changed: 8/19/2022 1:07:25 PM, Old:ON, New:Reading
Zero Mode Changed: 8/19/2022 1:07:25 PM, Old:Reading, New:ON
Excitation Wavelength Changed: 8/19/2022 1:09:24 PM, Old: 333.00, New: 345.00
Emission Wavelength Changed: 8/19/2022 1:09:24 PM, Old: 343.00, New: 355.00
Zero Mode Changed: 8/19/2022 1:09:25 PM, Old:ON, New:Reading
Zero Mode Changed: 8/19/2022 1:09:26 PM, Old:Reading, New:ON
Emission Wavelength Changed: 8/19/2022 1:10:09 PM, Old: 355.00, New: 350.00
Zero Mode Changed: 8/19/2022 1:10:10 PM, Old:ON, New:Reading
Zero Mode Changed: 8/19/2022 1:10:11 PM, Old:Reading, New:ON
Excitation Wavelength Changed: 8/19/2022 1:11:05 PM, Old: 345.00, New: 335.00
Emission Wavelength Changed: 8/19/2022 1:11:05 PM, Old: 350.00, New: 340.00
Zero Mode Changed: 8/19/2022 1:11:07 PM, Old:ON, New:Reading
Zero Mode Changed: 8/19/2022 1:11:07 PM, Old:Reading, New:ON
End Method Modifications

