CdS 120sec ODE2 Toluene1 em420,,CdS 120sec ODE2 Toluene1 ex340,,CdS 10sec ODE2 Toluene1 ex350,,CdS 120sec ODE2 Toluene1 ex330,,CdS 120sec ODE2 Toluene1 ex335,,CdS 120sec ODE2 Toluene1 em410,
Wavelength (nm),Intensity (a.u.),Wavelength (nm),Intensity (a.u.),Wavelength (nm),Intensity (a.u.),Wavelength (nm),Intensity (a.u.),Wavelength (nm),Intensity (a.u.),Wavelength (nm),Intensity (a.u.)
240,0.007188797,350,-0.926746368,360,-0.43006897,340,0.871692658,344.9200134,-1.333395004,240,-0.272756577
240.9299927,-0.859333038,351.0700073,1.199495316,361.0700073,1.15820694,341.0700073,2.266521454,345.8399963,1.201700211,240.9299927,-1.004388809
242.0299988,-1.285018921,352,1.377309799,362,3.221502304,342,3.750925064,346.9200134,1.692485809,242.0299988,-1.449249268
242.9600067,-1.713136673,353.0700073,4.660961151,363.0700073,7.081005096,343.0700073,5.374383926,347.8399963,3.742679596,242.9600067,-0.827165604
244.0599976,-1.350587845,354,6.0390625,364,7.997713089,344,7.657154083,348.9200134,6.344709396,244.0599976,-1.208242416
245,-1.145750046,355.0700073,9.44691658,365.0700073,12.27216911,345.0700073,10.10604095,349.8399963,8.589109421,245,-1.044700623
245.9299927,-0.260414124,356,11.83170319,366,13.47807121,346,12.82624245,350.9200134,10.36497688,245.9299927,-1.310028076
247.0299988,-0.279024124,357.0700073,12.87885475,367.0700073,16.78288078,347.0700073,15.35083199,351.8399963,12.95776939,247.0299988,-0.568899155
247.9600067,-0.769668579,358,16.40657616,368,19.7234211,348,16.9818325,352.9200134,15.30879021,247.9600067,0.291315079
249.0599976,-0.344833374,359.0700073,20.07152748,369.0700073,22.91639519,349.0700073,19.39255714,353.8399963,17.48186684,249.0599976,-0.990020752
250,-0.356672287,360,21.51393318,370,25.32762337,350,21.18182564,354.9200134,20.56846809,250,-0.101272583
250.9299927,0.351760864,361.0700073,26.29220009,371.0700073,30.61667824,351.0700073,23.61464882,355.8399963,23.48433113,250.9299927,-0.94997406
252.0299988,0.672647476,362,28.09815788,372,33.66529083,352,26.34822273,356.9200134,25.24401665,252.0299988,0.188585281
252.9600067,0.457004547,363.0700073,30.79236412,373.0700073,35.1737442,353.0700073,29.63742638,357.8399963,29.15519905,252.9600067,1.645261765
254.0599976,0.420145035,364,34.20275879,374,38.4890213,354,31.32520866,358.9200134,32.23862457,254.0599976,1.093078613
255,2.226335526,365.0700073,37.86192322,375.0700073,41.85624695,355.0700073,34.81829834,359.8399963,36.31537628,255,1.305009842
255.9299927,1.768129349,366,43.3468399,376,44.52822113,356,37.51522827,360.9200134,41.10639191,255.9299927,1.222553253
257.0299988,2.24096489,367.0700073,45.53857422,377.0700073,49.93226624,357.0700073,41.74594879,361.8399963,43.08168793,257.0299988,1.612352371
257.9599915,1.781616211,368,50.87918091,378,53.03907013,358,44.05735779,362.9200134,47.32569885,257.9599915,2.395994186
259.0599976,1.041385651,369.0700073,54.11387634,379.0700073,56.73578644,359.0700073,49.35665894,363.8399963,50.95224762,259.0599976,2.663021088
260,1.244659424,370,56.41864014,380,61.58602142,360,51.79929352,364.9200134,53.65664673,260,2.529556274
260.9299927,0.913684845,371.0700073,64.40272522,381.0700073,64.11952972,361.0700073,58.31859589,365.8399963,59.0873642,260.9299927,1.739164352
262.0299988,1.394645691,372,67.10016632,382,70.00337219,362,62.10067749,366.9200134,63.51179504,262.0299988,1.687906265
262.9599915,1.62348175,373.0700073,73.22493744,383.0700073,74.17298126,363.0700073,65.69763184,367.8399963,67.48958588,262.9599915,2.627695084
264.0599976,0.525665283,374,80.11299133,384,78.63532257,364,72.0306015,368.9200134,74.58192444,264.0599976,1.327871323
265,1.540431976,375.0700073,85.39252472,385.0700073,83.05440521,365.0700073,76.75785828,369.8399963,79.43379211,265,2.554132462
265.9299927,0.741039276,376,86.47823334,386,88.69574738,366,79.15594482,370.9200134,81.65042114,265.9299927,2.087272644
267.0299988,0.842752457,377.0700073,94.81624603,387.0700073,92.56887054,367.0700073,86.11215973,371.8399963,87.9357605,267.0299988,1.560304642
267.9599915,0.227653503,378,97.68037415,388,98.16597748,368,84.60962677,372.9200134,91.82027435,267.9599915,1.198734283
269.0599976,-0.569835663,379.0700073,99.75659943,389.0700073,102.9363098,369.0700073,89.78255463,373.8399963,94.34864044,269.0599976,1.0131073
270,-1.070796967,380,103.9266663,390,104.4920883,370,93.31199646,374.9200134,96.8978653,270,0.248830795
271.0700073,-2.184650421,381.0700073,108.7270508,391.0700073,111.3304672,371.0700073,95.42075348,375.8399963,102.4828796,271.0700073,-0.469755173
272,-2.602455139,382,111.480217,392,113.9103928,372,100.169899,376.9200134,106.0132675,272,-1.153390884
273.0700073,-3.376125336,383.0700073,114.472908,393.0700073,115.0976334,373.0700073,100.1631699,377.8399963,110.7111282,273.0700073,-1.886295319
274,-4.05424881,384,119.2133865,394,119.2359085,374,106.0871429,378.9200134,111.1143723,274,-2.524913788
275.0700073,-4.95410347,385.0700073,124.0851364,395.0700073,121.995491,375.0700073,108.355072,379.8399963,117.5291977,275.0700073,-3.255401611
276,-5.244235992,386,124.8393784,396,125.7246017,376,111.516449,380.9200134,117.4816818,276,-3.884896278
277.0700073,-5.447907448,387.0700073,126.5245895,397.0700073,124.9911575,377.0700073,115.3477173,381.8399963,125.6464005,277.0700073,-3.709850311
278,-5.010177612,388,129.1402588,398,131.5626678,378,118.0413818,382.9200134,129.5117645,278,-3.181074142
279.0700073,-1.420248032,389.0700073,135.5723724,399.0700073,134.7847137,379.0700073,120.4090729,383.8399963,127.9661789,279.0700073,0.559457779
280,2.083295822,390,140.1008453,400,135.4437866,380,125.4528656,384.9200134,134.7217865,280,4.167898178
280.9299927,8.875049591,391.0700073,143.0984955,401.0700073,136.9993591,381.0700073,128.1579437,385.8399963,137.9046173,280.9299927,9.116182327
282.0299988,14.9146595,392,147.9405823,402,141.8157806,382,132.3010101,386.9200134,141.1622467,282.0299988,18.56816673
282.9599915,23.21447182,393.0700073,148.4930267,403.0700073,146.4812927,383.0700073,134.6339417,387.8399963,145.7221985,282.9599915,23.86741066
284.0599976,32.38468933,394,151.3530731,404,146.0808716,384,135.5766449,388.9200134,145.4433594,284.0599976,34.00534058
285,38.43511963,395.0700073,153.4286346,405.0700073,151.2029114,385.0700073,141.6460266,389.8399963,150.6345673,285,42.01457977
285.9299927,44.34224701,396,156.5719452,406,153.2160339,386,144.9143829,390.9200134,154.535675,285.9299927,49.10688019
287.0299988,52.21895599,397.0700073,161.0842896,407.0700073,153.2005463,387.0700073,147.5320435,391.8399963,155.7221222,287.0299988,53.50184631
287.9599915,55.75345612,398,163.7548218,408,156.4104462,388,149.1018219,392.9200134,160.9359436,287.9599915,59.72376251
289.0599976,60.33128357,399.0700073,164.3619843,409.0700073,163.1585236,389.0700073,154.0984497,393.8399963,161.1511078,289.0599976,63.92590332
290,66.78503418,400,165.6986542,410,161.5582428,390,152.4713593,394.9200134,161.2097778,290,70.34799194
290.9299927,69.25150299,401.0700073,168.1850128,411.0599976,161.513382,391.0700073,156.9534607,395.8399963,166.8320007,290.9299927,72.88957977
292.0299988,73.9357605,402,171.5545197,411.9599915,163.4378815,392,156.1901093,396.9200134,168.1873322,292.0299988,78.6526947
292.9599915,77.11694336,403.0700073,171.319519,413.0299988,165.234726,393.0700073,163.0095978,397.8399963,171.4697418,292.9599915,80.68264008
294.0599976,81.422966,404,174.0981903,413.9299927,167.7974854,394,160.7898254,398.9200134,172.2225189,294.0599976,87.85997009
295,84.07004547,405.0700073,176.9620819,415,167.338623,395.0700073,164.019928,399.8399963,174.2482147,295,90.15354156
295.9299927,88.6829071,406,179.4453125,416.0599976,171.8522034,396,162.6114655,400.9200134,173.8027191,295.9299927,93.3941803
297.0299988,91.82337952,407.0700073,177.8959656,416.9599915,169.4368286,397.0700073,164.4372711,401.8399963,176.6644745,297.0299988,97.90002441
297.9599915,94.39767456,408,181.5578308,418.0299988,173.4013824,398,168.9688873,402.9200134,178.6599121,297.9599915,101.2539902
299.0599976,97.30810547,409.0700073,182.1622009,418.9299927,171.3014069,399.0700073,170.9481201,403.8399963,176.9222565,299.0599976,103.6134491
300,99.87468719,410,183.4875336,420,171.7408295,400,168.1628418,404.9200134,179.0313263,300,103.4655762
301.0700073,101.767395,411.0599976,182.4991608,421.0700073,173.9010315,401.0700073,171.6174774,405.8399963,180.6488037,301.0700073,106.2611618
302,104.9269943,411.9599915,185.9207764,422,171.5470581,402,171.9443665,406.9200134,186.6696472,302,109.6129303
303.0700073,107.7826996,413.0299988,181.0959473,423.0700073,171.4977417,403.0700073,171.3715668,407.8399963,185.3250427,303.0700073,113.1372528
304,108.9319534,413.9299927,186.8000641,424,168.1499176,404,170.7104034,408.9200134,183.5600739,304,114.6006927
305.0700073,110.4544144,415,185.6165771,425.0700073,167.2246246,405.0700073,175.6522522,409.8399963,185.1258698,305.0700073,118.6406555
306,114.2472305,416.0599976,184.8256531,426,168.2659302,406,175.8782349,410.8999939,185.4737091,306,120.0834656
307.0700073,114.696785,416.9599915,185.6281281,427.0700073,164.8853912,407.0700073,173.4224091,411.9599915,186.2020416,307.0700073,126.0407867
308,118.4806137,418.0299988,186.0122681,428,165.2909698,408,174.8936462,412.8699951,185.84552,308,127.2490997
309.0700073,122.3375626,418.9299927,186.1319733,429.0700073,161.8332825,409.0700073,177.3206177,413.9299927,183.9196777,309.0700073,131.9785919
310,121.1604996,420,183.6904755,430,162.6418152,410,175.2610321,414.8399963,183.6966095,310,131.655899
311.0700073,126.7793655,421.0700073,183.4683075,431.0599976,157.923645,411.0599976,176.0149689,415.8999939,185.0041809,311.0700073,132.8579865
312,127.4790268,422,183.5641785,431.9599915,156.3127594,411.9599915,175.9690704,416.9599915,183.1735535,312,137.4581299
313.0700073,130.0358276,423.0700073,181.9088135,433.0299988,156.3074951,413.0299988,176.5739594,417.8699951,184.8093872,313.0700073,138.1570587
314,133.8249512,424,176.7111969,433.9299927,153.2598572,413.9299927,176.4827118,418.9299927,182.8050537,314,142.109726
315.0700073,131.1547699,425.0700073,175.4258575,435,152.5653992,415,175.9567413,419.8399963,181.6434174,315.0700073,142.4641266
316,134.8273163,426,178.2783966,436.0599976,148.2792206,416.0599976,175.1038513,420.9200134,179.761734,316,144.0106201
317.0700073,138.2930908,427.0700073,172.6925354,436.9599915,147.2582855,416.9599915,171.7650604,421.8399963,179.0997772,317.0700073,148.3964081
318,140.0029602,428,168.8245239,438.0299988,145.082901,418.0299988,172.1325836,422.9200134,177.2487946,318,150.2313538
319.0700073,143.193222,429.0700073,165.4461365,438.9299927,144.7011108,418.9299927,174.4081573,423.8399963,176.7934265,319.0700073,151.6533051
320,145.8625336,430,169.4630737,440,142.6580505,420,172.8185577,424.9200134,172.2592163,320,156.9056244
320.9299927,149.8416443,431.0599976,164.3348389,441.0599976,140.6672974,421.0700073,168.7818909,425.8399963,172.8530884,320.9299927,159.4700928
322.0299988,151.8182983,431.9599915,159.9043121,441.9599915,139.7006683,422,169.6323547,426.9200134,171.1304932,322.0299988,165.0001526
322.9599915,156.0426025,433.0299988,159.1105194,443.0299988,137.1818237,423.0700073,164.2318726,427.8399963,167.1014252,322.9599915,164.1948395
324.0599976,155.874649,433.9299927,156.0921631,443.9299927,138.0570984,424,163.3630371,428.9200134,162.7429657,324.0599976,167.4309387
325,160.5743103,435,155.7809448,445,132.0415802,425.0700073,161.2400055,429.8399963,163.7716217,325,170.6816101
325.9299927,161.8750153,436.0599976,152.5496674,446.0599976,133.7693481,426,159.0722809,430.8999939,157.8613586,325.9299927,173.7838898
327.0299988,163.8870239,436.9599915,150.7073517,446.9599915,129.7220459,427.0700073,155.5378723,431.9599915,157.5842438,327.0299988,172.853714
327.9599915,166.0384827,438.0299988,146.918396,448.0299988,130.7501984,428,154.34021,432.8699951,154.4216003,327.9599915,176.3268127
329.0599976,167.1980743,438.9299927,147.0431824,448.9299927,126.8160934,429.0700073,152.2085724,433.9299927,150.0616302,329.0599976,175.4521332
330,168.763031,440,144.134201,450,127.3796768,430,150.1866913,434.8399963,146.2119904,330,178.1266174
331.0700073,173.5444336,441.0599976,141.6768799,451.0599976,122.8447342,431.0599976,147.9954224,435.8999939,142.5722504,331.0700073,180.8156433
332,176.1603851,441.9599915,140.3708649,451.9599915,124.6093826,431.9599915,144.3320618,436.9599915,145.0822906,332,181.6535187
333.0700073,179.1506195,443.0299988,133.7830658,453.0299988,120.6942215,433.0299988,141.4506378,437.8699951,145.2172699,333.0700073,185.8494263
334,177.6610107,443.9299927,132.9082489,453.9299927,121.6849899,433.9299927,141.2327576,438.9299927,141.8743591,334,182.8857574
335.0700073,180.2420197,445,134.6295013,455,117.6702805,435,137.7191772,439.8399963,136.9962311,335.0700073,185.3630981
336,181.1352539,446.0599976,130.1106262,456.0599976,118.1412888,436.0599976,133.533905,440.8999939,133.6448822,336,185.4264221
337.0700073,182.2153931,446.9599915,131.1970062,456.9599915,113.9610672,436.9599915,133.0511017,441.9599915,130.4390869,337.0700073,183.9304352
338,180.1373596,448.0299988,125.6084213,458.0299988,116.1789474,438.0299988,128.3649597,442.8699951,131.0384521,338,181.5852966
339.0700073,182.6749115,448.9299927,127.5936508,458.9299927,111.1082993,438.9299927,130.6446686,443.9299927,127.8984299,339.0700073,186.1140594
340,180.6933594,450,125.8507156,460,110.5540695,440,125.7580566,444.8399963,126.9510269,340,182.9398804
341.0700073,182.7752075,451.0599976,123.9788284,461.0599976,110.8290176,441.0599976,124.4169006,445.8999939,126.5261917,341.0700073,181.0471802
342,183.1325989,451.9599915,120.6529617,461.9599915,108.4038162,441.9599915,121.1769714,446.9599915,124.9893875,342,182.0767365
343.0700073,178.7206573,453.0299988,118.4519119,463.0299988,105.970459,443.0299988,119.2874603,447.8699951,120.7414627,343.0700073,181.0394897
344,181.5814667,453.9299927,118.8502274,463.9299927,103.2250671,443.9299927,118.2233582,448.9299927,117.5045395,344,178.6278381
345.0700073,179.0284271,455,115.4929581,465,100.093689,445,116.6668091,449.8399963,119.3946609,345.0700073,175.9942932
346,179.1201324,456.0599976,113.567482,466.0599976,100.2271194,446.0599976,115.3090973,450.8999939,116.0315018,346,171.8434448
347.0700073,175.7865601,456.9599915,114.4860153,466.9599915,98.52915192,446.9599915,111.9272156,451.9599915,113.1001511,347.0700073,170.1620026
348,172.1039276,458.0299988,111.8734207,468.0299988,96.3401947,448.0299988,111.6378632,452.8699951,114.5916519,348,167.4107971
349.0700073,171.547226,458.9299927,109.1062546,468.9299927,94.8164978,448.9299927,107.6375885,453.9299927,111.9478989,349.0700073,162.543335
350,170.9058838,460,108.2286453,470,91.49537659,450,109.7637634,454.8399963,110.9054184,350,160.1388855
351.0700073,165.9781799,461.0599976,105.87677,471.0599976,91.91432953,451.0599976,105.4463654,455.8999939,108.1167679,351.0700073,156.0042877
352,161.3864594,461.9599915,103.628624,471.9599915,89.96475983,451.9599915,107.2232208,456.9599915,108.005806,352,155.3619232
353.0700073,162.3970032,463.0299988,101.4666138,473.0299988,89.32287598,453.0299988,104.9486389,457.8699951,105.7264938,353.0700073,150.0861969
354,157.6587067,463.9299927,99.88011932,473.9299927,85.18712616,453.9299927,102.1771393,458.9299927,103.605423,354,144.9492645
355.0700073,154.7968597,465,99.08294678,475,84.32693481,455,99.63269043,459.8399963,101.4606171,355.0700073,140.1180878
356,151.2380219,466.0599976,99.60770416,476.0599976,82.63271332,456.0599976,99.13389587,460.8999939,99.27611542,356,136.7938995
357.0700073,145.9368591,466.9599915,94.47882843,476.9599915,79.54571533,456.9599915,98.01764679,461.9599915,98.58940887,357.0700073,132.6046906
358,145.3251953,468.0299988,92.95530701,478.0299988,79.51855469,458.0299988,95.63854218,462.8699951,96.94015503,358,129.0609894
359.0700073,140.3248444,468.9299927,89.41357422,478.9299927,77.20423126,458.9299927,94.39204407,463.9299927,92.85321045,359.0700073,125.5211029
360,139.0581665,470,89.64141846,480,75.80636597,460,93.02101135,464.8399963,94.27082062,360,124.2522736
361.0700073,135.1361084,471.0599976,88.39251709,481.0599976,73.10400391,461.0599976,91.26940155,465.8999939,91.95207214,361.0700073,118.5069427
362,133.5640717,471.9599915,85.78190613,481.9599915,71.97010803,461.9599915,89.21661377,466.9599915,90.91560364,362,115.3049927
363.0700073,129.5567322,473.0299988,85.50063324,483.0299988,70.24345398,463.0299988,89.89772797,467.8699951,89.75442505,363.0700073,115.5010986
364,127.4516068,473.9299927,82.08473969,483.9299927,66.71146393,463.9299927,85.14652252,468.9299927,85.33097839,364,109.2052307
365.0700073,120.774437,475,80.52423859,485,65.96633911,465,84.22473907,469.8399963,86.41494751,365.0700073,106.0669861
366,115.9506302,476.0599976,79.73368835,486.0599976,66.24571228,466.0599976,82.184021,470.8999939,84.29678345,366,101.617569
367.0700073,113.0588913,476.9599915,78.25593567,486.9599915,63.90849304,466.9599915,81.43556976,471.9599915,82.49063873,367.0700073,96.74832916
368,110.2569351,478.0299988,75.83682251,488.0299988,61.66125488,468.0299988,80.75460052,472.8699951,79.12100983,368,92.07905579
369.0700073,103.8919067,478.9299927,76.58355713,488.9299927,60.60951996,468.9299927,79.21443939,473.9299927,79.03612518,369.0700073,85.36196899
370,104.9071274,480,72.39659119,490,59.43099213,470,76.58218384,474.8399963,76.29851532,370,80.72555542
371.0700073,101.6127396,481.0599976,71.05587769,491.0400085,58.20214081,471.0599976,72.17430115,475.8999939,73.99282074,371.0700073,76.54171753
372,100.5304413,481.9599915,69.8129425,491.9400024,56.62649536,471.9599915,74.62095642,476.9599915,71.55260468,372,73.46563721
373.0700073,94.90788269,483.0299988,69.24141693,492.980011,55.65470886,473.0299988,71.80172729,477.8699951,70.48796082,373.0700073,67.46733093
374,91.80891418,483.9299927,65.38053894,494.019989,52.13137054,473.9299927,70.21165466,478.9299927,66.83698273,374,65.36588287
375.0700073,86.18507385,485,66.66119385,495.0700073,52.09599304,475,68.69351959,479.8399963,68.7611618,375.0700073,60.64146423
376,83.9119873,486.0599976,63.69352722,495.9700012,50.32608795,476.0599976,66.57033539,480.8999939,66.95954895,376,59.16512299
377.0700073,80.64478302,486.9599915,64.29003906,497.0100098,47.31057739,476.9599915,68.35461426,481.9599915,65.21720123,377.0700073,55.41544342
378,78.01861572,488.0299988,60.9736557,498.0499878,46.92235565,478.0299988,63.8822937,482.8699951,63.72181702,378,51.79398346
379.0700073,73.16725922,488.9299927,59.06661987,498.9500122,46.17943573,478.9299927,63.1559906,483.9299927,64.54171753,379.0700073,50.30908203
380,69.62997437,490,58.25989532,500,46.26430511,480,62.33627319,484.8399963,62.4421463,380,46.60531616
381.0700073,66.70603943,491.0400085,56.3272934,501.0400085,42.28720093,481.0599976,60.66719055,485.8999939,58.4368515,381.0700073,42.17144012
382,61.71061707,491.9400024,54.59050751,501.9400024,42.91793823,481.9599915,58.87059021,486.9599915,57.6703949,382,40.95339966
383.0700073,59.72875977,492.980011,54.03098297,502.980011,40.22499084,483.0299988,57.23630524,487.8699951,56.51939392,383.0700073,38.3243103
384,56.47081757,494.019989,52.45954132,504.019989,40.45077515,483.9299927,57.00145721,488.9299927,55.04773712,384,35.00424957
385.0700073,54.05026245,495.0700073,50.85417175,505.0700073,38.6596756,485,55.11640167,489.8399963,53.9370575,385.0700073,31.721632
386,51.69080353,495.9700012,49.36470795,505.9700012,39.13011169,486.0599976,52.71974182,490.8900146,52.61667633,386,30.51265144
387.0700073,48.41314697,497.0100098,49.61688995,507.0100098,37.06951141,486.9599915,51.62883759,491.9400024,53.31791687,387.0700073,26.84347343
388,44.54405975,498.0499878,47.7696228,508.0499878,36.09975433,488.0299988,52.5091095,492.980011,50.42681122,388,26.13069344
389.0700073,42.29528046,498.9500122,45.79639435,508.9500122,34.79775238,488.9299927,50.43112183,493.8800049,47.77583313,389.0700073,23.89509392
390,39.14989471,500,43.91530609,510,33.37147522,490,48.47807312,494.9200134,48.07025909,390,20.3521595
391.0599976,36.68125916,501.0400085,42.07726288,511.0599976,31.44194984,491.0400085,48.42105103,495.9700012,46.00643158,391.0599976,18.90338326
391.9599915,35.16447449,501.9400024,42.79943085,511.9599915,32.03997803,491.9400024,45.32329559,496.8599854,45.16559601,391.9599915,16.55402184
393.0299988,32.04472351,502.980011,41.31482697,513.0300293,31.36849785,492.980011,45.81241608,497.9100037,44.54577637,393.0299988,15.04067039
393.9299927,30.31079292,504.019989,41.07832336,513.9299927,30.04411507,494.019989,43.42234802,498.9500122,41.42962646,393.9299927,13.12042427
395,27.76670265,505.0700073,38.67438507,515,27.99257088,495.0700073,42.69802856,499.8500061,41.1919632,395,10.480793
396.0599976,24.81374168,505.9700012,40.5513382,516.0599976,27.29339027,495.9700012,40.85697937,500.8900146,40.78651428,396.0599976,8.538499832
396.9599915,22.74233818,507.0100098,35.29673004,516.960022,28.46464348,497.0100098,39.9460144,501.9400024,39.88829041,396.9599915,6.893766403
398.0299988,19.48001671,508.0499878,35.74740601,518.0300293,25.76222801,498.0499878,39.61870575,502.980011,38.03148651,398.0299988,4.723243713
398.9299927,18.93053627,508.9500122,35.16216278,518.9299927,24.99817467,498.9500122,38.80101013,503.8800049,36.83841705,398.9299927,3.322553635
400,16.23545647,510,33.40122986,520,24.4411602,500,35.72351837,504.9200134,36.1446228,400,1.945343018
401.0700073,13.7512722,511.0599976,31.90915489,521.039978,22.49445915,501.0400085,35.49343872,505.9700012,34.08449554,,
402,11.67952919,511.9599915,31.52978325,521.9400024,23.19980431,501.9400024,35.65290833,506.8599854,34.26133728,,
403.0700073,10.23817444,513.0300293,30.14813042,522.9799805,22.00154686,502.980011,33.80891418,507.9100037,30.42194557,,
404,9.059703827,513.9299927,30.30517006,524.0200195,20.78469276,504.019989,33.00349426,508.9500122,29.66100883,,
405.0700073,6.955532074,515,28.14947319,525.0700073,18.59582329,505.0700073,32.32195282,509.8500061,29.52628136,,
406,5.740037918,516.0599976,26.71175957,525.9699707,18.6755085,505.9700012,29.23343086,510.8999939,30.04900169,,
407.0700073,4.552175522,516.960022,26.69916725,527.0100098,18.25260735,507.0100098,31.04424477,511.9599915,29.2097187,,
408,3.573038101,518.0300293,26.98610497,528.0499878,18.43314934,508.0499878,30.14723778,512.8699951,28.35531425,,
409.0700073,1.884929657,518.9299927,25.18655205,528.9500122,17.45610237,508.9500122,28.94886589,513.9299927,26.94386482,,
410,0.938653946,520,25.57777596,530,15.51597786,510,29.44502068,514.8400269,27.71266365,,
,,521.039978,22.24939919,531.039978,14.69616508,511.0599976,27.37296104,515.9000244,25.06165886,,
,,521.9400024,23.73995781,531.9400024,13.81834221,511.9599915,25.39708138,516.960022,25.44573021,,
,,522.9799805,22.18014336,532.9799805,14.12953377,513.0300293,24.8517971,517.8699951,23.72721672,,
,,524.0200195,20.15937614,534.0200195,12.36509705,513.9299927,23.56052589,518.9299927,21.69715309,,
,,525.0700073,20.94050407,535.0700073,12.27521706,515,22.96055794,519.8400269,21.56921959,,
,,525.9699707,18.70115852,535.9699707,12.90044975,516.0599976,22.56791115,520.8900146,21.66902351,,
,,527.0100098,18.81321907,537.0100098,11.94568825,516.960022,21.81080437,521.9400024,21.35485268,,
,,528.0499878,17.93367195,538.0499878,9.884332657,518.0300293,20.25762367,522.9799805,18.79232216,,
,,528.9500122,18.50324059,538.9500122,10.61998177,518.9299927,19.83320808,523.8800049,19.69739723,,
,,530,16.79340172,540,8.979314804,520,18.85426903,524.9199829,17.69201851,,
,,531.039978,16.29277611,541.0200195,9.5189991,521.039978,17.52321053,525.9699707,18.59238243,,
,,531.9400024,15.23298836,542.0499878,9.099023819,521.9400024,18.78157616,526.8599854,16.24843407,,
,,532.9799805,16.25583839,542.9400024,8.49360466,522.9799805,16.18504906,527.9099731,16.58141136,,
,,534.0200195,14.92104149,543.9699707,7.985233307,524.0200195,14.51624489,528.9500122,16.55552101,,
,,535.0700073,13.86709404,545,6.949262619,525.0700073,14.35425758,529.8499756,14.98745155,,
,,535.9699707,14.14842415,546.0200195,5.824821472,525.9699707,15.50055885,530.8900146,13.67606926,,
,,537.0100098,11.99764442,547.0499878,5.693008423,527.0100098,13.67338371,531.9400024,13.32254219,,
,,538.0499878,11.40101433,547.9400024,4.195613861,528.0499878,13.86559868,532.9799805,13.68676567,,
,,538.9500122,11.24950409,548.9699707,4.728858948,528.9500122,12.08209419,533.8800049,11.67185783,,
,,540,9.641500473,550,3.742134094,530,12.26326561,534.9199829,11.45702362,,
,,541.0200195,10.65855789,551.039978,4.269357681,531.039978,12.34379005,535.9699707,10.44485283,,
,,542.0499878,9.866254807,551.9400024,3.18687439,531.9400024,10.42074776,536.8599854,10.64295197,,
,,542.9400024,8.845607758,552.9799805,1.644159317,532.9799805,9.386133194,537.9099731,9.048290253,,
,,543.9699707,7.569793701,554.0200195,2.092323303,534.0200195,8.427474976,538.9500122,10.13994026,,
,,545,7.605766296,555.0700073,2.695051193,535.0700073,9.877609253,539.8499756,8.121707916,,
,,546.0200195,6.774301529,555.9699707,1.704263687,535.9699707,8.216794968,540.8800049,9.418655396,,
,,547.0499878,7.533008575,557.0100098,0.852552414,537.0100098,7.551534653,541.9099731,7.122615814,,
,,547.9400024,7.062204361,558.0499878,0.300794601,538.0499878,7.569059372,542.9400024,7.84608078,,
,,548.9699707,6.288101196,558.9500122,0.193908691,538.9500122,6.43391037,543.9699707,5.998779297,,
,,550,5.056459427,560,-0.459377289,540,6.241149902,544.8499756,5.759477615,,
,,551.039978,4.84577179,561.039978,0.558902741,541.0200195,5.617185593,545.8800049,5.215484619,,
,,551.9400024,4.40294838,561.9400024,-1.367321014,542.0499878,5.732954025,546.9099731,5.554853439,,
,,552.9799805,4.537509918,562.9799805,-0.401920319,542.9400024,4.276329041,547.9400024,3.924512863,,
,,554.0200195,3.424367905,564.0200195,-1.978450775,543.9699707,2.907752991,548.9699707,4.48147583,,
,,555.0700073,3.225521088,565.0700073,-2.38901329,545,4.015514374,549.8499756,2.97942543,,
,,555.9699707,2.751184464,565.9699707,-2.52938652,546.0200195,2.644750595,550.8900146,2.682304382,,
,,557.0100098,1.363407135,567.0100098,-1.698669434,547.0499878,3.423854828,551.9400024,3.436080933,,
,,558.0499878,1.379087448,568.0499878,-3.254678726,547.9400024,2.0548172,552.9799805,2.598539352,,
,,558.9500122,1.891521454,568.9500122,-3.100095749,548.9699707,1.784614563,553.8800049,2.690088272,,
,,560,1.043603897,570,-3.695079803,550,0.988271713,554.9199829,1.110485077,,
,,561.039978,0.200986862,571.0200195,-3.491472244,551.039978,1.077600479,555.9699707,0.70872879,,
,,561.9400024,0.383893967,572.0499878,-4.198899269,551.9400024,1.004190445,556.8599854,0.428529739,,
,,562.9799805,0.294467926,572.9400024,-4.849321365,552.9799805,0.187292099,557.9099731,-0.268264771,,
,,564.0200195,-0.459892273,573.9699707,-4.771213531,554.0200195,-0.664482117,558.9500122,-0.941572189,,
,,565.0700073,-0.185283661,575,-5.22809124,555.0700073,-0.752384186,559.8499756,-1.274326324,,
,,565.9699707,-1.636888504,576.0200195,-5.316389084,555.9699707,-0.865877152,560.8900146,-1.473335266,,
,,567.0100098,-0.775947571,577.0499878,-7.035562515,557.0100098,-1.000370026,561.9400024,-1.633132935,,
,,568.0499878,-2.246910095,577.9400024,-6.266158104,558.0499878,-1.723613739,562.9799805,-2.169662476,,
,,568.9500122,-2.185354233,578.9699707,-6.345944405,558.9500122,-1.267747879,563.8800049,-3.42272377,,
,,570,-2.566332817,580,-7.029079437,560,-3.522649765,564.9199829,-2.322031021,,
,,571.0200195,-2.731283188,581.0200195,-7.226913452,561.039978,-3.071590424,565.9699707,-2.92656517,,
,,572.0499878,-3.660514832,582.0499878,-7.100646973,561.9400024,-3.456598282,566.8599854,-3.453403473,,
,,572.9400024,-3.452095032,582.9400024,-7.352470398,562.9799805,-4.115686417,567.9099731,-3.884412766,,
,,573.9699707,-4.09027195,583.9699707,-7.745501518,564.0200195,-3.343473434,568.9500122,-3.932878494,,
,,575,-3.768698692,585,-7.968600273,565.0700073,-4.488292694,569.8499756,-3.199588776,,
,,576.0200195,-3.573602676,586.0200195,-8.102692604,565.9699707,-4.118328094,570.8800049,-4.76391983,,
,,577.0499878,-4.806833267,587.0499878,-8.740789413,567.0100098,-5.200120926,571.9099731,-5.064781189,,
,,577.9400024,-4.99097538,587.9400024,-8.33949852,568.0499878,-5.445516586,572.9400024,-4.755903244,,
,,578.9699707,-5.57715416,588.9699707,-8.706059456,568.9500122,-6.360702515,573.9699707,-6.169875145,,
,,580,-5.541134834,590,-9.763219833,570,-5.396221161,574.8499756,-5.764655113,,
,,581.0200195,-5.90685463,591.0200195,-9.640247345,571.0200195,-6.849084854,575.8800049,-5.718873978,,
,,582.0499878,-5.062747002,592.0499878,-9.365019798,572.0499878,-6.468454361,576.9099731,-6.296730042,,
,,582.9400024,-5.780583382,592.9400024,-10.00535679,572.9400024,-6.063811302,577.9400024,-6.101531029,,
,,583.9699707,-6.461166382,593.9699707,-10.24294758,573.9699707,-7.102807999,578.9699707,-7.087315559,,
,,585,-6.731794357,595,-9.986761093,575,-7.020831108,579.8499756,-6.342024803,,
,,586.0200195,-6.829406738,596.0200195,-10.74732399,576.0200195,-7.366486549,580.8800049,-7.960038185,,
,,587.0499878,-7.371251106,597.0499878,-11.04036522,577.0499878,-8.162247658,581.9099731,-8.416367531,,
,,587.9400024,-7.825863838,597.9400024,-10.78314877,577.9400024,-8.531250954,582.9400024,-8.057976723,,
,,588.9699707,-8.322520256,598.9699707,-11.19907188,578.9699707,-8.587861061,583.9699707,-8.483154297,,
,,590,-7.402234077,600,-11.00397491,580,-8.03823185,584.8499756,-8.266359329,,
,,591.0200195,-7.369324684,,,581.0200195,-9.873389244,585.8800049,-8.80926609,,
,,592.0499878,-8.049250603,,,582.0499878,-9.435538292,586.9099731,-8.72809124,,
,,592.9400024,-9.069112778,,,582.9400024,-10.23722172,587.9400024,-9.032731056,,
,,593.9699707,-9.226777077,,,583.9699707,-9.343394279,588.9699707,-9.132455826,,
,,595,-8.45331955,,,585,-10.11088467,589.8499756,-9.881623268,,
,,596.0200195,-9.167513847,,,586.0200195,-10.16922569,590.8800049,-9.705259323,,
,,597.0499878,-9.271853447,,,587.0499878,-9.871350288,591.9099731,-10.21933842,,
,,597.9400024,-9.262917519,,,587.9400024,-10.36866093,592.9400024,-10.82060623,,
,,598.9699707,-8.980951309,,,588.9699707,-10.42596054,593.9699707,-10.01638508,,
,,600,-9.695869446,,,590,-11.05897617,594.8499756,-10.61365032,,
,,,,,,591.0200195,-11.61103535,595.8800049,-10.6057415,,
,,,,,,592.0499878,-11.19877625,596.9099731,-11.68296051,,
,,,,,,592.9400024,-11.68810368,597.9400024,-11.49581337,,
,,,,,,593.9699707,-11.95937729,598.9699707,-11.08128166,,
,,,,,,595,-11.94845963,599.8499756,-11.31763363,,
,,,,,,596.0200195,-12.23535252,600.8800049,-11.52201366,,
,,,,,,597.0499878,-12.08727646,,,,
,,,,,,597.9400024,-12.276124,,,,
,,,,,,598.9699707,-12.7175169,,,,
,,,,,,600,-12.86761856,,,,
,,,,,,,,,,,
CdS 180sec ODE2 Toluene1 em420,,,,,,,,,,,
CdS 180sec ODE2 Toluene1 em420,,,,,,,,,,,
Collection Time: 8/19/2022 12:53:13 PM,,,,,,,,,,,
Operator Name  :,,,,,,,,,,,
Scan Software Version: 1.1(132),,,,,,,,,,,
Parameter List :,,,,,,,,,,,
Instrument                        Cary Eclipse,,,,,,,,,,,
Instrument Serial Number          E08013467,,,,,,,,,,,
Data mode                         Fluorescence,,,,,,,,,,,
Scan mode                         Excitation,,,,,,,,,,,
X Mode                            Wavelength (nm),,,,,,,,,,,
Start (nm)                        240.00,,,,,,,,,,,
Stop (nm)                         410.00,,,,,,,,,,,
Em. Wavelength (nm)               420.00,,,,,,,,,,,
Ex. Slit (nm)                     5,,,,,,,,,,,
Em. Slit (nm)                     5,,,,,,,,,,,
Scan rate (nm/min)                600.00,,,,,,,,,,,
Data interval (nm)                1.0000,,,,,,,,,,,
Averaging Time (s)                0.1000,,,,,,,,,,,
Excitation filter                 Auto,,,,,,,,,,,
Emission filter                   Open,,,,,,,,,,,
PMT voltage (V)                   Medium,,,,,,,,,,,
Corrected spectra                 OFF,,,,,,,,,,,
Method Log     :,,,,,,,,,,,
Method Name    : Default,,,,,,,,,,,
Date/Time stamp: 8/19/2022 12:21:40 PM,,,,,,,,,,,
Method Modifications:,,,,,,,,,,,
Zero Mode Changed: 8/19/2022 1:01:28 PM, Old:OFF, New:Reading,,,,,,,,,
Zero Mode Changed: 8/19/2022 1:01:28 PM, Old:Reading, New:ON,,,,,,,,,
Excitation Wavelength Changed: 8/19/2022 1:04:17 PM, Old: 350.00, New: 284.00,,,,,,,,,
Emission Wavelength Changed: 8/19/2022 1:04:17 PM, Old: 400.00, New: 300.00,,,,,,,,,
Stop Wavelength Changed: 8/19/2022 1:04:17 PM, Old: 600.00, New: 550.00,,,,,,,,,
Zero Mode Changed: 8/19/2022 1:04:20 PM, Old:ON, New:Reading,,,,,,,,,
Zero Mode Changed: 8/19/2022 1:04:20 PM, Old:Reading, New:ON,,,,,,,,,
Emission Wavelength Changed: 8/19/2022 1:05:41 PM, Old: 300.00, New: 290.00,,,,,,,,,
Zero Mode Changed: 8/19/2022 1:05:43 PM, Old:ON, New:Reading,,,,,,,,,
Zero Mode Changed: 8/19/2022 1:05:43 PM, Old:Reading, New:ON,,,,,,,,,
Scan mode: Changed: 8/19/2022 1:07:20 PM, Old:Emission, New:Excitation,,,,,,,,,
Excitation Wavelength Changed: 8/19/2022 1:07:20 PM, Old: 284.00, New: 220.00,,,,,,,,,
Emission Wavelength Changed: 8/19/2022 1:07:20 PM, Old: 290.00, New: 330.00,,,,,,,,,
Stop Wavelength Changed: 8/19/2022 1:07:20 PM, Old: 550.00, New: 320.00,,,,,,,,,
Zero Mode Changed: 8/19/2022 1:07:23 PM, Old:ON, New:Reading,,,,,,,,,
Zero Mode Changed: 8/19/2022 1:07:24 PM, Old:Reading, New:ON,,,,,,,,,
Scan mode: Changed: 8/19/2022 1:09:00 PM, Old:Excitation, New:Emission,,,,,,,,,
Excitation Wavelength Changed: 8/19/2022 1:09:00 PM, Old: 220.00, New: 287.00,,,,,,,,,
Emission Wavelength Changed: 8/19/2022 1:09:00 PM, Old: 330.00, New: 297.00,,,,,,,,,
Stop Wavelength Changed: 8/19/2022 1:09:00 PM, Old: 320.00, New: 550.00,,,,,,,,,
Zero Mode Changed: 8/19/2022 1:09:02 PM, Old:ON, New:Reading,,,,,,,,,
Zero Mode Changed: 8/19/2022 1:09:03 PM, Old:Reading, New:ON,,,,,,,,,
Excitation Wavelength Changed: 8/19/2022 1:10:13 PM, Old: 287.00, New: 300.00,,,,,,,,,
Emission Wavelength Changed: 8/19/2022 1:10:13 PM, Old: 297.00, New: 310.00,,,,,,,,,
Zero Mode Changed: 8/19/2022 1:10:15 PM, Old:ON, New:Reading,,,,,,,,,
Zero Mode Changed: 8/19/2022 1:10:15 PM, Old:Reading, New:ON,,,,,,,,,
Overlayed Graphs Changed: 8/19/2022 1:12:23 PM, Old:OFF, New:ON,,,,,,,,,
Scan mode: Changed: 8/19/2022 1:13:08 PM, Old:Emission, New:Excitation,,,,,,,,,
Excitation Wavelength Changed: 8/19/2022 1:13:08 PM, Old: 300.00, New: 220.00,,,,,,,,,
Emission Wavelength Changed: 8/19/2022 1:13:08 PM, Old: 310.00, New: 350.00,,,,,,,,,
Stop Wavelength Changed: 8/19/2022 1:13:08 PM, Old: 550.00, New: 340.00,,,,,,,,,
Zero Mode Changed: 8/19/2022 1:13:11 PM, Old:ON, New:Reading,,,,,,,,,
Zero Mode Changed: 8/19/2022 1:13:12 PM, Old:Reading, New:ON,,,,,,,,,
Emission Wavelength Changed: 8/19/2022 12:22:43 PM, Old: 350.00, New: 400.00,,,,,,,,,
Stop Wavelength Changed: 8/19/2022 12:22:43 PM, Old: 340.00, New: 390.00,,,,,,,,,
Zero Mode Changed: 8/19/2022 12:22:45 PM, Old:ON, New:Reading,,,,,,,,,
Zero Mode Changed: 8/19/2022 12:22:45 PM, Old:Reading, New:ON,,,,,,,,,
Scan mode: Changed: 8/19/2022 12:27:15 PM, Old:Excitation, New:Emission,,,,,,,,,
Excitation Wavelength Changed: 8/19/2022 12:27:15 PM, Old: 220.00, New: 330.00,,,,,,,,,
Emission Wavelength Changed: 8/19/2022 12:27:15 PM, Old: 400.00, New: 340.00,,,,,,,,,
Stop Wavelength Changed: 8/19/2022 12:27:15 PM, Old: 390.00, New: 600.00,,,,,,,,,
Excitation Wavelength Changed: 8/19/2022 12:30:30 PM, Old: 330.00, New: 310.00,,,,,,,,,
Emission Wavelength Changed: 8/19/2022 12:30:30 PM, Old: 340.00, New: 320.00,,,,,,,,,
Zero Mode Changed: 8/19/2022 12:30:32 PM, Old:ON, New:Reading,,,,,,,,,
Zero Mode Changed: 8/19/2022 12:30:33 PM, Old:Reading, New:ON,,,,,,,,,
Excitation Wavelength Changed: 8/19/2022 12:32:16 PM, Old: 310.00, New: 350.00,,,,,,,,,
Emission Wavelength Changed: 8/19/2022 12:32:16 PM, Old: 320.00, New: 360.00,,,,,,,,,
Scan mode: Changed: 8/19/2022 12:34:16 PM, Old:Emission, New:Excitation,,,,,,,,,
Excitation Wavelength Changed: 8/19/2022 12:34:16 PM, Old: 350.00, New: 220.00,,,,,,,,,
Emission Wavelength Changed: 8/19/2022 12:34:16 PM, Old: 360.00, New: 417.00,,,,,,,,,
Stop Wavelength Changed: 8/19/2022 12:34:16 PM, Old: 600.00, New: 407.00,,,,,,,,,
Zero Mode Changed: 8/19/2022 12:34:20 PM, Old:ON, New:Reading,,,,,,,,,
Zero Mode Changed: 8/19/2022 12:34:20 PM, Old:Reading, New:ON,,,,,,,,,
Emission Wavelength Changed: 8/19/2022 12:42:33 PM, Old: 417.00, New: 400.00,,,,,,,,,
Stop Wavelength Changed: 8/19/2022 12:42:33 PM, Old: 407.00, New: 390.00,,,,,,,,,
Zero Mode Changed: 8/19/2022 12:42:34 PM, Old:ON, New:Reading,,,,,,,,,
Zero Mode Changed: 8/19/2022 12:42:34 PM, Old:Reading, New:ON,,,,,,,,,
Scan mode: Changed: 8/19/2022 12:43:36 PM, Old:Excitation, New:Emission,,,,,,,,,
Excitation Wavelength Changed: 8/19/2022 12:43:36 PM, Old: 220.00, New: 327.00,,,,,,,,,
Emission Wavelength Changed: 8/19/2022 12:43:36 PM, Old: 400.00, New: 337.00,,,,,,,,,
Stop Wavelength Changed: 8/19/2022 12:43:36 PM, Old: 390.00, New: 600.00,,,,,,,,,
Zero Mode Changed: 8/19/2022 12:43:38 PM, Old:ON, New:Reading,,,,,,,,,
Zero Mode Changed: 8/19/2022 12:43:38 PM, Old:Reading, New:ON,,,,,,,,,
Excitation Wavelength Changed: 8/19/2022 12:45:05 PM, Old: 327.00, New: 330.00,,,,,,,,,
Emission Wavelength Changed: 8/19/2022 12:45:05 PM, Old: 337.00, New: 340.00,,,,,,,,,
Zero Mode Changed: 8/19/2022 12:45:20 PM, Old:ON, New:Reading,,,,,,,,,
Zero Mode Changed: 8/19/2022 12:45:21 PM, Old:Reading, New:ON,,,,,,,,,
Scan mode: Changed: 8/19/2022 12:46:37 PM, Old:Emission, New:Excitation,,,,,,,,,
Excitation Wavelength Changed: 8/19/2022 12:46:37 PM, Old: 330.00, New: 220.00,,,,,,,,,
Emission Wavelength Changed: 8/19/2022 12:46:37 PM, Old: 340.00, New: 405.00,,,,,,,,,
Stop Wavelength Changed: 8/19/2022 12:46:37 PM, Old: 600.00, New: 395.00,,,,,,,,,
Zero Mode Changed: 8/19/2022 12:46:42 PM, Old:ON, New:Reading,,,,,,,,,
Zero Mode Changed: 8/19/2022 12:46:42 PM, Old:Reading, New:ON,,,,,,,,,
Emission Wavelength Changed: 8/19/2022 12:47:39 PM, Old: 405.00, New: 410.00,,,,,,,,,
Zero Mode Changed: 8/19/2022 12:47:41 PM, Old:ON, New:Reading,,,,,,,,,
Zero Mode Changed: 8/19/2022 12:47:41 PM, Old:Reading, New:ON,,,,,,,,,
Emission Wavelength Changed: 8/19/2022 12:48:27 PM, Old: 410.00, New: 420.00,,,,,,,,,
Zero Mode Changed: 8/19/2022 12:48:29 PM, Old:ON, New:Reading,,,,,,,,,
Zero Mode Changed: 8/19/2022 12:48:29 PM, Old:Reading, New:ON,,,,,,,,,
Zero Mode Changed: 8/19/2022 12:55:27 PM, Old:ON, New:Reading,,,,,,,,,
Zero Mode Changed: 8/19/2022 12:55:27 PM, Old:Reading, New:ON,,,,,,,,,
Zero Mode Changed: 8/19/2022 12:55:42 PM, Old:ON, New:Reading,,,,,,,,,
Zero Mode Changed: 8/19/2022 12:55:43 PM, Old:Reading, New:ON,,,,,,,,,
Excitation Wavelength Changed: 8/19/2022 1:04:36 PM, Old: 220.00, New: 200.00,,,,,,,,,
Emission Wavelength Changed: 8/19/2022 1:04:36 PM, Old: 420.00, New: 342.00,,,,,,,,,
Stop Wavelength Changed: 8/19/2022 1:04:36 PM, Old: 395.00, New: 332.00,,,,,,,,,
Zero Mode Changed: 8/19/2022 1:04:39 PM, Old:ON, New:Reading,,,,,,,,,
Zero Mode Changed: 8/19/2022 1:04:40 PM, Old:Reading, New:ON,,,,,,,,,
Scan mode: Changed: 8/19/2022 1:12:22 PM, Old:Excitation, New:Emission,,,,,,,,,
Excitation Wavelength Changed: 8/19/2022 1:12:22 PM, Old: 200.00, New: 420.00,,,,,,,,,
Emission Wavelength Changed: 8/19/2022 1:12:22 PM, Old: 342.00, New: 430.00,,,,,,,,,
Stop Wavelength Changed: 8/19/2022 1:12:22 PM, Old: 332.00, New: 600.00,,,,,,,,,
Zero Mode Changed: 8/19/2022 1:12:28 PM, Old:ON, New:Reading,,,,,,,,,
Zero Mode Changed: 8/19/2022 1:12:29 PM, Old:Reading, New:ON,,,,,,,,,
Scan mode: Changed: 8/19/2022 1:14:41 PM, Old:Emission, New:Excitation,,,,,,,,,
Excitation Wavelength Changed: 8/19/2022 1:14:41 PM, Old: 420.00, New: 220.00,,,,,,,,,
Emission Wavelength Changed: 8/19/2022 1:14:41 PM, Old: 430.00, New: 420.00,,,,,,,,,
Stop Wavelength Changed: 8/19/2022 1:14:41 PM, Old: 600.00, New: 400.00,,,,,,,,,
Zero Mode Changed: 8/19/2022 1:14:46 PM, Old:ON, New:Reading,,,,,,,,,
Zero Mode Changed: 8/19/2022 1:14:46 PM, Old:Reading, New:ON,,,,,,,,,
Scan mode: Changed: 8/19/2022 1:16:06 PM, Old:Excitation, New:Emission,,,,,,,,,
Excitation Wavelength Changed: 8/19/2022 1:16:06 PM, Old: 220.00, New: 340.00,,,,,,,,,
Emission Wavelength Changed: 8/19/2022 1:16:06 PM, Old: 420.00, New: 350.00,,,,,,,,,
Stop Wavelength Changed: 8/19/2022 1:16:06 PM, Old: 400.00, New: 600.00,,,,,,,,,
Zero Mode Changed: 8/19/2022 1:16:08 PM, Old:ON, New:Reading,,,,,,,,,
Zero Mode Changed: 8/19/2022 1:16:08 PM, Old:Reading, New:ON,,,,,,,,,
Scan mode: Changed: 8/19/2022 1:18:23 PM, Old:Emission, New:Excitation,,,,,,,,,
Excitation Wavelength Changed: 8/19/2022 1:18:23 PM, Old: 340.00, New: 200.00,,,,,,,,,
Emission Wavelength Changed: 8/19/2022 1:18:23 PM, Old: 350.00, New: 415.00,,,,,,,,,
Stop Wavelength Changed: 8/19/2022 1:18:23 PM, Old: 600.00, New: 400.00,,,,,,,,,
Zero Mode Changed: 8/19/2022 12:28:38 PM, Old:ON, New:Reading,,,,,,,,,
Zero Mode Changed: 8/19/2022 12:28:38 PM, Old:Reading, New:ON,,,,,,,,,
Emission Wavelength Changed: 8/19/2022 12:29:15 PM, Old: 415.00, New: 420.00,,,,,,,,,
Stop Wavelength Changed: 8/19/2022 12:29:15 PM, Old: 400.00, New: 410.00,,,,,,,,,
Zero Mode Changed: 8/19/2022 12:29:19 PM, Old:ON, New:Reading,,,,,,,,,
Zero Mode Changed: 8/19/2022 12:29:20 PM, Old:Reading, New:ON,,,,,,,,,
Emission Wavelength Changed: 8/19/2022 12:30:25 PM, Old: 420.00, New: 415.00,,,,,,,,,
Stop Wavelength Changed: 8/19/2022 12:30:25 PM, Old: 410.00, New: 405.00,,,,,,,,,
Zero Mode Changed: 8/19/2022 12:30:27 PM, Old:ON, New:Reading,,,,,,,,,
Zero Mode Changed: 8/19/2022 12:30:28 PM, Old:Reading, New:ON,,,,,,,,,
Scan mode: Changed: 8/19/2022 12:32:30 PM, Old:Excitation, New:Emission,,,,,,,,,
Excitation Wavelength Changed: 8/19/2022 12:32:30 PM, Old: 200.00, New: 340.00,,,,,,,,,
Emission Wavelength Changed: 8/19/2022 12:32:30 PM, Old: 415.00, New: 350.00,,,,,,,,,
Stop Wavelength Changed: 8/19/2022 12:32:30 PM, Old: 405.00, New: 600.00,,,,,,,,,
Zero Mode Changed: 8/19/2022 12:32:36 PM, Old:ON, New:Reading,,,,,,,,,
Zero Mode Changed: 8/19/2022 12:32:36 PM, Old:Reading, New:ON,,,,,,,,,
Scan mode: Changed: 8/19/2022 12:34:00 PM, Old:Emission, New:Excitation,,,,,,,,,
Excitation Wavelength Changed: 8/19/2022 12:34:00 PM, Old: 340.00, New: 200.00,,,,,,,,,
Emission Wavelength Changed: 8/19/2022 12:34:00 PM, Old: 350.00, New: 316.00,,,,,,,,,
Stop Wavelength Changed: 8/19/2022 12:34:00 PM, Old: 600.00, New: 306.00,,,,,,,,,
Zero Mode Changed: 8/19/2022 12:34:03 PM, Old:ON, New:Reading,,,,,,,,,
Zero Mode Changed: 8/19/2022 12:34:04 PM, Old:Reading, New:ON,,,,,,,,,
Emission Wavelength Changed: 8/19/2022 12:35:24 PM, Old: 316.00, New: 416.00,,,,,,,,,
Stop Wavelength Changed: 8/19/2022 12:35:24 PM, Old: 306.00, New: 406.00,,,,,,,,,
Zero Mode Changed: 8/19/2022 12:35:26 PM, Old:ON, New:Reading,,,,,,,,,
Zero Mode Changed: 8/19/2022 12:35:26 PM, Old:Reading, New:ON,,,,,,,,,
Zero Mode Changed: 8/19/2022 12:35:50 PM, Old:ON, New:Reading,,,,,,,,,
Zero Mode Changed: 8/19/2022 12:35:51 PM, Old:Reading, New:ON,,,,,,,,,
Emission Wavelength Changed: 8/19/2022 12:36:54 PM, Old: 416.00, New: 420.00,,,,,,,,,
Stop Wavelength Changed: 8/19/2022 12:36:54 PM, Old: 406.00, New: 410.00,,,,,,,,,
Zero Mode Changed: 8/19/2022 12:36:56 PM, Old:ON, New:Reading,,,,,,,,,
Zero Mode Changed: 8/19/2022 12:36:56 PM, Old:Reading, New:ON,,,,,,,,,
Excitation Wavelength Changed: 8/19/2022 12:39:59 PM, Old: 200.00, New: 240.00,,,,,,,,,
Zero Mode Changed: 8/19/2022 12:40:11 PM, Old:ON, New:Reading,,,,,,,,,
Zero Mode Changed: 8/19/2022 12:40:12 PM, Old:Reading, New:ON,,,,,,,,,
Emission Wavelength Changed: 8/19/2022 12:43:15 PM, Old: 420.00, New: 410.00,,,,,,,,,
Zero Mode Changed: 8/19/2022 12:43:17 PM, Old:ON, New:Reading,,,,,,,,,
Zero Mode Changed: 8/19/2022 12:43:17 PM, Old:Reading, New:ON,,,,,,,,,
Stop Wavelength Changed: 8/19/2022 12:43:55 PM, Old: 410.00, New: 400.00,,,,,,,,,
Zero Mode Changed: 8/19/2022 12:43:57 PM, Old:ON, New:Reading,,,,,,,,,
Zero Mode Changed: 8/19/2022 12:43:57 PM, Old:Reading, New:ON,,,,,,,,,
Scan mode: Changed: 8/19/2022 12:47:00 PM, Old:Excitation, New:Emission,,,,,,,,,
Excitation Wavelength Changed: 8/19/2022 12:47:00 PM, Old: 240.00, New: 336.00,,,,,,,,,
Emission Wavelength Changed: 8/19/2022 12:47:00 PM, Old: 410.00, New: 346.00,,,,,,,,,
Stop Wavelength Changed: 8/19/2022 12:47:00 PM, Old: 400.00, New: 600.00,,,,,,,,,
Zero Mode Changed: 8/19/2022 12:47:05 PM, Old:ON, New:Reading,,,,,,,,,
Zero Mode Changed: 8/19/2022 12:47:05 PM, Old:Reading, New:ON,,,,,,,,,
Scan mode: Changed: 8/19/2022 12:54:02 PM, Old:Emission, New:Excitation,,,,,,,,,
Excitation Wavelength Changed: 8/19/2022 12:54:02 PM, Old: 336.00, New: 200.00,,,,,,,,,
Emission Wavelength Changed: 8/19/2022 12:54:02 PM, Old: 346.00, New: 416.00,,,,,,,,,
Stop Wavelength Changed: 8/19/2022 12:54:02 PM, Old: 600.00, New: 406.00,,,,,,,,,
Zero Mode Changed: 8/19/2022 12:54:05 PM, Old:ON, New:Reading,,,,,,,,,
Zero Mode Changed: 8/19/2022 12:54:05 PM, Old:Reading, New:ON,,,,,,,,,
Excitation Wavelength Changed: 8/19/2022 12:55:14 PM, Old: 200.00, New: 240.00,,,,,,,,,
Zero Mode Changed: 8/19/2022 12:55:18 PM, Old:ON, New:Reading,,,,,,,,,
Zero Mode Changed: 8/19/2022 12:55:19 PM, Old:Reading, New:ON,,,,,,,,,
Scan mode: Changed: 8/19/2022 12:56:39 PM, Old:Excitation, New:Emission,,,,,,,,,
Excitation Wavelength Changed: 8/19/2022 12:56:39 PM, Old: 240.00, New: 335.00,,,,,,,,,
Emission Wavelength Changed: 8/19/2022 12:56:39 PM, Old: 416.00, New: 345.00,,,,,,,,,
Stop Wavelength Changed: 8/19/2022 12:56:39 PM, Old: 406.00, New: 600.00,,,,,,,,,
Zero Mode Changed: 8/19/2022 12:56:42 PM, Old:ON, New:Reading,,,,,,,,,
Zero Mode Changed: 8/19/2022 12:56:43 PM, Old:Reading, New:ON,,,,,,,,,
Scan mode: Changed: 8/19/2022 12:58:09 PM, Old:Emission, New:Excitation,,,,,,,,,
Excitation Wavelength Changed: 8/19/2022 12:58:09 PM, Old: 335.00, New: 200.00,,,,,,,,,
Emission Wavelength Changed: 8/19/2022 12:58:09 PM, Old: 345.00, New: 420.00,,,,,,,,,
Stop Wavelength Changed: 8/19/2022 12:58:09 PM, Old: 600.00, New: 410.00,,,,,,,,,
Zero Mode Changed: 8/19/2022 12:58:12 PM, Old:ON, New:Reading,,,,,,,,,
Zero Mode Changed: 8/19/2022 12:58:12 PM, Old:Reading, New:ON,,,,,,,,,
Excitation Wavelength Changed: 8/19/2022 12:58:54 PM, Old: 200.00, New: 240.00,,,,,,,,,
Zero Mode Changed: 8/19/2022 12:58:56 PM, Old:ON, New:Reading,,,,,,,,,
Zero Mode Changed: 8/19/2022 12:58:56 PM, Old:Reading, New:ON,,,,,,,,,
Scan mode: Changed: 8/19/2022 1:01:10 PM, Old:Excitation, New:Emission,,,,,,,,,
Excitation Wavelength Changed: 8/19/2022 1:01:10 PM, Old: 240.00, New: 337.00,,,,,,,,,
Emission Wavelength Changed: 8/19/2022 1:01:10 PM, Old: 420.00, New: 347.00,,,,,,,,,
Stop Wavelength Changed: 8/19/2022 1:01:10 PM, Old: 410.00, New: 600.00,,,,,,,,,
Zero Mode Changed: 8/19/2022 1:01:19 PM, Old:ON, New:Reading,,,,,,,,,
Zero Mode Changed: 8/19/2022 1:01:19 PM, Old:Reading, New:ON,,,,,,,,,
Excitation Wavelength Changed: 8/19/2022 1:02:21 PM, Old: 337.00, New: 345.00,,,,,,,,,
Emission Wavelength Changed: 8/19/2022 1:02:21 PM, Old: 347.00, New: 355.00,,,,,,,,,
Zero Mode Changed: 8/19/2022 1:02:24 PM, Old:ON, New:Reading,,,,,,,,,
Zero Mode Changed: 8/19/2022 1:02:24 PM, Old:Reading, New:ON,,,,,,,,,
Excitation Wavelength Changed: 8/19/2022 1:03:50 PM, Old: 345.00, New: 325.00,,,,,,,,,
Emission Wavelength Changed: 8/19/2022 1:03:50 PM, Old: 355.00, New: 335.00,,,,,,,,,
Zero Mode Changed: 8/19/2022 1:03:52 PM, Old:ON, New:Reading,,,,,,,,,
Zero Mode Changed: 8/19/2022 1:03:52 PM, Old:Reading, New:ON,,,,,,,,,
Scan mode: Changed: 8/19/2022 1:06:29 PM, Old:Emission, New:Excitation,,,,,,,,,
Excitation Wavelength Changed: 8/19/2022 1:06:29 PM, Old: 325.00, New: 240.00,,,,,,,,,
Emission Wavelength Changed: 8/19/2022 1:06:29 PM, Old: 335.00, New: 410.00,,,,,,,,,
Stop Wavelength Changed: 8/19/2022 1:06:29 PM, Old: 600.00, New: 400.00,,,,,,,,,
Zero Mode Changed: 8/19/2022 1:06:32 PM, Old:ON, New:Reading,,,,,,,,,
Zero Mode Changed: 8/19/2022 1:06:33 PM, Old:Reading, New:ON,,,,,,,,,
Scan mode: Changed: 8/19/2022 1:07:23 PM, Old:Excitation, New:Emission,,,,,,,,,
Excitation Wavelength Changed: 8/19/2022 1:07:23 PM, Old: 240.00, New: 333.00,,,,,,,,,
Emission Wavelength Changed: 8/19/2022 1:07:23 PM, Old: 410.00, New: 343.00,,,,,,,,,
Stop Wavelength Changed: 8/19/2022 1:07:23 PM, Old: 400.00, New: 600.00,,,,,,,,,
Zero Mode Changed: 8/19/2022 1:07:25 PM, Old:ON, New:Reading,,,,,,,,,
Zero Mode Changed: 8/19/2022 1:07:25 PM, Old:Reading, New:ON,,,,,,,,,
Excitation Wavelength Changed: 8/19/2022 1:09:24 PM, Old: 333.00, New: 345.00,,,,,,,,,
Emission Wavelength Changed: 8/19/2022 1:09:24 PM, Old: 343.00, New: 355.00,,,,,,,,,
Zero Mode Changed: 8/19/2022 1:09:25 PM, Old:ON, New:Reading,,,,,,,,,
Zero Mode Changed: 8/19/2022 1:09:26 PM, Old:Reading, New:ON,,,,,,,,,
Emission Wavelength Changed: 8/19/2022 1:10:09 PM, Old: 355.00, New: 350.00,,,,,,,,,
Zero Mode Changed: 8/19/2022 1:10:10 PM, Old:ON, New:Reading,,,,,,,,,
Zero Mode Changed: 8/19/2022 1:10:11 PM, Old:Reading, New:ON,,,,,,,,,
Excitation Wavelength Changed: 8/19/2022 1:11:05 PM, Old: 345.00, New: 335.00,,,,,,,,,
Emission Wavelength Changed: 8/19/2022 1:11:05 PM, Old: 350.00, New: 340.00,,,,,,,,,
Zero Mode Changed: 8/19/2022 1:11:07 PM, Old:ON, New:Reading,,,,,,,,,
Zero Mode Changed: 8/19/2022 1:11:07 PM, Old:Reading, New:ON,,,,,,,,,
Scan mode: Changed: 8/19/2022 1:19:12 PM, Old:Emission, New:Excitation,,,,,,,,,
Excitation Wavelength Changed: 8/19/2022 1:19:12 PM, Old: 335.00, New: 240.00,,,,,,,,,
Emission Wavelength Changed: 8/19/2022 1:19:12 PM, Old: 340.00, New: 420.00,,,,,,,,,
Stop Wavelength Changed: 8/19/2022 1:19:12 PM, Old: 600.00, New: 410.00,,,,,,,,,
Zero Mode Changed: 8/19/2022 1:19:16 PM, Old:ON, New:Reading,,,,,,,,,
Zero Mode Changed: 8/19/2022 1:19:16 PM, Old:Reading, New:ON,,,,,,,,,
Scan mode: Changed: 8/19/2022 1:20:09 PM, Old:Excitation, New:Emission,,,,,,,,,
Excitation Wavelength Changed: 8/19/2022 1:20:09 PM, Old: 240.00, New: 340.00,,,,,,,,,
Emission Wavelength Changed: 8/19/2022 1:20:09 PM, Old: 420.00, New: 345.00,,,,,,,,,
Stop Wavelength Changed: 8/19/2022 1:20:09 PM, Old: 410.00, New: 600.00,,,,,,,,,
Zero Mode Changed: 8/19/2022 1:20:11 PM, Old:ON, New:Reading,,,,,,,,,
Zero Mode Changed: 8/19/2022 1:20:12 PM, Old:Reading, New:ON,,,,,,,,,
Emission Wavelength Changed: 8/19/2022 1:20:32 PM, Old: 345.00, New: 350.00,,,,,,,,,
Zero Mode Changed: 8/19/2022 1:20:35 PM, Old:ON, New:Reading,,,,,,,,,
Zero Mode Changed: 8/19/2022 1:20:35 PM, Old:Reading, New:ON,,,,,,,,,
Scan mode: Changed: 8/19/2022 12:21:50 PM, Old:Emission, New:Excitation,,,,,,,,,
Excitation Wavelength Changed: 8/19/2022 12:21:50 PM, Old: 340.00, New: 240.00,,,,,,,,,
Emission Wavelength Changed: 8/19/2022 12:21:50 PM, Old: 350.00, New: 415.00,,,,,,,,,
Stop Wavelength Changed: 8/19/2022 12:21:50 PM, Old: 600.00, New: 405.00,,,,,,,,,
Zero Mode Changed: 8/19/2022 12:21:53 PM, Old:ON, New:Reading,,,,,,,,,
Zero Mode Changed: 8/19/2022 12:21:53 PM, Old:Reading, New:ON,,,,,,,,,
Scan mode: Changed: 8/19/2022 12:22:39 PM, Old:Excitation, New:Emission,,,,,,,,,
Excitation Wavelength Changed: 8/19/2022 12:22:39 PM, Old: 240.00, New: 335.00,,,,,,,,,
Emission Wavelength Changed: 8/19/2022 12:22:39 PM, Old: 415.00, New: 345.00,,,,,,,,,
Stop Wavelength Changed: 8/19/2022 12:22:39 PM, Old: 405.00, New: 600.00,,,,,,,,,
Zero Mode Changed: 8/19/2022 12:22:41 PM, Old:ON, New:Reading,,,,,,,,,
Zero Mode Changed: 8/19/2022 12:22:41 PM, Old:Reading, New:ON,,,,,,,,,
Excitation Wavelength Changed: 8/19/2022 12:23:48 PM, Old: 335.00, New: 430.00,,,,,,,,,
Emission Wavelength Changed: 8/19/2022 12:23:48 PM, Old: 345.00, New: 240.00,,,,,,,,,
Stop Wavelength Changed: 8/19/2022 12:23:48 PM, Old: 600.00, New: 420.00,,,,,,,,,
Scan mode: Changed: 8/19/2022 12:24:00 PM, Old:Emission, New:Excitation,,,,,,,,,
Excitation Wavelength Changed: 8/19/2022 12:24:00 PM, Old: 430.00, New: 240.00,,,,,,,,,
Emission Wavelength Changed: 8/19/2022 12:24:00 PM, Old: 240.00, New: 430.00,,,,,,,,,
Zero Mode Changed: 8/19/2022 12:24:05 PM, Old:ON, New:Reading,,,,,,,,,
Zero Mode Changed: 8/19/2022 12:24:06 PM, Old:Reading, New:ON,,,,,,,,,
Emission Wavelength Changed: 8/19/2022 12:26:04 PM, Old: 430.00, New: 410.00,,,,,,,,,
Stop Wavelength Changed: 8/19/2022 12:26:04 PM, Old: 420.00, New: 400.00,,,,,,,,,
Zero Mode Changed: 8/19/2022 12:26:07 PM, Old:ON, New:Reading,,,,,,,,,
Zero Mode Changed: 8/19/2022 12:26:07 PM, Old:Reading, New:ON,,,,,,,,,
Scan mode: Changed: 8/19/2022 12:27:20 PM, Old:Excitation, New:Emission,,,,,,,,,
Excitation Wavelength Changed: 8/19/2022 12:27:20 PM, Old: 240.00, New: 335.00,,,,,,,,,
Emission Wavelength Changed: 8/19/2022 12:27:20 PM, Old: 410.00, New: 345.00,,,,,,,,,
Stop Wavelength Changed: 8/19/2022 12:27:20 PM, Old: 400.00, New: 600.00,,,,,,,,,
Zero Mode Changed: 8/19/2022 12:27:22 PM, Old:ON, New:Reading,,,,,,,,,
Zero Mode Changed: 8/19/2022 12:27:22 PM, Old:Reading, New:ON,,,,,,,,,
Scan mode: Changed: 8/19/2022 12:44:28 PM, Old:Emission, New:Excitation,,,,,,,,,
Excitation Wavelength Changed: 8/19/2022 12:44:28 PM, Old: 335.00, New: 240.00,,,,,,,,,
Emission Wavelength Changed: 8/19/2022 12:44:28 PM, Old: 345.00, New: 420.00,,,,,,,,,
Stop Wavelength Changed: 8/19/2022 12:44:28 PM, Old: 600.00, New: 400.00,,,,,,,,,
Zero Mode Changed: 8/19/2022 12:44:31 PM, Old:ON, New:Reading,,,,,,,,,
Zero Mode Changed: 8/19/2022 12:44:31 PM, Old:Reading, New:ON,,,,,,,,,
Scan mode: Changed: 8/19/2022 12:45:22 PM, Old:Excitation, New:Emission,,,,,,,,,
Excitation Wavelength Changed: 8/19/2022 12:45:22 PM, Old: 240.00, New: 340.00,,,,,,,,,
Emission Wavelength Changed: 8/19/2022 12:45:22 PM, Old: 420.00, New: 350.00,,,,,,,,,
Stop Wavelength Changed: 8/19/2022 12:45:22 PM, Old: 400.00, New: 600.00,,,,,,,,,
Zero Mode Changed: 8/19/2022 12:45:24 PM, Old:ON, New:Reading,,,,,,,,,
Zero Mode Changed: 8/19/2022 12:45:24 PM, Old:Reading, New:ON,,,,,,,,,
Excitation Wavelength Changed: 8/19/2022 12:46:23 PM, Old: 340.00, New: 335.00,,,,,,,,,
Emission Wavelength Changed: 8/19/2022 12:46:23 PM, Old: 350.00, New: 345.00,,,,,,,,,
Zero Mode Changed: 8/19/2022 12:46:26 PM, Old:ON, New:Reading,,,,,,,,,
Zero Mode Changed: 8/19/2022 12:46:26 PM, Old:Reading, New:ON,,,,,,,,,
Excitation Wavelength Changed: 8/19/2022 12:47:14 PM, Old: 335.00, New: 345.00,,,,,,,,,
Emission Wavelength Changed: 8/19/2022 12:47:14 PM, Old: 345.00, New: 355.00,,,,,,,,,
Zero Mode Changed: 8/19/2022 12:47:15 PM, Old:ON, New:Reading,,,,,,,,,
Zero Mode Changed: 8/19/2022 12:47:16 PM, Old:Reading, New:ON,,,,,,,,,
Scan mode: Changed: 8/19/2022 12:48:37 PM, Old:Emission, New:Excitation,,,,,,,,,
Excitation Wavelength Changed: 8/19/2022 12:48:37 PM, Old: 345.00, New: 240.00,,,,,,,,,
Emission Wavelength Changed: 8/19/2022 12:48:37 PM, Old: 355.00, New: 420.00,,,,,,,,,
Stop Wavelength Changed: 8/19/2022 12:48:37 PM, Old: 600.00, New: 410.00,,,,,,,,,
Zero Mode Changed: 8/19/2022 12:48:41 PM, Old:ON, New:Reading,,,,,,,,,
Zero Mode Changed: 8/19/2022 12:48:41 PM, Old:Reading, New:ON,,,,,,,,,
Zero Mode Changed: 8/19/2022 12:53:02 PM, Old:ON, New:Reading,,,,,,,,,
Zero Mode Changed: 8/19/2022 12:53:03 PM, Old:Reading, New:ON,,,,,,,,,
End Method Modifications,,,,,,,,,,,
,,,,,,,,,,,
CdS 180sec ODE2 Toluene1 ex340,,,,,,,,,,,
CdS 180sec ODE2 Toluene1 ex340,,,,,,,,,,,
Collection Time: 8/19/2022 12:54:00 PM,,,,,,,,,,,
Operator Name  :,,,,,,,,,,,
Scan Software Version: 1.1(132),,,,,,,,,,,
Parameter List :,,,,,,,,,,,
Instrument                        Cary Eclipse,,,,,,,,,,,
Instrument Serial Number          E08013467,,,,,,,,,,,
Data mode                         Fluorescence,,,,,,,,,,,
Scan mode                         Emission,,,,,,,,,,,
X Mode                            Wavelength (nm),,,,,,,,,,,
Start (nm)                        350.00,,,,,,,,,,,
Stop (nm)                         600.00,,,,,,,,,,,
Ex. Wavelength (nm)               340.00,,,,,,,,,,,
Ex. Slit (nm)                     5,,,,,,,,,,,
Em. Slit (nm)                     5,,,,,,,,,,,
Scan rate (nm/min)                600.00,,,,,,,,,,,
Data interval (nm)                1.0000,,,,,,,,,,,
Averaging Time (s)                0.1000,,,,,,,,,,,
Excitation filter                 Auto,,,,,,,,,,,
Emission filter                   Open,,,,,,,,,,,
PMT voltage (V)                   Medium,,,,,,,,,,,
Corrected spectra                 OFF,,,,,,,,,,,
Method Log     :,,,,,,,,,,,
Method Name    : Default,,,,,,,,,,,
Date/Time stamp: 8/19/2022 12:21:40 PM,,,,,,,,,,,
Method Modifications:,,,,,,,,,,,
Zero Mode Changed: 8/19/2022 1:01:28 PM, Old:OFF, New:Reading,,,,,,,,,
Zero Mode Changed: 8/19/2022 1:01:28 PM, Old:Reading, New:ON,,,,,,,,,
Excitation Wavelength Changed: 8/19/2022 1:04:17 PM, Old: 350.00, New: 284.00,,,,,,,,,
Emission Wavelength Changed: 8/19/2022 1:04:17 PM, Old: 400.00, New: 300.00,,,,,,,,,
Stop Wavelength Changed: 8/19/2022 1:04:17 PM, Old: 600.00, New: 550.00,,,,,,,,,
Zero Mode Changed: 8/19/2022 1:04:20 PM, Old:ON, New:Reading,,,,,,,,,
Zero Mode Changed: 8/19/2022 1:04:20 PM, Old:Reading, New:ON,,,,,,,,,
Emission Wavelength Changed: 8/19/2022 1:05:41 PM, Old: 300.00, New: 290.00,,,,,,,,,
Zero Mode Changed: 8/19/2022 1:05:43 PM, Old:ON, New:Reading,,,,,,,,,
Zero Mode Changed: 8/19/2022 1:05:43 PM, Old:Reading, New:ON,,,,,,,,,
Scan mode: Changed: 8/19/2022 1:07:20 PM, Old:Emission, New:Excitation,,,,,,,,,
Excitation Wavelength Changed: 8/19/2022 1:07:20 PM, Old: 284.00, New: 220.00,,,,,,,,,
Emission Wavelength Changed: 8/19/2022 1:07:20 PM, Old: 290.00, New: 330.00,,,,,,,,,
Stop Wavelength Changed: 8/19/2022 1:07:20 PM, Old: 550.00, New: 320.00,,,,,,,,,
Zero Mode Changed: 8/19/2022 1:07:23 PM, Old:ON, New:Reading,,,,,,,,,
Zero Mode Changed: 8/19/2022 1:07:24 PM, Old:Reading, New:ON,,,,,,,,,
Scan mode: Changed: 8/19/2022 1:09:00 PM, Old:Excitation, New:Emission,,,,,,,,,
Excitation Wavelength Changed: 8/19/2022 1:09:00 PM, Old: 220.00, New: 287.00,,,,,,,,,
Emission Wavelength Changed: 8/19/2022 1:09:00 PM, Old: 330.00, New: 297.00,,,,,,,,,
Stop Wavelength Changed: 8/19/2022 1:09:00 PM, Old: 320.00, New: 550.00,,,,,,,,,
Zero Mode Changed: 8/19/2022 1:09:02 PM, Old:ON, New:Reading,,,,,,,,,
Zero Mode Changed: 8/19/2022 1:09:03 PM, Old:Reading, New:ON,,,,,,,,,
Excitation Wavelength Changed: 8/19/2022 1:10:13 PM, Old: 287.00, New: 300.00,,,,,,,,,
Emission Wavelength Changed: 8/19/2022 1:10:13 PM, Old: 297.00, New: 310.00,,,,,,,,,
Zero Mode Changed: 8/19/2022 1:10:15 PM, Old:ON, New:Reading,,,,,,,,,
Zero Mode Changed: 8/19/2022 1:10:15 PM, Old:Reading, New:ON,,,,,,,,,
Overlayed Graphs Changed: 8/19/2022 1:12:23 PM, Old:OFF, New:ON,,,,,,,,,
Scan mode: Changed: 8/19/2022 1:13:08 PM, Old:Emission, New:Excitation,,,,,,,,,
Excitation Wavelength Changed: 8/19/2022 1:13:08 PM, Old: 300.00, New: 220.00,,,,,,,,,
Emission Wavelength Changed: 8/19/2022 1:13:08 PM, Old: 310.00, New: 350.00,,,,,,,,,
Stop Wavelength Changed: 8/19/2022 1:13:08 PM, Old: 550.00, New: 340.00,,,,,,,,,
Zero Mode Changed: 8/19/2022 1:13:11 PM, Old:ON, New:Reading,,,,,,,,,
Zero Mode Changed: 8/19/2022 1:13:12 PM, Old:Reading, New:ON,,,,,,,,,
Emission Wavelength Changed: 8/19/2022 12:22:43 PM, Old: 350.00, New: 400.00,,,,,,,,,
Stop Wavelength Changed: 8/19/2022 12:22:43 PM, Old: 340.00, New: 390.00,,,,,,,,,
Zero Mode Changed: 8/19/2022 12:22:45 PM, Old:ON, New:Reading,,,,,,,,,
Zero Mode Changed: 8/19/2022 12:22:45 PM, Old:Reading, New:ON,,,,,,,,,
Scan mode: Changed: 8/19/2022 12:27:15 PM, Old:Excitation, New:Emission,,,,,,,,,
Excitation Wavelength Changed: 8/19/2022 12:27:15 PM, Old: 220.00, New: 330.00,,,,,,,,,
Emission Wavelength Changed: 8/19/2022 12:27:15 PM, Old: 400.00, New: 340.00,,,,,,,,,
Stop Wavelength Changed: 8/19/2022 12:27:15 PM, Old: 390.00, New: 600.00,,,,,,,,,
Excitation Wavelength Changed: 8/19/2022 12:30:30 PM, Old: 330.00, New: 310.00,,,,,,,,,
Emission Wavelength Changed: 8/19/2022 12:30:30 PM, Old: 340.00, New: 320.00,,,,,,,,,
Zero Mode Changed: 8/19/2022 12:30:32 PM, Old:ON, New:Reading,,,,,,,,,
Zero Mode Changed: 8/19/2022 12:30:33 PM, Old:Reading, New:ON,,,,,,,,,
Excitation Wavelength Changed: 8/19/2022 12:32:16 PM, Old: 310.00, New: 350.00,,,,,,,,,
Emission Wavelength Changed: 8/19/2022 12:32:16 PM, Old: 320.00, New: 360.00,,,,,,,,,
Scan mode: Changed: 8/19/2022 12:34:16 PM, Old:Emission, New:Excitation,,,,,,,,,
Excitation Wavelength Changed: 8/19/2022 12:34:16 PM, Old: 350.00, New: 220.00,,,,,,,,,
Emission Wavelength Changed: 8/19/2022 12:34:16 PM, Old: 360.00, New: 417.00,,,,,,,,,
Stop Wavelength Changed: 8/19/2022 12:34:16 PM, Old: 600.00, New: 407.00,,,,,,,,,
Zero Mode Changed: 8/19/2022 12:34:20 PM, Old:ON, New:Reading,,,,,,,,,
Zero Mode Changed: 8/19/2022 12:34:20 PM, Old:Reading, New:ON,,,,,,,,,
Emission Wavelength Changed: 8/19/2022 12:42:33 PM, Old: 417.00, New: 400.00,,,,,,,,,
Stop Wavelength Changed: 8/19/2022 12:42:33 PM, Old: 407.00, New: 390.00,,,,,,,,,
Zero Mode Changed: 8/19/2022 12:42:34 PM, Old:ON, New:Reading,,,,,,,,,
Zero Mode Changed: 8/19/2022 12:42:34 PM, Old:Reading, New:ON,,,,,,,,,
Scan mode: Changed: 8/19/2022 12:43:36 PM, Old:Excitation, New:Emission,,,,,,,,,
Excitation Wavelength Changed: 8/19/2022 12:43:36 PM, Old: 220.00, New: 327.00,,,,,,,,,
Emission Wavelength Changed: 8/19/2022 12:43:36 PM, Old: 400.00, New: 337.00,,,,,,,,,
Stop Wavelength Changed: 8/19/2022 12:43:36 PM, Old: 390.00, New: 600.00,,,,,,,,,
Zero Mode Changed: 8/19/2022 12:43:38 PM, Old:ON, New:Reading,,,,,,,,,
Zero Mode Changed: 8/19/2022 12:43:38 PM, Old:Reading, New:ON,,,,,,,,,
Excitation Wavelength Changed: 8/19/2022 12:45:05 PM, Old: 327.00, New: 330.00,,,,,,,,,
Emission Wavelength Changed: 8/19/2022 12:45:05 PM, Old: 337.00, New: 340.00,,,,,,,,,
Zero Mode Changed: 8/19/2022 12:45:20 PM, Old:ON, New:Reading,,,,,,,,,
Zero Mode Changed: 8/19/2022 12:45:21 PM, Old:Reading, New:ON,,,,,,,,,
Scan mode: Changed: 8/19/2022 12:46:37 PM, Old:Emission, New:Excitation,,,,,,,,,
Excitation Wavelength Changed: 8/19/2022 12:46:37 PM, Old: 330.00, New: 220.00,,,,,,,,,
Emission Wavelength Changed: 8/19/2022 12:46:37 PM, Old: 340.00, New: 405.00,,,,,,,,,
Stop Wavelength Changed: 8/19/2022 12:46:37 PM, Old: 600.00, New: 395.00,,,,,,,,,
Zero Mode Changed: 8/19/2022 12:46:42 PM, Old:ON, New:Reading,,,,,,,,,
Zero Mode Changed: 8/19/2022 12:46:42 PM, Old:Reading, New:ON,,,,,,,,,
Emission Wavelength Changed: 8/19/2022 12:47:39 PM, Old: 405.00, New: 410.00,,,,,,,,,
Zero Mode Changed: 8/19/2022 12:47:41 PM, Old:ON, New:Reading,,,,,,,,,
Zero Mode Changed: 8/19/2022 12:47:41 PM, Old:Reading, New:ON,,,,,,,,,
Emission Wavelength Changed: 8/19/2022 12:48:27 PM, Old: 410.00, New: 420.00,,,,,,,,,
Zero Mode Changed: 8/19/2022 12:48:29 PM, Old:ON, New:Reading,,,,,,,,,
Zero Mode Changed: 8/19/2022 12:48:29 PM, Old:Reading, New:ON,,,,,,,,,
Zero Mode Changed: 8/19/2022 12:55:27 PM, Old:ON, New:Reading,,,,,,,,,
Zero Mode Changed: 8/19/2022 12:55:27 PM, Old:Reading, New:ON,,,,,,,,,
Zero Mode Changed: 8/19/2022 12:55:42 PM, Old:ON, New:Reading,,,,,,,,,
Zero Mode Changed: 8/19/2022 12:55:43 PM, Old:Reading, New:ON,,,,,,,,,
Excitation Wavelength Changed: 8/19/2022 1:04:36 PM, Old: 220.00, New: 200.00,,,,,,,,,
Emission Wavelength Changed: 8/19/2022 1:04:36 PM, Old: 420.00, New: 342.00,,,,,,,,,
Stop Wavelength Changed: 8/19/2022 1:04:36 PM, Old: 395.00, New: 332.00,,,,,,,,,
Zero Mode Changed: 8/19/2022 1:04:39 PM, Old:ON, New:Reading,,,,,,,,,
Zero Mode Changed: 8/19/2022 1:04:40 PM, Old:Reading, New:ON,,,,,,,,,
Scan mode: Changed: 8/19/2022 1:12:22 PM, Old:Excitation, New:Emission,,,,,,,,,
Excitation Wavelength Changed: 8/19/2022 1:12:22 PM, Old: 200.00, New: 420.00,,,,,,,,,
Emission Wavelength Changed: 8/19/2022 1:12:22 PM, Old: 342.00, New: 430.00,,,,,,,,,
Stop Wavelength Changed: 8/19/2022 1:12:22 PM, Old: 332.00, New: 600.00,,,,,,,,,
Zero Mode Changed: 8/19/2022 1:12:28 PM, Old:ON, New:Reading,,,,,,,,,
Zero Mode Changed: 8/19/2022 1:12:29 PM, Old:Reading, New:ON,,,,,,,,,
Scan mode: Changed: 8/19/2022 1:14:41 PM, Old:Emission, New:Excitation,,,,,,,,,
Excitation Wavelength Changed: 8/19/2022 1:14:41 PM, Old: 420.00, New: 220.00,,,,,,,,,
Emission Wavelength Changed: 8/19/2022 1:14:41 PM, Old: 430.00, New: 420.00,,,,,,,,,
Stop Wavelength Changed: 8/19/2022 1:14:41 PM, Old: 600.00, New: 400.00,,,,,,,,,
Zero Mode Changed: 8/19/2022 1:14:46 PM, Old:ON, New:Reading,,,,,,,,,
Zero Mode Changed: 8/19/2022 1:14:46 PM, Old:Reading, New:ON,,,,,,,,,
Scan mode: Changed: 8/19/2022 1:16:06 PM, Old:Excitation, New:Emission,,,,,,,,,
Excitation Wavelength Changed: 8/19/2022 1:16:06 PM, Old: 220.00, New: 340.00,,,,,,,,,
Emission Wavelength Changed: 8/19/2022 1:16:06 PM, Old: 420.00, New: 350.00,,,,,,,,,
Stop Wavelength Changed: 8/19/2022 1:16:06 PM, Old: 400.00, New: 600.00,,,,,,,,,
Zero Mode Changed: 8/19/2022 1:16:08 PM, Old:ON, New:Reading,,,,,,,,,
Zero Mode Changed: 8/19/2022 1:16:08 PM, Old:Reading, New:ON,,,,,,,,,
Scan mode: Changed: 8/19/2022 1:18:23 PM, Old:Emission, New:Excitation,,,,,,,,,
Excitation Wavelength Changed: 8/19/2022 1:18:23 PM, Old: 340.00, New: 200.00,,,,,,,,,
Emission Wavelength Changed: 8/19/2022 1:18:23 PM, Old: 350.00, New: 415.00,,,,,,,,,
Stop Wavelength Changed: 8/19/2022 1:18:23 PM, Old: 600.00, New: 400.00,,,,,,,,,
Zero Mode Changed: 8/19/2022 12:28:38 PM, Old:ON, New:Reading,,,,,,,,,
Zero Mode Changed: 8/19/2022 12:28:38 PM, Old:Reading, New:ON,,,,,,,,,
Emission Wavelength Changed: 8/19/2022 12:29:15 PM, Old: 415.00, New: 420.00,,,,,,,,,
Stop Wavelength Changed: 8/19/2022 12:29:15 PM, Old: 400.00, New: 410.00,,,,,,,,,
Zero Mode Changed: 8/19/2022 12:29:19 PM, Old:ON, New:Reading,,,,,,,,,
Zero Mode Changed: 8/19/2022 12:29:20 PM, Old:Reading, New:ON,,,,,,,,,
Emission Wavelength Changed: 8/19/2022 12:30:25 PM, Old: 420.00, New: 415.00,,,,,,,,,
Stop Wavelength Changed: 8/19/2022 12:30:25 PM, Old: 410.00, New: 405.00,,,,,,,,,
Zero Mode Changed: 8/19/2022 12:30:27 PM, Old:ON, New:Reading,,,,,,,,,
Zero Mode Changed: 8/19/2022 12:30:28 PM, Old:Reading, New:ON,,,,,,,,,
Scan mode: Changed: 8/19/2022 12:32:30 PM, Old:Excitation, New:Emission,,,,,,,,,
Excitation Wavelength Changed: 8/19/2022 12:32:30 PM, Old: 200.00, New: 340.00,,,,,,,,,
Emission Wavelength Changed: 8/19/2022 12:32:30 PM, Old: 415.00, New: 350.00,,,,,,,,,
Stop Wavelength Changed: 8/19/2022 12:32:30 PM, Old: 405.00, New: 600.00,,,,,,,,,
Zero Mode Changed: 8/19/2022 12:32:36 PM, Old:ON, New:Reading,,,,,,,,,
Zero Mode Changed: 8/19/2022 12:32:36 PM, Old:Reading, New:ON,,,,,,,,,
Scan mode: Changed: 8/19/2022 12:34:00 PM, Old:Emission, New:Excitation,,,,,,,,,
Excitation Wavelength Changed: 8/19/2022 12:34:00 PM, Old: 340.00, New: 200.00,,,,,,,,,
Emission Wavelength Changed: 8/19/2022 12:34:00 PM, Old: 350.00, New: 316.00,,,,,,,,,
Stop Wavelength Changed: 8/19/2022 12:34:00 PM, Old: 600.00, New: 306.00,,,,,,,,,
Zero Mode Changed: 8/19/2022 12:34:03 PM, Old:ON, New:Reading,,,,,,,,,
Zero Mode Changed: 8/19/2022 12:34:04 PM, Old:Reading, New:ON,,,,,,,,,
Emission Wavelength Changed: 8/19/2022 12:35:24 PM, Old: 316.00, New: 416.00,,,,,,,,,
Stop Wavelength Changed: 8/19/2022 12:35:24 PM, Old: 306.00, New: 406.00,,,,,,,,,
Zero Mode Changed: 8/19/2022 12:35:26 PM, Old:ON, New:Reading,,,,,,,,,
Zero Mode Changed: 8/19/2022 12:35:26 PM, Old:Reading, New:ON,,,,,,,,,
Zero Mode Changed: 8/19/2022 12:35:50 PM, Old:ON, New:Reading,,,,,,,,,
Zero Mode Changed: 8/19/2022 12:35:51 PM, Old:Reading, New:ON,,,,,,,,,
Emission Wavelength Changed: 8/19/2022 12:36:54 PM, Old: 416.00, New: 420.00,,,,,,,,,
Stop Wavelength Changed: 8/19/2022 12:36:54 PM, Old: 406.00, New: 410.00,,,,,,,,,
Zero Mode Changed: 8/19/2022 12:36:56 PM, Old:ON, New:Reading,,,,,,,,,
Zero Mode Changed: 8/19/2022 12:36:56 PM, Old:Reading, New:ON,,,,,,,,,
Excitation Wavelength Changed: 8/19/2022 12:39:59 PM, Old: 200.00, New: 240.00,,,,,,,,,
Zero Mode Changed: 8/19/2022 12:40:11 PM, Old:ON, New:Reading,,,,,,,,,
Zero Mode Changed: 8/19/2022 12:40:12 PM, Old:Reading, New:ON,,,,,,,,,
Emission Wavelength Changed: 8/19/2022 12:43:15 PM, Old: 420.00, New: 410.00,,,,,,,,,
Zero Mode Changed: 8/19/2022 12:43:17 PM, Old:ON, New:Reading,,,,,,,,,
Zero Mode Changed: 8/19/2022 12:43:17 PM, Old:Reading, New:ON,,,,,,,,,
Stop Wavelength Changed: 8/19/2022 12:43:55 PM, Old: 410.00, New: 400.00,,,,,,,,,
Zero Mode Changed: 8/19/2022 12:43:57 PM, Old:ON, New:Reading,,,,,,,,,
Zero Mode Changed: 8/19/2022 12:43:57 PM, Old:Reading, New:ON,,,,,,,,,
Scan mode: Changed: 8/19/2022 12:47:00 PM, Old:Excitation, New:Emission,,,,,,,,,
Excitation Wavelength Changed: 8/19/2022 12:47:00 PM, Old: 240.00, New: 336.00,,,,,,,,,
Emission Wavelength Changed: 8/19/2022 12:47:00 PM, Old: 410.00, New: 346.00,,,,,,,,,
Stop Wavelength Changed: 8/19/2022 12:47:00 PM, Old: 400.00, New: 600.00,,,,,,,,,
Zero Mode Changed: 8/19/2022 12:47:05 PM, Old:ON, New:Reading,,,,,,,,,
Zero Mode Changed: 8/19/2022 12:47:05 PM, Old:Reading, New:ON,,,,,,,,,
Scan mode: Changed: 8/19/2022 12:54:02 PM, Old:Emission, New:Excitation,,,,,,,,,
Excitation Wavelength Changed: 8/19/2022 12:54:02 PM, Old: 336.00, New: 200.00,,,,,,,,,
Emission Wavelength Changed: 8/19/2022 12:54:02 PM, Old: 346.00, New: 416.00,,,,,,,,,
Stop Wavelength Changed: 8/19/2022 12:54:02 PM, Old: 600.00, New: 406.00,,,,,,,,,
Zero Mode Changed: 8/19/2022 12:54:05 PM, Old:ON, New:Reading,,,,,,,,,
Zero Mode Changed: 8/19/2022 12:54:05 PM, Old:Reading, New:ON,,,,,,,,,
Excitation Wavelength Changed: 8/19/2022 12:55:14 PM, Old: 200.00, New: 240.00,,,,,,,,,
Zero Mode Changed: 8/19/2022 12:55:18 PM, Old:ON, New:Reading,,,,,,,,,
Zero Mode Changed: 8/19/2022 12:55:19 PM, Old:Reading, New:ON,,,,,,,,,
Scan mode: Changed: 8/19/2022 12:56:39 PM, Old:Excitation, New:Emission,,,,,,,,,
Excitation Wavelength Changed: 8/19/2022 12:56:39 PM, Old: 240.00, New: 335.00,,,,,,,,,
Emission Wavelength Changed: 8/19/2022 12:56:39 PM, Old: 416.00, New: 345.00,,,,,,,,,
Stop Wavelength Changed: 8/19/2022 12:56:39 PM, Old: 406.00, New: 600.00,,,,,,,,,
Zero Mode Changed: 8/19/2022 12:56:42 PM, Old:ON, New:Reading,,,,,,,,,
Zero Mode Changed: 8/19/2022 12:56:43 PM, Old:Reading, New:ON,,,,,,,,,
Scan mode: Changed: 8/19/2022 12:58:09 PM, Old:Emission, New:Excitation,,,,,,,,,
Excitation Wavelength Changed: 8/19/2022 12:58:09 PM, Old: 335.00, New: 200.00,,,,,,,,,
Emission Wavelength Changed: 8/19/2022 12:58:09 PM, Old: 345.00, New: 420.00,,,,,,,,,
Stop Wavelength Changed: 8/19/2022 12:58:09 PM, Old: 600.00, New: 410.00,,,,,,,,,
Zero Mode Changed: 8/19/2022 12:58:12 PM, Old:ON, New:Reading,,,,,,,,,
Zero Mode Changed: 8/19/2022 12:58:12 PM, Old:Reading, New:ON,,,,,,,,,
Excitation Wavelength Changed: 8/19/2022 12:58:54 PM, Old: 200.00, New: 240.00,,,,,,,,,
Zero Mode Changed: 8/19/2022 12:58:56 PM, Old:ON, New:Reading,,,,,,,,,
Zero Mode Changed: 8/19/2022 12:58:56 PM, Old:Reading, New:ON,,,,,,,,,
Scan mode: Changed: 8/19/2022 1:01:10 PM, Old:Excitation, New:Emission,,,,,,,,,
Excitation Wavelength Changed: 8/19/2022 1:01:10 PM, Old: 240.00, New: 337.00,,,,,,,,,
Emission Wavelength Changed: 8/19/2022 1:01:10 PM, Old: 420.00, New: 347.00,,,,,,,,,
Stop Wavelength Changed: 8/19/2022 1:01:10 PM, Old: 410.00, New: 600.00,,,,,,,,,
Zero Mode Changed: 8/19/2022 1:01:19 PM, Old:ON, New:Reading,,,,,,,,,
Zero Mode Changed: 8/19/2022 1:01:19 PM, Old:Reading, New:ON,,,,,,,,,
Excitation Wavelength Changed: 8/19/2022 1:02:21 PM, Old: 337.00, New: 345.00,,,,,,,,,
Emission Wavelength Changed: 8/19/2022 1:02:21 PM, Old: 347.00, New: 355.00,,,,,,,,,
Zero Mode Changed: 8/19/2022 1:02:24 PM, Old:ON, New:Reading,,,,,,,,,
Zero Mode Changed: 8/19/2022 1:02:24 PM, Old:Reading, New:ON,,,,,,,,,
Excitation Wavelength Changed: 8/19/2022 1:03:50 PM, Old: 345.00, New: 325.00,,,,,,,,,
Emission Wavelength Changed: 8/19/2022 1:03:50 PM, Old: 355.00, New: 335.00,,,,,,,,,
Zero Mode Changed: 8/19/2022 1:03:52 PM, Old:ON, New:Reading,,,,,,,,,
Zero Mode Changed: 8/19/2022 1:03:52 PM, Old:Reading, New:ON,,,,,,,,,
Scan mode: Changed: 8/19/2022 1:06:29 PM, Old:Emission, New:Excitation,,,,,,,,,
Excitation Wavelength Changed: 8/19/2022 1:06:29 PM, Old: 325.00, New: 240.00,,,,,,,,,
Emission Wavelength Changed: 8/19/2022 1:06:29 PM, Old: 335.00, New: 410.00,,,,,,,,,
Stop Wavelength Changed: 8/19/2022 1:06:29 PM, Old: 600.00, New: 400.00,,,,,,,,,
Zero Mode Changed: 8/19/2022 1:06:32 PM, Old:ON, New:Reading,,,,,,,,,
Zero Mode Changed: 8/19/2022 1:06:33 PM, Old:Reading, New:ON,,,,,,,,,
Scan mode: Changed: 8/19/2022 1:07:23 PM, Old:Excitation, New:Emission,,,,,,,,,
Excitation Wavelength Changed: 8/19/2022 1:07:23 PM, Old: 240.00, New: 333.00,,,,,,,,,
Emission Wavelength Changed: 8/19/2022 1:07:23 PM, Old: 410.00, New: 343.00,,,,,,,,,
Stop Wavelength Changed: 8/19/2022 1:07:23 PM, Old: 400.00, New: 600.00,,,,,,,,,
Zero Mode Changed: 8/19/2022 1:07:25 PM, Old:ON, New:Reading,,,,,,,,,
Zero Mode Changed: 8/19/2022 1:07:25 PM, Old:Reading, New:ON,,,,,,,,,
Excitation Wavelength Changed: 8/19/2022 1:09:24 PM, Old: 333.00, New: 345.00,,,,,,,,,
Emission Wavelength Changed: 8/19/2022 1:09:24 PM, Old: 343.00, New: 355.00,,,,,,,,,
Zero Mode Changed: 8/19/2022 1:09:25 PM, Old:ON, New:Reading,,,,,,,,,
Zero Mode Changed: 8/19/2022 1:09:26 PM, Old:Reading, New:ON,,,,,,,,,
Emission Wavelength Changed: 8/19/2022 1:10:09 PM, Old: 355.00, New: 350.00,,,,,,,,,
Zero Mode Changed: 8/19/2022 1:10:10 PM, Old:ON, New:Reading,,,,,,,,,
Zero Mode Changed: 8/19/2022 1:10:11 PM, Old:Reading, New:ON,,,,,,,,,
Excitation Wavelength Changed: 8/19/2022 1:11:05 PM, Old: 345.00, New: 335.00,,,,,,,,,
Emission Wavelength Changed: 8/19/2022 1:11:05 PM, Old: 350.00, New: 340.00,,,,,,,,,
Zero Mode Changed: 8/19/2022 1:11:07 PM, Old:ON, New:Reading,,,,,,,,,
Zero Mode Changed: 8/19/2022 1:11:07 PM, Old:Reading, New:ON,,,,,,,,,
Scan mode: Changed: 8/19/2022 1:19:12 PM, Old:Emission, New:Excitation,,,,,,,,,
Excitation Wavelength Changed: 8/19/2022 1:19:12 PM, Old: 335.00, New: 240.00,,,,,,,,,
Emission Wavelength Changed: 8/19/2022 1:19:12 PM, Old: 340.00, New: 420.00,,,,,,,,,
Stop Wavelength Changed: 8/19/2022 1:19:12 PM, Old: 600.00, New: 410.00,,,,,,,,,
Zero Mode Changed: 8/19/2022 1:19:16 PM, Old:ON, New:Reading,,,,,,,,,
Zero Mode Changed: 8/19/2022 1:19:16 PM, Old:Reading, New:ON,,,,,,,,,
Scan mode: Changed: 8/19/2022 1:20:09 PM, Old:Excitation, New:Emission,,,,,,,,,
Excitation Wavelength Changed: 8/19/2022 1:20:09 PM, Old: 240.00, New: 340.00,,,,,,,,,
Emission Wavelength Changed: 8/19/2022 1:20:09 PM, Old: 420.00, New: 345.00,,,,,,,,,
Stop Wavelength Changed: 8/19/2022 1:20:09 PM, Old: 410.00, New: 600.00,,,,,,,,,
Zero Mode Changed: 8/19/2022 1:20:11 PM, Old:ON, New:Reading,,,,,,,,,
Zero Mode Changed: 8/19/2022 1:20:12 PM, Old:Reading, New:ON,,,,,,,,,
Emission Wavelength Changed: 8/19/2022 1:20:32 PM, Old: 345.00, New: 350.00,,,,,,,,,
Zero Mode Changed: 8/19/2022 1:20:35 PM, Old:ON, New:Reading,,,,,,,,,
Zero Mode Changed: 8/19/2022 1:20:35 PM, Old:Reading, New:ON,,,,,,,,,
Scan mode: Changed: 8/19/2022 12:21:50 PM, Old:Emission, New:Excitation,,,,,,,,,
Excitation Wavelength Changed: 8/19/2022 12:21:50 PM, Old: 340.00, New: 240.00,,,,,,,,,
Emission Wavelength Changed: 8/19/2022 12:21:50 PM, Old: 350.00, New: 415.00,,,,,,,,,
Stop Wavelength Changed: 8/19/2022 12:21:50 PM, Old: 600.00, New: 405.00,,,,,,,,,
Zero Mode Changed: 8/19/2022 12:21:53 PM, Old:ON, New:Reading,,,,,,,,,
Zero Mode Changed: 8/19/2022 12:21:53 PM, Old:Reading, New:ON,,,,,,,,,
Scan mode: Changed: 8/19/2022 12:22:39 PM, Old:Excitation, New:Emission,,,,,,,,,
Excitation Wavelength Changed: 8/19/2022 12:22:39 PM, Old: 240.00, New: 335.00,,,,,,,,,
Emission Wavelength Changed: 8/19/2022 12:22:39 PM, Old: 415.00, New: 345.00,,,,,,,,,
Stop Wavelength Changed: 8/19/2022 12:22:39 PM, Old: 405.00, New: 600.00,,,,,,,,,
Zero Mode Changed: 8/19/2022 12:22:41 PM, Old:ON, New:Reading,,,,,,,,,
Zero Mode Changed: 8/19/2022 12:22:41 PM, Old:Reading, New:ON,,,,,,,,,
Excitation Wavelength Changed: 8/19/2022 12:23:48 PM, Old: 335.00, New: 430.00,,,,,,,,,
Emission Wavelength Changed: 8/19/2022 12:23:48 PM, Old: 345.00, New: 240.00,,,,,,,,,
Stop Wavelength Changed: 8/19/2022 12:23:48 PM, Old: 600.00, New: 420.00,,,,,,,,,
Scan mode: Changed: 8/19/2022 12:24:00 PM, Old:Emission, New:Excitation,,,,,,,,,
Excitation Wavelength Changed: 8/19/2022 12:24:00 PM, Old: 430.00, New: 240.00,,,,,,,,,
Emission Wavelength Changed: 8/19/2022 12:24:00 PM, Old: 240.00, New: 430.00,,,,,,,,,
Zero Mode Changed: 8/19/2022 12:24:05 PM, Old:ON, New:Reading,,,,,,,,,
Zero Mode Changed: 8/19/2022 12:24:06 PM, Old:Reading, New:ON,,,,,,,,,
Emission Wavelength Changed: 8/19/2022 12:26:04 PM, Old: 430.00, New: 410.00,,,,,,,,,
Stop Wavelength Changed: 8/19/2022 12:26:04 PM, Old: 420.00, New: 400.00,,,,,,,,,
Zero Mode Changed: 8/19/2022 12:26:07 PM, Old:ON, New:Reading,,,,,,,,,
Zero Mode Changed: 8/19/2022 12:26:07 PM, Old:Reading, New:ON,,,,,,,,,
Scan mode: Changed: 8/19/2022 12:27:20 PM, Old:Excitation, New:Emission,,,,,,,,,
Excitation Wavelength Changed: 8/19/2022 12:27:20 PM, Old: 240.00, New: 335.00,,,,,,,,,
Emission Wavelength Changed: 8/19/2022 12:27:20 PM, Old: 410.00, New: 345.00,,,,,,,,,
Stop Wavelength Changed: 8/19/2022 12:27:20 PM, Old: 400.00, New: 600.00,,,,,,,,,
Zero Mode Changed: 8/19/2022 12:27:22 PM, Old:ON, New:Reading,,,,,,,,,
Zero Mode Changed: 8/19/2022 12:27:22 PM, Old:Reading, New:ON,,,,,,,,,
Scan mode: Changed: 8/19/2022 12:44:28 PM, Old:Emission, New:Excitation,,,,,,,,,
Excitation Wavelength Changed: 8/19/2022 12:44:28 PM, Old: 335.00, New: 240.00,,,,,,,,,
Emission Wavelength Changed: 8/19/2022 12:44:28 PM, Old: 345.00, New: 420.00,,,,,,,,,
Stop Wavelength Changed: 8/19/2022 12:44:28 PM, Old: 600.00, New: 400.00,,,,,,,,,
Zero Mode Changed: 8/19/2022 12:44:31 PM, Old:ON, New:Reading,,,,,,,,,
Zero Mode Changed: 8/19/2022 12:44:31 PM, Old:Reading, New:ON,,,,,,,,,
Scan mode: Changed: 8/19/2022 12:45:22 PM, Old:Excitation, New:Emission,,,,,,,,,
Excitation Wavelength Changed: 8/19/2022 12:45:22 PM, Old: 240.00, New: 340.00,,,,,,,,,
Emission Wavelength Changed: 8/19/2022 12:45:22 PM, Old: 420.00, New: 350.00,,,,,,,,,
Stop Wavelength Changed: 8/19/2022 12:45:22 PM, Old: 400.00, New: 600.00,,,,,,,,,
Zero Mode Changed: 8/19/2022 12:45:24 PM, Old:ON, New:Reading,,,,,,,,,
Zero Mode Changed: 8/19/2022 12:45:24 PM, Old:Reading, New:ON,,,,,,,,,
Excitation Wavelength Changed: 8/19/2022 12:46:23 PM, Old: 340.00, New: 335.00,,,,,,,,,
Emission Wavelength Changed: 8/19/2022 12:46:23 PM, Old: 350.00, New: 345.00,,,,,,,,,
Zero Mode Changed: 8/19/2022 12:46:26 PM, Old:ON, New:Reading,,,,,,,,,
Zero Mode Changed: 8/19/2022 12:46:26 PM, Old:Reading, New:ON,,,,,,,,,
Excitation Wavelength Changed: 8/19/2022 12:47:14 PM, Old: 335.00, New: 345.00,,,,,,,,,
Emission Wavelength Changed: 8/19/2022 12:47:14 PM, Old: 345.00, New: 355.00,,,,,,,,,
Zero Mode Changed: 8/19/2022 12:47:15 PM, Old:ON, New:Reading,,,,,,,,,
Zero Mode Changed: 8/19/2022 12:47:16 PM, Old:Reading, New:ON,,,,,,,,,
Scan mode: Changed: 8/19/2022 12:48:37 PM, Old:Emission, New:Excitation,,,,,,,,,
Excitation Wavelength Changed: 8/19/2022 12:48:37 PM, Old: 345.00, New: 240.00,,,,,,,,,
Emission Wavelength Changed: 8/19/2022 12:48:37 PM, Old: 355.00, New: 420.00,,,,,,,,,
Stop Wavelength Changed: 8/19/2022 12:48:37 PM, Old: 600.00, New: 410.00,,,,,,,,,
Zero Mode Changed: 8/19/2022 12:48:41 PM, Old:ON, New:Reading,,,,,,,,,
Zero Mode Changed: 8/19/2022 12:48:41 PM, Old:Reading, New:ON,,,,,,,,,
Zero Mode Changed: 8/19/2022 12:53:02 PM, Old:ON, New:Reading,,,,,,,,,
Zero Mode Changed: 8/19/2022 12:53:03 PM, Old:Reading, New:ON,,,,,,,,,
Scan mode: Changed: 8/19/2022 12:53:50 PM, Old:Excitation, New:Emission,,,,,,,,,
Excitation Wavelength Changed: 8/19/2022 12:53:50 PM, Old: 240.00, New: 340.00,,,,,,,,,
Emission Wavelength Changed: 8/19/2022 12:53:50 PM, Old: 420.00, New: 350.00,,,,,,,,,
Stop Wavelength Changed: 8/19/2022 12:53:50 PM, Old: 410.00, New: 600.00,,,,,,,,,
Zero Mode Changed: 8/19/2022 12:53:52 PM, Old:ON, New:Reading,,,,,,,,,
Zero Mode Changed: 8/19/2022 12:53:52 PM, Old:Reading, New:ON,,,,,,,,,
End Method Modifications,,,,,,,,,,,
,,,,,,,,,,,
CdS 180sec ODE2 Toluene1 ex350,,,,,,,,,,,
CdS 180sec ODE2 Toluene1 ex350,,,,,,,,,,,
Collection Time: 8/19/2022 12:54:44 PM,,,,,,,,,,,
Operator Name  :,,,,,,,,,,,
Scan Software Version: 1.1(132),,,,,,,,,,,
Parameter List :,,,,,,,,,,,
Instrument                        Cary Eclipse,,,,,,,,,,,
Instrument Serial Number          E08013467,,,,,,,,,,,
Data mode                         Fluorescence,,,,,,,,,,,
Scan mode                         Emission,,,,,,,,,,,
X Mode                            Wavelength (nm),,,,,,,,,,,
Start (nm)                        360.00,,,,,,,,,,,
Stop (nm)                         600.00,,,,,,,,,,,
Ex. Wavelength (nm)               350.00,,,,,,,,,,,
Ex. Slit (nm)                     5,,,,,,,,,,,
Em. Slit (nm)                     5,,,,,,,,,,,
Scan rate (nm/min)                600.00,,,,,,,,,,,
Data interval (nm)                1.0000,,,,,,,,,,,
Averaging Time (s)                0.1000,,,,,,,,,,,
Excitation filter                 Auto,,,,,,,,,,,
Emission filter                   Open,,,,,,,,,,,
PMT voltage (V)                   Medium,,,,,,,,,,,
Corrected spectra                 OFF,,,,,,,,,,,
Method Log     :,,,,,,,,,,,
Method Name    : Default,,,,,,,,,,,
Date/Time stamp: 8/19/2022 12:21:40 PM,,,,,,,,,,,
Method Modifications:,,,,,,,,,,,
Zero Mode Changed: 8/19/2022 1:01:28 PM, Old:OFF, New:Reading,,,,,,,,,
Zero Mode Changed: 8/19/2022 1:01:28 PM, Old:Reading, New:ON,,,,,,,,,
Excitation Wavelength Changed: 8/19/2022 1:04:17 PM, Old: 350.00, New: 284.00,,,,,,,,,
Emission Wavelength Changed: 8/19/2022 1:04:17 PM, Old: 400.00, New: 300.00,,,,,,,,,
Stop Wavelength Changed: 8/19/2022 1:04:17 PM, Old: 600.00, New: 550.00,,,,,,,,,
Zero Mode Changed: 8/19/2022 1:04:20 PM, Old:ON, New:Reading,,,,,,,,,
Zero Mode Changed: 8/19/2022 1:04:20 PM, Old:Reading, New:ON,,,,,,,,,
Emission Wavelength Changed: 8/19/2022 1:05:41 PM, Old: 300.00, New: 290.00,,,,,,,,,
Zero Mode Changed: 8/19/2022 1:05:43 PM, Old:ON, New:Reading,,,,,,,,,
Zero Mode Changed: 8/19/2022 1:05:43 PM, Old:Reading, New:ON,,,,,,,,,
Scan mode: Changed: 8/19/2022 1:07:20 PM, Old:Emission, New:Excitation,,,,,,,,,
Excitation Wavelength Changed: 8/19/2022 1:07:20 PM, Old: 284.00, New: 220.00,,,,,,,,,
Emission Wavelength Changed: 8/19/2022 1:07:20 PM, Old: 290.00, New: 330.00,,,,,,,,,
Stop Wavelength Changed: 8/19/2022 1:07:20 PM, Old: 550.00, New: 320.00,,,,,,,,,
Zero Mode Changed: 8/19/2022 1:07:23 PM, Old:ON, New:Reading,,,,,,,,,
Zero Mode Changed: 8/19/2022 1:07:24 PM, Old:Reading, New:ON,,,,,,,,,
Scan mode: Changed: 8/19/2022 1:09:00 PM, Old:Excitation, New:Emission,,,,,,,,,
Excitation Wavelength Changed: 8/19/2022 1:09:00 PM, Old: 220.00, New: 287.00,,,,,,,,,
Emission Wavelength Changed: 8/19/2022 1:09:00 PM, Old: 330.00, New: 297.00,,,,,,,,,
Stop Wavelength Changed: 8/19/2022 1:09:00 PM, Old: 320.00, New: 550.00,,,,,,,,,
Zero Mode Changed: 8/19/2022 1:09:02 PM, Old:ON, New:Reading,,,,,,,,,
Zero Mode Changed: 8/19/2022 1:09:03 PM, Old:Reading, New:ON,,,,,,,,,
Excitation Wavelength Changed: 8/19/2022 1:10:13 PM, Old: 287.00, New: 300.00,,,,,,,,,
Emission Wavelength Changed: 8/19/2022 1:10:13 PM, Old: 297.00, New: 310.00,,,,,,,,,
Zero Mode Changed: 8/19/2022 1:10:15 PM, Old:ON, New:Reading,,,,,,,,,
Zero Mode Changed: 8/19/2022 1:10:15 PM, Old:Reading, New:ON,,,,,,,,,
Overlayed Graphs Changed: 8/19/2022 1:12:23 PM, Old:OFF, New:ON,,,,,,,,,
Scan mode: Changed: 8/19/2022 1:13:08 PM, Old:Emission, New:Excitation,,,,,,,,,
Excitation Wavelength Changed: 8/19/2022 1:13:08 PM, Old: 300.00, New: 220.00,,,,,,,,,
Emission Wavelength Changed: 8/19/2022 1:13:08 PM, Old: 310.00, New: 350.00,,,,,,,,,
Stop Wavelength Changed: 8/19/2022 1:13:08 PM, Old: 550.00, New: 340.00,,,,,,,,,
Zero Mode Changed: 8/19/2022 1:13:11 PM, Old:ON, New:Reading,,,,,,,,,
Zero Mode Changed: 8/19/2022 1:13:12 PM, Old:Reading, New:ON,,,,,,,,,
Emission Wavelength Changed: 8/19/2022 12:22:43 PM, Old: 350.00, New: 400.00,,,,,,,,,
Stop Wavelength Changed: 8/19/2022 12:22:43 PM, Old: 340.00, New: 390.00,,,,,,,,,
Zero Mode Changed: 8/19/2022 12:22:45 PM, Old:ON, New:Reading,,,,,,,,,
Zero Mode Changed: 8/19/2022 12:22:45 PM, Old:Reading, New:ON,,,,,,,,,
Scan mode: Changed: 8/19/2022 12:27:15 PM, Old:Excitation, New:Emission,,,,,,,,,
Excitation Wavelength Changed: 8/19/2022 12:27:15 PM, Old: 220.00, New: 330.00,,,,,,,,,
Emission Wavelength Changed: 8/19/2022 12:27:15 PM, Old: 400.00, New: 340.00,,,,,,,,,
Stop Wavelength Changed: 8/19/2022 12:27:15 PM, Old: 390.00, New: 600.00,,,,,,,,,
Excitation Wavelength Changed: 8/19/2022 12:30:30 PM, Old: 330.00, New: 310.00,,,,,,,,,
Emission Wavelength Changed: 8/19/2022 12:30:30 PM, Old: 340.00, New: 320.00,,,,,,,,,
Zero Mode Changed: 8/19/2022 12:30:32 PM, Old:ON, New:Reading,,,,,,,,,
Zero Mode Changed: 8/19/2022 12:30:33 PM, Old:Reading, New:ON,,,,,,,,,
Excitation Wavelength Changed: 8/19/2022 12:32:16 PM, Old: 310.00, New: 350.00,,,,,,,,,
Emission Wavelength Changed: 8/19/2022 12:32:16 PM, Old: 320.00, New: 360.00,,,,,,,,,
Scan mode: Changed: 8/19/2022 12:34:16 PM, Old:Emission, New:Excitation,,,,,,,,,
Excitation Wavelength Changed: 8/19/2022 12:34:16 PM, Old: 350.00, New: 220.00,,,,,,,,,
Emission Wavelength Changed: 8/19/2022 12:34:16 PM, Old: 360.00, New: 417.00,,,,,,,,,
Stop Wavelength Changed: 8/19/2022 12:34:16 PM, Old: 600.00, New: 407.00,,,,,,,,,
Zero Mode Changed: 8/19/2022 12:34:20 PM, Old:ON, New:Reading,,,,,,,,,
Zero Mode Changed: 8/19/2022 12:34:20 PM, Old:Reading, New:ON,,,,,,,,,
Emission Wavelength Changed: 8/19/2022 12:42:33 PM, Old: 417.00, New: 400.00,,,,,,,,,
Stop Wavelength Changed: 8/19/2022 12:42:33 PM, Old: 407.00, New: 390.00,,,,,,,,,
Zero Mode Changed: 8/19/2022 12:42:34 PM, Old:ON, New:Reading,,,,,,,,,
Zero Mode Changed: 8/19/2022 12:42:34 PM, Old:Reading, New:ON,,,,,,,,,
Scan mode: Changed: 8/19/2022 12:43:36 PM, Old:Excitation, New:Emission,,,,,,,,,
Excitation Wavelength Changed: 8/19/2022 12:43:36 PM, Old: 220.00, New: 327.00,,,,,,,,,
Emission Wavelength Changed: 8/19/2022 12:43:36 PM, Old: 400.00, New: 337.00,,,,,,,,,
Stop Wavelength Changed: 8/19/2022 12:43:36 PM, Old: 390.00, New: 600.00,,,,,,,,,
Zero Mode Changed: 8/19/2022 12:43:38 PM, Old:ON, New:Reading,,,,,,,,,
Zero Mode Changed: 8/19/2022 12:43:38 PM, Old:Reading, New:ON,,,,,,,,,
Excitation Wavelength Changed: 8/19/2022 12:45:05 PM, Old: 327.00, New: 330.00,,,,,,,,,
Emission Wavelength Changed: 8/19/2022 12:45:05 PM, Old: 337.00, New: 340.00,,,,,,,,,
Zero Mode Changed: 8/19/2022 12:45:20 PM, Old:ON, New:Reading,,,,,,,,,
Zero Mode Changed: 8/19/2022 12:45:21 PM, Old:Reading, New:ON,,,,,,,,,
Scan mode: Changed: 8/19/2022 12:46:37 PM, Old:Emission, New:Excitation,,,,,,,,,
Excitation Wavelength Changed: 8/19/2022 12:46:37 PM, Old: 330.00, New: 220.00,,,,,,,,,
Emission Wavelength Changed: 8/19/2022 12:46:37 PM, Old: 340.00, New: 405.00,,,,,,,,,
Stop Wavelength Changed: 8/19/2022 12:46:37 PM, Old: 600.00, New: 395.00,,,,,,,,,
Zero Mode Changed: 8/19/2022 12:46:42 PM, Old:ON, New:Reading,,,,,,,,,
Zero Mode Changed: 8/19/2022 12:46:42 PM, Old:Reading, New:ON,,,,,,,,,
Emission Wavelength Changed: 8/19/2022 12:47:39 PM, Old: 405.00, New: 410.00,,,,,,,,,
Zero Mode Changed: 8/19/2022 12:47:41 PM, Old:ON, New:Reading,,,,,,,,,
Zero Mode Changed: 8/19/2022 12:47:41 PM, Old:Reading, New:ON,,,,,,,,,
Emission Wavelength Changed: 8/19/2022 12:48:27 PM, Old: 410.00, New: 420.00,,,,,,,,,
Zero Mode Changed: 8/19/2022 12:48:29 PM, Old:ON, New:Reading,,,,,,,,,
Zero Mode Changed: 8/19/2022 12:48:29 PM, Old:Reading, New:ON,,,,,,,,,
Zero Mode Changed: 8/19/2022 12:55:27 PM, Old:ON, New:Reading,,,,,,,,,
Zero Mode Changed: 8/19/2022 12:55:27 PM, Old:Reading, New:ON,,,,,,,,,
Zero Mode Changed: 8/19/2022 12:55:42 PM, Old:ON, New:Reading,,,,,,,,,
Zero Mode Changed: 8/19/2022 12:55:43 PM, Old:Reading, New:ON,,,,,,,,,
Excitation Wavelength Changed: 8/19/2022 1:04:36 PM, Old: 220.00, New: 200.00,,,,,,,,,
Emission Wavelength Changed: 8/19/2022 1:04:36 PM, Old: 420.00, New: 342.00,,,,,,,,,
Stop Wavelength Changed: 8/19/2022 1:04:36 PM, Old: 395.00, New: 332.00,,,,,,,,,
Zero Mode Changed: 8/19/2022 1:04:39 PM, Old:ON, New:Reading,,,,,,,,,
Zero Mode Changed: 8/19/2022 1:04:40 PM, Old:Reading, New:ON,,,,,,,,,
Scan mode: Changed: 8/19/2022 1:12:22 PM, Old:Excitation, New:Emission,,,,,,,,,
Excitation Wavelength Changed: 8/19/2022 1:12:22 PM, Old: 200.00, New: 420.00,,,,,,,,,
Emission Wavelength Changed: 8/19/2022 1:12:22 PM, Old: 342.00, New: 430.00,,,,,,,,,
Stop Wavelength Changed: 8/19/2022 1:12:22 PM, Old: 332.00, New: 600.00,,,,,,,,,
Zero Mode Changed: 8/19/2022 1:12:28 PM, Old:ON, New:Reading,,,,,,,,,
Zero Mode Changed: 8/19/2022 1:12:29 PM, Old:Reading, New:ON,,,,,,,,,
Scan mode: Changed: 8/19/2022 1:14:41 PM, Old:Emission, New:Excitation,,,,,,,,,
Excitation Wavelength Changed: 8/19/2022 1:14:41 PM, Old: 420.00, New: 220.00,,,,,,,,,
Emission Wavelength Changed: 8/19/2022 1:14:41 PM, Old: 430.00, New: 420.00,,,,,,,,,
Stop Wavelength Changed: 8/19/2022 1:14:41 PM, Old: 600.00, New: 400.00,,,,,,,,,
Zero Mode Changed: 8/19/2022 1:14:46 PM, Old:ON, New:Reading,,,,,,,,,
Zero Mode Changed: 8/19/2022 1:14:46 PM, Old:Reading, New:ON,,,,,,,,,
Scan mode: Changed: 8/19/2022 1:16:06 PM, Old:Excitation, New:Emission,,,,,,,,,
Excitation Wavelength Changed: 8/19/2022 1:16:06 PM, Old: 220.00, New: 340.00,,,,,,,,,
Emission Wavelength Changed: 8/19/2022 1:16:06 PM, Old: 420.00, New: 350.00,,,,,,,,,
Stop Wavelength Changed: 8/19/2022 1:16:06 PM, Old: 400.00, New: 600.00,,,,,,,,,
Zero Mode Changed: 8/19/2022 1:16:08 PM, Old:ON, New:Reading,,,,,,,,,
Zero Mode Changed: 8/19/2022 1:16:08 PM, Old:Reading, New:ON,,,,,,,,,
Scan mode: Changed: 8/19/2022 1:18:23 PM, Old:Emission, New:Excitation,,,,,,,,,
Excitation Wavelength Changed: 8/19/2022 1:18:23 PM, Old: 340.00, New: 200.00,,,,,,,,,
Emission Wavelength Changed: 8/19/2022 1:18:23 PM, Old: 350.00, New: 415.00,,,,,,,,,
Stop Wavelength Changed: 8/19/2022 1:18:23 PM, Old: 600.00, New: 400.00,,,,,,,,,
Zero Mode Changed: 8/19/2022 12:28:38 PM, Old:ON, New:Reading,,,,,,,,,
Zero Mode Changed: 8/19/2022 12:28:38 PM, Old:Reading, New:ON,,,,,,,,,
Emission Wavelength Changed: 8/19/2022 12:29:15 PM, Old: 415.00, New: 420.00,,,,,,,,,
Stop Wavelength Changed: 8/19/2022 12:29:15 PM, Old: 400.00, New: 410.00,,,,,,,,,
Zero Mode Changed: 8/19/2022 12:29:19 PM, Old:ON, New:Reading,,,,,,,,,
Zero Mode Changed: 8/19/2022 12:29:20 PM, Old:Reading, New:ON,,,,,,,,,
Emission Wavelength Changed: 8/19/2022 12:30:25 PM, Old: 420.00, New: 415.00,,,,,,,,,
Stop Wavelength Changed: 8/19/2022 12:30:25 PM, Old: 410.00, New: 405.00,,,,,,,,,
Zero Mode Changed: 8/19/2022 12:30:27 PM, Old:ON, New:Reading,,,,,,,,,
Zero Mode Changed: 8/19/2022 12:30:28 PM, Old:Reading, New:ON,,,,,,,,,
Scan mode: Changed: 8/19/2022 12:32:30 PM, Old:Excitation, New:Emission,,,,,,,,,
Excitation Wavelength Changed: 8/19/2022 12:32:30 PM, Old: 200.00, New: 340.00,,,,,,,,,
Emission Wavelength Changed: 8/19/2022 12:32:30 PM, Old: 415.00, New: 350.00,,,,,,,,,
Stop Wavelength Changed: 8/19/2022 12:32:30 PM, Old: 405.00, New: 600.00,,,,,,,,,
Zero Mode Changed: 8/19/2022 12:32:36 PM, Old:ON, New:Reading,,,,,,,,,
Zero Mode Changed: 8/19/2022 12:32:36 PM, Old:Reading, New:ON,,,,,,,,,
Scan mode: Changed: 8/19/2022 12:34:00 PM, Old:Emission, New:Excitation,,,,,,,,,
Excitation Wavelength Changed: 8/19/2022 12:34:00 PM, Old: 340.00, New: 200.00,,,,,,,,,
Emission Wavelength Changed: 8/19/2022 12:34:00 PM, Old: 350.00, New: 316.00,,,,,,,,,
Stop Wavelength Changed: 8/19/2022 12:34:00 PM, Old: 600.00, New: 306.00,,,,,,,,,
Zero Mode Changed: 8/19/2022 12:34:03 PM, Old:ON, New:Reading,,,,,,,,,
Zero Mode Changed: 8/19/2022 12:34:04 PM, Old:Reading, New:ON,,,,,,,,,
Emission Wavelength Changed: 8/19/2022 12:35:24 PM, Old: 316.00, New: 416.00,,,,,,,,,
Stop Wavelength Changed: 8/19/2022 12:35:24 PM, Old: 306.00, New: 406.00,,,,,,,,,
Zero Mode Changed: 8/19/2022 12:35:26 PM, Old:ON, New:Reading,,,,,,,,,
Zero Mode Changed: 8/19/2022 12:35:26 PM, Old:Reading, New:ON,,,,,,,,,
Zero Mode Changed: 8/19/2022 12:35:50 PM, Old:ON, New:Reading,,,,,,,,,
Zero Mode Changed: 8/19/2022 12:35:51 PM, Old:Reading, New:ON,,,,,,,,,
Emission Wavelength Changed: 8/19/2022 12:36:54 PM, Old: 416.00, New: 420.00,,,,,,,,,
Stop Wavelength Changed: 8/19/2022 12:36:54 PM, Old: 406.00, New: 410.00,,,,,,,,,
Zero Mode Changed: 8/19/2022 12:36:56 PM, Old:ON, New:Reading,,,,,,,,,
Zero Mode Changed: 8/19/2022 12:36:56 PM, Old:Reading, New:ON,,,,,,,,,
Excitation Wavelength Changed: 8/19/2022 12:39:59 PM, Old: 200.00, New: 240.00,,,,,,,,,
Zero Mode Changed: 8/19/2022 12:40:11 PM, Old:ON, New:Reading,,,,,,,,,
Zero Mode Changed: 8/19/2022 12:40:12 PM, Old:Reading, New:ON,,,,,,,,,
Emission Wavelength Changed: 8/19/2022 12:43:15 PM, Old: 420.00, New: 410.00,,,,,,,,,
Zero Mode Changed: 8/19/2022 12:43:17 PM, Old:ON, New:Reading,,,,,,,,,
Zero Mode Changed: 8/19/2022 12:43:17 PM, Old:Reading, New:ON,,,,,,,,,
Stop Wavelength Changed: 8/19/2022 12:43:55 PM, Old: 410.00, New: 400.00,,,,,,,,,
Zero Mode Changed: 8/19/2022 12:43:57 PM, Old:ON, New:Reading,,,,,,,,,
Zero Mode Changed: 8/19/2022 12:43:57 PM, Old:Reading, New:ON,,,,,,,,,
Scan mode: Changed: 8/19/2022 12:47:00 PM, Old:Excitation, New:Emission,,,,,,,,,
Excitation Wavelength Changed: 8/19/2022 12:47:00 PM, Old: 240.00, New: 336.00,,,,,,,,,
Emission Wavelength Changed: 8/19/2022 12:47:00 PM, Old: 410.00, New: 346.00,,,,,,,,,
Stop Wavelength Changed: 8/19/2022 12:47:00 PM, Old: 400.00, New: 600.00,,,,,,,,,
Zero Mode Changed: 8/19/2022 12:47:05 PM, Old:ON, New:Reading,,,,,,,,,
Zero Mode Changed: 8/19/2022 12:47:05 PM, Old:Reading, New:ON,,,,,,,,,
Scan mode: Changed: 8/19/2022 12:54:02 PM, Old:Emission, New:Excitation,,,,,,,,,
Excitation Wavelength Changed: 8/19/2022 12:54:02 PM, Old: 336.00, New: 200.00,,,,,,,,,
Emission Wavelength Changed: 8/19/2022 12:54:02 PM, Old: 346.00, New: 416.00,,,,,,,,,
Stop Wavelength Changed: 8/19/2022 12:54:02 PM, Old: 600.00, New: 406.00,,,,,,,,,
Zero Mode Changed: 8/19/2022 12:54:05 PM, Old:ON, New:Reading,,,,,,,,,
Zero Mode Changed: 8/19/2022 12:54:05 PM, Old:Reading, New:ON,,,,,,,,,
Excitation Wavelength Changed: 8/19/2022 12:55:14 PM, Old: 200.00, New: 240.00,,,,,,,,,
Zero Mode Changed: 8/19/2022 12:55:18 PM, Old:ON, New:Reading,,,,,,,,,
Zero Mode Changed: 8/19/2022 12:55:19 PM, Old:Reading, New:ON,,,,,,,,,
Scan mode: Changed: 8/19/2022 12:56:39 PM, Old:Excitation, New:Emission,,,,,,,,,
Excitation Wavelength Changed: 8/19/2022 12:56:39 PM, Old: 240.00, New: 335.00,,,,,,,,,
Emission Wavelength Changed: 8/19/2022 12:56:39 PM, Old: 416.00, New: 345.00,,,,,,,,,
Stop Wavelength Changed: 8/19/2022 12:56:39 PM, Old: 406.00, New: 600.00,,,,,,,,,
Zero Mode Changed: 8/19/2022 12:56:42 PM, Old:ON, New:Reading,,,,,,,,,
Zero Mode Changed: 8/19/2022 12:56:43 PM, Old:Reading, New:ON,,,,,,,,,
Scan mode: Changed: 8/19/2022 12:58:09 PM, Old:Emission, New:Excitation,,,,,,,,,
Excitation Wavelength Changed: 8/19/2022 12:58:09 PM, Old: 335.00, New: 200.00,,,,,,,,,
Emission Wavelength Changed: 8/19/2022 12:58:09 PM, Old: 345.00, New: 420.00,,,,,,,,,
Stop Wavelength Changed: 8/19/2022 12:58:09 PM, Old: 600.00, New: 410.00,,,,,,,,,
Zero Mode Changed: 8/19/2022 12:58:12 PM, Old:ON, New:Reading,,,,,,,,,
Zero Mode Changed: 8/19/2022 12:58:12 PM, Old:Reading, New:ON,,,,,,,,,
Excitation Wavelength Changed: 8/19/2022 12:58:54 PM, Old: 200.00, New: 240.00,,,,,,,,,
Zero Mode Changed: 8/19/2022 12:58:56 PM, Old:ON, New:Reading,,,,,,,,,
Zero Mode Changed: 8/19/2022 12:58:56 PM, Old:Reading, New:ON,,,,,,,,,
Scan mode: Changed: 8/19/2022 1:01:10 PM, Old:Excitation, New:Emission,,,,,,,,,
Excitation Wavelength Changed: 8/19/2022 1:01:10 PM, Old: 240.00, New: 337.00,,,,,,,,,
Emission Wavelength Changed: 8/19/2022 1:01:10 PM, Old: 420.00, New: 347.00,,,,,,,,,
Stop Wavelength Changed: 8/19/2022 1:01:10 PM, Old: 410.00, New: 600.00,,,,,,,,,
Zero Mode Changed: 8/19/2022 1:01:19 PM, Old:ON, New:Reading,,,,,,,,,
Zero Mode Changed: 8/19/2022 1:01:19 PM, Old:Reading, New:ON,,,,,,,,,
Excitation Wavelength Changed: 8/19/2022 1:02:21 PM, Old: 337.00, New: 345.00,,,,,,,,,
Emission Wavelength Changed: 8/19/2022 1:02:21 PM, Old: 347.00, New: 355.00,,,,,,,,,
Zero Mode Changed: 8/19/2022 1:02:24 PM, Old:ON, New:Reading,,,,,,,,,
Zero Mode Changed: 8/19/2022 1:02:24 PM, Old:Reading, New:ON,,,,,,,,,
Excitation Wavelength Changed: 8/19/2022 1:03:50 PM, Old: 345.00, New: 325.00,,,,,,,,,
Emission Wavelength Changed: 8/19/2022 1:03:50 PM, Old: 355.00, New: 335.00,,,,,,,,,
Zero Mode Changed: 8/19/2022 1:03:52 PM, Old:ON, New:Reading,,,,,,,,,
Zero Mode Changed: 8/19/2022 1:03:52 PM, Old:Reading, New:ON,,,,,,,,,
Scan mode: Changed: 8/19/2022 1:06:29 PM, Old:Emission, New:Excitation,,,,,,,,,
Excitation Wavelength Changed: 8/19/2022 1:06:29 PM, Old: 325.00, New: 240.00,,,,,,,,,
Emission Wavelength Changed: 8/19/2022 1:06:29 PM, Old: 335.00, New: 410.00,,,,,,,,,
Stop Wavelength Changed: 8/19/2022 1:06:29 PM, Old: 600.00, New: 400.00,,,,,,,,,
Zero Mode Changed: 8/19/2022 1:06:32 PM, Old:ON, New:Reading,,,,,,,,,
Zero Mode Changed: 8/19/2022 1:06:33 PM, Old:Reading, New:ON,,,,,,,,,
Scan mode: Changed: 8/19/2022 1:07:23 PM, Old:Excitation, New:Emission,,,,,,,,,
Excitation Wavelength Changed: 8/19/2022 1:07:23 PM, Old: 240.00, New: 333.00,,,,,,,,,
Emission Wavelength Changed: 8/19/2022 1:07:23 PM, Old: 410.00, New: 343.00,,,,,,,,,
Stop Wavelength Changed: 8/19/2022 1:07:23 PM, Old: 400.00, New: 600.00,,,,,,,,,
Zero Mode Changed: 8/19/2022 1:07:25 PM, Old:ON, New:Reading,,,,,,,,,
Zero Mode Changed: 8/19/2022 1:07:25 PM, Old:Reading, New:ON,,,,,,,,,
Excitation Wavelength Changed: 8/19/2022 1:09:24 PM, Old: 333.00, New: 345.00,,,,,,,,,
Emission Wavelength Changed: 8/19/2022 1:09:24 PM, Old: 343.00, New: 355.00,,,,,,,,,
Zero Mode Changed: 8/19/2022 1:09:25 PM, Old:ON, New:Reading,,,,,,,,,
Zero Mode Changed: 8/19/2022 1:09:26 PM, Old:Reading, New:ON,,,,,,,,,
Emission Wavelength Changed: 8/19/2022 1:10:09 PM, Old: 355.00, New: 350.00,,,,,,,,,
Zero Mode Changed: 8/19/2022 1:10:10 PM, Old:ON, New:Reading,,,,,,,,,
Zero Mode Changed: 8/19/2022 1:10:11 PM, Old:Reading, New:ON,,,,,,,,,
Excitation Wavelength Changed: 8/19/2022 1:11:05 PM, Old: 345.00, New: 335.00,,,,,,,,,
Emission Wavelength Changed: 8/19/2022 1:11:05 PM, Old: 350.00, New: 340.00,,,,,,,,,
Zero Mode Changed: 8/19/2022 1:11:07 PM, Old:ON, New:Reading,,,,,,,,,
Zero Mode Changed: 8/19/2022 1:11:07 PM, Old:Reading, New:ON,,,,,,,,,
Scan mode: Changed: 8/19/2022 1:19:12 PM, Old:Emission, New:Excitation,,,,,,,,,
Excitation Wavelength Changed: 8/19/2022 1:19:12 PM, Old: 335.00, New: 240.00,,,,,,,,,
Emission Wavelength Changed: 8/19/2022 1:19:12 PM, Old: 340.00, New: 420.00,,,,,,,,,
Stop Wavelength Changed: 8/19/2022 1:19:12 PM, Old: 600.00, New: 410.00,,,,,,,,,
Zero Mode Changed: 8/19/2022 1:19:16 PM, Old:ON, New:Reading,,,,,,,,,
Zero Mode Changed: 8/19/2022 1:19:16 PM, Old:Reading, New:ON,,,,,,,,,
Scan mode: Changed: 8/19/2022 1:20:09 PM, Old:Excitation, New:Emission,,,,,,,,,
Excitation Wavelength Changed: 8/19/2022 1:20:09 PM, Old: 240.00, New: 340.00,,,,,,,,,
Emission Wavelength Changed: 8/19/2022 1:20:09 PM, Old: 420.00, New: 345.00,,,,,,,,,
Stop Wavelength Changed: 8/19/2022 1:20:09 PM, Old: 410.00, New: 600.00,,,,,,,,,
Zero Mode Changed: 8/19/2022 1:20:11 PM, Old:ON, New:Reading,,,,,,,,,
Zero Mode Changed: 8/19/2022 1:20:12 PM, Old:Reading, New:ON,,,,,,,,,
Emission Wavelength Changed: 8/19/2022 1:20:32 PM, Old: 345.00, New: 350.00,,,,,,,,,
Zero Mode Changed: 8/19/2022 1:20:35 PM, Old:ON, New:Reading,,,,,,,,,
Zero Mode Changed: 8/19/2022 1:20:35 PM, Old:Reading, New:ON,,,,,,,,,
Scan mode: Changed: 8/19/2022 12:21:50 PM, Old:Emission, New:Excitation,,,,,,,,,
Excitation Wavelength Changed: 8/19/2022 12:21:50 PM, Old: 340.00, New: 240.00,,,,,,,,,
Emission Wavelength Changed: 8/19/2022 12:21:50 PM, Old: 350.00, New: 415.00,,,,,,,,,
Stop Wavelength Changed: 8/19/2022 12:21:50 PM, Old: 600.00, New: 405.00,,,,,,,,,
Zero Mode Changed: 8/19/2022 12:21:53 PM, Old:ON, New:Reading,,,,,,,,,
Zero Mode Changed: 8/19/2022 12:21:53 PM, Old:Reading, New:ON,,,,,,,,,
Scan mode: Changed: 8/19/2022 12:22:39 PM, Old:Excitation, New:Emission,,,,,,,,,
Excitation Wavelength Changed: 8/19/2022 12:22:39 PM, Old: 240.00, New: 335.00,,,,,,,,,
Emission Wavelength Changed: 8/19/2022 12:22:39 PM, Old: 415.00, New: 345.00,,,,,,,,,
Stop Wavelength Changed: 8/19/2022 12:22:39 PM, Old: 405.00, New: 600.00,,,,,,,,,
Zero Mode Changed: 8/19/2022 12:22:41 PM, Old:ON, New:Reading,,,,,,,,,
Zero Mode Changed: 8/19/2022 12:22:41 PM, Old:Reading, New:ON,,,,,,,,,
Excitation Wavelength Changed: 8/19/2022 12:23:48 PM, Old: 335.00, New: 430.00,,,,,,,,,
Emission Wavelength Changed: 8/19/2022 12:23:48 PM, Old: 345.00, New: 240.00,,,,,,,,,
Stop Wavelength Changed: 8/19/2022 12:23:48 PM, Old: 600.00, New: 420.00,,,,,,,,,
Scan mode: Changed: 8/19/2022 12:24:00 PM, Old:Emission, New:Excitation,,,,,,,,,
Excitation Wavelength Changed: 8/19/2022 12:24:00 PM, Old: 430.00, New: 240.00,,,,,,,,,
Emission Wavelength Changed: 8/19/2022 12:24:00 PM, Old: 240.00, New: 430.00,,,,,,,,,
Zero Mode Changed: 8/19/2022 12:24:05 PM, Old:ON, New:Reading,,,,,,,,,
Zero Mode Changed: 8/19/2022 12:24:06 PM, Old:Reading, New:ON,,,,,,,,,
Emission Wavelength Changed: 8/19/2022 12:26:04 PM, Old: 430.00, New: 410.00,,,,,,,,,
Stop Wavelength Changed: 8/19/2022 12:26:04 PM, Old: 420.00, New: 400.00,,,,,,,,,
Zero Mode Changed: 8/19/2022 12:26:07 PM, Old:ON, New:Reading,,,,,,,,,
Zero Mode Changed: 8/19/2022 12:26:07 PM, Old:Reading, New:ON,,,,,,,,,
Scan mode: Changed: 8/19/2022 12:27:20 PM, Old:Excitation, New:Emission,,,,,,,,,
Excitation Wavelength Changed: 8/19/2022 12:27:20 PM, Old: 240.00, New: 335.00,,,,,,,,,
Emission Wavelength Changed: 8/19/2022 12:27:20 PM, Old: 410.00, New: 345.00,,,,,,,,,
Stop Wavelength Changed: 8/19/2022 12:27:20 PM, Old: 400.00, New: 600.00,,,,,,,,,
Zero Mode Changed: 8/19/2022 12:27:22 PM, Old:ON, New:Reading,,,,,,,,,
Zero Mode Changed: 8/19/2022 12:27:22 PM, Old:Reading, New:ON,,,,,,,,,
Scan mode: Changed: 8/19/2022 12:44:28 PM, Old:Emission, New:Excitation,,,,,,,,,
Excitation Wavelength Changed: 8/19/2022 12:44:28 PM, Old: 335.00, New: 240.00,,,,,,,,,
Emission Wavelength Changed: 8/19/2022 12:44:28 PM, Old: 345.00, New: 420.00,,,,,,,,,
Stop Wavelength Changed: 8/19/2022 12:44:28 PM, Old: 600.00, New: 400.00,,,,,,,,,
Zero Mode Changed: 8/19/2022 12:44:31 PM, Old:ON, New:Reading,,,,,,,,,
Zero Mode Changed: 8/19/2022 12:44:31 PM, Old:Reading, New:ON,,,,,,,,,
Scan mode: Changed: 8/19/2022 12:45:22 PM, Old:Excitation, New:Emission,,,,,,,,,
Excitation Wavelength Changed: 8/19/2022 12:45:22 PM, Old: 240.00, New: 340.00,,,,,,,,,
Emission Wavelength Changed: 8/19/2022 12:45:22 PM, Old: 420.00, New: 350.00,,,,,,,,,
Stop Wavelength Changed: 8/19/2022 12:45:22 PM, Old: 400.00, New: 600.00,,,,,,,,,
Zero Mode Changed: 8/19/2022 12:45:24 PM, Old:ON, New:Reading,,,,,,,,,
Zero Mode Changed: 8/19/2022 12:45:24 PM, Old:Reading, New:ON,,,,,,,,,
Excitation Wavelength Changed: 8/19/2022 12:46:23 PM, Old: 340.00, New: 335.00,,,,,,,,,
Emission Wavelength Changed: 8/19/2022 12:46:23 PM, Old: 350.00, New: 345.00,,,,,,,,,
Zero Mode Changed: 8/19/2022 12:46:26 PM, Old:ON, New:Reading,,,,,,,,,
Zero Mode Changed: 8/19/2022 12:46:26 PM, Old:Reading, New:ON,,,,,,,,,
Excitation Wavelength Changed: 8/19/2022 12:47:14 PM, Old: 335.00, New: 345.00,,,,,,,,,
Emission Wavelength Changed: 8/19/2022 12:47:14 PM, Old: 345.00, New: 355.00,,,,,,,,,
Zero Mode Changed: 8/19/2022 12:47:15 PM, Old:ON, New:Reading,,,,,,,,,
Zero Mode Changed: 8/19/2022 12:47:16 PM, Old:Reading, New:ON,,,,,,,,,
Scan mode: Changed: 8/19/2022 12:48:37 PM, Old:Emission, New:Excitation,,,,,,,,,
Excitation Wavelength Changed: 8/19/2022 12:48:37 PM, Old: 345.00, New: 240.00,,,,,,,,,
Emission Wavelength Changed: 8/19/2022 12:48:37 PM, Old: 355.00, New: 420.00,,,,,,,,,
Stop Wavelength Changed: 8/19/2022 12:48:37 PM, Old: 600.00, New: 410.00,,,,,,,,,
Zero Mode Changed: 8/19/2022 12:48:41 PM, Old:ON, New:Reading,,,,,,,,,
Zero Mode Changed: 8/19/2022 12:48:41 PM, Old:Reading, New:ON,,,,,,,,,
Zero Mode Changed: 8/19/2022 12:53:02 PM, Old:ON, New:Reading,,,,,,,,,
Zero Mode Changed: 8/19/2022 12:53:03 PM, Old:Reading, New:ON,,,,,,,,,
Scan mode: Changed: 8/19/2022 12:53:50 PM, Old:Excitation, New:Emission,,,,,,,,,
Excitation Wavelength Changed: 8/19/2022 12:53:50 PM, Old: 240.00, New: 340.00,,,,,,,,,
Emission Wavelength Changed: 8/19/2022 12:53:50 PM, Old: 420.00, New: 350.00,,,,,,,,,
Stop Wavelength Changed: 8/19/2022 12:53:50 PM, Old: 410.00, New: 600.00,,,,,,,,,
Zero Mode Changed: 8/19/2022 12:53:52 PM, Old:ON, New:Reading,,,,,,,,,
Zero Mode Changed: 8/19/2022 12:53:52 PM, Old:Reading, New:ON,,,,,,,,,
Excitation Wavelength Changed: 8/19/2022 12:54:37 PM, Old: 340.00, New: 350.00,,,,,,,,,
Emission Wavelength Changed: 8/19/2022 12:54:37 PM, Old: 350.00, New: 360.00,,,,,,,,,
Zero Mode Changed: 8/19/2022 12:54:39 PM, Old:ON, New:Reading,,,,,,,,,
Zero Mode Changed: 8/19/2022 12:54:39 PM, Old:Reading, New:ON,,,,,,,,,
End Method Modifications,,,,,,,,,,,
,,,,,,,,,,,
CdS 180sec ODE2 Toluene1 ex330,,,,,,,,,,,
CdS 180sec ODE2 Toluene1 ex330,,,,,,,,,,,
Collection Time: 8/19/2022 12:55:24 PM,,,,,,,,,,,
Operator Name  :,,,,,,,,,,,
Scan Software Version: 1.1(132),,,,,,,,,,,
Parameter List :,,,,,,,,,,,
Instrument                        Cary Eclipse,,,,,,,,,,,
Instrument Serial Number          E08013467,,,,,,,,,,,
Data mode                         Fluorescence,,,,,,,,,,,
Scan mode                         Emission,,,,,,,,,,,
X Mode                            Wavelength (nm),,,,,,,,,,,
Start (nm)                        340.00,,,,,,,,,,,
Stop (nm)                         600.00,,,,,,,,,,,
Ex. Wavelength (nm)               330.00,,,,,,,,,,,
Ex. Slit (nm)                     5,,,,,,,,,,,
Em. Slit (nm)                     5,,,,,,,,,,,
Scan rate (nm/min)                600.00,,,,,,,,,,,
Data interval (nm)                1.0000,,,,,,,,,,,
Averaging Time (s)                0.1000,,,,,,,,,,,
Excitation filter                 Auto,,,,,,,,,,,
Emission filter                   Open,,,,,,,,,,,
PMT voltage (V)                   Medium,,,,,,,,,,,
Corrected spectra                 OFF,,,,,,,,,,,
Method Log     :,,,,,,,,,,,
Method Name    : Default,,,,,,,,,,,
Date/Time stamp: 8/19/2022 12:21:40 PM,,,,,,,,,,,
Method Modifications:,,,,,,,,,,,
Zero Mode Changed: 8/19/2022 1:01:28 PM, Old:OFF, New:Reading,,,,,,,,,
Zero Mode Changed: 8/19/2022 1:01:28 PM, Old:Reading, New:ON,,,,,,,,,
Excitation Wavelength Changed: 8/19/2022 1:04:17 PM, Old: 350.00, New: 284.00,,,,,,,,,
Emission Wavelength Changed: 8/19/2022 1:04:17 PM, Old: 400.00, New: 300.00,,,,,,,,,
Stop Wavelength Changed: 8/19/2022 1:04:17 PM, Old: 600.00, New: 550.00,,,,,,,,,
Zero Mode Changed: 8/19/2022 1:04:20 PM, Old:ON, New:Reading,,,,,,,,,
Zero Mode Changed: 8/19/2022 1:04:20 PM, Old:Reading, New:ON,,,,,,,,,
Emission Wavelength Changed: 8/19/2022 1:05:41 PM, Old: 300.00, New: 290.00,,,,,,,,,
Zero Mode Changed: 8/19/2022 1:05:43 PM, Old:ON, New:Reading,,,,,,,,,
Zero Mode Changed: 8/19/2022 1:05:43 PM, Old:Reading, New:ON,,,,,,,,,
Scan mode: Changed: 8/19/2022 1:07:20 PM, Old:Emission, New:Excitation,,,,,,,,,
Excitation Wavelength Changed: 8/19/2022 1:07:20 PM, Old: 284.00, New: 220.00,,,,,,,,,
Emission Wavelength Changed: 8/19/2022 1:07:20 PM, Old: 290.00, New: 330.00,,,,,,,,,
Stop Wavelength Changed: 8/19/2022 1:07:20 PM, Old: 550.00, New: 320.00,,,,,,,,,
Zero Mode Changed: 8/19/2022 1:07:23 PM, Old:ON, New:Reading,,,,,,,,,
Zero Mode Changed: 8/19/2022 1:07:24 PM, Old:Reading, New:ON,,,,,,,,,
Scan mode: Changed: 8/19/2022 1:09:00 PM, Old:Excitation, New:Emission,,,,,,,,,
Excitation Wavelength Changed: 8/19/2022 1:09:00 PM, Old: 220.00, New: 287.00,,,,,,,,,
Emission Wavelength Changed: 8/19/2022 1:09:00 PM, Old: 330.00, New: 297.00,,,,,,,,,
Stop Wavelength Changed: 8/19/2022 1:09:00 PM, Old: 320.00, New: 550.00,,,,,,,,,
Zero Mode Changed: 8/19/2022 1:09:02 PM, Old:ON, New:Reading,,,,,,,,,
Zero Mode Changed: 8/19/2022 1:09:03 PM, Old:Reading, New:ON,,,,,,,,,
Excitation Wavelength Changed: 8/19/2022 1:10:13 PM, Old: 287.00, New: 300.00,,,,,,,,,
Emission Wavelength Changed: 8/19/2022 1:10:13 PM, Old: 297.00, New: 310.00,,,,,,,,,
Zero Mode Changed: 8/19/2022 1:10:15 PM, Old:ON, New:Reading,,,,,,,,,
Zero Mode Changed: 8/19/2022 1:10:15 PM, Old:Reading, New:ON,,,,,,,,,
Overlayed Graphs Changed: 8/19/2022 1:12:23 PM, Old:OFF, New:ON,,,,,,,,,
Scan mode: Changed: 8/19/2022 1:13:08 PM, Old:Emission, New:Excitation,,,,,,,,,
Excitation Wavelength Changed: 8/19/2022 1:13:08 PM, Old: 300.00, New: 220.00,,,,,,,,,
Emission Wavelength Changed: 8/19/2022 1:13:08 PM, Old: 310.00, New: 350.00,,,,,,,,,
Stop Wavelength Changed: 8/19/2022 1:13:08 PM, Old: 550.00, New: 340.00,,,,,,,,,
Zero Mode Changed: 8/19/2022 1:13:11 PM, Old:ON, New:Reading,,,,,,,,,
Zero Mode Changed: 8/19/2022 1:13:12 PM, Old:Reading, New:ON,,,,,,,,,
Emission Wavelength Changed: 8/19/2022 12:22:43 PM, Old: 350.00, New: 400.00,,,,,,,,,
Stop Wavelength Changed: 8/19/2022 12:22:43 PM, Old: 340.00, New: 390.00,,,,,,,,,
Zero Mode Changed: 8/19/2022 12:22:45 PM, Old:ON, New:Reading,,,,,,,,,
Zero Mode Changed: 8/19/2022 12:22:45 PM, Old:Reading, New:ON,,,,,,,,,
Scan mode: Changed: 8/19/2022 12:27:15 PM, Old:Excitation, New:Emission,,,,,,,,,
Excitation Wavelength Changed: 8/19/2022 12:27:15 PM, Old: 220.00, New: 330.00,,,,,,,,,
Emission Wavelength Changed: 8/19/2022 12:27:15 PM, Old: 400.00, New: 340.00,,,,,,,,,
Stop Wavelength Changed: 8/19/2022 12:27:15 PM, Old: 390.00, New: 600.00,,,,,,,,,
Excitation Wavelength Changed: 8/19/2022 12:30:30 PM, Old: 330.00, New: 310.00,,,,,,,,,
Emission Wavelength Changed: 8/19/2022 12:30:30 PM, Old: 340.00, New: 320.00,,,,,,,,,
Zero Mode Changed: 8/19/2022 12:30:32 PM, Old:ON, New:Reading,,,,,,,,,
Zero Mode Changed: 8/19/2022 12:30:33 PM, Old:Reading, New:ON,,,,,,,,,
Excitation Wavelength Changed: 8/19/2022 12:32:16 PM, Old: 310.00, New: 350.00,,,,,,,,,
Emission Wavelength Changed: 8/19/2022 12:32:16 PM, Old: 320.00, New: 360.00,,,,,,,,,
Scan mode: Changed: 8/19/2022 12:34:16 PM, Old:Emission, New:Excitation,,,,,,,,,
Excitation Wavelength Changed: 8/19/2022 12:34:16 PM, Old: 350.00, New: 220.00,,,,,,,,,
Emission Wavelength Changed: 8/19/2022 12:34:16 PM, Old: 360.00, New: 417.00,,,,,,,,,
Stop Wavelength Changed: 8/19/2022 12:34:16 PM, Old: 600.00, New: 407.00,,,,,,,,,
Zero Mode Changed: 8/19/2022 12:34:20 PM, Old:ON, New:Reading,,,,,,,,,
Zero Mode Changed: 8/19/2022 12:34:20 PM, Old:Reading, New:ON,,,,,,,,,
Emission Wavelength Changed: 8/19/2022 12:42:33 PM, Old: 417.00, New: 400.00,,,,,,,,,
Stop Wavelength Changed: 8/19/2022 12:42:33 PM, Old: 407.00, New: 390.00,,,,,,,,,
Zero Mode Changed: 8/19/2022 12:42:34 PM, Old:ON, New:Reading,,,,,,,,,
Zero Mode Changed: 8/19/2022 12:42:34 PM, Old:Reading, New:ON,,,,,,,,,
Scan mode: Changed: 8/19/2022 12:43:36 PM, Old:Excitation, New:Emission,,,,,,,,,
Excitation Wavelength Changed: 8/19/2022 12:43:36 PM, Old: 220.00, New: 327.00,,,,,,,,,
Emission Wavelength Changed: 8/19/2022 12:43:36 PM, Old: 400.00, New: 337.00,,,,,,,,,
Stop Wavelength Changed: 8/19/2022 12:43:36 PM, Old: 390.00, New: 600.00,,,,,,,,,
Zero Mode Changed: 8/19/2022 12:43:38 PM, Old:ON, New:Reading,,,,,,,,,
Zero Mode Changed: 8/19/2022 12:43:38 PM, Old:Reading, New:ON,,,,,,,,,
Excitation Wavelength Changed: 8/19/2022 12:45:05 PM, Old: 327.00, New: 330.00,,,,,,,,,
Emission Wavelength Changed: 8/19/2022 12:45:05 PM, Old: 337.00, New: 340.00,,,,,,,,,
Zero Mode Changed: 8/19/2022 12:45:20 PM, Old:ON, New:Reading,,,,,,,,,
Zero Mode Changed: 8/19/2022 12:45:21 PM, Old:Reading, New:ON,,,,,,,,,
Scan mode: Changed: 8/19/2022 12:46:37 PM, Old:Emission, New:Excitation,,,,,,,,,
Excitation Wavelength Changed: 8/19/2022 12:46:37 PM, Old: 330.00, New: 220.00,,,,,,,,,
Emission Wavelength Changed: 8/19/2022 12:46:37 PM, Old: 340.00, New: 405.00,,,,,,,,,
Stop Wavelength Changed: 8/19/2022 12:46:37 PM, Old: 600.00, New: 395.00,,,,,,,,,
Zero Mode Changed: 8/19/2022 12:46:42 PM, Old:ON, New:Reading,,,,,,,,,
Zero Mode Changed: 8/19/2022 12:46:42 PM, Old:Reading, New:ON,,,,,,,,,
Emission Wavelength Changed: 8/19/2022 12:47:39 PM, Old: 405.00, New: 410.00,,,,,,,,,
Zero Mode Changed: 8/19/2022 12:47:41 PM, Old:ON, New:Reading,,,,,,,,,
Zero Mode Changed: 8/19/2022 12:47:41 PM, Old:Reading, New:ON,,,,,,,,,
Emission Wavelength Changed: 8/19/2022 12:48:27 PM, Old: 410.00, New: 420.00,,,,,,,,,
Zero Mode Changed: 8/19/2022 12:48:29 PM, Old:ON, New:Reading,,,,,,,,,
Zero Mode Changed: 8/19/2022 12:48:29 PM, Old:Reading, New:ON,,,,,,,,,
Zero Mode Changed: 8/19/2022 12:55:27 PM, Old:ON, New:Reading,,,,,,,,,
Zero Mode Changed: 8/19/2022 12:55:27 PM, Old:Reading, New:ON,,,,,,,,,
Zero Mode Changed: 8/19/2022 12:55:42 PM, Old:ON, New:Reading,,,,,,,,,
Zero Mode Changed: 8/19/2022 12:55:43 PM, Old:Reading, New:ON,,,,,,,,,
Excitation Wavelength Changed: 8/19/2022 1:04:36 PM, Old: 220.00, New: 200.00,,,,,,,,,
Emission Wavelength Changed: 8/19/2022 1:04:36 PM, Old: 420.00, New: 342.00,,,,,,,,,
Stop Wavelength Changed: 8/19/2022 1:04:36 PM, Old: 395.00, New: 332.00,,,,,,,,,
Zero Mode Changed: 8/19/2022 1:04:39 PM, Old:ON, New:Reading,,,,,,,,,
Zero Mode Changed: 8/19/2022 1:04:40 PM, Old:Reading, New:ON,,,,,,,,,
Scan mode: Changed: 8/19/2022 1:12:22 PM, Old:Excitation, New:Emission,,,,,,,,,
Excitation Wavelength Changed: 8/19/2022 1:12:22 PM, Old: 200.00, New: 420.00,,,,,,,,,
Emission Wavelength Changed: 8/19/2022 1:12:22 PM, Old: 342.00, New: 430.00,,,,,,,,,
Stop Wavelength Changed: 8/19/2022 1:12:22 PM, Old: 332.00, New: 600.00,,,,,,,,,
Zero Mode Changed: 8/19/2022 1:12:28 PM, Old:ON, New:Reading,,,,,,,,,
Zero Mode Changed: 8/19/2022 1:12:29 PM, Old:Reading, New:ON,,,,,,,,,
Scan mode: Changed: 8/19/2022 1:14:41 PM, Old:Emission, New:Excitation,,,,,,,,,
Excitation Wavelength Changed: 8/19/2022 1:14:41 PM, Old: 420.00, New: 220.00,,,,,,,,,
Emission Wavelength Changed: 8/19/2022 1:14:41 PM, Old: 430.00, New: 420.00,,,,,,,,,
Stop Wavelength Changed: 8/19/2022 1:14:41 PM, Old: 600.00, New: 400.00,,,,,,,,,
Zero Mode Changed: 8/19/2022 1:14:46 PM, Old:ON, New:Reading,,,,,,,,,
Zero Mode Changed: 8/19/2022 1:14:46 PM, Old:Reading, New:ON,,,,,,,,,
Scan mode: Changed: 8/19/2022 1:16:06 PM, Old:Excitation, New:Emission,,,,,,,,,
Excitation Wavelength Changed: 8/19/2022 1:16:06 PM, Old: 220.00, New: 340.00,,,,,,,,,
Emission Wavelength Changed: 8/19/2022 1:16:06 PM, Old: 420.00, New: 350.00,,,,,,,,,
Stop Wavelength Changed: 8/19/2022 1:16:06 PM, Old: 400.00, New: 600.00,,,,,,,,,
Zero Mode Changed: 8/19/2022 1:16:08 PM, Old:ON, New:Reading,,,,,,,,,
Zero Mode Changed: 8/19/2022 1:16:08 PM, Old:Reading, New:ON,,,,,,,,,
Scan mode: Changed: 8/19/2022 1:18:23 PM, Old:Emission, New:Excitation,,,,,,,,,
Excitation Wavelength Changed: 8/19/2022 1:18:23 PM, Old: 340.00, New: 200.00,,,,,,,,,
Emission Wavelength Changed: 8/19/2022 1:18:23 PM, Old: 350.00, New: 415.00,,,,,,,,,
Stop Wavelength Changed: 8/19/2022 1:18:23 PM, Old: 600.00, New: 400.00,,,,,,,,,
Zero Mode Changed: 8/19/2022 12:28:38 PM, Old:ON, New:Reading,,,,,,,,,
Zero Mode Changed: 8/19/2022 12:28:38 PM, Old:Reading, New:ON,,,,,,,,,
Emission Wavelength Changed: 8/19/2022 12:29:15 PM, Old: 415.00, New: 420.00,,,,,,,,,
Stop Wavelength Changed: 8/19/2022 12:29:15 PM, Old: 400.00, New: 410.00,,,,,,,,,
Zero Mode Changed: 8/19/2022 12:29:19 PM, Old:ON, New:Reading,,,,,,,,,
Zero Mode Changed: 8/19/2022 12:29:20 PM, Old:Reading, New:ON,,,,,,,,,
Emission Wavelength Changed: 8/19/2022 12:30:25 PM, Old: 420.00, New: 415.00,,,,,,,,,
Stop Wavelength Changed: 8/19/2022 12:30:25 PM, Old: 410.00, New: 405.00,,,,,,,,,
Zero Mode Changed: 8/19/2022 12:30:27 PM, Old:ON, New:Reading,,,,,,,,,
Zero Mode Changed: 8/19/2022 12:30:28 PM, Old:Reading, New:ON,,,,,,,,,
Scan mode: Changed: 8/19/2022 12:32:30 PM, Old:Excitation, New:Emission,,,,,,,,,
Excitation Wavelength Changed: 8/19/2022 12:32:30 PM, Old: 200.00, New: 340.00,,,,,,,,,
Emission Wavelength Changed: 8/19/2022 12:32:30 PM, Old: 415.00, New: 350.00,,,,,,,,,
Stop Wavelength Changed: 8/19/2022 12:32:30 PM, Old: 405.00, New: 600.00,,,,,,,,,
Zero Mode Changed: 8/19/2022 12:32:36 PM, Old:ON, New:Reading,,,,,,,,,
Zero Mode Changed: 8/19/2022 12:32:36 PM, Old:Reading, New:ON,,,,,,,,,
Scan mode: Changed: 8/19/2022 12:34:00 PM, Old:Emission, New:Excitation,,,,,,,,,
Excitation Wavelength Changed: 8/19/2022 12:34:00 PM, Old: 340.00, New: 200.00,,,,,,,,,
Emission Wavelength Changed: 8/19/2022 12:34:00 PM, Old: 350.00, New: 316.00,,,,,,,,,
Stop Wavelength Changed: 8/19/2022 12:34:00 PM, Old: 600.00, New: 306.00,,,,,,,,,
Zero Mode Changed: 8/19/2022 12:34:03 PM, Old:ON, New:Reading,,,,,,,,,
Zero Mode Changed: 8/19/2022 12:34:04 PM, Old:Reading, New:ON,,,,,,,,,
Emission Wavelength Changed: 8/19/2022 12:35:24 PM, Old: 316.00, New: 416.00,,,,,,,,,
Stop Wavelength Changed: 8/19/2022 12:35:24 PM, Old: 306.00, New: 406.00,,,,,,,,,
Zero Mode Changed: 8/19/2022 12:35:26 PM, Old:ON, New:Reading,,,,,,,,,
Zero Mode Changed: 8/19/2022 12:35:26 PM, Old:Reading, New:ON,,,,,,,,,
Zero Mode Changed: 8/19/2022 12:35:50 PM, Old:ON, New:Reading,,,,,,,,,
Zero Mode Changed: 8/19/2022 12:35:51 PM, Old:Reading, New:ON,,,,,,,,,
Emission Wavelength Changed: 8/19/2022 12:36:54 PM, Old: 416.00, New: 420.00,,,,,,,,,
Stop Wavelength Changed: 8/19/2022 12:36:54 PM, Old: 406.00, New: 410.00,,,,,,,,,
Zero Mode Changed: 8/19/2022 12:36:56 PM, Old:ON, New:Reading,,,,,,,,,
Zero Mode Changed: 8/19/2022 12:36:56 PM, Old:Reading, New:ON,,,,,,,,,
Excitation Wavelength Changed: 8/19/2022 12:39:59 PM, Old: 200.00, New: 240.00,,,,,,,,,
Zero Mode Changed: 8/19/2022 12:40:11 PM, Old:ON, New:Reading,,,,,,,,,
Zero Mode Changed: 8/19/2022 12:40:12 PM, Old:Reading, New:ON,,,,,,,,,
Emission Wavelength Changed: 8/19/2022 12:43:15 PM, Old: 420.00, New: 410.00,,,,,,,,,
Zero Mode Changed: 8/19/2022 12:43:17 PM, Old:ON, New:Reading,,,,,,,,,
Zero Mode Changed: 8/19/2022 12:43:17 PM, Old:Reading, New:ON,,,,,,,,,
Stop Wavelength Changed: 8/19/2022 12:43:55 PM, Old: 410.00, New: 400.00,,,,,,,,,
Zero Mode Changed: 8/19/2022 12:43:57 PM, Old:ON, New:Reading,,,,,,,,,
Zero Mode Changed: 8/19/2022 12:43:57 PM, Old:Reading, New:ON,,,,,,,,,
Scan mode: Changed: 8/19/2022 12:47:00 PM, Old:Excitation, New:Emission,,,,,,,,,
Excitation Wavelength Changed: 8/19/2022 12:47:00 PM, Old: 240.00, New: 336.00,,,,,,,,,
Emission Wavelength Changed: 8/19/2022 12:47:00 PM, Old: 410.00, New: 346.00,,,,,,,,,
Stop Wavelength Changed: 8/19/2022 12:47:00 PM, Old: 400.00, New: 600.00,,,,,,,,,
Zero Mode Changed: 8/19/2022 12:47:05 PM, Old:ON, New:Reading,,,,,,,,,
Zero Mode Changed: 8/19/2022 12:47:05 PM, Old:Reading, New:ON,,,,,,,,,
Scan mode: Changed: 8/19/2022 12:54:02 PM, Old:Emission, New:Excitation,,,,,,,,,
Excitation Wavelength Changed: 8/19/2022 12:54:02 PM, Old: 336.00, New: 200.00,,,,,,,,,
Emission Wavelength Changed: 8/19/2022 12:54:02 PM, Old: 346.00, New: 416.00,,,,,,,,,
Stop Wavelength Changed: 8/19/2022 12:54:02 PM, Old: 600.00, New: 406.00,,,,,,,,,
Zero Mode Changed: 8/19/2022 12:54:05 PM, Old:ON, New:Reading,,,,,,,,,
Zero Mode Changed: 8/19/2022 12:54:05 PM, Old:Reading, New:ON,,,,,,,,,
Excitation Wavelength Changed: 8/19/2022 12:55:14 PM, Old: 200.00, New: 240.00,,,,,,,,,
Zero Mode Changed: 8/19/2022 12:55:18 PM, Old:ON, New:Reading,,,,,,,,,
Zero Mode Changed: 8/19/2022 12:55:19 PM, Old:Reading, New:ON,,,,,,,,,
Scan mode: Changed: 8/19/2022 12:56:39 PM, Old:Excitation, New:Emission,,,,,,,,,
Excitation Wavelength Changed: 8/19/2022 12:56:39 PM, Old: 240.00, New: 335.00,,,,,,,,,
Emission Wavelength Changed: 8/19/2022 12:56:39 PM, Old: 416.00, New: 345.00,,,,,,,,,
Stop Wavelength Changed: 8/19/2022 12:56:39 PM, Old: 406.00, New: 600.00,,,,,,,,,
Zero Mode Changed: 8/19/2022 12:56:42 PM, Old:ON, New:Reading,,,,,,,,,
Zero Mode Changed: 8/19/2022 12:56:43 PM, Old:Reading, New:ON,,,,,,,,,
Scan mode: Changed: 8/19/2022 12:58:09 PM, Old:Emission, New:Excitation,,,,,,,,,
Excitation Wavelength Changed: 8/19/2022 12:58:09 PM, Old: 335.00, New: 200.00,,,,,,,,,
Emission Wavelength Changed: 8/19/2022 12:58:09 PM, Old: 345.00, New: 420.00,,,,,,,,,
Stop Wavelength Changed: 8/19/2022 12:58:09 PM, Old: 600.00, New: 410.00,,,,,,,,,
Zero Mode Changed: 8/19/2022 12:58:12 PM, Old:ON, New:Reading,,,,,,,,,
Zero Mode Changed: 8/19/2022 12:58:12 PM, Old:Reading, New:ON,,,,,,,,,
Excitation Wavelength Changed: 8/19/2022 12:58:54 PM, Old: 200.00, New: 240.00,,,,,,,,,
Zero Mode Changed: 8/19/2022 12:58:56 PM, Old:ON, New:Reading,,,,,,,,,
Zero Mode Changed: 8/19/2022 12:58:56 PM, Old:Reading, New:ON,,,,,,,,,
Scan mode: Changed: 8/19/2022 1:01:10 PM, Old:Excitation, New:Emission,,,,,,,,,
Excitation Wavelength Changed: 8/19/2022 1:01:10 PM, Old: 240.00, New: 337.00,,,,,,,,,
Emission Wavelength Changed: 8/19/2022 1:01:10 PM, Old: 420.00, New: 347.00,,,,,,,,,
Stop Wavelength Changed: 8/19/2022 1:01:10 PM, Old: 410.00, New: 600.00,,,,,,,,,
Zero Mode Changed: 8/19/2022 1:01:19 PM, Old:ON, New:Reading,,,,,,,,,
Zero Mode Changed: 8/19/2022 1:01:19 PM, Old:Reading, New:ON,,,,,,,,,
Excitation Wavelength Changed: 8/19/2022 1:02:21 PM, Old: 337.00, New: 345.00,,,,,,,,,
Emission Wavelength Changed: 8/19/2022 1:02:21 PM, Old: 347.00, New: 355.00,,,,,,,,,
Zero Mode Changed: 8/19/2022 1:02:24 PM, Old:ON, New:Reading,,,,,,,,,
Zero Mode Changed: 8/19/2022 1:02:24 PM, Old:Reading, New:ON,,,,,,,,,
Excitation Wavelength Changed: 8/19/2022 1:03:50 PM, Old: 345.00, New: 325.00,,,,,,,,,
Emission Wavelength Changed: 8/19/2022 1:03:50 PM, Old: 355.00, New: 335.00,,,,,,,,,
Zero Mode Changed: 8/19/2022 1:03:52 PM, Old:ON, New:Reading,,,,,,,,,
Zero Mode Changed: 8/19/2022 1:03:52 PM, Old:Reading, New:ON,,,,,,,,,
Scan mode: Changed: 8/19/2022 1:06:29 PM, Old:Emission, New:Excitation,,,,,,,,,
Excitation Wavelength Changed: 8/19/2022 1:06:29 PM, Old: 325.00, New: 240.00,,,,,,,,,
Emission Wavelength Changed: 8/19/2022 1:06:29 PM, Old: 335.00, New: 410.00,,,,,,,,,
Stop Wavelength Changed: 8/19/2022 1:06:29 PM, Old: 600.00, New: 400.00,,,,,,,,,
Zero Mode Changed: 8/19/2022 1:06:32 PM, Old:ON, New:Reading,,,,,,,,,
Zero Mode Changed: 8/19/2022 1:06:33 PM, Old:Reading, New:ON,,,,,,,,,
Scan mode: Changed: 8/19/2022 1:07:23 PM, Old:Excitation, New:Emission,,,,,,,,,
Excitation Wavelength Changed: 8/19/2022 1:07:23 PM, Old: 240.00, New: 333.00,,,,,,,,,
Emission Wavelength Changed: 8/19/2022 1:07:23 PM, Old: 410.00, New: 343.00,,,,,,,,,
Stop Wavelength Changed: 8/19/2022 1:07:23 PM, Old: 400.00, New: 600.00,,,,,,,,,
Zero Mode Changed: 8/19/2022 1:07:25 PM, Old:ON, New:Reading,,,,,,,,,
Zero Mode Changed: 8/19/2022 1:07:25 PM, Old:Reading, New:ON,,,,,,,,,
Excitation Wavelength Changed: 8/19/2022 1:09:24 PM, Old: 333.00, New: 345.00,,,,,,,,,
Emission Wavelength Changed: 8/19/2022 1:09:24 PM, Old: 343.00, New: 355.00,,,,,,,,,
Zero Mode Changed: 8/19/2022 1:09:25 PM, Old:ON, New:Reading,,,,,,,,,
Zero Mode Changed: 8/19/2022 1:09:26 PM, Old:Reading, New:ON,,,,,,,,,
Emission Wavelength Changed: 8/19/2022 1:10:09 PM, Old: 355.00, New: 350.00,,,,,,,,,
Zero Mode Changed: 8/19/2022 1:10:10 PM, Old:ON, New:Reading,,,,,,,,,
Zero Mode Changed: 8/19/2022 1:10:11 PM, Old:Reading, New:ON,,,,,,,,,
Excitation Wavelength Changed: 8/19/2022 1:11:05 PM, Old: 345.00, New: 335.00,,,,,,,,,
Emission Wavelength Changed: 8/19/2022 1:11:05 PM, Old: 350.00, New: 340.00,,,,,,,,,
Zero Mode Changed: 8/19/2022 1:11:07 PM, Old:ON, New:Reading,,,,,,,,,
Zero Mode Changed: 8/19/2022 1:11:07 PM, Old:Reading, New:ON,,,,,,,,,
Scan mode: Changed: 8/19/2022 1:19:12 PM, Old:Emission, New:Excitation,,,,,,,,,
Excitation Wavelength Changed: 8/19/2022 1:19:12 PM, Old: 335.00, New: 240.00,,,,,,,,,
Emission Wavelength Changed: 8/19/2022 1:19:12 PM, Old: 340.00, New: 420.00,,,,,,,,,
Stop Wavelength Changed: 8/19/2022 1:19:12 PM, Old: 600.00, New: 410.00,,,,,,,,,
Zero Mode Changed: 8/19/2022 1:19:16 PM, Old:ON, New:Reading,,,,,,,,,
Zero Mode Changed: 8/19/2022 1:19:16 PM, Old:Reading, New:ON,,,,,,,,,
Scan mode: Changed: 8/19/2022 1:20:09 PM, Old:Excitation, New:Emission,,,,,,,,,
Excitation Wavelength Changed: 8/19/2022 1:20:09 PM, Old: 240.00, New: 340.00,,,,,,,,,
Emission Wavelength Changed: 8/19/2022 1:20:09 PM, Old: 420.00, New: 345.00,,,,,,,,,
Stop Wavelength Changed: 8/19/2022 1:20:09 PM, Old: 410.00, New: 600.00,,,,,,,,,
Zero Mode Changed: 8/19/2022 1:20:11 PM, Old:ON, New:Reading,,,,,,,,,
Zero Mode Changed: 8/19/2022 1:20:12 PM, Old:Reading, New:ON,,,,,,,,,
Emission Wavelength Changed: 8/19/2022 1:20:32 PM, Old: 345.00, New: 350.00,,,,,,,,,
Zero Mode Changed: 8/19/2022 1:20:35 PM, Old:ON, New:Reading,,,,,,,,,
Zero Mode Changed: 8/19/2022 1:20:35 PM, Old:Reading, New:ON,,,,,,,,,
Scan mode: Changed: 8/19/2022 12:21:50 PM, Old:Emission, New:Excitation,,,,,,,,,
Excitation Wavelength Changed: 8/19/2022 12:21:50 PM, Old: 340.00, New: 240.00,,,,,,,,,
Emission Wavelength Changed: 8/19/2022 12:21:50 PM, Old: 350.00, New: 415.00,,,,,,,,,
Stop Wavelength Changed: 8/19/2022 12:21:50 PM, Old: 600.00, New: 405.00,,,,,,,,,
Zero Mode Changed: 8/19/2022 12:21:53 PM, Old:ON, New:Reading,,,,,,,,,
Zero Mode Changed: 8/19/2022 12:21:53 PM, Old:Reading, New:ON,,,,,,,,,
Scan mode: Changed: 8/19/2022 12:22:39 PM, Old:Excitation, New:Emission,,,,,,,,,
Excitation Wavelength Changed: 8/19/2022 12:22:39 PM, Old: 240.00, New: 335.00,,,,,,,,,
Emission Wavelength Changed: 8/19/2022 12:22:39 PM, Old: 415.00, New: 345.00,,,,,,,,,
Stop Wavelength Changed: 8/19/2022 12:22:39 PM, Old: 405.00, New: 600.00,,,,,,,,,
Zero Mode Changed: 8/19/2022 12:22:41 PM, Old:ON, New:Reading,,,,,,,,,
Zero Mode Changed: 8/19/2022 12:22:41 PM, Old:Reading, New:ON,,,,,,,,,
Excitation Wavelength Changed: 8/19/2022 12:23:48 PM, Old: 335.00, New: 430.00,,,,,,,,,
Emission Wavelength Changed: 8/19/2022 12:23:48 PM, Old: 345.00, New: 240.00,,,,,,,,,
Stop Wavelength Changed: 8/19/2022 12:23:48 PM, Old: 600.00, New: 420.00,,,,,,,,,
Scan mode: Changed: 8/19/2022 12:24:00 PM, Old:Emission, New:Excitation,,,,,,,,,
Excitation Wavelength Changed: 8/19/2022 12:24:00 PM, Old: 430.00, New: 240.00,,,,,,,,,
Emission Wavelength Changed: 8/19/2022 12:24:00 PM, Old: 240.00, New: 430.00,,,,,,,,,
Zero Mode Changed: 8/19/2022 12:24:05 PM, Old:ON, New:Reading,,,,,,,,,
Zero Mode Changed: 8/19/2022 12:24:06 PM, Old:Reading, New:ON,,,,,,,,,
Emission Wavelength Changed: 8/19/2022 12:26:04 PM, Old: 430.00, New: 410.00,,,,,,,,,
Stop Wavelength Changed: 8/19/2022 12:26:04 PM, Old: 420.00, New: 400.00,,,,,,,,,
Zero Mode Changed: 8/19/2022 12:26:07 PM, Old:ON, New:Reading,,,,,,,,,
Zero Mode Changed: 8/19/2022 12:26:07 PM, Old:Reading, New:ON,,,,,,,,,
Scan mode: Changed: 8/19/2022 12:27:20 PM, Old:Excitation, New:Emission,,,,,,,,,
Excitation Wavelength Changed: 8/19/2022 12:27:20 PM, Old: 240.00, New: 335.00,,,,,,,,,
Emission Wavelength Changed: 8/19/2022 12:27:20 PM, Old: 410.00, New: 345.00,,,,,,,,,
Stop Wavelength Changed: 8/19/2022 12:27:20 PM, Old: 400.00, New: 600.00,,,,,,,,,
Zero Mode Changed: 8/19/2022 12:27:22 PM, Old:ON, New:Reading,,,,,,,,,
Zero Mode Changed: 8/19/2022 12:27:22 PM, Old:Reading, New:ON,,,,,,,,,
Scan mode: Changed: 8/19/2022 12:44:28 PM, Old:Emission, New:Excitation,,,,,,,,,
Excitation Wavelength Changed: 8/19/2022 12:44:28 PM, Old: 335.00, New: 240.00,,,,,,,,,
Emission Wavelength Changed: 8/19/2022 12:44:28 PM, Old: 345.00, New: 420.00,,,,,,,,,
Stop Wavelength Changed: 8/19/2022 12:44:28 PM, Old: 600.00, New: 400.00,,,,,,,,,
Zero Mode Changed: 8/19/2022 12:44:31 PM, Old:ON, New:Reading,,,,,,,,,
Zero Mode Changed: 8/19/2022 12:44:31 PM, Old:Reading, New:ON,,,,,,,,,
Scan mode: Changed: 8/19/2022 12:45:22 PM, Old:Excitation, New:Emission,,,,,,,,,
Excitation Wavelength Changed: 8/19/2022 12:45:22 PM, Old: 240.00, New: 340.00,,,,,,,,,
Emission Wavelength Changed: 8/19/2022 12:45:22 PM, Old: 420.00, New: 350.00,,,,,,,,,
Stop Wavelength Changed: 8/19/2022 12:45:22 PM, Old: 400.00, New: 600.00,,,,,,,,,
Zero Mode Changed: 8/19/2022 12:45:24 PM, Old:ON, New:Reading,,,,,,,,,
Zero Mode Changed: 8/19/2022 12:45:24 PM, Old:Reading, New:ON,,,,,,,,,
Excitation Wavelength Changed: 8/19/2022 12:46:23 PM, Old: 340.00, New: 335.00,,,,,,,,,
Emission Wavelength Changed: 8/19/2022 12:46:23 PM, Old: 350.00, New: 345.00,,,,,,,,,
Zero Mode Changed: 8/19/2022 12:46:26 PM, Old:ON, New:Reading,,,,,,,,,
Zero Mode Changed: 8/19/2022 12:46:26 PM, Old:Reading, New:ON,,,,,,,,,
Excitation Wavelength Changed: 8/19/2022 12:47:14 PM, Old: 335.00, New: 345.00,,,,,,,,,
Emission Wavelength Changed: 8/19/2022 12:47:14 PM, Old: 345.00, New: 355.00,,,,,,,,,
Zero Mode Changed: 8/19/2022 12:47:15 PM, Old:ON, New:Reading,,,,,,,,,
Zero Mode Changed: 8/19/2022 12:47:16 PM, Old:Reading, New:ON,,,,,,,,,
Scan mode: Changed: 8/19/2022 12:48:37 PM, Old:Emission, New:Excitation,,,,,,,,,
Excitation Wavelength Changed: 8/19/2022 12:48:37 PM, Old: 345.00, New: 240.00,,,,,,,,,
Emission Wavelength Changed: 8/19/2022 12:48:37 PM, Old: 355.00, New: 420.00,,,,,,,,,
Stop Wavelength Changed: 8/19/2022 12:48:37 PM, Old: 600.00, New: 410.00,,,,,,,,,
Zero Mode Changed: 8/19/2022 12:48:41 PM, Old:ON, New:Reading,,,,,,,,,
Zero Mode Changed: 8/19/2022 12:48:41 PM, Old:Reading, New:ON,,,,,,,,,
Zero Mode Changed: 8/19/2022 12:53:02 PM, Old:ON, New:Reading,,,,,,,,,
Zero Mode Changed: 8/19/2022 12:53:03 PM, Old:Reading, New:ON,,,,,,,,,
Scan mode: Changed: 8/19/2022 12:53:50 PM, Old:Excitation, New:Emission,,,,,,,,,
Excitation Wavelength Changed: 8/19/2022 12:53:50 PM, Old: 240.00, New: 340.00,,,,,,,,,
Emission Wavelength Changed: 8/19/2022 12:53:50 PM, Old: 420.00, New: 350.00,,,,,,,,,
Stop Wavelength Changed: 8/19/2022 12:53:50 PM, Old: 410.00, New: 600.00,,,,,,,,,
Zero Mode Changed: 8/19/2022 12:53:52 PM, Old:ON, New:Reading,,,,,,,,,
Zero Mode Changed: 8/19/2022 12:53:52 PM, Old:Reading, New:ON,,,,,,,,,
Excitation Wavelength Changed: 8/19/2022 12:54:37 PM, Old: 340.00, New: 350.00,,,,,,,,,
Emission Wavelength Changed: 8/19/2022 12:54:37 PM, Old: 350.00, New: 360.00,,,,,,,,,
Zero Mode Changed: 8/19/2022 12:54:39 PM, Old:ON, New:Reading,,,,,,,,,
Zero Mode Changed: 8/19/2022 12:54:39 PM, Old:Reading, New:ON,,,,,,,,,
Excitation Wavelength Changed: 8/19/2022 12:55:18 PM, Old: 350.00, New: 330.00,,,,,,,,,
Emission Wavelength Changed: 8/19/2022 12:55:18 PM, Old: 360.00, New: 340.00,,,,,,,,,
Zero Mode Changed: 8/19/2022 12:55:19 PM, Old:ON, New:Reading,,,,,,,,,
Zero Mode Changed: 8/19/2022 12:55:20 PM, Old:Reading, New:ON,,,,,,,,,
End Method Modifications,,,,,,,,,,,
,,,,,,,,,,,
CdS 180sec ODE2 Toluene1 ex335,,,,,,,,,,,
CdS 180sec ODE2 Toluene1 ex335,,,,,,,,,,,
Collection Time: 8/19/2022 12:56:06 PM,,,,,,,,,,,
Operator Name  :,,,,,,,,,,,
Scan Software Version: 1.1(132),,,,,,,,,,,
Parameter List :,,,,,,,,,,,
Instrument                        Cary Eclipse,,,,,,,,,,,
Instrument Serial Number          E08013467,,,,,,,,,,,
Data mode                         Fluorescence,,,,,,,,,,,
Scan mode                         Emission,,,,,,,,,,,
X Mode                            Wavelength (nm),,,,,,,,,,,
Start (nm)                        345.00,,,,,,,,,,,
Stop (nm)                         600.00,,,,,,,,,,,
Ex. Wavelength (nm)               335.00,,,,,,,,,,,
Ex. Slit (nm)                     5,,,,,,,,,,,
Em. Slit (nm)                     5,,,,,,,,,,,
Scan rate (nm/min)                600.00,,,,,,,,,,,
Data interval (nm)                1.0000,,,,,,,,,,,
Averaging Time (s)                0.1000,,,,,,,,,,,
Excitation filter                 Auto,,,,,,,,,,,
Emission filter                   Open,,,,,,,,,,,
PMT voltage (V)                   Medium,,,,,,,,,,,
Corrected spectra                 OFF,,,,,,,,,,,
Method Log     :,,,,,,,,,,,
Method Name    : Default,,,,,,,,,,,
Date/Time stamp: 8/19/2022 12:21:40 PM,,,,,,,,,,,
Method Modifications:,,,,,,,,,,,
Zero Mode Changed: 8/19/2022 1:01:28 PM, Old:OFF, New:Reading,,,,,,,,,
Zero Mode Changed: 8/19/2022 1:01:28 PM, Old:Reading, New:ON,,,,,,,,,
Excitation Wavelength Changed: 8/19/2022 1:04:17 PM, Old: 350.00, New: 284.00,,,,,,,,,
Emission Wavelength Changed: 8/19/2022 1:04:17 PM, Old: 400.00, New: 300.00,,,,,,,,,
Stop Wavelength Changed: 8/19/2022 1:04:17 PM, Old: 600.00, New: 550.00,,,,,,,,,
Zero Mode Changed: 8/19/2022 1:04:20 PM, Old:ON, New:Reading,,,,,,,,,
Zero Mode Changed: 8/19/2022 1:04:20 PM, Old:Reading, New:ON,,,,,,,,,
Emission Wavelength Changed: 8/19/2022 1:05:41 PM, Old: 300.00, New: 290.00,,,,,,,,,
Zero Mode Changed: 8/19/2022 1:05:43 PM, Old:ON, New:Reading,,,,,,,,,
Zero Mode Changed: 8/19/2022 1:05:43 PM, Old:Reading, New:ON,,,,,,,,,
Scan mode: Changed: 8/19/2022 1:07:20 PM, Old:Emission, New:Excitation,,,,,,,,,
Excitation Wavelength Changed: 8/19/2022 1:07:20 PM, Old: 284.00, New: 220.00,,,,,,,,,
Emission Wavelength Changed: 8/19/2022 1:07:20 PM, Old: 290.00, New: 330.00,,,,,,,,,
Stop Wavelength Changed: 8/19/2022 1:07:20 PM, Old: 550.00, New: 320.00,,,,,,,,,
Zero Mode Changed: 8/19/2022 1:07:23 PM, Old:ON, New:Reading,,,,,,,,,
Zero Mode Changed: 8/19/2022 1:07:24 PM, Old:Reading, New:ON,,,,,,,,,
Scan mode: Changed: 8/19/2022 1:09:00 PM, Old:Excitation, New:Emission,,,,,,,,,
Excitation Wavelength Changed: 8/19/2022 1:09:00 PM, Old: 220.00, New: 287.00,,,,,,,,,
Emission Wavelength Changed: 8/19/2022 1:09:00 PM, Old: 330.00, New: 297.00,,,,,,,,,
Stop Wavelength Changed: 8/19/2022 1:09:00 PM, Old: 320.00, New: 550.00,,,,,,,,,
Zero Mode Changed: 8/19/2022 1:09:02 PM, Old:ON, New:Reading,,,,,,,,,
Zero Mode Changed: 8/19/2022 1:09:03 PM, Old:Reading, New:ON,,,,,,,,,
Excitation Wavelength Changed: 8/19/2022 1:10:13 PM, Old: 287.00, New: 300.00,,,,,,,,,
Emission Wavelength Changed: 8/19/2022 1:10:13 PM, Old: 297.00, New: 310.00,,,,,,,,,
Zero Mode Changed: 8/19/2022 1:10:15 PM, Old:ON, New:Reading,,,,,,,,,
Zero Mode Changed: 8/19/2022 1:10:15 PM, Old:Reading, New:ON,,,,,,,,,
Overlayed Graphs Changed: 8/19/2022 1:12:23 PM, Old:OFF, New:ON,,,,,,,,,
Scan mode: Changed: 8/19/2022 1:13:08 PM, Old:Emission, New:Excitation,,,,,,,,,
Excitation Wavelength Changed: 8/19/2022 1:13:08 PM, Old: 300.00, New: 220.00,,,,,,,,,
Emission Wavelength Changed: 8/19/2022 1:13:08 PM, Old: 310.00, New: 350.00,,,,,,,,,
Stop Wavelength Changed: 8/19/2022 1:13:08 PM, Old: 550.00, New: 340.00,,,,,,,,,
Zero Mode Changed: 8/19/2022 1:13:11 PM, Old:ON, New:Reading,,,,,,,,,
Zero Mode Changed: 8/19/2022 1:13:12 PM, Old:Reading, New:ON,,,,,,,,,
Emission Wavelength Changed: 8/19/2022 12:22:43 PM, Old: 350.00, New: 400.00,,,,,,,,,
Stop Wavelength Changed: 8/19/2022 12:22:43 PM, Old: 340.00, New: 390.00,,,,,,,,,
Zero Mode Changed: 8/19/2022 12:22:45 PM, Old:ON, New:Reading,,,,,,,,,
Zero Mode Changed: 8/19/2022 12:22:45 PM, Old:Reading, New:ON,,,,,,,,,
Scan mode: Changed: 8/19/2022 12:27:15 PM, Old:Excitation, New:Emission,,,,,,,,,
Excitation Wavelength Changed: 8/19/2022 12:27:15 PM, Old: 220.00, New: 330.00,,,,,,,,,
Emission Wavelength Changed: 8/19/2022 12:27:15 PM, Old: 400.00, New: 340.00,,,,,,,,,
Stop Wavelength Changed: 8/19/2022 12:27:15 PM, Old: 390.00, New: 600.00,,,,,,,,,
Excitation Wavelength Changed: 8/19/2022 12:30:30 PM, Old: 330.00, New: 310.00,,,,,,,,,
Emission Wavelength Changed: 8/19/2022 12:30:30 PM, Old: 340.00, New: 320.00,,,,,,,,,
Zero Mode Changed: 8/19/2022 12:30:32 PM, Old:ON, New:Reading,,,,,,,,,
Zero Mode Changed: 8/19/2022 12:30:33 PM, Old:Reading, New:ON,,,,,,,,,
Excitation Wavelength Changed: 8/19/2022 12:32:16 PM, Old: 310.00, New: 350.00,,,,,,,,,
Emission Wavelength Changed: 8/19/2022 12:32:16 PM, Old: 320.00, New: 360.00,,,,,,,,,
Scan mode: Changed: 8/19/2022 12:34:16 PM, Old:Emission, New:Excitation,,,,,,,,,
Excitation Wavelength Changed: 8/19/2022 12:34:16 PM, Old: 350.00, New: 220.00,,,,,,,,,
Emission Wavelength Changed: 8/19/2022 12:34:16 PM, Old: 360.00, New: 417.00,,,,,,,,,
Stop Wavelength Changed: 8/19/2022 12:34:16 PM, Old: 600.00, New: 407.00,,,,,,,,,
Zero Mode Changed: 8/19/2022 12:34:20 PM, Old:ON, New:Reading,,,,,,,,,
Zero Mode Changed: 8/19/2022 12:34:20 PM, Old:Reading, New:ON,,,,,,,,,
Emission Wavelength Changed: 8/19/2022 12:42:33 PM, Old: 417.00, New: 400.00,,,,,,,,,
Stop Wavelength Changed: 8/19/2022 12:42:33 PM, Old: 407.00, New: 390.00,,,,,,,,,
Zero Mode Changed: 8/19/2022 12:42:34 PM, Old:ON, New:Reading,,,,,,,,,
Zero Mode Changed: 8/19/2022 12:42:34 PM, Old:Reading, New:ON,,,,,,,,,
Scan mode: Changed: 8/19/2022 12:43:36 PM, Old:Excitation, New:Emission,,,,,,,,,
Excitation Wavelength Changed: 8/19/2022 12:43:36 PM, Old: 220.00, New: 327.00,,,,,,,,,
Emission Wavelength Changed: 8/19/2022 12:43:36 PM, Old: 400.00, New: 337.00,,,,,,,,,
Stop Wavelength Changed: 8/19/2022 12:43:36 PM, Old: 390.00, New: 600.00,,,,,,,,,
Zero Mode Changed: 8/19/2022 12:43:38 PM, Old:ON, New:Reading,,,,,,,,,
Zero Mode Changed: 8/19/2022 12:43:38 PM, Old:Reading, New:ON,,,,,,,,,
Excitation Wavelength Changed: 8/19/2022 12:45:05 PM, Old: 327.00, New: 330.00,,,,,,,,,
Emission Wavelength Changed: 8/19/2022 12:45:05 PM, Old: 337.00, New: 340.00,,,,,,,,,
Zero Mode Changed: 8/19/2022 12:45:20 PM, Old:ON, New:Reading,,,,,,,,,
Zero Mode Changed: 8/19/2022 12:45:21 PM, Old:Reading, New:ON,,,,,,,,,
Scan mode: Changed: 8/19/2022 12:46:37 PM, Old:Emission, New:Excitation,,,,,,,,,
Excitation Wavelength Changed: 8/19/2022 12:46:37 PM, Old: 330.00, New: 220.00,,,,,,,,,
Emission Wavelength Changed: 8/19/2022 12:46:37 PM, Old: 340.00, New: 405.00,,,,,,,,,
Stop Wavelength Changed: 8/19/2022 12:46:37 PM, Old: 600.00, New: 395.00,,,,,,,,,
Zero Mode Changed: 8/19/2022 12:46:42 PM, Old:ON, New:Reading,,,,,,,,,
Zero Mode Changed: 8/19/2022 12:46:42 PM, Old:Reading, New:ON,,,,,,,,,
Emission Wavelength Changed: 8/19/2022 12:47:39 PM, Old: 405.00, New: 410.00,,,,,,,,,
Zero Mode Changed: 8/19/2022 12:47:41 PM, Old:ON, New:Reading,,,,,,,,,
Zero Mode Changed: 8/19/2022 12:47:41 PM, Old:Reading, New:ON,,,,,,,,,
Emission Wavelength Changed: 8/19/2022 12:48:27 PM, Old: 410.00, New: 420.00,,,,,,,,,
Zero Mode Changed: 8/19/2022 12:48:29 PM, Old:ON, New:Reading,,,,,,,,,
Zero Mode Changed: 8/19/2022 12:48:29 PM, Old:Reading, New:ON,,,,,,,,,
Zero Mode Changed: 8/19/2022 12:55:27 PM, Old:ON, New:Reading,,,,,,,,,
Zero Mode Changed: 8/19/2022 12:55:27 PM, Old:Reading, New:ON,,,,,,,,,
Zero Mode Changed: 8/19/2022 12:55:42 PM, Old:ON, New:Reading,,,,,,,,,
Zero Mode Changed: 8/19/2022 12:55:43 PM, Old:Reading, New:ON,,,,,,,,,
Excitation Wavelength Changed: 8/19/2022 1:04:36 PM, Old: 220.00, New: 200.00,,,,,,,,,
Emission Wavelength Changed: 8/19/2022 1:04:36 PM, Old: 420.00, New: 342.00,,,,,,,,,
Stop Wavelength Changed: 8/19/2022 1:04:36 PM, Old: 395.00, New: 332.00,,,,,,,,,
Zero Mode Changed: 8/19/2022 1:04:39 PM, Old:ON, New:Reading,,,,,,,,,
Zero Mode Changed: 8/19/2022 1:04:40 PM, Old:Reading, New:ON,,,,,,,,,
Scan mode: Changed: 8/19/2022 1:12:22 PM, Old:Excitation, New:Emission,,,,,,,,,
Excitation Wavelength Changed: 8/19/2022 1:12:22 PM, Old: 200.00, New: 420.00,,,,,,,,,
Emission Wavelength Changed: 8/19/2022 1:12:22 PM, Old: 342.00, New: 430.00,,,,,,,,,
Stop Wavelength Changed: 8/19/2022 1:12:22 PM, Old: 332.00, New: 600.00,,,,,,,,,
Zero Mode Changed: 8/19/2022 1:12:28 PM, Old:ON, New:Reading,,,,,,,,,
Zero Mode Changed: 8/19/2022 1:12:29 PM, Old:Reading, New:ON,,,,,,,,,
Scan mode: Changed: 8/19/2022 1:14:41 PM, Old:Emission, New:Excitation,,,,,,,,,
Excitation Wavelength Changed: 8/19/2022 1:14:41 PM, Old: 420.00, New: 220.00,,,,,,,,,
Emission Wavelength Changed: 8/19/2022 1:14:41 PM, Old: 430.00, New: 420.00,,,,,,,,,
Stop Wavelength Changed: 8/19/2022 1:14:41 PM, Old: 600.00, New: 400.00,,,,,,,,,
Zero Mode Changed: 8/19/2022 1:14:46 PM, Old:ON, New:Reading,,,,,,,,,
Zero Mode Changed: 8/19/2022 1:14:46 PM, Old:Reading, New:ON,,,,,,,,,
Scan mode: Changed: 8/19/2022 1:16:06 PM, Old:Excitation, New:Emission,,,,,,,,,
Excitation Wavelength Changed: 8/19/2022 1:16:06 PM, Old: 220.00, New: 340.00,,,,,,,,,
Emission Wavelength Changed: 8/19/2022 1:16:06 PM, Old: 420.00, New: 350.00,,,,,,,,,
Stop Wavelength Changed: 8/19/2022 1:16:06 PM, Old: 400.00, New: 600.00,,,,,,,,,
Zero Mode Changed: 8/19/2022 1:16:08 PM, Old:ON, New:Reading,,,,,,,,,
Zero Mode Changed: 8/19/2022 1:16:08 PM, Old:Reading, New:ON,,,,,,,,,
Scan mode: Changed: 8/19/2022 1:18:23 PM, Old:Emission, New:Excitation,,,,,,,,,
Excitation Wavelength Changed: 8/19/2022 1:18:23 PM, Old: 340.00, New: 200.00,,,,,,,,,
Emission Wavelength Changed: 8/19/2022 1:18:23 PM, Old: 350.00, New: 415.00,,,,,,,,,
Stop Wavelength Changed: 8/19/2022 1:18:23 PM, Old: 600.00, New: 400.00,,,,,,,,,
Zero Mode Changed: 8/19/2022 12:28:38 PM, Old:ON, New:Reading,,,,,,,,,
Zero Mode Changed: 8/19/2022 12:28:38 PM, Old:Reading, New:ON,,,,,,,,,
Emission Wavelength Changed: 8/19/2022 12:29:15 PM, Old: 415.00, New: 420.00,,,,,,,,,
Stop Wavelength Changed: 8/19/2022 12:29:15 PM, Old: 400.00, New: 410.00,,,,,,,,,
Zero Mode Changed: 8/19/2022 12:29:19 PM, Old:ON, New:Reading,,,,,,,,,
Zero Mode Changed: 8/19/2022 12:29:20 PM, Old:Reading, New:ON,,,,,,,,,
Emission Wavelength Changed: 8/19/2022 12:30:25 PM, Old: 420.00, New: 415.00,,,,,,,,,
Stop Wavelength Changed: 8/19/2022 12:30:25 PM, Old: 410.00, New: 405.00,,,,,,,,,
Zero Mode Changed: 8/19/2022 12:30:27 PM, Old:ON, New:Reading,,,,,,,,,
Zero Mode Changed: 8/19/2022 12:30:28 PM, Old:Reading, New:ON,,,,,,,,,
Scan mode: Changed: 8/19/2022 12:32:30 PM, Old:Excitation, New:Emission,,,,,,,,,
Excitation Wavelength Changed: 8/19/2022 12:32:30 PM, Old: 200.00, New: 340.00,,,,,,,,,
Emission Wavelength Changed: 8/19/2022 12:32:30 PM, Old: 415.00, New: 350.00,,,,,,,,,
Stop Wavelength Changed: 8/19/2022 12:32:30 PM, Old: 405.00, New: 600.00,,,,,,,,,
Zero Mode Changed: 8/19/2022 12:32:36 PM, Old:ON, New:Reading,,,,,,,,,
Zero Mode Changed: 8/19/2022 12:32:36 PM, Old:Reading, New:ON,,,,,,,,,
Scan mode: Changed: 8/19/2022 12:34:00 PM, Old:Emission, New:Excitation,,,,,,,,,
Excitation Wavelength Changed: 8/19/2022 12:34:00 PM, Old: 340.00, New: 200.00,,,,,,,,,
Emission Wavelength Changed: 8/19/2022 12:34:00 PM, Old: 350.00, New: 316.00,,,,,,,,,
Stop Wavelength Changed: 8/19/2022 12:34:00 PM, Old: 600.00, New: 306.00,,,,,,,,,
Zero Mode Changed: 8/19/2022 12:34:03 PM, Old:ON, New:Reading,,,,,,,,,
Zero Mode Changed: 8/19/2022 12:34:04 PM, Old:Reading, New:ON,,,,,,,,,
Emission Wavelength Changed: 8/19/2022 12:35:24 PM, Old: 316.00, New: 416.00,,,,,,,,,
Stop Wavelength Changed: 8/19/2022 12:35:24 PM, Old: 306.00, New: 406.00,,,,,,,,,
Zero Mode Changed: 8/19/2022 12:35:26 PM, Old:ON, New:Reading,,,,,,,,,
Zero Mode Changed: 8/19/2022 12:35:26 PM, Old:Reading, New:ON,,,,,,,,,
Zero Mode Changed: 8/19/2022 12:35:50 PM, Old:ON, New:Reading,,,,,,,,,
Zero Mode Changed: 8/19/2022 12:35:51 PM, Old:Reading, New:ON,,,,,,,,,
Emission Wavelength Changed: 8/19/2022 12:36:54 PM, Old: 416.00, New: 420.00,,,,,,,,,
Stop Wavelength Changed: 8/19/2022 12:36:54 PM, Old: 406.00, New: 410.00,,,,,,,,,
Zero Mode Changed: 8/19/2022 12:36:56 PM, Old:ON, New:Reading,,,,,,,,,
Zero Mode Changed: 8/19/2022 12:36:56 PM, Old:Reading, New:ON,,,,,,,,,
Excitation Wavelength Changed: 8/19/2022 12:39:59 PM, Old: 200.00, New: 240.00,,,,,,,,,
Zero Mode Changed: 8/19/2022 12:40:11 PM, Old:ON, New:Reading,,,,,,,,,
Zero Mode Changed: 8/19/2022 12:40:12 PM, Old:Reading, New:ON,,,,,,,,,
Emission Wavelength Changed: 8/19/2022 12:43:15 PM, Old: 420.00, New: 410.00,,,,,,,,,
Zero Mode Changed: 8/19/2022 12:43:17 PM, Old:ON, New:Reading,,,,,,,,,
Zero Mode Changed: 8/19/2022 12:43:17 PM, Old:Reading, New:ON,,,,,,,,,
Stop Wavelength Changed: 8/19/2022 12:43:55 PM, Old: 410.00, New: 400.00,,,,,,,,,
Zero Mode Changed: 8/19/2022 12:43:57 PM, Old:ON, New:Reading,,,,,,,,,
Zero Mode Changed: 8/19/2022 12:43:57 PM, Old:Reading, New:ON,,,,,,,,,
Scan mode: Changed: 8/19/2022 12:47:00 PM, Old:Excitation, New:Emission,,,,,,,,,
Excitation Wavelength Changed: 8/19/2022 12:47:00 PM, Old: 240.00, New: 336.00,,,,,,,,,
Emission Wavelength Changed: 8/19/2022 12:47:00 PM, Old: 410.00, New: 346.00,,,,,,,,,
Stop Wavelength Changed: 8/19/2022 12:47:00 PM, Old: 400.00, New: 600.00,,,,,,,,,
Zero Mode Changed: 8/19/2022 12:47:05 PM, Old:ON, New:Reading,,,,,,,,,
Zero Mode Changed: 8/19/2022 12:47:05 PM, Old:Reading, New:ON,,,,,,,,,
Scan mode: Changed: 8/19/2022 12:54:02 PM, Old:Emission, New:Excitation,,,,,,,,,
Excitation Wavelength Changed: 8/19/2022 12:54:02 PM, Old: 336.00, New: 200.00,,,,,,,,,
Emission Wavelength Changed: 8/19/2022 12:54:02 PM, Old: 346.00, New: 416.00,,,,,,,,,
Stop Wavelength Changed: 8/19/2022 12:54:02 PM, Old: 600.00, New: 406.00,,,,,,,,,
Zero Mode Changed: 8/19/2022 12:54:05 PM, Old:ON, New:Reading,,,,,,,,,
Zero Mode Changed: 8/19/2022 12:54:05 PM, Old:Reading, New:ON,,,,,,,,,
Excitation Wavelength Changed: 8/19/2022 12:55:14 PM, Old: 200.00, New: 240.00,,,,,,,,,
Zero Mode Changed: 8/19/2022 12:55:18 PM, Old:ON, New:Reading,,,,,,,,,
Zero Mode Changed: 8/19/2022 12:55:19 PM, Old:Reading, New:ON,,,,,,,,,
Scan mode: Changed: 8/19/2022 12:56:39 PM, Old:Excitation, New:Emission,,,,,,,,,
Excitation Wavelength Changed: 8/19/2022 12:56:39 PM, Old: 240.00, New: 335.00,,,,,,,,,
Emission Wavelength Changed: 8/19/2022 12:56:39 PM, Old: 416.00, New: 345.00,,,,,,,,,
Stop Wavelength Changed: 8/19/2022 12:56:39 PM, Old: 406.00, New: 600.00,,,,,,,,,
Zero Mode Changed: 8/19/2022 12:56:42 PM, Old:ON, New:Reading,,,,,,,,,
Zero Mode Changed: 8/19/2022 12:56:43 PM, Old:Reading, New:ON,,,,,,,,,
Scan mode: Changed: 8/19/2022 12:58:09 PM, Old:Emission, New:Excitation,,,,,,,,,
Excitation Wavelength Changed: 8/19/2022 12:58:09 PM, Old: 335.00, New: 200.00,,,,,,,,,
Emission Wavelength Changed: 8/19/2022 12:58:09 PM, Old: 345.00, New: 420.00,,,,,,,,,
Stop Wavelength Changed: 8/19/2022 12:58:09 PM, Old: 600.00, New: 410.00,,,,,,,,,
Zero Mode Changed: 8/19/2022 12:58:12 PM, Old:ON, New:Reading,,,,,,,,,
Zero Mode Changed: 8/19/2022 12:58:12 PM, Old:Reading, New:ON,,,,,,,,,
Excitation Wavelength Changed: 8/19/2022 12:58:54 PM, Old: 200.00, New: 240.00,,,,,,,,,
Zero Mode Changed: 8/19/2022 12:58:56 PM, Old:ON, New:Reading,,,,,,,,,
Zero Mode Changed: 8/19/2022 12:58:56 PM, Old:Reading, New:ON,,,,,,,,,
Scan mode: Changed: 8/19/2022 1:01:10 PM, Old:Excitation, New:Emission,,,,,,,,,
Excitation Wavelength Changed: 8/19/2022 1:01:10 PM, Old: 240.00, New: 337.00,,,,,,,,,
Emission Wavelength Changed: 8/19/2022 1:01:10 PM, Old: 420.00, New: 347.00,,,,,,,,,
Stop Wavelength Changed: 8/19/2022 1:01:10 PM, Old: 410.00, New: 600.00,,,,,,,,,
Zero Mode Changed: 8/19/2022 1:01:19 PM, Old:ON, New:Reading,,,,,,,,,
Zero Mode Changed: 8/19/2022 1:01:19 PM, Old:Reading, New:ON,,,,,,,,,
Excitation Wavelength Changed: 8/19/2022 1:02:21 PM, Old: 337.00, New: 345.00,,,,,,,,,
Emission Wavelength Changed: 8/19/2022 1:02:21 PM, Old: 347.00, New: 355.00,,,,,,,,,
Zero Mode Changed: 8/19/2022 1:02:24 PM, Old:ON, New:Reading,,,,,,,,,
Zero Mode Changed: 8/19/2022 1:02:24 PM, Old:Reading, New:ON,,,,,,,,,
Excitation Wavelength Changed: 8/19/2022 1:03:50 PM, Old: 345.00, New: 325.00,,,,,,,,,
Emission Wavelength Changed: 8/19/2022 1:03:50 PM, Old: 355.00, New: 335.00,,,,,,,,,
Zero Mode Changed: 8/19/2022 1:03:52 PM, Old:ON, New:Reading,,,,,,,,,
Zero Mode Changed: 8/19/2022 1:03:52 PM, Old:Reading, New:ON,,,,,,,,,
Scan mode: Changed: 8/19/2022 1:06:29 PM, Old:Emission, New:Excitation,,,,,,,,,
Excitation Wavelength Changed: 8/19/2022 1:06:29 PM, Old: 325.00, New: 240.00,,,,,,,,,
Emission Wavelength Changed: 8/19/2022 1:06:29 PM, Old: 335.00, New: 410.00,,,,,,,,,
Stop Wavelength Changed: 8/19/2022 1:06:29 PM, Old: 600.00, New: 400.00,,,,,,,,,
Zero Mode Changed: 8/19/2022 1:06:32 PM, Old:ON, New:Reading,,,,,,,,,
Zero Mode Changed: 8/19/2022 1:06:33 PM, Old:Reading, New:ON,,,,,,,,,
Scan mode: Changed: 8/19/2022 1:07:23 PM, Old:Excitation, New:Emission,,,,,,,,,
Excitation Wavelength Changed: 8/19/2022 1:07:23 PM, Old: 240.00, New: 333.00,,,,,,,,,
Emission Wavelength Changed: 8/19/2022 1:07:23 PM, Old: 410.00, New: 343.00,,,,,,,,,
Stop Wavelength Changed: 8/19/2022 1:07:23 PM, Old: 400.00, New: 600.00,,,,,,,,,
Zero Mode Changed: 8/19/2022 1:07:25 PM, Old:ON, New:Reading,,,,,,,,,
Zero Mode Changed: 8/19/2022 1:07:25 PM, Old:Reading, New:ON,,,,,,,,,
Excitation Wavelength Changed: 8/19/2022 1:09:24 PM, Old: 333.00, New: 345.00,,,,,,,,,
Emission Wavelength Changed: 8/19/2022 1:09:24 PM, Old: 343.00, New: 355.00,,,,,,,,,
Zero Mode Changed: 8/19/2022 1:09:25 PM, Old:ON, New:Reading,,,,,,,,,
Zero Mode Changed: 8/19/2022 1:09:26 PM, Old:Reading, New:ON,,,,,,,,,
Emission Wavelength Changed: 8/19/2022 1:10:09 PM, Old: 355.00, New: 350.00,,,,,,,,,
Zero Mode Changed: 8/19/2022 1:10:10 PM, Old:ON, New:Reading,,,,,,,,,
Zero Mode Changed: 8/19/2022 1:10:11 PM, Old:Reading, New:ON,,,,,,,,,
Excitation Wavelength Changed: 8/19/2022 1:11:05 PM, Old: 345.00, New: 335.00,,,,,,,,,
Emission Wavelength Changed: 8/19/2022 1:11:05 PM, Old: 350.00, New: 340.00,,,,,,,,,
Zero Mode Changed: 8/19/2022 1:11:07 PM, Old:ON, New:Reading,,,,,,,,,
Zero Mode Changed: 8/19/2022 1:11:07 PM, Old:Reading, New:ON,,,,,,,,,
Scan mode: Changed: 8/19/2022 1:19:12 PM, Old:Emission, New:Excitation,,,,,,,,,
Excitation Wavelength Changed: 8/19/2022 1:19:12 PM, Old: 335.00, New: 240.00,,,,,,,,,
Emission Wavelength Changed: 8/19/2022 1:19:12 PM, Old: 340.00, New: 420.00,,,,,,,,,
Stop Wavelength Changed: 8/19/2022 1:19:12 PM, Old: 600.00, New: 410.00,,,,,,,,,
Zero Mode Changed: 8/19/2022 1:19:16 PM, Old:ON, New:Reading,,,,,,,,,
Zero Mode Changed: 8/19/2022 1:19:16 PM, Old:Reading, New:ON,,,,,,,,,
Scan mode: Changed: 8/19/2022 1:20:09 PM, Old:Excitation, New:Emission,,,,,,,,,
Excitation Wavelength Changed: 8/19/2022 1:20:09 PM, Old: 240.00, New: 340.00,,,,,,,,,
Emission Wavelength Changed: 8/19/2022 1:20:09 PM, Old: 420.00, New: 345.00,,,,,,,,,
Stop Wavelength Changed: 8/19/2022 1:20:09 PM, Old: 410.00, New: 600.00,,,,,,,,,
Zero Mode Changed: 8/19/2022 1:20:11 PM, Old:ON, New:Reading,,,,,,,,,
Zero Mode Changed: 8/19/2022 1:20:12 PM, Old:Reading, New:ON,,,,,,,,,
Emission Wavelength Changed: 8/19/2022 1:20:32 PM, Old: 345.00, New: 350.00,,,,,,,,,
Zero Mode Changed: 8/19/2022 1:20:35 PM, Old:ON, New:Reading,,,,,,,,,
Zero Mode Changed: 8/19/2022 1:20:35 PM, Old:Reading, New:ON,,,,,,,,,
Scan mode: Changed: 8/19/2022 12:21:50 PM, Old:Emission, New:Excitation,,,,,,,,,
Excitation Wavelength Changed: 8/19/2022 12:21:50 PM, Old: 340.00, New: 240.00,,,,,,,,,
Emission Wavelength Changed: 8/19/2022 12:21:50 PM, Old: 350.00, New: 415.00,,,,,,,,,
Stop Wavelength Changed: 8/19/2022 12:21:50 PM, Old: 600.00, New: 405.00,,,,,,,,,
Zero Mode Changed: 8/19/2022 12:21:53 PM, Old:ON, New:Reading,,,,,,,,,
Zero Mode Changed: 8/19/2022 12:21:53 PM, Old:Reading, New:ON,,,,,,,,,
Scan mode: Changed: 8/19/2022 12:22:39 PM, Old:Excitation, New:Emission,,,,,,,,,
Excitation Wavelength Changed: 8/19/2022 12:22:39 PM, Old: 240.00, New: 335.00,,,,,,,,,
Emission Wavelength Changed: 8/19/2022 12:22:39 PM, Old: 415.00, New: 345.00,,,,,,,,,
Stop Wavelength Changed: 8/19/2022 12:22:39 PM, Old: 405.00, New: 600.00,,,,,,,,,
Zero Mode Changed: 8/19/2022 12:22:41 PM, Old:ON, New:Reading,,,,,,,,,
Zero Mode Changed: 8/19/2022 12:22:41 PM, Old:Reading, New:ON,,,,,,,,,
Excitation Wavelength Changed: 8/19/2022 12:23:48 PM, Old: 335.00, New: 430.00,,,,,,,,,
Emission Wavelength Changed: 8/19/2022 12:23:48 PM, Old: 345.00, New: 240.00,,,,,,,,,
Stop Wavelength Changed: 8/19/2022 12:23:48 PM, Old: 600.00, New: 420.00,,,,,,,,,
Scan mode: Changed: 8/19/2022 12:24:00 PM, Old:Emission, New:Excitation,,,,,,,,,
Excitation Wavelength Changed: 8/19/2022 12:24:00 PM, Old: 430.00, New: 240.00,,,,,,,,,
Emission Wavelength Changed: 8/19/2022 12:24:00 PM, Old: 240.00, New: 430.00,,,,,,,,,
Zero Mode Changed: 8/19/2022 12:24:05 PM, Old:ON, New:Reading,,,,,,,,,
Zero Mode Changed: 8/19/2022 12:24:06 PM, Old:Reading, New:ON,,,,,,,,,
Emission Wavelength Changed: 8/19/2022 12:26:04 PM, Old: 430.00, New: 410.00,,,,,,,,,
Stop Wavelength Changed: 8/19/2022 12:26:04 PM, Old: 420.00, New: 400.00,,,,,,,,,
Zero Mode Changed: 8/19/2022 12:26:07 PM, Old:ON, New:Reading,,,,,,,,,
Zero Mode Changed: 8/19/2022 12:26:07 PM, Old:Reading, New:ON,,,,,,,,,
Scan mode: Changed: 8/19/2022 12:27:20 PM, Old:Excitation, New:Emission,,,,,,,,,
Excitation Wavelength Changed: 8/19/2022 12:27:20 PM, Old: 240.00, New: 335.00,,,,,,,,,
Emission Wavelength Changed: 8/19/2022 12:27:20 PM, Old: 410.00, New: 345.00,,,,,,,,,
Stop Wavelength Changed: 8/19/2022 12:27:20 PM, Old: 400.00, New: 600.00,,,,,,,,,
Zero Mode Changed: 8/19/2022 12:27:22 PM, Old:ON, New:Reading,,,,,,,,,
Zero Mode Changed: 8/19/2022 12:27:22 PM, Old:Reading, New:ON,,,,,,,,,
Scan mode: Changed: 8/19/2022 12:44:28 PM, Old:Emission, New:Excitation,,,,,,,,,
Excitation Wavelength Changed: 8/19/2022 12:44:28 PM, Old: 335.00, New: 240.00,,,,,,,,,
Emission Wavelength Changed: 8/19/2022 12:44:28 PM, Old: 345.00, New: 420.00,,,,,,,,,
Stop Wavelength Changed: 8/19/2022 12:44:28 PM, Old: 600.00, New: 400.00,,,,,,,,,
Zero Mode Changed: 8/19/2022 12:44:31 PM, Old:ON, New:Reading,,,,,,,,,
Zero Mode Changed: 8/19/2022 12:44:31 PM, Old:Reading, New:ON,,,,,,,,,
Scan mode: Changed: 8/19/2022 12:45:22 PM, Old:Excitation, New:Emission,,,,,,,,,
Excitation Wavelength Changed: 8/19/2022 12:45:22 PM, Old: 240.00, New: 340.00,,,,,,,,,
Emission Wavelength Changed: 8/19/2022 12:45:22 PM, Old: 420.00, New: 350.00,,,,,,,,,
Stop Wavelength Changed: 8/19/2022 12:45:22 PM, Old: 400.00, New: 600.00,,,,,,,,,
Zero Mode Changed: 8/19/2022 12:45:24 PM, Old:ON, New:Reading,,,,,,,,,
Zero Mode Changed: 8/19/2022 12:45:24 PM, Old:Reading, New:ON,,,,,,,,,
Excitation Wavelength Changed: 8/19/2022 12:46:23 PM, Old: 340.00, New: 335.00,,,,,,,,,
Emission Wavelength Changed: 8/19/2022 12:46:23 PM, Old: 350.00, New: 345.00,,,,,,,,,
Zero Mode Changed: 8/19/2022 12:46:26 PM, Old:ON, New:Reading,,,,,,,,,
Zero Mode Changed: 8/19/2022 12:46:26 PM, Old:Reading, New:ON,,,,,,,,,
Excitation Wavelength Changed: 8/19/2022 12:47:14 PM, Old: 335.00, New: 345.00,,,,,,,,,
Emission Wavelength Changed: 8/19/2022 12:47:14 PM, Old: 345.00, New: 355.00,,,,,,,,,
Zero Mode Changed: 8/19/2022 12:47:15 PM, Old:ON, New:Reading,,,,,,,,,
Zero Mode Changed: 8/19/2022 12:47:16 PM, Old:Reading, New:ON,,,,,,,,,
Scan mode: Changed: 8/19/2022 12:48:37 PM, Old:Emission, New:Excitation,,,,,,,,,
Excitation Wavelength Changed: 8/19/2022 12:48:37 PM, Old: 345.00, New: 240.00,,,,,,,,,
Emission Wavelength Changed: 8/19/2022 12:48:37 PM, Old: 355.00, New: 420.00,,,,,,,,,
Stop Wavelength Changed: 8/19/2022 12:48:37 PM, Old: 600.00, New: 410.00,,,,,,,,,
Zero Mode Changed: 8/19/2022 12:48:41 PM, Old:ON, New:Reading,,,,,,,,,
Zero Mode Changed: 8/19/2022 12:48:41 PM, Old:Reading, New:ON,,,,,,,,,
Zero Mode Changed: 8/19/2022 12:53:02 PM, Old:ON, New:Reading,,,,,,,,,
Zero Mode Changed: 8/19/2022 12:53:03 PM, Old:Reading, New:ON,,,,,,,,,
Scan mode: Changed: 8/19/2022 12:53:50 PM, Old:Excitation, New:Emission,,,,,,,,,
Excitation Wavelength Changed: 8/19/2022 12:53:50 PM, Old: 240.00, New: 340.00,,,,,,,,,
Emission Wavelength Changed: 8/19/2022 12:53:50 PM, Old: 420.00, New: 350.00,,,,,,,,,
Stop Wavelength Changed: 8/19/2022 12:53:50 PM, Old: 410.00, New: 600.00,,,,,,,,,
Zero Mode Changed: 8/19/2022 12:53:52 PM, Old:ON, New:Reading,,,,,,,,,
Zero Mode Changed: 8/19/2022 12:53:52 PM, Old:Reading, New:ON,,,,,,,,,
Excitation Wavelength Changed: 8/19/2022 12:54:37 PM, Old: 340.00, New: 350.00,,,,,,,,,
Emission Wavelength Changed: 8/19/2022 12:54:37 PM, Old: 350.00, New: 360.00,,,,,,,,,
Zero Mode Changed: 8/19/2022 12:54:39 PM, Old:ON, New:Reading,,,,,,,,,
Zero Mode Changed: 8/19/2022 12:54:39 PM, Old:Reading, New:ON,,,,,,,,,
Excitation Wavelength Changed: 8/19/2022 12:55:18 PM, Old: 350.00, New: 330.00,,,,,,,,,
Emission Wavelength Changed: 8/19/2022 12:55:18 PM, Old: 360.00, New: 340.00,,,,,,,,,
Zero Mode Changed: 8/19/2022 12:55:19 PM, Old:ON, New:Reading,,,,,,,,,
Zero Mode Changed: 8/19/2022 12:55:20 PM, Old:Reading, New:ON,,,,,,,,,
Excitation Wavelength Changed: 8/19/2022 12:56:00 PM, Old: 330.00, New: 335.00,,,,,,,,,
Emission Wavelength Changed: 8/19/2022 12:56:00 PM, Old: 340.00, New: 345.00,,,,,,,,,
Zero Mode Changed: 8/19/2022 12:56:02 PM, Old:ON, New:Reading,,,,,,,,,
Zero Mode Changed: 8/19/2022 12:56:02 PM, Old:Reading, New:ON,,,,,,,,,
End Method Modifications,,,,,,,,,,,
,,,,,,,,,,,
CdS 180sec ODE2 Toluene1 em410,,,,,,,,,,,
CdS 180sec ODE2 Toluene1 em410,,,,,,,,,,,
Collection Time: 8/19/2022 12:56:56 PM,,,,,,,,,,,
Operator Name  :,,,,,,,,,,,
Scan Software Version: 1.1(132),,,,,,,,,,,
Parameter List :,,,,,,,,,,,
Instrument                        Cary Eclipse,,,,,,,,,,,
Instrument Serial Number          E08013467,,,,,,,,,,,
Data mode                         Fluorescence,,,,,,,,,,,
Scan mode                         Excitation,,,,,,,,,,,
X Mode                            Wavelength (nm),,,,,,,,,,,
Start (nm)                        240.00,,,,,,,,,,,
Stop (nm)                         400.00,,,,,,,,,,,
Em. Wavelength (nm)               410.00,,,,,,,,,,,
Ex. Slit (nm)                     5,,,,,,,,,,,
Em. Slit (nm)                     5,,,,,,,,,,,
Scan rate (nm/min)                600.00,,,,,,,,,,,
Data interval (nm)                1.0000,,,,,,,,,,,
Averaging Time (s)                0.1000,,,,,,,,,,,
Excitation filter                 Auto,,,,,,,,,,,
Emission filter                   Open,,,,,,,,,,,
PMT voltage (V)                   Medium,,,,,,,,,,,
Corrected spectra                 OFF,,,,,,,,,,,
Method Log     :,,,,,,,,,,,
Method Name    : Default,,,,,,,,,,,
Date/Time stamp: 8/19/2022 12:21:40 PM,,,,,,,,,,,
Method Modifications:,,,,,,,,,,,
Zero Mode Changed: 8/19/2022 1:01:28 PM, Old:OFF, New:Reading,,,,,,,,,
Zero Mode Changed: 8/19/2022 1:01:28 PM, Old:Reading, New:ON,,,,,,,,,
Excitation Wavelength Changed: 8/19/2022 1:04:17 PM, Old: 350.00, New: 284.00,,,,,,,,,
Emission Wavelength Changed: 8/19/2022 1:04:17 PM, Old: 400.00, New: 300.00,,,,,,,,,
Stop Wavelength Changed: 8/19/2022 1:04:17 PM, Old: 600.00, New: 550.00,,,,,,,,,
Zero Mode Changed: 8/19/2022 1:04:20 PM, Old:ON, New:Reading,,,,,,,,,
Zero Mode Changed: 8/19/2022 1:04:20 PM, Old:Reading, New:ON,,,,,,,,,
Emission Wavelength Changed: 8/19/2022 1:05:41 PM, Old: 300.00, New: 290.00,,,,,,,,,
Zero Mode Changed: 8/19/2022 1:05:43 PM, Old:ON, New:Reading,,,,,,,,,
Zero Mode Changed: 8/19/2022 1:05:43 PM, Old:Reading, New:ON,,,,,,,,,
Scan mode: Changed: 8/19/2022 1:07:20 PM, Old:Emission, New:Excitation,,,,,,,,,
Excitation Wavelength Changed: 8/19/2022 1:07:20 PM, Old: 284.00, New: 220.00,,,,,,,,,
Emission Wavelength Changed: 8/19/2022 1:07:20 PM, Old: 290.00, New: 330.00,,,,,,,,,
Stop Wavelength Changed: 8/19/2022 1:07:20 PM, Old: 550.00, New: 320.00,,,,,,,,,
Zero Mode Changed: 8/19/2022 1:07:23 PM, Old:ON, New:Reading,,,,,,,,,
Zero Mode Changed: 8/19/2022 1:07:24 PM, Old:Reading, New:ON,,,,,,,,,
Scan mode: Changed: 8/19/2022 1:09:00 PM, Old:Excitation, New:Emission,,,,,,,,,
Excitation Wavelength Changed: 8/19/2022 1:09:00 PM, Old: 220.00, New: 287.00,,,,,,,,,
Emission Wavelength Changed: 8/19/2022 1:09:00 PM, Old: 330.00, New: 297.00,,,,,,,,,
Stop Wavelength Changed: 8/19/2022 1:09:00 PM, Old: 320.00, New: 550.00,,,,,,,,,
Zero Mode Changed: 8/19/2022 1:09:02 PM, Old:ON, New:Reading,,,,,,,,,
Zero Mode Changed: 8/19/2022 1:09:03 PM, Old:Reading, New:ON,,,,,,,,,
Excitation Wavelength Changed: 8/19/2022 1:10:13 PM, Old: 287.00, New: 300.00,,,,,,,,,
Emission Wavelength Changed: 8/19/2022 1:10:13 PM, Old: 297.00, New: 310.00,,,,,,,,,
Zero Mode Changed: 8/19/2022 1:10:15 PM, Old:ON, New:Reading,,,,,,,,,
Zero Mode Changed: 8/19/2022 1:10:15 PM, Old:Reading, New:ON,,,,,,,,,
Overlayed Graphs Changed: 8/19/2022 1:12:23 PM, Old:OFF, New:ON,,,,,,,,,
Scan mode: Changed: 8/19/2022 1:13:08 PM, Old:Emission, New:Excitation,,,,,,,,,
Excitation Wavelength Changed: 8/19/2022 1:13:08 PM, Old: 300.00, New: 220.00,,,,,,,,,
Emission Wavelength Changed: 8/19/2022 1:13:08 PM, Old: 310.00, New: 350.00,,,,,,,,,
Stop Wavelength Changed: 8/19/2022 1:13:08 PM, Old: 550.00, New: 340.00,,,,,,,,,
Zero Mode Changed: 8/19/2022 1:13:11 PM, Old:ON, New:Reading,,,,,,,,,
Zero Mode Changed: 8/19/2022 1:13:12 PM, Old:Reading, New:ON,,,,,,,,,
Emission Wavelength Changed: 8/19/2022 12:22:43 PM, Old: 350.00, New: 400.00,,,,,,,,,
Stop Wavelength Changed: 8/19/2022 12:22:43 PM, Old: 340.00, New: 390.00,,,,,,,,,
Zero Mode Changed: 8/19/2022 12:22:45 PM, Old:ON, New:Reading,,,,,,,,,
Zero Mode Changed: 8/19/2022 12:22:45 PM, Old:Reading, New:ON,,,,,,,,,
Scan mode: Changed: 8/19/2022 12:27:15 PM, Old:Excitation, New:Emission,,,,,,,,,
Excitation Wavelength Changed: 8/19/2022 12:27:15 PM, Old: 220.00, New: 330.00,,,,,,,,,
Emission Wavelength Changed: 8/19/2022 12:27:15 PM, Old: 400.00, New: 340.00,,,,,,,,,
Stop Wavelength Changed: 8/19/2022 12:27:15 PM, Old: 390.00, New: 600.00,,,,,,,,,
Excitation Wavelength Changed: 8/19/2022 12:30:30 PM, Old: 330.00, New: 310.00,,,,,,,,,
Emission Wavelength Changed: 8/19/2022 12:30:30 PM, Old: 340.00, New: 320.00,,,,,,,,,
Zero Mode Changed: 8/19/2022 12:30:32 PM, Old:ON, New:Reading,,,,,,,,,
Zero Mode Changed: 8/19/2022 12:30:33 PM, Old:Reading, New:ON,,,,,,,,,
Excitation Wavelength Changed: 8/19/2022 12:32:16 PM, Old: 310.00, New: 350.00,,,,,,,,,
Emission Wavelength Changed: 8/19/2022 12:32:16 PM, Old: 320.00, New: 360.00,,,,,,,,,
Scan mode: Changed: 8/19/2022 12:34:16 PM, Old:Emission, New:Excitation,,,,,,,,,
Excitation Wavelength Changed: 8/19/2022 12:34:16 PM, Old: 350.00, New: 220.00,,,,,,,,,
Emission Wavelength Changed: 8/19/2022 12:34:16 PM, Old: 360.00, New: 417.00,,,,,,,,,
Stop Wavelength Changed: 8/19/2022 12:34:16 PM, Old: 600.00, New: 407.00,,,,,,,,,
Zero Mode Changed: 8/19/2022 12:34:20 PM, Old:ON, New:Reading,,,,,,,,,
Zero Mode Changed: 8/19/2022 12:34:20 PM, Old:Reading, New:ON,,,,,,,,,
Emission Wavelength Changed: 8/19/2022 12:42:33 PM, Old: 417.00, New: 400.00,,,,,,,,,
Stop Wavelength Changed: 8/19/2022 12:42:33 PM, Old: 407.00, New: 390.00,,,,,,,,,
Zero Mode Changed: 8/19/2022 12:42:34 PM, Old:ON, New:Reading,,,,,,,,,
Zero Mode Changed: 8/19/2022 12:42:34 PM, Old:Reading, New:ON,,,,,,,,,
Scan mode: Changed: 8/19/2022 12:43:36 PM, Old:Excitation, New:Emission,,,,,,,,,
Excitation Wavelength Changed: 8/19/2022 12:43:36 PM, Old: 220.00, New: 327.00,,,,,,,,,
Emission Wavelength Changed: 8/19/2022 12:43:36 PM, Old: 400.00, New: 337.00,,,,,,,,,
Stop Wavelength Changed: 8/19/2022 12:43:36 PM, Old: 390.00, New: 600.00,,,,,,,,,
Zero Mode Changed: 8/19/2022 12:43:38 PM, Old:ON, New:Reading,,,,,,,,,
Zero Mode Changed: 8/19/2022 12:43:38 PM, Old:Reading, New:ON,,,,,,,,,
Excitation Wavelength Changed: 8/19/2022 12:45:05 PM, Old: 327.00, New: 330.00,,,,,,,,,
Emission Wavelength Changed: 8/19/2022 12:45:05 PM, Old: 337.00, New: 340.00,,,,,,,,,
Zero Mode Changed: 8/19/2022 12:45:20 PM, Old:ON, New:Reading,,,,,,,,,
Zero Mode Changed: 8/19/2022 12:45:21 PM, Old:Reading, New:ON,,,,,,,,,
Scan mode: Changed: 8/19/2022 12:46:37 PM, Old:Emission, New:Excitation,,,,,,,,,
Excitation Wavelength Changed: 8/19/2022 12:46:37 PM, Old: 330.00, New: 220.00,,,,,,,,,
Emission Wavelength Changed: 8/19/2022 12:46:37 PM, Old: 340.00, New: 405.00,,,,,,,,,
Stop Wavelength Changed: 8/19/2022 12:46:37 PM, Old: 600.00, New: 395.00,,,,,,,,,
Zero Mode Changed: 8/19/2022 12:46:42 PM, Old:ON, New:Reading,,,,,,,,,
Zero Mode Changed: 8/19/2022 12:46:42 PM, Old:Reading, New:ON,,,,,,,,,
Emission Wavelength Changed: 8/19/2022 12:47:39 PM, Old: 405.00, New: 410.00,,,,,,,,,
Zero Mode Changed: 8/19/2022 12:47:41 PM, Old:ON, New:Reading,,,,,,,,,
Zero Mode Changed: 8/19/2022 12:47:41 PM, Old:Reading, New:ON,,,,,,,,,
Emission Wavelength Changed: 8/19/2022 12:48:27 PM, Old: 410.00, New: 420.00,,,,,,,,,
Zero Mode Changed: 8/19/2022 12:48:29 PM, Old:ON, New:Reading,,,,,,,,,
Zero Mode Changed: 8/19/2022 12:48:29 PM, Old:Reading, New:ON,,,,,,,,,
Zero Mode Changed: 8/19/2022 12:55:27 PM, Old:ON, New:Reading,,,,,,,,,
Zero Mode Changed: 8/19/2022 12:55:27 PM, Old:Reading, New:ON,,,,,,,,,
Zero Mode Changed: 8/19/2022 12:55:42 PM, Old:ON, New:Reading,,,,,,,,,
Zero Mode Changed: 8/19/2022 12:55:43 PM, Old:Reading, New:ON,,,,,,,,,
Excitation Wavelength Changed: 8/19/2022 1:04:36 PM, Old: 220.00, New: 200.00,,,,,,,,,
Emission Wavelength Changed: 8/19/2022 1:04:36 PM, Old: 420.00, New: 342.00,,,,,,,,,
Stop Wavelength Changed: 8/19/2022 1:04:36 PM, Old: 395.00, New: 332.00,,,,,,,,,
Zero Mode Changed: 8/19/2022 1:04:39 PM, Old:ON, New:Reading,,,,,,,,,
Zero Mode Changed: 8/19/2022 1:04:40 PM, Old:Reading, New:ON,,,,,,,,,
Scan mode: Changed: 8/19/2022 1:12:22 PM, Old:Excitation, New:Emission,,,,,,,,,
Excitation Wavelength Changed: 8/19/2022 1:12:22 PM, Old: 200.00, New: 420.00,,,,,,,,,
Emission Wavelength Changed: 8/19/2022 1:12:22 PM, Old: 342.00, New: 430.00,,,,,,,,,
Stop Wavelength Changed: 8/19/2022 1:12:22 PM, Old: 332.00, New: 600.00,,,,,,,,,
Zero Mode Changed: 8/19/2022 1:12:28 PM, Old:ON, New:Reading,,,,,,,,,
Zero Mode Changed: 8/19/2022 1:12:29 PM, Old:Reading, New:ON,,,,,,,,,
Scan mode: Changed: 8/19/2022 1:14:41 PM, Old:Emission, New:Excitation,,,,,,,,,
Excitation Wavelength Changed: 8/19/2022 1:14:41 PM, Old: 420.00, New: 220.00,,,,,,,,,
Emission Wavelength Changed: 8/19/2022 1:14:41 PM, Old: 430.00, New: 420.00,,,,,,,,,
Stop Wavelength Changed: 8/19/2022 1:14:41 PM, Old: 600.00, New: 400.00,,,,,,,,,
Zero Mode Changed: 8/19/2022 1:14:46 PM, Old:ON, New:Reading,,,,,,,,,
Zero Mode Changed: 8/19/2022 1:14:46 PM, Old:Reading, New:ON,,,,,,,,,
Scan mode: Changed: 8/19/2022 1:16:06 PM, Old:Excitation, New:Emission,,,,,,,,,
Excitation Wavelength Changed: 8/19/2022 1:16:06 PM, Old: 220.00, New: 340.00,,,,,,,,,
Emission Wavelength Changed: 8/19/2022 1:16:06 PM, Old: 420.00, New: 350.00,,,,,,,,,
Stop Wavelength Changed: 8/19/2022 1:16:06 PM, Old: 400.00, New: 600.00,,,,,,,,,
Zero Mode Changed: 8/19/2022 1:16:08 PM, Old:ON, New:Reading,,,,,,,,,
Zero Mode Changed: 8/19/2022 1:16:08 PM, Old:Reading, New:ON,,,,,,,,,
Scan mode: Changed: 8/19/2022 1:18:23 PM, Old:Emission, New:Excitation,,,,,,,,,
Excitation Wavelength Changed: 8/19/2022 1:18:23 PM, Old: 340.00, New: 200.00,,,,,,,,,
Emission Wavelength Changed: 8/19/2022 1:18:23 PM, Old: 350.00, New: 415.00,,,,,,,,,
Stop Wavelength Changed: 8/19/2022 1:18:23 PM, Old: 600.00, New: 400.00,,,,,,,,,
Zero Mode Changed: 8/19/2022 12:28:38 PM, Old:ON, New:Reading,,,,,,,,,
Zero Mode Changed: 8/19/2022 12:28:38 PM, Old:Reading, New:ON,,,,,,,,,
Emission Wavelength Changed: 8/19/2022 12:29:15 PM, Old: 415.00, New: 420.00,,,,,,,,,
Stop Wavelength Changed: 8/19/2022 12:29:15 PM, Old: 400.00, New: 410.00,,,,,,,,,
Zero Mode Changed: 8/19/2022 12:29:19 PM, Old:ON, New:Reading,,,,,,,,,
Zero Mode Changed: 8/19/2022 12:29:20 PM, Old:Reading, New:ON,,,,,,,,,
Emission Wavelength Changed: 8/19/2022 12:30:25 PM, Old: 420.00, New: 415.00,,,,,,,,,
Stop Wavelength Changed: 8/19/2022 12:30:25 PM, Old: 410.00, New: 405.00,,,,,,,,,
Zero Mode Changed: 8/19/2022 12:30:27 PM, Old:ON, New:Reading,,,,,,,,,
Zero Mode Changed: 8/19/2022 12:30:28 PM, Old:Reading, New:ON,,,,,,,,,
Scan mode: Changed: 8/19/2022 12:32:30 PM, Old:Excitation, New:Emission,,,,,,,,,
Excitation Wavelength Changed: 8/19/2022 12:32:30 PM, Old: 200.00, New: 340.00,,,,,,,,,
Emission Wavelength Changed: 8/19/2022 12:32:30 PM, Old: 415.00, New: 350.00,,,,,,,,,
Stop Wavelength Changed: 8/19/2022 12:32:30 PM, Old: 405.00, New: 600.00,,,,,,,,,
Zero Mode Changed: 8/19/2022 12:32:36 PM, Old:ON, New:Reading,,,,,,,,,
Zero Mode Changed: 8/19/2022 12:32:36 PM, Old:Reading, New:ON,,,,,,,,,
Scan mode: Changed: 8/19/2022 12:34:00 PM, Old:Emission, New:Excitation,,,,,,,,,
Excitation Wavelength Changed: 8/19/2022 12:34:00 PM, Old: 340.00, New: 200.00,,,,,,,,,
Emission Wavelength Changed: 8/19/2022 12:34:00 PM, Old: 350.00, New: 316.00,,,,,,,,,
Stop Wavelength Changed: 8/19/2022 12:34:00 PM, Old: 600.00, New: 306.00,,,,,,,,,
Zero Mode Changed: 8/19/2022 12:34:03 PM, Old:ON, New:Reading,,,,,,,,,
Zero Mode Changed: 8/19/2022 12:34:04 PM, Old:Reading, New:ON,,,,,,,,,
Emission Wavelength Changed: 8/19/2022 12:35:24 PM, Old: 316.00, New: 416.00,,,,,,,,,
Stop Wavelength Changed: 8/19/2022 12:35:24 PM, Old: 306.00, New: 406.00,,,,,,,,,
Zero Mode Changed: 8/19/2022 12:35:26 PM, Old:ON, New:Reading,,,,,,,,,
Zero Mode Changed: 8/19/2022 12:35:26 PM, Old:Reading, New:ON,,,,,,,,,
Zero Mode Changed: 8/19/2022 12:35:50 PM, Old:ON, New:Reading,,,,,,,,,
Zero Mode Changed: 8/19/2022 12:35:51 PM, Old:Reading, New:ON,,,,,,,,,
Emission Wavelength Changed: 8/19/2022 12:36:54 PM, Old: 416.00, New: 420.00,,,,,,,,,
Stop Wavelength Changed: 8/19/2022 12:36:54 PM, Old: 406.00, New: 410.00,,,,,,,,,
Zero Mode Changed: 8/19/2022 12:36:56 PM, Old:ON, New:Reading,,,,,,,,,
Zero Mode Changed: 8/19/2022 12:36:56 PM, Old:Reading, New:ON,,,,,,,,,
Excitation Wavelength Changed: 8/19/2022 12:39:59 PM, Old: 200.00, New: 240.00,,,,,,,,,
Zero Mode Changed: 8/19/2022 12:40:11 PM, Old:ON, New:Reading,,,,,,,,,
Zero Mode Changed: 8/19/2022 12:40:12 PM, Old:Reading, New:ON,,,,,,,,,
Emission Wavelength Changed: 8/19/2022 12:43:15 PM, Old: 420.00, New: 410.00,,,,,,,,,
Zero Mode Changed: 8/19/2022 12:43:17 PM, Old:ON, New:Reading,,,,,,,,,
Zero Mode Changed: 8/19/2022 12:43:17 PM, Old:Reading, New:ON,,,,,,,,,
Stop Wavelength Changed: 8/19/2022 12:43:55 PM, Old: 410.00, New: 400.00,,,,,,,,,
Zero Mode Changed: 8/19/2022 12:43:57 PM, Old:ON, New:Reading,,,,,,,,,
Zero Mode Changed: 8/19/2022 12:43:57 PM, Old:Reading, New:ON,,,,,,,,,
Scan mode: Changed: 8/19/2022 12:47:00 PM, Old:Excitation, New:Emission,,,,,,,,,
Excitation Wavelength Changed: 8/19/2022 12:47:00 PM, Old: 240.00, New: 336.00,,,,,,,,,
Emission Wavelength Changed: 8/19/2022 12:47:00 PM, Old: 410.00, New: 346.00,,,,,,,,,
Stop Wavelength Changed: 8/19/2022 12:47:00 PM, Old: 400.00, New: 600.00,,,,,,,,,
Zero Mode Changed: 8/19/2022 12:47:05 PM, Old:ON, New:Reading,,,,,,,,,
Zero Mode Changed: 8/19/2022 12:47:05 PM, Old:Reading, New:ON,,,,,,,,,
Scan mode: Changed: 8/19/2022 12:54:02 PM, Old:Emission, New:Excitation,,,,,,,,,
Excitation Wavelength Changed: 8/19/2022 12:54:02 PM, Old: 336.00, New: 200.00,,,,,,,,,
Emission Wavelength Changed: 8/19/2022 12:54:02 PM, Old: 346.00, New: 416.00,,,,,,,,,
Stop Wavelength Changed: 8/19/2022 12:54:02 PM, Old: 600.00, New: 406.00,,,,,,,,,
Zero Mode Changed: 8/19/2022 12:54:05 PM, Old:ON, New:Reading,,,,,,,,,
Zero Mode Changed: 8/19/2022 12:54:05 PM, Old:Reading, New:ON,,,,,,,,,
Excitation Wavelength Changed: 8/19/2022 12:55:14 PM, Old: 200.00, New: 240.00,,,,,,,,,
Zero Mode Changed: 8/19/2022 12:55:18 PM, Old:ON, New:Reading,,,,,,,,,
Zero Mode Changed: 8/19/2022 12:55:19 PM, Old:Reading, New:ON,,,,,,,,,
Scan mode: Changed: 8/19/2022 12:56:39 PM, Old:Excitation, New:Emission,,,,,,,,,
Excitation Wavelength Changed: 8/19/2022 12:56:39 PM, Old: 240.00, New: 335.00,,,,,,,,,
Emission Wavelength Changed: 8/19/2022 12:56:39 PM, Old: 416.00, New: 345.00,,,,,,,,,
Stop Wavelength Changed: 8/19/2022 12:56:39 PM, Old: 406.00, New: 600.00,,,,,,,,,
Zero Mode Changed: 8/19/2022 12:56:42 PM, Old:ON, New:Reading,,,,,,,,,
Zero Mode Changed: 8/19/2022 12:56:43 PM, Old:Reading, New:ON,,,,,,,,,
Scan mode: Changed: 8/19/2022 12:58:09 PM, Old:Emission, New:Excitation,,,,,,,,,
Excitation Wavelength Changed: 8/19/2022 12:58:09 PM, Old: 335.00, New: 200.00,,,,,,,,,
Emission Wavelength Changed: 8/19/2022 12:58:09 PM, Old: 345.00, New: 420.00,,,,,,,,,
Stop Wavelength Changed: 8/19/2022 12:58:09 PM, Old: 600.00, New: 410.00,,,,,,,,,
Zero Mode Changed: 8/19/2022 12:58:12 PM, Old:ON, New:Reading,,,,,,,,,
Zero Mode Changed: 8/19/2022 12:58:12 PM, Old:Reading, New:ON,,,,,,,,,
Excitation Wavelength Changed: 8/19/2022 12:58:54 PM, Old: 200.00, New: 240.00,,,,,,,,,
Zero Mode Changed: 8/19/2022 12:58:56 PM, Old:ON, New:Reading,,,,,,,,,
Zero Mode Changed: 8/19/2022 12:58:56 PM, Old:Reading, New:ON,,,,,,,,,
Scan mode: Changed: 8/19/2022 1:01:10 PM, Old:Excitation, New:Emission,,,,,,,,,
Excitation Wavelength Changed: 8/19/2022 1:01:10 PM, Old: 240.00, New: 337.00,,,,,,,,,
Emission Wavelength Changed: 8/19/2022 1:01:10 PM, Old: 420.00, New: 347.00,,,,,,,,,
Stop Wavelength Changed: 8/19/2022 1:01:10 PM, Old: 410.00, New: 600.00,,,,,,,,,
Zero Mode Changed: 8/19/2022 1:01:19 PM, Old:ON, New:Reading,,,,,,,,,
Zero Mode Changed: 8/19/2022 1:01:19 PM, Old:Reading, New:ON,,,,,,,,,
Excitation Wavelength Changed: 8/19/2022 1:02:21 PM, Old: 337.00, New: 345.00,,,,,,,,,
Emission Wavelength Changed: 8/19/2022 1:02:21 PM, Old: 347.00, New: 355.00,,,,,,,,,
Zero Mode Changed: 8/19/2022 1:02:24 PM, Old:ON, New:Reading,,,,,,,,,
Zero Mode Changed: 8/19/2022 1:02:24 PM, Old:Reading, New:ON,,,,,,,,,
Excitation Wavelength Changed: 8/19/2022 1:03:50 PM, Old: 345.00, New: 325.00,,,,,,,,,
Emission Wavelength Changed: 8/19/2022 1:03:50 PM, Old: 355.00, New: 335.00,,,,,,,,,
Zero Mode Changed: 8/19/2022 1:03:52 PM, Old:ON, New:Reading,,,,,,,,,
Zero Mode Changed: 8/19/2022 1:03:52 PM, Old:Reading, New:ON,,,,,,,,,
Scan mode: Changed: 8/19/2022 1:06:29 PM, Old:Emission, New:Excitation,,,,,,,,,
Excitation Wavelength Changed: 8/19/2022 1:06:29 PM, Old: 325.00, New: 240.00,,,,,,,,,
Emission Wavelength Changed: 8/19/2022 1:06:29 PM, Old: 335.00, New: 410.00,,,,,,,,,
Stop Wavelength Changed: 8/19/2022 1:06:29 PM, Old: 600.00, New: 400.00,,,,,,,,,
Zero Mode Changed: 8/19/2022 1:06:32 PM, Old:ON, New:Reading,,,,,,,,,
Zero Mode Changed: 8/19/2022 1:06:33 PM, Old:Reading, New:ON,,,,,,,,,
Scan mode: Changed: 8/19/2022 1:07:23 PM, Old:Excitation, New:Emission,,,,,,,,,
Excitation Wavelength Changed: 8/19/2022 1:07:23 PM, Old: 240.00, New: 333.00,,,,,,,,,
Emission Wavelength Changed: 8/19/2022 1:07:23 PM, Old: 410.00, New: 343.00,,,,,,,,,
Stop Wavelength Changed: 8/19/2022 1:07:23 PM, Old: 400.00, New: 600.00,,,,,,,,,
Zero Mode Changed: 8/19/2022 1:07:25 PM, Old:ON, New:Reading,,,,,,,,,
Zero Mode Changed: 8/19/2022 1:07:25 PM, Old:Reading, New:ON,,,,,,,,,
Excitation Wavelength Changed: 8/19/2022 1:09:24 PM, Old: 333.00, New: 345.00,,,,,,,,,
Emission Wavelength Changed: 8/19/2022 1:09:24 PM, Old: 343.00, New: 355.00,,,,,,,,,
Zero Mode Changed: 8/19/2022 1:09:25 PM, Old:ON, New:Reading,,,,,,,,,
Zero Mode Changed: 8/19/2022 1:09:26 PM, Old:Reading, New:ON,,,,,,,,,
Emission Wavelength Changed: 8/19/2022 1:10:09 PM, Old: 355.00, New: 350.00,,,,,,,,,
Zero Mode Changed: 8/19/2022 1:10:10 PM, Old:ON, New:Reading,,,,,,,,,
Zero Mode Changed: 8/19/2022 1:10:11 PM, Old:Reading, New:ON,,,,,,,,,
Excitation Wavelength Changed: 8/19/2022 1:11:05 PM, Old: 345.00, New: 335.00,,,,,,,,,
Emission Wavelength Changed: 8/19/2022 1:11:05 PM, Old: 350.00, New: 340.00,,,,,,,,,
Zero Mode Changed: 8/19/2022 1:11:07 PM, Old:ON, New:Reading,,,,,,,,,
Zero Mode Changed: 8/19/2022 1:11:07 PM, Old:Reading, New:ON,,,,,,,,,
Scan mode: Changed: 8/19/2022 1:19:12 PM, Old:Emission, New:Excitation,,,,,,,,,
Excitation Wavelength Changed: 8/19/2022 1:19:12 PM, Old: 335.00, New: 240.00,,,,,,,,,
Emission Wavelength Changed: 8/19/2022 1:19:12 PM, Old: 340.00, New: 420.00,,,,,,,,,
Stop Wavelength Changed: 8/19/2022 1:19:12 PM, Old: 600.00, New: 410.00,,,,,,,,,
Zero Mode Changed: 8/19/2022 1:19:16 PM, Old:ON, New:Reading,,,,,,,,,
Zero Mode Changed: 8/19/2022 1:19:16 PM, Old:Reading, New:ON,,,,,,,,,
Scan mode: Changed: 8/19/2022 1:20:09 PM, Old:Excitation, New:Emission,,,,,,,,,
Excitation Wavelength Changed: 8/19/2022 1:20:09 PM, Old: 240.00, New: 340.00,,,,,,,,,
Emission Wavelength Changed: 8/19/2022 1:20:09 PM, Old: 420.00, New: 345.00,,,,,,,,,
Stop Wavelength Changed: 8/19/2022 1:20:09 PM, Old: 410.00, New: 600.00,,,,,,,,,
Zero Mode Changed: 8/19/2022 1:20:11 PM, Old:ON, New:Reading,,,,,,,,,
Zero Mode Changed: 8/19/2022 1:20:12 PM, Old:Reading, New:ON,,,,,,,,,
Emission Wavelength Changed: 8/19/2022 1:20:32 PM, Old: 345.00, New: 350.00,,,,,,,,,
Zero Mode Changed: 8/19/2022 1:20:35 PM, Old:ON, New:Reading,,,,,,,,,
Zero Mode Changed: 8/19/2022 1:20:35 PM, Old:Reading, New:ON,,,,,,,,,
Scan mode: Changed: 8/19/2022 12:21:50 PM, Old:Emission, New:Excitation,,,,,,,,,
Excitation Wavelength Changed: 8/19/2022 12:21:50 PM, Old: 340.00, New: 240.00,,,,,,,,,
Emission Wavelength Changed: 8/19/2022 12:21:50 PM, Old: 350.00, New: 415.00,,,,,,,,,
Stop Wavelength Changed: 8/19/2022 12:21:50 PM, Old: 600.00, New: 405.00,,,,,,,,,
Zero Mode Changed: 8/19/2022 12:21:53 PM, Old:ON, New:Reading,,,,,,,,,
Zero Mode Changed: 8/19/2022 12:21:53 PM, Old:Reading, New:ON,,,,,,,,,
Scan mode: Changed: 8/19/2022 12:22:39 PM, Old:Excitation, New:Emission,,,,,,,,,
Excitation Wavelength Changed: 8/19/2022 12:22:39 PM, Old: 240.00, New: 335.00,,,,,,,,,
Emission Wavelength Changed: 8/19/2022 12:22:39 PM, Old: 415.00, New: 345.00,,,,,,,,,
Stop Wavelength Changed: 8/19/2022 12:22:39 PM, Old: 405.00, New: 600.00,,,,,,,,,
Zero Mode Changed: 8/19/2022 12:22:41 PM, Old:ON, New:Reading,,,,,,,,,
Zero Mode Changed: 8/19/2022 12:22:41 PM, Old:Reading, New:ON,,,,,,,,,
Excitation Wavelength Changed: 8/19/2022 12:23:48 PM, Old: 335.00, New: 430.00,,,,,,,,,
Emission Wavelength Changed: 8/19/2022 12:23:48 PM, Old: 345.00, New: 240.00,,,,,,,,,
Stop Wavelength Changed: 8/19/2022 12:23:48 PM, Old: 600.00, New: 420.00,,,,,,,,,
Scan mode: Changed: 8/19/2022 12:24:00 PM, Old:Emission, New:Excitation,,,,,,,,,
Excitation Wavelength Changed: 8/19/2022 12:24:00 PM, Old: 430.00, New: 240.00,,,,,,,,,
Emission Wavelength Changed: 8/19/2022 12:24:00 PM, Old: 240.00, New: 430.00,,,,,,,,,
Zero Mode Changed: 8/19/2022 12:24:05 PM, Old:ON, New:Reading,,,,,,,,,
Zero Mode Changed: 8/19/2022 12:24:06 PM, Old:Reading, New:ON,,,,,,,,,
Emission Wavelength Changed: 8/19/2022 12:26:04 PM, Old: 430.00, New: 410.00,,,,,,,,,
Stop Wavelength Changed: 8/19/2022 12:26:04 PM, Old: 420.00, New: 400.00,,,,,,,,,
Zero Mode Changed: 8/19/2022 12:26:07 PM, Old:ON, New:Reading,,,,,,,,,
Zero Mode Changed: 8/19/2022 12:26:07 PM, Old:Reading, New:ON,,,,,,,,,
Scan mode: Changed: 8/19/2022 12:27:20 PM, Old:Excitation, New:Emission,,,,,,,,,
Excitation Wavelength Changed: 8/19/2022 12:27:20 PM, Old: 240.00, New: 335.00,,,,,,,,,
Emission Wavelength Changed: 8/19/2022 12:27:20 PM, Old: 410.00, New: 345.00,,,,,,,,,
Stop Wavelength Changed: 8/19/2022 12:27:20 PM, Old: 400.00, New: 600.00,,,,,,,,,
Zero Mode Changed: 8/19/2022 12:27:22 PM, Old:ON, New:Reading,,,,,,,,,
Zero Mode Changed: 8/19/2022 12:27:22 PM, Old:Reading, New:ON,,,,,,,,,
Scan mode: Changed: 8/19/2022 12:44:28 PM, Old:Emission, New:Excitation,,,,,,,,,
Excitation Wavelength Changed: 8/19/2022 12:44:28 PM, Old: 335.00, New: 240.00,,,,,,,,,
Emission Wavelength Changed: 8/19/2022 12:44:28 PM, Old: 345.00, New: 420.00,,,,,,,,,
Stop Wavelength Changed: 8/19/2022 12:44:28 PM, Old: 600.00, New: 400.00,,,,,,,,,
Zero Mode Changed: 8/19/2022 12:44:31 PM, Old:ON, New:Reading,,,,,,,,,
Zero Mode Changed: 8/19/2022 12:44:31 PM, Old:Reading, New:ON,,,,,,,,,
Scan mode: Changed: 8/19/2022 12:45:22 PM, Old:Excitation, New:Emission,,,,,,,,,
Excitation Wavelength Changed: 8/19/2022 12:45:22 PM, Old: 240.00, New: 340.00,,,,,,,,,
Emission Wavelength Changed: 8/19/2022 12:45:22 PM, Old: 420.00, New: 350.00,,,,,,,,,
Stop Wavelength Changed: 8/19/2022 12:45:22 PM, Old: 400.00, New: 600.00,,,,,,,,,
Zero Mode Changed: 8/19/2022 12:45:24 PM, Old:ON, New:Reading,,,,,,,,,
Zero Mode Changed: 8/19/2022 12:45:24 PM, Old:Reading, New:ON,,,,,,,,,
Excitation Wavelength Changed: 8/19/2022 12:46:23 PM, Old: 340.00, New: 335.00,,,,,,,,,
Emission Wavelength Changed: 8/19/2022 12:46:23 PM, Old: 350.00, New: 345.00,,,,,,,,,
Zero Mode Changed: 8/19/2022 12:46:26 PM, Old:ON, New:Reading,,,,,,,,,
Zero Mode Changed: 8/19/2022 12:46:26 PM, Old:Reading, New:ON,,,,,,,,,
Excitation Wavelength Changed: 8/19/2022 12:47:14 PM, Old: 335.00, New: 345.00,,,,,,,,,
Emission Wavelength Changed: 8/19/2022 12:47:14 PM, Old: 345.00, New: 355.00,,,,,,,,,
Zero Mode Changed: 8/19/2022 12:47:15 PM, Old:ON, New:Reading,,,,,,,,,
Zero Mode Changed: 8/19/2022 12:47:16 PM, Old:Reading, New:ON,,,,,,,,,
Scan mode: Changed: 8/19/2022 12:48:37 PM, Old:Emission, New:Excitation,,,,,,,,,
Excitation Wavelength Changed: 8/19/2022 12:48:37 PM, Old: 345.00, New: 240.00,,,,,,,,,
Emission Wavelength Changed: 8/19/2022 12:48:37 PM, Old: 355.00, New: 420.00,,,,,,,,,
Stop Wavelength Changed: 8/19/2022 12:48:37 PM, Old: 600.00, New: 410.00,,,,,,,,,
Zero Mode Changed: 8/19/2022 12:48:41 PM, Old:ON, New:Reading,,,,,,,,,
Zero Mode Changed: 8/19/2022 12:48:41 PM, Old:Reading, New:ON,,,,,,,,,
Zero Mode Changed: 8/19/2022 12:53:02 PM, Old:ON, New:Reading,,,,,,,,,
Zero Mode Changed: 8/19/2022 12:53:03 PM, Old:Reading, New:ON,,,,,,,,,
Scan mode: Changed: 8/19/2022 12:53:50 PM, Old:Excitation, New:Emission,,,,,,,,,
Excitation Wavelength Changed: 8/19/2022 12:53:50 PM, Old: 240.00, New: 340.00,,,,,,,,,
Emission Wavelength Changed: 8/19/2022 12:53:50 PM, Old: 420.00, New: 350.00,,,,,,,,,
Stop Wavelength Changed: 8/19/2022 12:53:50 PM, Old: 410.00, New: 600.00,,,,,,,,,
Zero Mode Changed: 8/19/2022 12:53:52 PM, Old:ON, New:Reading,,,,,,,,,
Zero Mode Changed: 8/19/2022 12:53:52 PM, Old:Reading, New:ON,,,,,,,,,
Excitation Wavelength Changed: 8/19/2022 12:54:37 PM, Old: 340.00, New: 350.00,,,,,,,,,
Emission Wavelength Changed: 8/19/2022 12:54:37 PM, Old: 350.00, New: 360.00,,,,,,,,,
Zero Mode Changed: 8/19/2022 12:54:39 PM, Old:ON, New:Reading,,,,,,,,,
Zero Mode Changed: 8/19/2022 12:54:39 PM, Old:Reading, New:ON,,,,,,,,,
Excitation Wavelength Changed: 8/19/2022 12:55:18 PM, Old: 350.00, New: 330.00,,,,,,,,,
Emission Wavelength Changed: 8/19/2022 12:55:18 PM, Old: 360.00, New: 340.00,,,,,,,,,
Zero Mode Changed: 8/19/2022 12:55:19 PM, Old:ON, New:Reading,,,,,,,,,
Zero Mode Changed: 8/19/2022 12:55:20 PM, Old:Reading, New:ON,,,,,,,,,
Excitation Wavelength Changed: 8/19/2022 12:56:00 PM, Old: 330.00, New: 335.00,,,,,,,,,
Emission Wavelength Changed: 8/19/2022 12:56:00 PM, Old: 340.00, New: 345.00,,,,,,,,,
Zero Mode Changed: 8/19/2022 12:56:02 PM, Old:ON, New:Reading,,,,,,,,,
Zero Mode Changed: 8/19/2022 12:56:02 PM, Old:Reading, New:ON,,,,,,,,,
Scan mode: Changed: 8/19/2022 12:56:46 PM, Old:Emission, New:Excitation,,,,,,,,,
Excitation Wavelength Changed: 8/19/2022 12:56:46 PM, Old: 335.00, New: 240.00,,,,,,,,,
Emission Wavelength Changed: 8/19/2022 12:56:46 PM, Old: 345.00, New: 410.00,,,,,,,,,
Stop Wavelength Changed: 8/19/2022 12:56:46 PM, Old: 600.00, New: 400.00,,,,,,,,,
Zero Mode Changed: 8/19/2022 12:56:49 PM, Old:ON, New:Reading,,,,,,,,,
Zero Mode Changed: 8/19/2022 12:56:50 PM, Old:Reading, New:ON,,,,,,,,,
End Method Modifications,,,,,,,,,,,
