CdSe 40 sec ex330,,CdSe 40 sec em400,,CdSe 40 sec ex335-380_EX_335.00,,CdSe 40 sec ex335-380_EX_340.00,,CdSe 40 sec ex335-380_EX_345.00,,CdSe 40 sec ex335-380_EX_350.00,,CdSe 40 sec ex335-380_EX_355.00,,CdSe 40 sec ex335-380_EX_360.00,,CdSe 40 sec ex335-380_EX_365.00,,CdSe 40 sec ex335-380_EX_370.00,,CdSe 40 sec ex335-380_EX_375.00,,CdSe 40 sec ex335-380_EX_380.00,,CdSe 40 sec em500,,CdSe 40 sec em420,,CdSe 40 sec em380,,CdSe 40 sec ex340,,CdSe 40 sec ex350,,CdSe 40 sec ex320,,
Wavelength (nm),Intensity (a.u.),Wavelength (nm),Intensity (a.u.),Wavelength (nm),Intensity (a.u.),Wavelength (nm),Intensity (a.u.),Wavelength (nm),Intensity (a.u.),Wavelength (nm),Intensity (a.u.),Wavelength (nm),Intensity (a.u.),Wavelength (nm),Intensity (a.u.),Wavelength (nm),Intensity (a.u.),Wavelength (nm),Intensity (a.u.),Wavelength (nm),Intensity (a.u.),Wavelength (nm),Intensity (a.u.),Wavelength (nm),Intensity (a.u.),Wavelength (nm),Intensity (a.u.),Wavelength (nm),Intensity (a.u.),Wavelength (nm),Intensity (a.u.),Wavelength (nm),Intensity (a.u.),Wavelength (nm),Intensity (a.u.),
340,0.3615999222,240,-0.3795385361,390,1.803184509,390,-9.50945282,390,-21.36608124,390,-32.66014862,390,-45.34204865,390,-56.63202667,390,-64.31734467,390,-72.67037201,390,-78.71705627,390,-82.96981812,260,-0.2074890137,240,-0.7425527573,240,-0.6426486969,350,0.6059427261,360,-1.418783188,330,0.1287150383,
341.0700073,0.4032688141,240.9299927,-0.6455459595,391.0700073,-0.1125717163,391.0700073,-7.328239441,391.0700073,-18.01443481,391.0700073,-30.96107864,391.0700073,-45.14587021,391.0700073,-54.38570023,391.0700073,-63.21682739,391.0700073,-70.88046265,391.0700073,-78.49491119,391.0700073,-82.39213562,260.9299927,-0.05317735672,240.9299927,-0.8598165512,240.9299927,0.5283145905,351.0700073,2.064022064,361.0700073,-0.4119319916,331.0700073,0.6354513168,
342,1.356182098,242.0299988,0.1938853264,392,4.707992554,392,-7.583862305,392,-19.9210968,392,-30.58498001,392,-42.80663681,392,-51.9776535,392,-61.07402039,392,-70.01895142,392,-76.73721313,392,-81.39266968,262.0299988,-0.4821667671,242.0299988,-0.9440832138,242.0299988,-0.6938481331,352,1.996052742,362,0.642244339,332,1.569776535,
343.0700073,2.542163849,242.9600067,-0.3242697716,393.0700073,2.947494507,393.0700073,-5.395637512,393.0700073,-16.0759964,393.0700073,-28.02583313,393.0700073,-40.7135849,393.0700073,-51.19973755,393.0700073,-59.30151367,393.0700073,-68.28622437,393.0700073,-75.96672058,393.0700073,-80.51264191,262.9599915,-0.1997036934,242.9600067,-0.9905157089,242.9600067,-0.2844614983,353.0700073,3.087073326,363.0700073,2.305922508,333.0700073,1.931469917,
344,3.784314156,244.0599976,-0.5415472984,394,5.062866211,394,-4.811798096,394,-16.19782257,394,-26.10290527,394,-37.96442413,394,-49.14133835,394,-57.97987366,394,-67.23252106,394,-74.78858185,394,-79.05237579,264.0599976,-0.241133213,244.0599976,-0.5105409622,244.0599976,-0.3496279716,354,4.510116577,364,2.820951462,334,2.720397949,
345.0700073,5.742342949,245,-0.06974220276,395.0700073,5.530189514,395.0700073,-4.465072632,395.0700073,-14.08612061,395.0700073,-25.79917145,395.0700073,-36.52797699,395.0700073,-46.98549271,395.0700073,-56.19465637,395.0700073,-66.39245605,395.0700073,-73.22093201,395.0700073,-78.60528564,265,-0.4727592468,245,-0.8361749649,245,-0.1133952141,355.0700073,4.715416908,365.0700073,4.398078918,335.0700073,2.97905159,
346,6.420272827,245.9299927,0.08025455475,396,6.139282227,396,-0.9562454224,396,-11.21271515,396,-21.77083588,396,-33.82581329,396,-45.16714478,396,-55.76192093,396,-64.45655823,396,-72.3605423,396,-76.77557373,265.9299927,-0.5266566277,245.9299927,-0.9090909958,245.9299927,0.3826990128,356,7.084022522,366,5.727750778,336,4.312941551,
347.0700073,7.476875305,247.0299988,-0.3995580673,397.0700073,6.982620239,397.0700073,-1.858505249,397.0700073,-13.2518692,397.0700073,-20.97251129,397.0700073,-31.58547592,397.0700073,-43.86575699,397.0700073,-53.01280975,397.0700073,-62.62042999,397.0700073,-71.0279541,397.0700073,-76.47303009,267.0299988,-1.013104439,247.0299988,-0.9439258575,247.0299988,0.1880068779,357.0700073,8.842247009,367.0700073,6.970025063,337.0700073,5.302125931,
348,10.34740257,247.9600067,0.3324074745,398,8.577919006,398,-0.2957458496,398,-8.474723816,398,-20.82284546,398,-31.92314148,398,-41.70798111,398,-51.88632584,398,-61.51617813,398,-69.24499512,398,-75.74394989,267.9599915,-1.227039814,247.9600067,-0.6302700043,247.9600067,0.2366328239,358,8.69581604,368,8.832823753,338,6.207371712,
349.0700073,11.45516968,249.0599976,0.3853573799,399.0700073,8.106758118,399.0700073,0.2138900757,399.0700073,-9.26247406,399.0700073,-18.2871933,399.0700073,-30.83400726,399.0700073,-39.65287399,399.0700073,-49.84015274,399.0700073,-60.04445648,399.0700073,-68.1005249,399.0700073,-73.20995331,269.0599976,-1.349160194,249.0599976,-0.5116271973,249.0599976,0.1043281555,359.0700073,12.75746918,369.0700073,10.80840778,339.0700073,7.228107452,
350,12.45118523,250,0.1066441536,400,8.216918945,400,0.8538589478,400,-7.412902832,400,-18.78121185,400,-28.02071381,400,-38.73495865,400,-48.43991089,400,-59.11262894,400,-67.927742,400,-72.66022491,270,-1.486413479,250,-0.6531143188,250,0.2875318527,360,12.82114983,370,11.45289898,340,6.864317894,
351.0700073,14.04070091,250.9299927,0.6343169212,401.0700073,10.11999512,401.0700073,1.615058899,401.0700073,-6.244277954,401.0700073,-15.28159332,401.0700073,-27.32613373,401.0700073,-36.85918808,401.0700073,-45.87488174,401.0700073,-56.12237549,401.0700073,-65.69229126,401.0700073,-70.98662567,271.0700073,-1.844902277,250.9299927,-0.8171014786,250.9299927,0.9968090057,361.0700073,15.71922684,371.0700073,14.23938656,341.0700073,8.998868942,
352,15.1983757,252.0299988,0.3971743584,402,11.13209534,402,3.496871948,402,-4.641548157,402,-16.8289566,402,-24.43962097,402,-34.67715836,402,-45.52576828,402,-54.9225502,402,-63.89899445,402,-70.15159607,272,-1.759395123,252.0299988,-0.17491436,252.0299988,0.9472827911,362,17.1770401,372,15.11749744,342,11.047369,
353.0700073,17.5057106,252.9600067,0.6800875664,403.0700073,11.17350769,403.0700073,3.161201477,403.0700073,-3.535736084,403.0700073,-12.89945221,403.0700073,-22.00772095,403.0700073,-32.64224243,403.0700073,-43.28259277,403.0700073,-52.4863472,403.0700073,-62.26681137,403.0700073,-68.21783447,273.0700073,-2.207051754,252.9600067,0.02027511597,252.9600067,1.390851498,363.0700073,18.15702438,373.0700073,15.53687763,343.0700073,11.76588058,
354,18.33561325,254.0599976,0.8773398399,404,9.948265076,404,4.205543518,404,-2.274246216,404,-10.17183685,404,-23.1698761,404,-30.98950958,404,-41.40026474,404,-51.58395004,404,-59.97942352,404,-67.58950806,274,-2.504695415,254.0599976,0.8218984604,254.0599976,1.730845451,364,21.57827377,374,18.11343002,344,14.52578354,
355.0700073,20.20476913,255,0.9827675819,405.0700073,10.4148407,405.0700073,8.328994751,405.0700073,-0.9392089844,405.0700073,-9.84513855,405.0700073,-20.89396667,405.0700073,-28.99080276,405.0700073,-38.20634842,405.0700073,-49.83075714,405.0700073,-59.41431046,405.0700073,-65.99960327,275.0700073,-2.636015654,255,0.426897049,255,2.076221466,365.0700073,22.85021591,375.0700073,19.53853989,345.0700073,15.07574272,
356,22.17217064,255.9299927,1.032866001,406,10.22817993,406,5.982002258,406,1.71762085,406,-8.684135437,406,-20.64253235,406,-26.84350586,406,-35.52497482,406,-47.98882675,406,-57.29866028,406,-63.84577942,276,-2.587589979,255.9299927,-0.08061408997,255.9299927,1.707382202,366,24.58325195,376,22.0512886,346,18.08549309,
357.0700073,25.36804962,257.0299988,1.211584568,407.0700073,11.03292084,407.0700073,6.314559937,407.0700073,2.140159607,407.0700073,-8.015518188,407.0700073,-16.23693085,407.0700073,-26.40317535,407.0700073,-35.13509369,407.0700073,-46.13822937,407.0700073,-55.46622467,407.0700073,-62.66699982,277.0700073,-2.918865919,257.0299988,0.5506668091,257.0299988,2.195342541,367.0700073,26.00921249,377.0700073,23.88791656,347.0700073,18.66677666,
358,26.69239426,257.9599915,1.745512486,408,12.54508209,408,7.687240601,408,3.369560242,408,-6.376296997,408,-16.11052704,408,-24.56761932,408,-33.04081345,408,-44.42805862,408,-53.71913528,408,-60.9845047,278,-2.757148981,257.9599915,0.817700386,257.9599915,2.004128933,368,28.03965378,378,24.57807922,348,20.79424477,
359.0700073,28.89101028,259.0599976,1.744330883,409.0700073,11.54340363,409.0700073,7.269134521,409.0700073,3.98752594,409.0700073,-4.921348572,409.0700073,-15.54392242,409.0700073,-22.80953979,409.0700073,-31.61595154,409.0700073,-42.3379631,409.0700073,-52.25291824,409.0700073,-58.71992111,279.0700073,-2.34355092,259.0599976,0.1696615219,259.0599976,1.566027164,369.0700073,32.40419769,379.0700073,26.78805923,349.0700073,22.79509163,
360,30.02407455,260,1.012433529,410,11.85062408,410,8.431755066,410,4.761329651,410,-6.132293701,410,-14.69537354,410,-20.82209778,410,-29.64593124,410,-40.13570404,410,-50.51434708,410,-58.15256882,280,-2.501654387,260,0.219865799,260,1.906818867,370,33.16307831,380,30.35271072,350,24.01038742,
361.0700073,33.46654892,260.9299927,1.566174984,411.0599976,12.30436707,411.0599976,9.149581909,411.0599976,7.468383789,411.0599976,-3.075553894,411.0599976,-11.98970795,411.0599976,-19.13954926,411.0599976,-27.37986755,411.0599976,-37.63645935,411.0599976,-49.16618729,411.0599976,-56.21657944,280.9299927,-1.729166985,260.9299927,0.4920272827,260.9299927,2.179512501,371.0700073,35.91879272,381.0700073,30.8229599,351.0700073,25.26172256,
362,35.35917282,262.0299988,1.373532772,411.9599915,10.60848236,411.9599915,10.28256226,411.9599915,6.572029114,411.9599915,-1.343109131,411.9599915,-12.96530914,411.9599915,-18.88850403,411.9599915,-26.26194763,411.9599915,-35.60486603,411.9599915,-47.81321716,411.9599915,-54.15490723,282.0299988,-1.165490627,262.0299988,0.4260101318,262.0299988,1.681496143,372,39.13715363,382,32.56937027,352,28.09939194,
363.0700073,38.64694595,262.9599915,1.385858059,413.0299988,11.85044098,413.0299988,9.13961792,413.0299988,6.360572815,413.0299988,-0.5373687744,413.0299988,-9.931556702,413.0299988,-17.35486603,413.0299988,-24.25471497,413.0299988,-33.42853165,413.0299988,-45.67926025,413.0299988,-52.01103973,282.9599915,0.6395483017,262.9599915,0.3877630234,262.9599915,2.055161476,373.0700073,40.67434692,383.0700073,34.43980026,353.0700073,29.44310379,
364,40.74279022,264.0599976,1.52705431,413.9299927,11.00428772,413.9299927,10.93930054,413.9299927,9.239929199,413.9299927,1.743125916,413.9299927,-8.569709778,413.9299927,-14.68979645,413.9299927,-23.76072693,413.9299927,-32.25046921,413.9299927,-43.88300323,413.9299927,-50.59818649,284.0599976,0.9188108444,264.0599976,0.2808065414,264.0599976,2.637644291,374,43.23714447,384,36.53540039,354,33.09190369,
365.0700073,42.92776108,265,2.200312138,415,12.54911041,415,9.464035034,415,6.465965271,415,3.304840088,415,-6.599632263,415,-13.40045929,415,-22.09941864,415,-29.84841537,415,-41.26625824,415,-48.68204498,285,2.110788822,265,0.1482925415,265,2.31947279,375.0700073,45.58180237,385.0700073,37.42333984,355.0700073,33.55208588,
366,46.0171051,265.9299927,1.591247082,416.0599976,12.15188599,416.0599976,9.858802795,416.0599976,7.363204956,416.0599976,3.208847046,416.0599976,-5.637962341,416.0599976,-12.96828461,416.0599976,-21.13574982,416.0599976,-28.21820831,416.0599976,-39.02344894,416.0599976,-47.33866882,285.9299927,3.25799942,265.9299927,0.345032692,265.9299927,2.231513977,376,47.11797714,386,42.56897354,356,36.15265656,
367.0700073,48.26466751,267.0299988,1.766377926,416.9599915,11.86145782,416.9599915,10.06183624,416.9599915,10.59614563,416.9599915,3.343399048,416.9599915,-2.733932495,416.9599915,-12.58951569,416.9599915,-19.6585083,416.9599915,-26.90756989,416.9599915,-37.42353058,416.9599915,-45.70053101,287.0299988,4.011618614,267.0299988,-0.2640304565,267.0299988,2.36508894,377.0700073,49.29398727,387.0700073,43.0316391,357.0700073,36.90056992,
368,50.87793732,267.9599915,1.148375988,418.0299988,10.49057007,418.0299988,8.949005127,418.0299988,8.842926025,418.0299988,2.785820007,418.0299988,-4.02822113,418.0299988,-8.488517761,418.0299988,-16.94676971,418.0299988,-24.28887939,418.0299988,-35.16328812,418.0299988,-43.58980179,287.9599915,5.054858208,267.9599915,0.3159751892,267.9599915,2.510059834,378,51.53888321,388,44.27282715,358,40.06734848,
369.0700073,53.58778,269.0599976,1.130349636,418.9299927,9.26322937,418.9299927,10.61274719,418.9299927,9.71346283,418.9299927,5.949783325,418.9299927,-1.586654663,418.9299927,-9.438827515,418.9299927,-15.88609314,418.9299927,-22.42626953,418.9299927,-32.99375153,418.9299927,-41.14719009,289.0599976,6.360359192,269.0599976,-0.3622331619,269.0599976,2.731853962,379.0700073,53.88930511,389.0700073,46.84934616,359.0700073,44.30596161,
370,55.77579498,270,1.193273067,420,9.906036377,420,7.924980164,420,9.197105408,420,6.369239807,420,0.05222320557,420,-6.753746033,420,-15.21755219,420,-21.90975952,420,-29.91614151,420,-39.77678299,290,6.896030426,270,-0.9041643143,270,1.630604744,380,57.58020401,390,50.3850441,360,44.5418396,
371.0700073,54.61100388,271.0700073,0.6191878319,421.0700073,8.262535095,421.0700073,11.40872192,421.0700073,9.48915863,421.0700073,6.382514954,421.0700073,0.306098938,421.0700073,-6.251472473,421.0700073,-13.3659668,421.0700073,-21.01464081,421.0700073,-29.23852158,421.0700073,-38.16936874,290.9299927,7.373113632,271.0700073,-1.201871872,271.0700073,1.746796608,381.0700073,57.71377182,391.0700073,51.8004837,361.0700073,45.49336243,
372,59.28445435,272,0.4819760323,422,5.916381836,422,8.373596191,422,11.07868195,422,7.637588501,422,-0.1979370117,422,-5.719062805,422,-13.02328491,422,-18.59078979,422,-27.36680603,422,-37.7550621,292.0299988,8.435099602,272,-1.079809189,272,2.036235809,382,58.36900711,392,52.0379715,362,47.86883926,
373.0700073,63.08977509,273.0700073,0.1305222511,423.0700073,7.144210815,423.0700073,7.381744385,423.0700073,9.475189209,423.0700073,4.740829468,423.0700073,0.7183532715,423.0700073,-5.514694214,423.0700073,-11.59725189,423.0700073,-18.31552124,423.0700073,-25.05613708,423.0700073,-34.45946503,292.9599915,9.211379051,273.0700073,-1.555019379,273.0700073,1.639939308,383.0700073,61.97992325,393.0700073,53.85261154,363.0700073,50.31260681,
374,64.0844574,274,0.03298187256,424,5.480621338,424,8.604545593,424,8.121154785,424,5.874671936,424,0.02168273926,424,-3.252418518,424,-9.482559204,424,-15.66410828,424,-24.71874237,424,-34.50310135,294.0599976,9.797660828,274,-2.398262024,274,1.341338158,384,64.07815552,394,55.85557175,364,52.56276703,
375.0700073,65.18239594,275.0700073,-0.4100418091,425.0700073,5.112281799,425.0700073,5.365745544,425.0700073,9.533668518,425.0700073,5.779518127,425.0700073,0.3573989868,425.0700073,-3.257270813,425.0700073,-9.405761719,425.0700073,-16.59358215,425.0700073,-23.25771332,425.0700073,-31.55741501,295,10.990201,275.0700073,-2.831311226,275.0700073,0.7493767738,385.0700073,67.14085388,395.0700073,56.96580124,365.0700073,55.11608124,
376,66.82286072,276,-0.7119522095,426,5.656616211,426,5.755821228,426,9.064605713,426,4.880371094,426,2.359313965,426,-3.440109253,426,-10.27850342,426,-15.228302,426,-23.04431915,426,-32.2477951,295.9299927,11.89453411,276,-2.691925049,276,0.5200400352,386,68.18609619,396,58.03311539,366,58.16347504,
377.0700073,70.18449402,277.0700073,-1.188240528,427.0700073,3.670883179,427.0700073,8.326057434,427.0700073,8.171005249,427.0700073,5.385810852,427.0700073,1.013328552,427.0700073,-1.456245422,427.0700073,-8.397232056,427.0700073,-15.19381714,427.0700073,-23.32304382,427.0700073,-29.19712448,297.0299988,12.68590069,277.0700073,-3.028251171,277.0700073,0.02952241898,387.0700073,67.38427734,397.0700073,60.56210709,367.0700073,60.49639893,
378,70.71228027,278,-0.9073119164,428,1.420608521,428,5.109176636,428,6.284103394,428,5.141036987,428,1.439163208,428,-2.633369446,428,-7.780960083,428,-14.76807404,428,-22.9677124,428,-28.92425537,297.9599915,13.01786709,278,-3.395090103,278,0.478477478,388,70.8809967,398,58.3494072,368,59.72034454,
379.0700073,72.29977417,279.0700073,-0.6932182312,429.0700073,2.121406555,429.0700073,3.544830322,429.0700073,6.536224365,429.0700073,6.648521423,429.0700073,1.061584473,429.0700073,-2.13193512,429.0700073,-8.104148865,429.0700073,-13.41299438,429.0700073,-21.13733673,429.0700073,-27.81138992,299.0599976,13.73725414,279.0700073,-2.907267094,279.0700073,1.44203043,389.0700073,72.25112915,399.0700073,62.88199234,369.0700073,62.68367767,
380,74.06302643,280,-0.2548937798,430,-0.9369506836,430,2.345878601,430,5.685401917,430,4.766815186,430,2.130615234,430,-2.130607605,430,-6.00289917,430,-13.45645905,430,-20.96523285,430,-27.79242325,300,14.33947849,280,-3.061048985,280,2.375639439,390,73.95710754,400,63.32211685,370,64.9802475,
381.0700073,76.13616943,280.9299927,1.111124516,431.0599976,1.430763245,431.0599976,1.382736206,431.0599976,7.126319885,431.0599976,3.221153259,431.0599976,2.198051453,431.0599976,-2.428092957,431.0599976,-8.506774902,431.0599976,-13.10087585,431.0599976,-20.43482208,431.0599976,-26.89852905,301.0700073,14.27221775,280.9299927,-1.720264912,280.9299927,3.57227087,391.0700073,74.31858826,401.0700073,65.00891113,371.0700073,67.8645401,
382,78.65272522,282.0299988,3.233290195,431.9599915,-1.981117249,431.9599915,0.5922012329,431.9599915,2.049560547,431.9599915,4.816635132,431.9599915,-1.081283569,431.9599915,-1.962509155,431.9599915,-7.726318359,431.9599915,-13.03042603,431.9599915,-19.88864136,431.9599915,-27.50974274,302,16.20199966,282.0299988,-0.04081344604,282.0299988,6.284890652,392,75.41804504,402,68.09831238,372,67.93260956,
383.0700073,78.27009583,282.9599915,4.991523266,433.0299988,-2.714874268,433.0299988,-0.2125701904,433.0299988,5.626502991,433.0299988,2.527832031,433.0299988,-1.13873291,433.0299988,-2.244033813,433.0299988,-8.101821899,433.0299988,-12.59874725,433.0299988,-18.22106171,433.0299988,-25.71764374,303.0700073,16.41864395,282.9599915,1.398509026,282.9599915,9.180568695,393.0700073,78.84559631,403.0700073,68.61836243,373.0700073,70.76161194,
384,78.92665863,284.0599976,7.799505711,433.9299927,-5.845458984,433.9299927,-0.2428283691,433.9299927,3.92477417,433.9299927,0.4516983032,433.9299927,-1.243339539,433.9299927,-1.356681824,433.9299927,-5.579452515,433.9299927,-13.02236176,433.9299927,-19.79708099,433.9299927,-25.19205475,304,17.10262299,284.0599976,2.903622627,284.0599976,11.76212692,394,80.10559082,404,69.78649902,374,72.26921844,
385.0700073,82.21645355,285,9.8285923,435,-7.260025024,435,-1.310997009,435,2.389358521,435,2.028907776,435,-0.4368896484,435,-2.116714478,435,-6.065849304,435,-11.57258606,435,-18.38478088,435,-25.33866119,305.0700073,18.14570999,285,4.596482277,285,14.1019516,395.0700073,83.7742157,405.0700073,70.95407104,375.0700073,72.7502594,
386,81.57996368,285.9299927,11.78624725,436.0599976,-8.419395447,436.0599976,-3.231300354,436.0599976,3.210853577,436.0599976,-0.1861038208,436.0599976,-1.246955872,436.0599976,-2.732170105,436.0599976,-8.385421753,436.0599976,-12.53838348,436.0599976,-18.43559265,436.0599976,-24.56692505,306,18.60774612,285.9299927,6.982771873,285.9299927,16.37296295,396,81.62905884,406,72.16606903,376,76.98141479,
387.0700073,83.73114014,287.0299988,14.54214096,436.9599915,-8.291946411,436.9599915,-3.572570801,436.9599915,2.643241882,436.9599915,1.069526672,436.9599915,-0.7758026123,436.9599915,-4.221725464,436.9599915,-7.808074951,436.9599915,-11.3221283,436.9599915,-17.224823,436.9599915,-25.12756348,307.0700073,19.05010986,287.0299988,8.267825127,287.0299988,20.45123291,397.0700073,84.62521362,407.0700073,73.5854187,377.0700073,77.96542358,
388,87.25006866,287.9599915,16.22801018,438.0299988,-9.020469666,438.0299988,-6.302932739,438.0299988,-0.8802185059,438.0299988,0.05452728271,438.0299988,-3.772239685,438.0299988,-3.459960938,438.0299988,-6.743797302,438.0299988,-11.61048889,438.0299988,-17.63598633,438.0299988,-23.58305359,308,19.53631973,287.9599915,10.18268108,287.9599915,22.67636299,398,83.3000946,408,77.05969238,378,75.71055603,
389.0700073,87.66888428,289.0599976,17.71117973,438.9299927,-11.60813141,438.9299927,-4.74710083,438.9299927,-1.445053101,438.9299927,0.6312484741,438.9299927,-3.466445923,438.9299927,-4.066200256,438.9299927,-7.637405396,438.9299927,-10.47592163,438.9299927,-17.63195038,438.9299927,-24.21392822,309.0700073,19.94867325,289.0599976,12.08947659,289.0599976,25.49089622,399.0700073,85.02989197,409.0700073,76.08164215,379.0700073,78.53752899,
390,87.71260071,290,20.95433426,440,-12.18939209,440,-8.865127563,440,-2.511604309,440,-1.305374146,440,-2.715904236,440,-4.265792847,440,-6.662971497,440,-10.83764648,440,-17.74952698,440,-23.99970245,310,20.44443893,290,14.34097767,290,28.27690315,400,85.60728455,410,78.77513885,380,81.4944458,
391.0700073,87.572258,290.9299927,22.71765137,441.0599976,-13.59805298,441.0599976,-7.741088867,441.0599976,-1.629737854,441.0599976,-2.905807495,441.0599976,-3.98764801,441.0599976,-5.880279541,441.0599976,-8.996513367,441.0599976,-11.27966309,441.0599976,-17.43236542,441.0599976,-23.47753906,311.0700073,21.8134346,290.9299927,15.49961758,290.9299927,31.39957237,401.0700073,84.59562683,411.0599976,76.80334473,381.0700073,82.14472961,
392,87.34296417,292.0299988,26.0451355,441.9599915,-14.3332901,441.9599915,-10.045578,441.9599915,-3.868644714,441.9599915,-5.186950684,441.9599915,-3.646774292,441.9599915,-5.531570435,441.9599915,-8.340942383,441.9599915,-11.17776489,441.9599915,-18.36386108,441.9599915,-22.09191895,312,21.79795837,292.0299988,18.61888504,292.0299988,35.34087372,402,87.78155518,411.9599915,78.23326874,382,81.59198761,
393.0700073,90.44348907,292.9599915,28.71310425,443.0299988,-15.82518005,443.0299988,-8.86819458,443.0299988,-5.041366577,443.0299988,-5.420089722,443.0299988,-5.517364502,443.0299988,-5.93081665,443.0299988,-7.553825378,443.0299988,-12.68927765,443.0299988,-18.21186829,443.0299988,-22.77711487,313.0700073,21.98604202,292.9599915,21.12725449,292.9599915,36.58228302,403.0700073,86.758255,413.0299988,81.87496185,383.0700073,84.19760132,
394,90.74181366,294.0599976,31.8171463,443.9299927,-15.92730713,443.9299927,-10.39898682,443.9299927,-5.872131348,443.9299927,-5.169654846,443.9299927,-5.140777588,443.9299927,-6.774360657,443.9299927,-10.21743011,443.9299927,-12.41355896,443.9299927,-17.01222229,443.9299927,-21.37225342,314,23.28582382,294.0599976,22.70097733,294.0599976,40.27199936,404,86.2869873,413.9299927,81.68031311,384,82.87071228,
395.0700073,90.70100403,295,34.64903641,445,-16.052742,445,-13.24230957,445,-7.675811768,445,-5.499771118,445,-6.302276611,445,-5.944793701,445,-11.4357605,445,-11.62249756,445,-16.82833099,445,-22.02326965,315.0700073,22.36476135,295,24.99842072,295,43.35826874,405.0700073,87.81185913,415,81.50661469,385.0700073,84.38920593,
396,90.61691284,295.9299927,36.75975418,446.0599976,-20.19218445,446.0599976,-13.87414551,446.0599976,-8.228187561,446.0599976,-7.371139526,446.0599976,-6.628547668,446.0599976,-6.876998901,446.0599976,-10.11937714,446.0599976,-13.13800049,446.0599976,-16.3108902,446.0599976,-21.79544067,316,23.31098557,295.9299927,27.49828339,295.9299927,46.06550598,406,90.22706604,416.0599976,85.86647034,386,87.97939301,
397.0700073,92.03284454,297.0299988,40.15835953,446.9599915,-20.3365097,446.9599915,-15.11083221,446.9599915,-9.287849426,446.9599915,-8.295578003,446.9599915,-7.312210083,446.9599915,-8.463722229,446.9599915,-11.05033112,446.9599915,-12.58013153,446.9599915,-16.15575409,446.9599915,-20.55503082,317.0700073,25.09060287,297.0299988,29.3597908,297.0299988,48.88744736,407.0700073,88.16116333,416.9599915,83.84192657,387.0700073,85.55902863,
398,91.18480682,297.9599915,40.74258041,448.0299988,-20.82923126,448.0299988,-14.23708344,448.0299988,-9.557830811,448.0299988,-7.825668335,448.0299988,-9.814567566,448.0299988,-7.729217529,448.0299988,-9.759292603,448.0299988,-13.4509201,448.0299988,-16.34601593,448.0299988,-21.84872437,318,24.09363556,297.9599915,31.01847839,297.9599915,49.9575386,408,90.97055054,418.0299988,87.29665375,388,85.89732361,
399.0700073,93.4200058,299.0599976,43.42075348,448.9299927,-21.20478821,448.9299927,-17.66923523,448.9299927,-11.8986969,448.9299927,-8.784469604,448.9299927,-9.727729797,448.9299927,-9.732582092,448.9299927,-9.733390808,448.9299927,-12.77490234,448.9299927,-16.49979401,448.9299927,-20.72737122,319.0700073,25.62903976,299.0599976,33.49196625,299.0599976,51.81850815,409.0700073,91.5098877,418.9299927,85.27191162,389.0700073,87.91226959,
400,90.45697021,300,47.44632339,450,-22.2935257,450,-17.68774414,450,-11.87324524,450,-11.15049744,450,-8.576774597,450,-9.125564575,450,-10.89498138,450,-11.62259674,450,-18.07408142,450,-21.24516296,320,25.17361832,300,34.44255447,300,55.37637711,410,91.97570801,420,88.05166626,390,86.41420746,
401.0700073,91.57810974,301.0700073,48.33516693,451.0599976,-24.06885529,451.0599976,-18.46783447,451.0599976,-13.12062836,451.0599976,-12.64360046,451.0599976,-10.30977631,451.0599976,-9.233680725,451.0599976,-11.9813385,451.0599976,-13.06703949,451.0599976,-16.01281738,451.0599976,-21.38254547,320.9299927,25.93582916,301.0700073,37.53549194,301.0700073,57.12220764,411.0599976,94.46337891,421.0700073,89.44184875,391.0700073,88.13347626,
402,92.66172791,302,49.63708115,451.9599915,-24.90431213,451.9599915,-20.14078522,451.9599915,-13.51818848,451.9599915,-10.43443298,451.9599915,-9.174880981,451.9599915,-9.165153503,451.9599915,-12.02126312,451.9599915,-14.17204285,451.9599915,-18.06861115,451.9599915,-21.67709351,322.0299988,27.17724228,302,38.20378494,302,60.2421608,411.9599915,91.57516479,422,85.42352295,392,88.27979279,
403.0700073,91.95001984,303.0700073,52.46012115,453.0299988,-25.62107849,453.0299988,-19.39155579,453.0299988,-14.10753632,453.0299988,-12.2184906,453.0299988,-11.77168274,453.0299988,-9.892097473,453.0299988,-10.89428711,453.0299988,-13.56599426,453.0299988,-17.77409363,453.0299988,-22.23300171,322.9599915,27.96408081,303.0700073,42.41469955,303.0700073,61.10263443,413.0299988,95.52171326,423.0700073,86.53794098,393.0700073,89.77105713,
404,93.32935333,304,54.65881348,453.9299927,-25.38312531,453.9299927,-19.43738556,453.9299927,-14.36645508,453.9299927,-12.18096924,453.9299927,-11.77492523,453.9299927,-12.8183136,453.9299927,-11.6193924,453.9299927,-14.91433716,453.9299927,-17.54969025,453.9299927,-22.12254333,324.0599976,29.05161667,304,42.40759659,304,63.24038315,413.9299927,92.54566956,424,87.12621307,394,87.43503571,
405.0700073,92.08578491,305.0700073,58.93666077,455,-25.58524323,455,-20.67243195,455,-14.67282104,455,-15.46450043,455,-12.48432159,455,-10.58782196,455,-13.34746552,455,-14.06415558,455,-16.36723328,455,-20.88568115,325,28.41897583,305.0700073,44.30741501,305.0700073,65.44496918,415,95.78315735,425.0700073,87.6543045,395.0700073,86.38816071,
406,92.90825653,306,60.39427185,456.0599976,-28.55018997,456.0599976,-21.70452118,456.0599976,-15.96196747,456.0599976,-13.06465149,456.0599976,-13.62360382,456.0599976,-12.3236618,456.0599976,-12.73287201,456.0599976,-14.34002686,456.0599976,-19.27466583,456.0599976,-21.90325165,325.9299927,29.53469849,306,47.48153305,306,67.40583038,416.0599976,94.56063843,426,86.31692505,396,87.75669861,
407.0700073,91.91352081,307.0700073,63.10647583,456.9599915,-25.83118439,456.9599915,-21.35400391,456.9599915,-16.3974762,456.9599915,-17.26602173,456.9599915,-13.01843262,456.9599915,-12.41817474,456.9599915,-14.1516037,456.9599915,-13.86376953,456.9599915,-18.22537994,456.9599915,-22.63748169,327.0299988,30.17512894,307.0700073,48.63223648,307.0700073,69.43769836,416.9599915,94.39944458,427.0700073,88.58782196,397.0700073,87.25508881,
408,90.76655579,308,65.85592651,458.0299988,-29.48061752,458.0299988,-22.9307785,458.0299988,-18.23038483,458.0299988,-15.74868774,458.0299988,-13.70066833,458.0299988,-14.10745239,458.0299988,-14.29490662,458.0299988,-14.51390839,458.0299988,-17.64445496,458.0299988,-21.4981308,327.9599915,30.13955688,308,52.48571777,308,72.31012726,418.0299988,93.85552979,428,87.22121429,398,88.75569916,
409.0700073,91.47114563,309.0700073,67.45262146,458.9299927,-31.39476013,458.9299927,-21.98475647,458.9299927,-18.49143219,458.9299927,-16.47271729,458.9299927,-15.53936005,458.9299927,-13.05030823,458.9299927,-15.50281525,458.9299927,-15.9043045,458.9299927,-19.49253082,458.9299927,-20.93958282,329.0599976,31.02014923,309.0700073,53.39121628,309.0700073,74.4493866,418.9299927,94.04980469,429.0700073,85.27991486,399.0700073,86.24182892,
410,90.57705688,310,71.12799835,460,-32.51648712,460,-24.87941742,460,-18.10437775,460,-17.82054138,460,-14.34846497,460,-14.42229462,460,-14.94693756,460,-15.18037415,460,-19.03141022,460,-22.22167969,330,31.91975403,310,55.84801483,310,75.90068054,420,93.859375,430,85.80450439,400,88.08629608,
411.0599976,89.81316376,311.0700073,71.6556015,461.0599976,-31.01834106,461.0599976,-26.06012726,461.0599976,-20.72360992,461.0599976,-17.01566315,461.0599976,-16.09803009,461.0599976,-15.03440857,461.0599976,-15.78063965,461.0599976,-16.25271606,461.0599976,-18.98722839,461.0599976,-22.65865326,331.0700073,32.51781082,311.0700073,57.67391205,311.0700073,76.53730011,421.0700073,95.14520264,431.0599976,85.87480927,401.0700073,84.8925705,
411.9599915,89.82192993,312,72.41494751,461.9599915,-31.86178207,461.9599915,-25.35113525,461.9599915,-19.43678284,461.9599915,-18.46383667,461.9599915,-18.33162689,461.9599915,-15.74996185,461.9599915,-15.70835114,461.9599915,-18.38366699,461.9599915,-20.45722961,461.9599915,-22.45921326,332,34.16812515,312,58.67830658,312,78.08081818,422,91.14691162,431.9599915,83.67861176,402,87.45863342,
413.0299988,91.24225616,313.0700073,75.97801971,463.0299988,-32.7616272,463.0299988,-27.85742188,463.0299988,-22.14373016,463.0299988,-20.48924255,463.0299988,-18.1459198,463.0299988,-15.38101959,463.0299988,-17.38328552,463.0299988,-17.89923096,463.0299988,-19.86188507,463.0299988,-24.03285217,333.0700073,33.19558334,313.0700073,60.18328857,313.0700073,78.1705246,423.0700073,93.4677124,433.0299988,84.09172821,403.0700073,84.25265503,
413.9299927,90.19255066,314,76.15058136,463.9299927,-33.76797485,463.9299927,-29.58921814,463.9299927,-21.98897552,463.9299927,-20.41886139,463.9299927,-19.17325592,463.9299927,-16.85462952,463.9299927,-17.38348389,463.9299927,-17.87682343,463.9299927,-20.83196259,463.9299927,-22.93650818,334,36.32223511,314,61.57548523,314,78.74097443,424,91.5446167,433.9299927,83.7461319,404,85.24265289,
415,88.12242126,315.0700073,79.67247009,465,-33.80949783,465,-29.54384995,465,-23.4749527,465,-21.57292938,465,-18.65625,465,-18.06945801,465,-17.5242157,465,-18.58019257,465,-21.12081146,465,-23.16743469,335.0700073,37.06085587,315.0700073,64.40408325,315.0700073,80.56251526,425.0700073,92.48739624,435,81.3086319,405.0700073,85.68672943,
416.0599976,88.8625946,316,81.08873749,466.0599976,-34.79415894,466.0599976,-29.34106827,466.0599976,-24.20404053,466.0599976,-22.18800354,466.0599976,-18.52100372,466.0599976,-18.39369202,466.0599976,-19.59895325,466.0599976,-19.00354004,466.0599976,-20.78179932,466.0599976,-24.13533783,336,37.5812149,316,64.09945679,316,80.10687256,426,89.62220764,436.0599976,81.87937927,406,86.524086,
416.9599915,87.00444794,317.0700073,84.1749115,466.9599915,-35.08433533,466.9599915,-30.4134903,466.9599915,-24.29572296,466.9599915,-21.71740723,466.9599915,-20.03565216,466.9599915,-19.01557159,466.9599915,-19.23419189,466.9599915,-18.89584351,466.9599915,-22.73223877,466.9599915,-24.0549469,337.0700073,37.14994431,317.0700073,66.36666107,317.0700073,81.40970612,427.0700073,89.10432434,436.9599915,81.00473785,407.0700073,84.35613251,
418.0299988,88.44364929,318,82.16783142,468.0299988,-36.20930862,468.0299988,-31.60565948,468.0299988,-25.67765045,468.0299988,-22.53970337,468.0299988,-19.51628876,468.0299988,-19.14022827,468.0299988,-19.67302704,468.0299988,-21.32441711,468.0299988,-21.08577728,468.0299988,-24.88453674,338,40.29758835,318,70.13579559,318,82.81598663,428,88.86271667,438.0299988,80.61659241,408,82.1620636,
418.9299927,85.59033203,319.0700073,83.51039124,468.9299927,-37.1216507,468.9299927,-29.6755867,468.9299927,-24.59893799,468.9299927,-22.1485672,468.9299927,-21.17825317,468.9299927,-19.87036133,468.9299927,-18.8923111,468.9299927,-19.4202652,468.9299927,-21.58979797,468.9299927,-24.71193695,339.0700073,38.88558197,319.0700073,70.78106689,319.0700073,81.88581848,429.0700073,88.03144836,438.9299927,81.33415985,409.0700073,82.50199127,
420,84.2784729,320,85.32867432,470,-36.36215591,470,-33.37638855,470,-28.63891983,470,-23.49128723,470,-21.62304688,470,-20.63156128,470,-20.22356415,470,-21.67193604,470,-21.97123718,470,-26.11322784,340,40.62601089,320,72.24758911,320,80.8864975,430,86.62464905,440,79.30469513,410,82.102005,
421.0700073,85.78143311,320.9299927,87.32327271,471.0599976,-36.46586227,471.0599976,-33.34358978,471.0599976,-26.74737549,471.0599976,-25.61702728,471.0599976,-22.57817841,471.0599976,-20.98430634,471.0599976,-21.99750519,471.0599976,-22.11121368,471.0599976,-21.98409271,471.0599976,-25.66064453,341.0700073,39.74304199,320.9299927,74.10715485,320.9299927,80.7420578,431.0599976,86.36643982,441.0599976,75.64861298,411.0599976,81.28635406,
422,85.54673767,322.0299988,87.17569733,471.9599915,-39.10214615,471.9599915,-34.2075386,471.9599915,-26.57516479,471.9599915,-25.34770203,471.9599915,-24.82757568,471.9599915,-21.84166718,471.9599915,-22.27565002,471.9599915,-22.63526917,471.9599915,-23.36501312,471.9599915,-25.68012238,342,40.80915451,322.0299988,75.44802094,322.0299988,81.41350555,431.9599915,84.68322754,441.9599915,76.62653351,411.9599915,80.76170349,
423.0700073,82.9553299,322.9599915,88.63001251,473.0299988,-39.35432053,473.0299988,-33.47302246,473.0299988,-27.75754547,473.0299988,-26.40441895,473.0299988,-22.95411682,473.0299988,-22.4132843,473.0299988,-22.4532547,473.0299988,-21.66940308,473.0299988,-22.85264587,473.0299988,-25.84805298,343.0700073,41.53492355,322.9599915,77.51637268,322.9599915,81.04690552,433.0299988,83.61320496,443.0299988,76.71665955,413.0299988,80.61929321,
424,84.2164917,324.0599976,90.12889099,473.9299927,-40.05189896,473.9299927,-34.64075851,473.9299927,-29.63050842,473.9299927,-26.66078949,473.9299927,-24.3935318,473.9299927,-22.4393158,473.9299927,-22.74568939,473.9299927,-23.34176636,473.9299927,-22.67280579,473.9299927,-26.54705048,344,42.54672623,324.0599976,76.91202545,324.0599976,82.86697388,433.9299927,83.64593506,443.9299927,75.5925293,413.9299927,79.10386658,
425.0700073,81.32015991,325,91.78468323,475,-39.35874176,475,-34.85024643,475,-29.80196381,475,-27.05179596,475,-25.24628448,475,-24.41571808,475,-23.49797058,475,-22.76213837,475,-23.26334381,475,-27.06362152,345.0700073,44.97671509,325,81.21722412,325,83.91902161,435,79.13273621,445,74.84882355,415,77.48684692,
426,79.47338867,325.9299927,92.16594696,476.0599976,-39.96695709,476.0599976,-34.59721756,476.0599976,-31.11225891,476.0599976,-28.26071167,476.0599976,-24.9535141,476.0599976,-24.02068329,476.0599976,-24.51560211,476.0599976,-24.31164551,476.0599976,-23.74397278,476.0599976,-26.87016296,346,44.36849976,325.9299927,83.25092316,325.9299927,82.61725616,436.0599976,79.93919373,446.0599976,75.11486053,416.0599976,77.0178299,
427.0700073,77.55897522,327.0299988,93.04516602,476.9599915,-40.91699982,476.9599915,-36.37636566,476.9599915,-30.47725677,476.9599915,-28.95051575,476.9599915,-27.53670502,476.9599915,-24.44987488,476.9599915,-23.58689117,476.9599915,-24.86432648,476.9599915,-23.96212769,476.9599915,-26.1235733,347.0700073,45.52976608,327.0299988,84.88391113,327.0299988,82.66809845,436.9599915,80.66186523,446.9599915,72.40725708,416.9599915,77.94265747,
428,77.47393036,327.9599915,94.28784943,478.0299988,-41.54079819,478.0299988,-36.56052017,478.0299988,-32.27651978,478.0299988,-30.29119873,478.0299988,-27.51348114,478.0299988,-23.93391418,478.0299988,-24.45463562,478.0299988,-24.00788879,478.0299988,-24.83731079,478.0299988,-27.14154053,348,45.16005325,327.9599915,83.08319092,327.9599915,83.29367065,438.0299988,77.25204468,448.0299988,74.17480469,418.0299988,75.2598877,
429.0700073,77.01131439,329.0599976,92.65912628,478.9299927,-40.39107513,478.9299927,-36.53678513,478.9299927,-32.2241745,478.9299927,-27.96839523,478.9299927,-27.84249878,478.9299927,-25.77433777,478.9299927,-25.04988861,478.9299927,-22.75471497,478.9299927,-25.22867584,478.9299927,-26.87966156,349.0700073,45.22605515,329.0599976,86.58461761,329.0599976,80.75076294,438.9299927,77.21923828,448.9299927,71.28778076,418.9299927,74.36949921,
430,75.08436584,330,95.40779877,480,-41.68357849,480,-37.66919708,480,-32.9068985,480,-30.06772614,480,-26.84416962,480,-25.79747009,480,-24.24472809,480,-24.01777649,480,-25.74797058,480,-25.91213226,350,45.93201828,330,88.36162567,330,80.43466187,440,75.37780762,450,72.12346649,420,73.90663147,
431.0599976,74.05643463,331.0700073,96.10201263,481.0599976,-43.79820633,481.0599976,-35.78110886,481.0599976,-30.87724304,481.0599976,-30.5012207,481.0599976,-28.19701767,481.0599976,-24.91004181,481.0599976,-25.19306946,481.0599976,-23.79103851,481.0599976,-24.86525726,481.0599976,-26.63504028,351.0700073,47.74686813,331.0700073,87.74081421,331.0700073,76.50228882,441.0599976,75.38052368,451.0599976,71.23155975,421.0700073,73.32460785,
431.9599915,73.31048584,332,93.91294098,481.9599915,-41.82337189,481.9599915,-37.68645477,481.9599915,-32.93768692,481.9599915,-29.66591644,481.9599915,-27.62089539,481.9599915,-25.78604889,481.9599915,-25.66133881,481.9599915,-24.04727936,481.9599915,-25.78884125,481.9599915,-27.17516327,352,46.68874741,332,88.43967438,332,76.55996704,441.9599915,75.0395813,451.9599915,69.79573059,422,71.92904663,
433.0299988,71.06963348,333.0700073,93.58907318,483.0299988,-42.01783752,483.0299988,-37.18812561,483.0299988,-34.33864975,483.0299988,-29.98600769,483.0299988,-28.23447037,483.0299988,-26.14487457,483.0299988,-27.51210022,483.0299988,-24.76766968,483.0299988,-25.14810181,483.0299988,-28.16625595,353.0700073,47.72759247,333.0700073,89.69444275,333.0700073,74.7956543,443.0299988,71.00166321,453.0299988,71.6815567,423.0700073,73.23550415,
433.9299927,71.45065308,334,94.61535645,483.9299927,-44.0574646,483.9299927,-38.74977493,483.9299927,-32.5300827,483.9299927,-31.86859894,483.9299927,-28.07866669,483.9299927,-27.2250061,483.9299927,-27.74016953,483.9299927,-25.39476776,483.9299927,-24.91159821,483.9299927,-26.41035461,354,48.61651993,334,91.45085907,334,71.61824799,443.9299927,71.31057739,453.9299927,68.7687912,424,70.83325958,
435,68.31834412,335.0700073,92.89923859,485,-44.86137009,485,-39.61730576,485,-34.34854507,485,-32.22853851,485,-29.31968307,485,-27.76018143,485,-26.77050781,485,-25.69342804,485,-25.7622757,485,-28.82744217,355.0700073,48.13212585,335.0700073,91.0759964,335.0700073,70.26036072,445,71.76472473,455,68.73419189,425.0700073,70.38946533,
436.0599976,65.40536499,336,91.353508,486.0599976,-43.50974655,486.0599976,-37.50838089,486.0599976,-35.15993881,486.0599976,-31.35544968,486.0599976,-29.38566589,486.0599976,-27.82960892,486.0599976,-28.13488007,486.0599976,-26.19400787,486.0599976,-27.3189621,486.0599976,-28.11646271,356,49.09630585,336,91.5280304,336,68.64762115,446.0599976,69.16134644,456.0599976,67.84741211,426,68.33985138,
436.9599915,67.27867126,337.0700073,88.52481842,486.9599915,-44.30931091,486.9599915,-39.6136055,486.9599915,-35.33714294,486.9599915,-32.50152969,486.9599915,-28.28409958,486.9599915,-27.47107697,486.9599915,-27.4933548,486.9599915,-24.75582123,486.9599915,-27.17751312,486.9599915,-27.86187744,357.0700073,48.72981644,337.0700073,93.45767212,337.0700073,64.6733551,446.9599915,69.88568115,456.9599915,66.0868988,427.0700073,68.08074951,
438.0299988,66.16109467,338,88.44509888,488.0299988,-44.45964813,488.0299988,-39.40997314,488.0299988,-35.03635788,488.0299988,-32.56496429,488.0299988,-30.09535599,488.0299988,-27.45982361,488.0299988,-28.57078552,488.0299988,-25.8848877,488.0299988,-27.08426666,488.0299988,-27.92075729,358,49.05118179,338,91.14511871,338,64.44313049,448.0299988,69.34803772,458.0299988,65.51098633,428,65.14274597,
438.9299927,63.94068909,339.0700073,89.53318024,488.9299927,-44.89458084,488.9299927,-40.46576691,488.9299927,-35.53283691,488.9299927,-32.08750916,488.9299927,-29.4842453,488.9299927,-27.78091049,488.9299927,-28.87046051,488.9299927,-26.81027985,488.9299927,-28.21514511,488.9299927,-30.13246536,359.0700073,49.79771042,339.0700073,92.79972839,339.0700073,61.68006516,448.9299927,67.36343384,458.9299927,66.41614532,429.0700073,65.62316895,
440,64.72315216,340,85.9249649,490,-44.65881729,490,-41.09000778,490,-35.52827835,490,-33.68040466,490,-31.44893646,490,-29.364254,490,-29.49536133,490,-27.77476501,490,-27.6979332,490,-29.00627899,360,48.17773819,340,94.12411499,340,59.99764633,450,66.02067566,460,63.03793716,430,62.88931274,
441.0599976,61.20755005,341.0700073,82.1703186,491.0400085,-46.71980286,491.0400085,-40.88798523,491.0400085,-35.98207092,491.0400085,-35.03799438,491.0400085,-31.98891449,491.0400085,-30.44490433,491.0400085,-29.63093948,491.0400085,-28.26914597,491.0400085,-29.44081497,491.0400085,-28.89151764,361.0700073,50.84738541,341.0700073,90.04535675,341.0700073,54.76897812,451.0599976,66.80778503,461.0599976,64.28547668,431.0599976,63.16456604,
441.9599915,60.82875061,342,82.37963104,491.9400024,-46.38034821,491.9400024,-41.62674332,491.9400024,-37.48347473,491.9400024,-35.01343155,491.9400024,-32.28770065,491.9400024,-31.11146927,491.9400024,-29.52978516,491.9400024,-29.17512131,491.9400024,-28.23277283,491.9400024,-28.97270584,362,49.58064651,342,89.99543762,342,52.92401123,451.9599915,64.1010437,461.9599915,62.72758102,431.9599915,61.81240845,
443.0299988,61.75514984,343.0700073,79.38516235,492.980011,-45.69831467,492.980011,-41.77609253,492.980011,-37.67913055,492.980011,-35.75773621,492.980011,-34.50367355,492.980011,-32.06503296,492.980011,-30.00957108,492.980011,-28.18260193,492.980011,-29.64131165,492.980011,-30.58782196,363.0700073,50.39886475,343.0700073,91.83795929,343.0700073,50.0020752,453.0299988,64.11843872,463.0299988,63.51369858,433.0299988,59.83730316,
443.9299927,59.24775696,344,77.16220856,494.019989,-47.46313095,494.019989,-42.94297028,494.019989,-37.8015976,494.019989,-33.70235825,494.019989,-33.36828232,494.019989,-32.66186905,494.019989,-30.31427002,494.019989,-29.81985855,494.019989,-29.91421127,494.019989,-30.8045845,364,51.28926086,344,91.07849884,344,46.28417587,453.9299927,60.8382988,463.9299927,62.84943008,433.9299927,58.78539276,
445,57.35142517,345.0700073,77.25738525,495.0700073,-46.89173508,495.0700073,-43.91672516,495.0700073,-38.60540771,495.0700073,-35.77515793,495.0700073,-34.99314499,495.0700073,-32.35980225,495.0700073,-31.52260971,495.0700073,-31.10212326,495.0700073,-30.79727173,495.0700073,-32.26003647,365.0700073,50.05037308,345.0700073,92.22283173,345.0700073,44.99991226,455,60.56512833,465,60.98164749,435,59.35884857,
446.0599976,56.24275208,346,73.29194641,495.9700012,-48.46427536,495.9700012,-44.70161819,495.9700012,-39.18583298,495.9700012,-36.4211235,495.9700012,-34.12619019,495.9700012,-32.8726387,495.9700012,-32.42506409,495.9700012,-31.12154007,495.9700012,-30.66139221,495.9700012,-32.70703125,366,50.27416611,346,87.4546051,346,42.26066589,456.0599976,62.46705246,466.0599976,60.92251968,436.0599976,56.13434219,
446.9599915,54.44246292,347.0700073,71.13684845,497.0100098,-48.56287003,497.0100098,-45.00579071,497.0100098,-41.48080444,497.0100098,-37.83889008,497.0100098,-35.84671783,497.0100098,-33.78144073,497.0100098,-33.03379822,497.0100098,-30.26751709,497.0100098,-31.47993851,497.0100098,-33.01316071,367.0700073,51.08029175,347.0700073,88.85450745,347.0700073,38.25507355,456.9599915,58.87585068,466.9599915,59.24769211,436.9599915,56.11135101,
448.0299988,55.22389984,348,69.92214203,498.0499878,-48.62113953,498.0499878,-46.70187378,498.0499878,-40.77665329,498.0499878,-37.36104584,498.0499878,-36.04255295,498.0499878,-34.29511261,498.0499878,-35.19051361,498.0499878,-31.98355103,498.0499878,-31.69246674,498.0499878,-32.70713043,368,50.87934875,348,89.01153564,348,37.27816391,458.0299988,60.04213333,468.0299988,57.43426132,438.0299988,54.11475754,
448.9299927,53.84105301,349.0700073,68.41881561,498.9500122,-50.59078979,498.9500122,-45.46825027,498.9500122,-41.09010315,498.9500122,-37.77947235,498.9500122,-38.12224197,498.9500122,-34.40223312,498.9500122,-34.62650681,498.9500122,-33.29593658,498.9500122,-34.20323944,498.9500122,-34.68626785,369.0700073,51.18092728,349.0700073,86.07176208,349.0700073,35.25863647,458.9299927,58.57517624,468.9299927,57.83555984,438.9299927,54.10611725,
450,54.97602081,350,64.41885376,500,-51.72734451,500,-46.84246445,500,-41.80789948,500,-39.1531105,500,-37.57850647,500,-36.3045578,500,-35.17440033,500,-34.02412415,500,-33.00631332,500,-35.27313232,370,53.61032486,350,85.89353943,350,32.00354767,460,58.6517601,470,57.91484451,440,52.85328293,
451.0599976,52.17949677,351.0700073,61.45002747,501.0400085,-51.10058212,501.0400085,-47.5589447,501.0400085,-43.22147369,501.0400085,-42.76041031,501.0400085,-38.17359924,501.0400085,-37.91534805,501.0400085,-36.50120926,501.0400085,-34.74715424,501.0400085,-32.4791832,501.0400085,-35.04065323,371.0700073,51.96440887,351.0700073,85.42500305,351.0700073,29.35464668,461.0599976,56.81736374,471.0599976,58.03130722,441.0599976,50.9258194,
451.9599915,53.10342407,352,60.46469116,501.9400024,-51.62044525,501.9400024,-48.10636139,501.9400024,-43.16312408,501.9400024,-41.55765152,501.9400024,-39.28684998,501.9400024,-37.50450897,501.9400024,-36.13918304,501.9400024,-34.89068604,501.9400024,-35.17146301,501.9400024,-36.15971375,372,53.51756287,352,83.55718994,352,28.58265877,461.9599915,55.71133041,471.9599915,55.78362656,441.9599915,50.88644028,
453.0299988,50.18439102,353.0700073,57.51953888,502.980011,-52.19262314,502.980011,-48.12484741,502.980011,-45.37181854,502.980011,-40.66432953,502.980011,-40.68901062,502.980011,-36.93016052,502.980011,-36.70746613,502.980011,-35.73756027,502.980011,-37.86551666,502.980011,-37.32779694,373.0700073,52.06854248,353.0700073,82.84597015,353.0700073,24.76161385,463.0299988,56.18424606,473.0299988,56.23379135,443.0299988,48.7722702,
453.9299927,51.43809509,354,58.06069183,504.019989,-53.08269501,504.019989,-47.89760208,504.019989,-44.18235779,504.019989,-42.70087051,504.019989,-41.49493408,504.019989,-38.64184952,504.019989,-39.40260696,504.019989,-36.56440735,504.019989,-37.61433029,504.019989,-38.57164001,374,52.55635834,354,79.7930603,354,23.70150948,463.9299927,53.22291946,473.9299927,55.25193405,443.9299927,48.45108414,
455,49.04581833,355.0700073,53.1282196,505.0700073,-53.52903748,505.0700073,-49.89650345,505.0700073,-45.4799118,505.0700073,-44.60876465,505.0700073,-41.44942474,505.0700073,-40.55461502,505.0700073,-40.24235153,505.0700073,-37.8601532,505.0700073,-38.92953491,505.0700073,-39.1282692,375.0700073,52.00468063,355.0700073,80.82437134,355.0700073,21.53667259,465,55.36349106,475,53.87123108,445,47.07048035,
456.0599976,47.95698547,356,52.30170822,505.9700012,-55.28769684,505.9700012,-49.95758438,505.9700012,-46.72687531,505.9700012,-45.30405045,505.9700012,-42.97919083,505.9700012,-40.60425949,505.9700012,-40.7146492,505.9700012,-38.72146225,505.9700012,-38.30395508,505.9700012,-39.76741028,376,51.59923935,356,81.50865173,356,20.54539871,466.0599976,52.15618896,476.0599976,54.31907654,446.0599976,48.38491058,
456.9599915,47.00701523,357.0700073,51.24418259,507.0100098,-53.82822418,507.0100098,-51.22460556,507.0100098,-46.55976105,507.0100098,-45.8428688,507.0100098,-42.97891235,507.0100098,-41.61268616,507.0100098,-42.32477188,507.0100098,-38.75975037,507.0100098,-39.0805397,507.0100098,-40.22150421,377.0700073,51.76032257,357.0700073,77.36863708,357.0700073,18.95167732,466.9599915,54.01602554,476.9599915,54.72073746,446.9599915,45.6546936,
458.0299988,47.06305695,358,49.49745941,508.0499878,-55.40126419,508.0499878,-51.12047577,508.0499878,-48.0234642,508.0499878,-47.13716507,508.0499878,-43.73971558,508.0499878,-43.30506897,508.0499878,-41.62026978,508.0499878,-41.16747284,508.0499878,-40.01105881,508.0499878,-41.65849686,378,51.39722443,358,78.05101776,358,17.62971306,468.0299988,52.21212387,478.0299988,51.88127518,448.0299988,44.26833344,
458.9299927,46.41212082,359.0700073,46.04328537,508.9500122,-55.51227951,508.9500122,-52.44988251,508.9500122,-48.96004105,508.9500122,-46.1132431,508.9500122,-44.84746933,508.9500122,-44.51865768,508.9500122,-41.72751999,508.9500122,-41.82717514,508.9500122,-42.78014374,508.9500122,-41.4271965,379.0700073,51.77251434,359.0700073,75.95423889,359.0700073,15.43082809,468.9299927,51.03547668,478.9299927,53.05645752,448.9299927,44.46743011,
460,45.55306625,360,45.01383972,510,-56.66978455,510,-53.08997345,510,-49.79499054,510,-47.32635498,510,-46.30134964,510,-45.01778412,510,-43.76383209,510,-42.43426514,510,-43.07888794,510,-42.54578018,380,50.29423141,360,74.5115509,360,15.13642883,470,51.81550217,480,54.16939545,450,44.3614769,
461.0599976,44.22077179,361.0700073,43.93973541,511.0599976,-57.32004929,511.0599976,-54.32940674,511.0599976,-51.52853394,511.0599976,-49.64368057,511.0599976,-47.49376297,511.0599976,-45.97304535,511.0599976,-44.67199326,511.0599976,-42.81347275,511.0599976,-43.69115448,511.0599976,-43.33231735,381.0700073,50.40893555,361.0700073,72.29730988,361.0700073,13.33149338,471.0599976,49.08364105,481.0599976,51.92218781,451.0599976,43.1690712,
461.9599915,43.95930481,362,40.41030502,511.9599915,-57.75997925,511.9599915,-54.13132477,511.9599915,-52.22644806,511.9599915,-50.07478333,511.9599915,-47.22455215,511.9599915,-46.0425148,511.9599915,-45.49390793,511.9599915,-44.18067169,511.9599915,-43.9780426,511.9599915,-44.58673096,382,50.75999451,362,73.57570648,362,11.97216797,471.9599915,49.576931,481.9599915,52.14525986,451.9599915,42.89553833,
463.0299988,42.71892929,363.0700073,40.27801895,513.0300293,-58.61457825,513.0300293,-54.92462158,513.0300293,-52.974823,513.0300293,-50.41939545,513.0300293,-49.26377869,513.0300293,-47.01018906,513.0300293,-46.36523056,513.0300293,-44.69423294,513.0300293,-45.15609741,513.0300293,-45.48159027,383.0700073,50.50193024,363.0700073,70.7987442,363.0700073,11.74161148,473.0299988,50.66427612,483.0299988,51.25772476,453.0299988,41.48410797,
463.9299927,42.70474243,364,36.29488754,513.9299927,-58.74856186,513.9299927,-55.39757919,513.9299927,-52.59605408,513.9299927,-50.82028198,513.9299927,-49.08121872,513.9299927,-46.85449219,513.9299927,-47.41041183,513.9299927,-43.98106003,513.9299927,-45.06323624,513.9299927,-46.25671005,384,48.44745255,364,70.14748383,364,9.484430313,473.9299927,49.59869385,483.9299927,49.57403946,453.9299927,40.40777969,
465,42.75245667,365.0700073,35.64494324,515,-59.14321518,515,-56.15998459,515,-53.03403091,515,-50.95323944,515,-48.47489166,515,-49.11713409,515,-48.74296188,515,-46.54574966,515,-46.95179749,515,-46.29339218,385.0700073,51.03785324,365.0700073,67.43968201,365.0700073,8.348140717,475,47.42978668,485,49.32989883,455,41.37591934,
466.0599976,41.42438126,366,33.10004425,516.0599976,-60.24985123,516.0599976,-56.67333984,516.0599976,-55.17677689,516.0599976,-52.44058609,516.0599976,-51.34646225,516.0599976,-49.94879913,516.0599976,-49.43496704,516.0599976,-48.02676392,516.0599976,-47.01374435,516.0599976,-47.88195419,386,48.68920517,366,66.6044693,366,8.222608566,476.0599976,47.4065094,486.0599976,51.28639984,456.0599976,39.19562149,
466.9599915,40.3470726,367.0700073,30.30047226,516.960022,-59.65646362,516.960022,-58.43207169,516.960022,-54.43596268,516.960022,-53.02457428,516.960022,-51.54320145,516.960022,-49.91102219,516.960022,-50.37651825,516.960022,-47.70083237,516.960022,-48.15222168,516.960022,-48.82481384,387.0700073,47.60139847,367.0700073,64.45632935,367.0700073,6.484479427,476.9599915,46.76126099,486.9599915,49.8014679,456.9599915,36.76890945,
468.0299988,40.33880997,368,28.07616806,518.0300293,-61.49397278,518.0300293,-58.12434769,518.0300293,-54.35440445,518.0300293,-53.5656662,518.0300293,-52.44725418,518.0300293,-50.8313942,518.0300293,-50.46018219,518.0300293,-49.24050903,518.0300293,-49.91726303,518.0300293,-49.10655975,388,47.92340469,368,61.68929291,368,5.207445621,478.0299988,46.75309372,488.0299988,49.97532654,458.0299988,39.00786591,
468.9299927,40.01166534,369.0700073,26.75360107,518.9299927,-62.78266907,518.9299927,-58.31172943,518.9299927,-54.98113632,518.9299927,-54.53426743,518.9299927,-54.27476883,518.9299927,-52.28541565,518.9299927,-51.200634,518.9299927,-49.42802429,518.9299927,-49.29944229,518.9299927,-49.91478348,389.0700073,48.4274559,369.0700073,59.61873627,369.0700073,4.832520962,478.9299927,45.81236649,488.9299927,49.47206497,458.9299927,37.78279877,
470,38.92950821,370,25.09327316,520,-62.8075943,520,-59.12794876,520,-57.52333069,520,-56.08790588,520,-53.59549332,520,-52.98180389,520,-53.1159668,520,-50.52609634,520,-50.34980392,520,-50.5358696,390,46.49440384,370,60.44154358,370,3.163887501,480,46.57464218,490,48.74335861,460,38.36949539,
471.0599976,36.90545654,371.0700073,23.09645271,521.039978,-63.3339386,521.039978,-61.97024536,521.039978,-58.0617218,521.039978,-56.75010681,521.039978,-53.80704498,521.039978,-53.57359314,521.039978,-52.69860077,521.039978,-51.38936234,521.039978,-50.59096909,521.039978,-51.80270004,391.0599976,47.51527405,371.0700073,58.76345825,,,481.0599976,46.64892197,491.0400085,47.20593262,461.0599976,35.96755219,
471.9599915,38.71495438,372,21.82108307,521.9400024,-64.07601166,521.9400024,-60.83691025,521.9400024,-58.26529312,521.9400024,-57.53353882,521.9400024,-54.86614227,521.9400024,-54.72132492,521.9400024,-53.98645401,521.9400024,-52.89551926,521.9400024,-51.62937164,521.9400024,-52.37762451,391.9599915,47.20624924,372,56.3500824,,,481.9599915,45.48126221,491.9400024,46.36076355,461.9599915,37.4139061,
473.0299988,36.03289413,373.0700073,20.05802536,522.9799805,-64.06756592,522.9799805,-61.28267288,522.9799805,-58.72502136,522.9799805,-58.35476303,522.9799805,-55.74786758,522.9799805,-54.84905624,522.9799805,-54.63102722,522.9799805,-53.08877945,522.9799805,-54.17905807,522.9799805,-52.62631226,393.0299988,46.79742432,373.0700073,55.41204834,,,483.0299988,44.93012238,492.980011,47.69491959,463.0299988,34.93670654,
473.9299927,37.65444946,374,17.52608681,524.0200195,-63.6654129,524.0200195,-60.97860718,524.0200195,-60.19425201,524.0200195,-57.99999619,524.0200195,-56.93130112,524.0200195,-56.1297226,524.0200195,-54.92979431,524.0200195,-52.99322891,524.0200195,-53.95676804,524.0200195,-54.16696548,393.9299927,46.45970535,374,53.52030563,,,483.9299927,46.41681671,494.019989,46.11849594,463.9299927,35.96494675,
475,37.37633514,375.0700073,16.8895874,525.0700073,-64.78408813,525.0700073,-62.90966797,525.0700073,-59.0475769,525.0700073,-59.41320801,525.0700073,-57.50166702,525.0700073,-55.87155914,525.0700073,-56.42631149,525.0700073,-54.44975662,525.0700073,-54.3671608,525.0700073,-54.35787201,395,45.22501755,375.0700073,50.70834732,,,485,45.2575531,495.0700073,46.03474808,465,34.59607697,
476.0599976,36.60035324,376,16.11898041,525.9699707,-64.62992859,525.9699707,-62.93281555,525.9699707,-59.61553955,525.9699707,-59.32440567,525.9699707,-59.03625107,525.9699707,-56.60969543,525.9699707,-56.62400818,525.9699707,-54.70056534,525.9699707,-54.89326096,525.9699707,-55.45007706,396.0599976,44.5454216,376,48.72465515,,,486.0599976,44.39661026,495.9700012,44.31341553,466.0599976,33.29443359,
476.9599915,36.77225113,377.0700073,14.80775261,527.0100098,-65.14850616,527.0100098,-63.86384201,527.0100098,-62.51591492,527.0100098,-60.96112442,527.0100098,-59.03310394,527.0100098,-57.66139221,527.0100098,-57.69175339,527.0100098,-55.69194794,527.0100098,-55.80048752,527.0100098,-55.57997894,396.9599915,42.74920654,377.0700073,47.91269302,,,486.9599915,43.09345245,497.0100098,45.28899002,466.9599915,33.1086235,
478.0299988,37.11613846,378,13.5037117,528.0499878,-65.70106506,528.0499878,-63.64910889,528.0499878,-62.67636871,528.0499878,-60.63859177,528.0499878,-59.47613525,528.0499878,-58.50344849,528.0499878,-58.79256058,528.0499878,-56.39844894,528.0499878,-55.06188202,528.0499878,-56.46318817,398.0299988,43.97875595,378,44.87672424,,,488.0299988,44.33501434,498.0499878,43.26364517,468.0299988,34.20033646,
478.9299927,35.556633,379.0700073,12.00036049,528.9500122,-66.93013,528.9500122,-64.39202881,528.9500122,-63.10469818,528.9500122,-62.06748199,528.9500122,-59.94189453,528.9500122,-59.20168686,528.9500122,-57.71063614,528.9500122,-57.12488556,528.9500122,-57.37377167,528.9500122,-57.98571396,398.9299927,43.41032791,379.0700073,43.39149475,,,488.9299927,43.76635361,498.9500122,42.91400146,468.9299927,33.57556915,
480,35.77103424,380,10.59102821,530,-68.05981445,530,-64.42964172,530,-63.64827728,530,-61.04029846,530,-60.51416779,530,-59.80426025,530,-59.48246384,530,-57.9580307,530,-57.4498558,530,-58.41677475,400,42.06760025,380,41.9307785,,,490,41.31875229,500,42.87371063,470,31.83761215,
481.0599976,33.79465485,381.0700073,9.294750214,531.039978,-67.20462036,531.039978,-64.5534668,531.039978,-62.79567719,531.039978,-62.34658432,531.039978,-61.42932129,531.039978,-61.29429626,531.039978,-59.17874146,531.039978,-58.07687759,531.039978,-59.52804947,531.039978,-58.02444839,401.0700073,42.15552902,381.0700073,39.68877411,,,491.0400085,40.60829926,501.0400085,40.26048279,471.0599976,32.27544022,
481.9599915,34.60840988,382,8.26634407,531.9400024,-68.35473633,531.9400024,-67.13537598,531.9400024,-64.84408569,531.9400024,-62.8768158,531.9400024,-62.53151321,531.9400024,-61.32804871,531.9400024,-60.47602844,531.9400024,-59.30408859,531.9400024,-59.30646133,531.9400024,-58.79381943,402,41.62244034,382,38.96852493,,,491.9400024,42.10792923,501.9400024,38.99910355,471.9599915,30.76023865,
483.0299988,34.89444733,383.0700073,7.075524807,532.9799805,-67.9734726,532.9799805,-66.73423004,532.9799805,-65.27748108,532.9799805,-63.43966675,532.9799805,-62.44460297,532.9799805,-61.70529175,532.9799805,-61.81393051,532.9799805,-59.78440857,532.9799805,-59.54563904,532.9799805,-59.63136292,403.0700073,41.07456589,383.0700073,36.01212311,,,492.980011,41.39561462,502.980011,38.91349411,473.0299988,30.98852539,
483.9299927,34.51394653,384,6.259873867,534.0200195,-69.11714172,534.0200195,-67.13153076,534.0200195,-65.59011841,534.0200195,-64.72616577,534.0200195,-63.27911758,534.0200195,-61.61313248,534.0200195,-61.65934753,534.0200195,-60.61521912,534.0200195,-59.65158463,534.0200195,-60.52870178,404,40.59364319,384,35.18293762,,,494.019989,40.39075851,504.019989,38.2298317,473.9299927,31.99448776,
485,33.88323975,385.0700073,5.159041882,535.0700073,-69.5396347,535.0700073,-67.89468384,535.0700073,-64.59102631,535.0700073,-64.23107147,535.0700073,-62.15701675,535.0700073,-62.11050415,535.0700073,-61.95121002,535.0700073,-61.0202713,535.0700073,-61.12434387,535.0700073,-60.38256454,405.0700073,40.19255829,385.0700073,33.37485123,,,495.0700073,38.39750671,505.0700073,38.85524368,475,30.09845734,
486.0599976,33.63059616,386,5.121387005,535.9699707,-69.47667694,535.9699707,-67.91069031,535.9699707,-66.13593292,535.9699707,-64.63537598,535.9699707,-63.98699951,535.9699707,-62.8376503,535.9699707,-63.54751205,535.9699707,-61.85833359,535.9699707,-62.0274353,535.9699707,-61.29576111,406,40.04794693,386,31.30702209,,,495.9700012,38.58761978,505.9700012,37.06922913,476.0599976,31.21886826,
486.9599915,34.09399796,387.0700073,3.967752934,537.0100098,-69.86880493,537.0100098,-67.89779663,537.0100098,-66.05243683,537.0100098,-66.96463776,537.0100098,-63.30871582,537.0100098,-63.81762695,537.0100098,-63.21809387,537.0100098,-62.3190155,537.0100098,-62.45017242,537.0100098,-61.61269379,407.0700073,39.41349792,387.0700073,29.8745079,,,497.0100098,38.05869675,507.0100098,36.95552063,476.9599915,31.05729675,
488.0299988,33.89200592,388,3.33510828,538.0499878,-70.85254669,538.0499878,-68.76248169,538.0499878,-66.75,538.0499878,-66.1607132,538.0499878,-64.43413544,538.0499878,-64.68904114,538.0499878,-63.41448212,538.0499878,-63.31150818,538.0499878,-62.51061249,538.0499878,-62.01485443,408,38.62579727,388,28.31768036,,,498.0499878,38.00986862,508.0499878,35.51072693,478.0299988,29.41010666,
488.9299927,31.65790176,389.0700073,2.447378635,538.9500122,-70.06123352,538.9500122,-69.54138184,538.9500122,-67.48026276,538.9500122,-66.32878113,538.9500122,-65.14988708,538.9500122,-64.98635101,538.9500122,-64.52505493,538.9500122,-63.31762695,538.9500122,-63.95601654,538.9500122,-62.93270874,409.0700073,37.83987808,389.0700073,27.71302795,,,498.9500122,37.81902695,508.9500122,35.07102966,478.9299927,29.20250702,
490,33.80866623,390,1.694147587,540,-70.46829224,540,-69.2086792,540,-68.68507385,540,-66.63348389,540,-66.03161621,540,-65.1822052,540,-64.80328369,540,-63.02178955,540,-63.60136414,540,-63.93737793,410,37.19551849,390,25.42320251,,,500,37.68776321,510,35.01282883,480,28.99185181,
491.0400085,32.71955872,,,541.0200195,-70.13105774,541.0200195,-70.60023499,541.0200195,-68.6341095,541.0200195,-68.25950623,541.0200195,-67.03547668,541.0200195,-65.78731537,541.0200195,-65.24128723,541.0200195,-65.47614288,541.0200195,-64.35935211,541.0200195,-64.47232819,411.0599976,36.75941849,391.0599976,24.33403778,,,501.0400085,34.51921082,511.0599976,32.6307373,481.0599976,29.17476654,
491.9400024,32.09716034,,,542.0499878,-70.71882629,542.0499878,-70.75491333,542.0499878,-68.16619873,542.0499878,-68.19897461,542.0499878,-66.81017303,542.0499878,-66.17497253,542.0499878,-65.16436768,542.0499878,-65.63117981,542.0499878,-64.22201538,542.0499878,-64.40971375,411.9599915,36.15532303,391.9599915,22.88489151,,,501.9400024,36.17426682,511.9599915,32.18109131,481.9599915,28.5883255,
492.980011,32.44147491,,,542.9400024,-73.30109406,542.9400024,-69.92098999,542.9400024,-69.30717468,542.9400024,-68.11756897,542.9400024,-67.48085022,542.9400024,-66.59674072,542.9400024,-66.44448853,542.9400024,-65.86582947,542.9400024,-64.80040741,542.9400024,-65.03285217,413.0299988,34.79748154,393.0299988,21.73986053,,,502.980011,35.63256836,513.0300293,32.88934326,483.0299988,30.07873154,
494.019989,29.71263504,,,543.9699707,-72.2335434,543.9699707,-70.75377655,543.9699707,-70.00154114,543.9699707,-69.50283813,543.9699707,-68.11699677,543.9699707,-67.27110291,543.9699707,-67.07735443,543.9699707,-65.4446106,543.9699707,-65.88707733,543.9699707,-66.36936188,413.9299927,34.65782928,393.9299927,20.51434326,,,504.019989,33.84646225,513.9299927,32.3932724,483.9299927,28.83603668,
495.0700073,30.272995,,,545,-72.39081573,545,-71.50009918,545,-69.42921448,545,-68.22325897,545,-67.74939728,545,-67.99443817,545,-66.98045349,545,-65.92173767,545,-65.75924683,545,-66.19789124,415,34.48365784,395,19.05865479,,,505.0700073,32.28065491,515,32.07230377,485,28.56822968,
495.9700012,30.48495102,,,546.0200195,-72.95278931,546.0200195,-71.3289566,546.0200195,-70.73755646,546.0200195,-70.40855408,546.0200195,-68.91835022,546.0200195,-68.1372757,546.0200195,-68.3971405,546.0200195,-66.49279785,546.0200195,-66.55976868,546.0200195,-67.03762054,416.0599976,33.87998962,396.0599976,17.77148056,,,505.9700012,32.51147079,516.0599976,28.74552536,486.0599976,27.84629059,
497.0100098,30.54976273,,,547.0499878,-73.21046448,547.0499878,-71.16253662,547.0499878,-70.08810425,547.0499878,-69.91863251,547.0499878,-69.69436646,547.0499878,-68.70161438,547.0499878,-67.47240448,547.0499878,-66.57473755,547.0499878,-67.07665253,547.0499878,-67.21659851,416.9599915,32.99701309,396.9599915,16.52657318,,,507.0100098,32.19709778,516.960022,27.70555115,486.9599915,27.72354889,
498.0499878,28.84522629,,,547.9400024,-73.96404266,547.9400024,-71.87991333,547.9400024,-70.73678589,547.9400024,-70.40087128,547.9400024,-69.83193207,547.9400024,-69.01968384,547.9400024,-69.38465881,547.9400024,-67.58724213,547.9400024,-67.72796631,547.9400024,-67.05175781,418.0299988,32.98056793,398.0299988,14.78321171,,,508.0499878,30.52497482,518.0300293,27.68869781,488.0299988,27.90606689,
498.9500122,28.39235687,,,548.9699707,-74.16589355,548.9699707,-72.04647827,548.9699707,-71.62735748,548.9699707,-70.05345154,548.9699707,-69.79976654,548.9699707,-69.41213989,548.9699707,-69.53512573,548.9699707,-68.56867981,548.9699707,-68.2638092,548.9699707,-68.02094269,418.9299927,32.91228867,398.9299927,13.63875675,,,508.9500122,30.25512695,518.9299927,27.80146027,488.9299927,27.57581329,
500,28.21655655,,,550,-74.07059479,550,-72.6289444,550,-71.39726257,550,-71.22080231,550,-69.73832703,550,-70.11197662,550,-69.92136383,550,-67.8210907,550,-68.23970795,550,-68.35786438,420,32.09514236,400,12.67171192,,,510,28.50217819,520,28.43567657,490,27.44235611,
501.0400085,27.61780548,,,551.039978,-74.28231812,551.039978,-73.81248474,551.039978,-72.37258911,551.039978,-71.20775604,551.039978,-70.23290253,551.039978,-70.76182556,551.039978,-70.33766174,551.039978,-69.53225708,551.039978,-68.84680176,551.039978,-67.91616821,421.0700073,32.19317245,401.0700073,11.19243336,,,511.0599976,29.49063492,521.039978,25.70619202,491.0400085,26.11354828,
501.9400024,28.15108109,,,551.9400024,-73.86470032,551.9400024,-73.17832947,551.9400024,-72.98644257,551.9400024,-71.8243103,551.9400024,-70.93052673,551.9400024,-70.43067169,551.9400024,-70.51727295,551.9400024,-69.34736633,551.9400024,-69.30437469,551.9400024,-69.34065247,422,31.82818222,402,10.37949657,,,511.9599915,29.87152481,521.9400024,24.88977814,491.9400024,27.81071091,
502.980011,26.5422287,,,552.9799805,-74.63038635,552.9799805,-74.00020599,552.9799805,-72.27313232,552.9799805,-72.32165527,552.9799805,-72.20219421,552.9799805,-71.24810791,552.9799805,-70.63791656,552.9799805,-69.48756409,552.9799805,-70.25724792,552.9799805,-70.19096375,423.0700073,30.94137192,403.0700073,8.841547966,,,513.0300293,27.89518356,522.9799805,23.51416016,492.980011,27.16478348,
504.019989,26.201931,,,554.0200195,-75.56943512,554.0200195,-73.6084137,554.0200195,-73.75184631,554.0200195,-72.29995728,554.0200195,-72.48101044,554.0200195,-71.73495483,554.0200195,-71.60814667,554.0200195,-70.93397522,554.0200195,-69.99549866,554.0200195,-70.38493347,424,30.94535065,404,8.224375725,,,513.9299927,27.60066986,524.0200195,24.40312576,494.019989,26.36873627,
505.0700073,25.36457825,,,555.0700073,-75.67871094,555.0700073,-74.13575745,555.0700073,-73.25227356,555.0700073,-72.49754333,555.0700073,-72.1652832,555.0700073,-71.20330811,555.0700073,-70.65473175,555.0700073,-70.66867065,555.0700073,-70.64533997,555.0700073,-70.24469757,425.0700073,30.25315857,405.0700073,7.764101982,,,515,26.67108536,525.0700073,24.75087357,495.0700073,26.39974594,
505.9700012,25.28570175,,,555.9699707,-75.91663361,555.9699707,-74.62295532,555.9699707,-74.84919739,555.9699707,-73.05108643,555.9699707,-72.3915863,555.9699707,-71.85554504,555.9699707,-71.71823883,555.9699707,-71.66892242,555.9699707,-71.00370789,555.9699707,-70.92327881,426,29.29790878,406,6.805775642,,,516.0599976,26.60293198,525.9699707,23.46818161,495.9700012,25.46071625,
507.0100098,23.19608688,,,557.0100098,-75.97537994,557.0100098,-74.87963867,557.0100098,-74.5166626,557.0100098,-73.64604187,557.0100098,-73.55387115,557.0100098,-71.99575806,557.0100098,-72.37376404,557.0100098,-71.51548767,557.0100098,-71.23960876,557.0100098,-71.3182373,427.0700073,29.38603973,407.0700073,5.483182907,,,516.960022,25.87177658,527.0100098,21.93083191,497.0100098,25.38956451,
508.0499878,23.64403152,,,558.0499878,-76.47723389,558.0499878,-75.35487366,558.0499878,-74.32368469,558.0499878,-74.22159576,558.0499878,-72.81432343,558.0499878,-73.18549347,558.0499878,-73.19265747,558.0499878,-72.2279892,558.0499878,-71.47205353,558.0499878,-71.42832947,428,28.49016571,408,5.169576645,,,518.0300293,24.36381149,528.0499878,21.43381882,498.0499878,24.46102715,
508.9500122,22.27142715,,,558.9500122,-76.55119324,558.9500122,-75.51286316,558.9500122,-74.81951904,558.9500122,-73.79508209,558.9500122,-73.6019516,558.9500122,-73.67517853,558.9500122,-73.03253174,558.9500122,-72.93034363,558.9500122,-72.13948822,558.9500122,-71.7074585,429.0700073,27.27090073,409.0700073,4.478302956,,,518.9299927,23.28943825,528.9500122,21.32844543,498.9500122,25.31933212,
510,21.59654045,,,560,-76.73271942,560,-76.05763245,560,-75.07752228,560,-74.72070313,560,-73.6796875,560,-73.30194092,560,-73.29209137,560,-72.64512634,560,-73.32203674,560,-72.58802795,430,26.77662277,410,3.91086483,,,520,23.29204559,530,20.26259232,500,24.10680962,
511.0599976,22.73465729,,,561.039978,-76.48623657,561.039978,-76.01849365,561.039978,-75.07497406,561.039978,-75.45759583,561.039978,-73.97581482,561.039978,-74.30699921,561.039978,-74.45883942,561.039978,-73.00913239,561.039978,-72.98160553,561.039978,-72.62449646,431.0599976,26.43195343,,,,,521.039978,22.42274666,531.039978,19.98140335,501.0400085,24.321661,
511.9599915,20.99526215,,,561.9400024,-78.28956604,561.9400024,-75.9569931,561.9400024,-75.2326889,561.9400024,-74.77797699,561.9400024,-73.60723114,561.9400024,-74.26464081,561.9400024,-73.21560669,561.9400024,-73.36859131,561.9400024,-73.39744568,561.9400024,-73.15105438,431.9599915,25.98230362,,,,,521.9400024,22.57518196,531.9400024,18.91225815,501.9400024,23.47037506,
513.0300293,20.6518116,,,562.9799805,-77.24761963,562.9799805,-76.97015381,562.9799805,-74.65039063,562.9799805,-75.24012756,562.9799805,-75.00469971,562.9799805,-74.1763382,562.9799805,-74.54351807,562.9799805,-74.25577545,562.9799805,-73.85958862,562.9799805,-73.5871582,433.0299988,26.52960968,,,,,522.9799805,22.51104355,532.9799805,19.78025436,502.980011,24.02468681,
513.9299927,20.64886093,,,564.0200195,-77.67822266,564.0200195,-76.57416534,564.0200195,-75.74411011,564.0200195,-75.29811096,564.0200195,-75.08659363,564.0200195,-74.77981567,564.0200195,-74.61157227,564.0200195,-74.15332031,564.0200195,-74.25964355,564.0200195,-74.22164917,433.9299927,25.99834442,,,,,524.0200195,22.08580399,534.0200195,18.12788391,504.019989,25.04450989,
515,20.00002098,,,565.0700073,-78.34699249,565.0700073,-76.89448547,565.0700073,-76.34603882,565.0700073,-75.90312195,565.0700073,-75.30838013,565.0700073,-75.88545227,565.0700073,-75.05995178,565.0700073,-74.15842438,565.0700073,-73.44033051,565.0700073,-73.6643219,435,25.50313568,,,,,525.0700073,20.55154419,535.0700073,17.36537933,505.0700073,23.03628159,
516.0599976,20.72690773,,,565.9699707,-78.36978912,565.9699707,-78.06398773,565.9699707,-75.56620789,565.9699707,-75.83129883,565.9699707,-75.87019348,565.9699707,-75.5115509,565.9699707,-75.4588623,565.9699707,-74.7689743,565.9699707,-74.25257874,565.9699707,-74.06525421,436.0599976,25.62430191,,,,,525.9699707,20.45443153,535.9699707,18.03931046,505.9700012,22.36171913,
516.960022,19.47582817,,,567.0100098,-77.50024414,567.0100098,-77.13468933,567.0100098,-76.3314209,567.0100098,-76.09244537,567.0100098,-76.36306763,567.0100098,-75.30950928,567.0100098,-76.28855896,567.0100098,-74.83045197,567.0100098,-74.66403198,567.0100098,-74.28767395,436.9599915,24.26025391,,,,,527.0100098,20.72417831,537.0100098,18.01022339,507.0100098,22.46912766,
518.0300293,19.0488472,,,568.0499878,-79.36696625,568.0499878,-78.72471619,568.0499878,-77.3343811,568.0499878,-76.79828644,568.0499878,-76.07365417,568.0499878,-75.75662994,568.0499878,-75.90631866,568.0499878,-75.31359863,568.0499878,-75.36741638,568.0499878,-74.65293884,438.0299988,24.17602921,,,,,528.0499878,19.36532021,538.0499878,16.10716248,508.0499878,21.31337929,
518.9299927,18.20311165,,,568.9500122,-78.4790802,568.9500122,-78.43954468,568.9500122,-77.5213089,568.9500122,-76.7881546,568.9500122,-76.68954468,568.9500122,-76.65429688,568.9500122,-76.25691223,568.9500122,-75.1003418,568.9500122,-75.82745361,568.9500122,-74.93113708,438.9299927,23.28932953,,,,,528.9500122,19.13329887,538.9500122,16.0054245,508.9500122,20.12835503,
520,16.88120842,,,570,-78.41000366,570,-78.2697525,570,-77.07382202,570,-76.46875,570,-77.44091034,570,-76.27146912,570,-77.02973175,570,-75.55599976,570,-75.53851318,570,-75.85268402,440,22.62677002,,,,,530,18.53956795,540,15.47043514,510,20.6561718,
521.039978,16.81720352,,,571.0200195,-79.29454803,571.0200195,-78.70239258,571.0200195,-77.71032715,571.0200195,-77.20264435,571.0200195,-76.82632446,571.0200195,-76.58342743,571.0200195,-76.49454498,571.0200195,-74.98845673,571.0200195,-76.10649109,571.0200195,-75.69957733,441.0599976,21.92751312,,,,,531.039978,16.83664322,541.0200195,15.13527775,511.0599976,19.38801003,
521.9400024,16.07303619,,,572.0499878,-79.07969666,572.0499878,-78.58389282,572.0499878,-78.68715668,572.0499878,-77.69379425,572.0499878,-77.98805237,572.0499878,-77.41078186,572.0499878,-76.75074768,572.0499878,-76.01140594,572.0499878,-76.4983139,572.0499878,-76.06825256,441.9599915,22.12182236,,,,,531.9400024,17.66436386,542.0499878,14.33637714,511.9599915,19.492239,
522.9799805,16.15778732,,,572.9400024,-79.66074371,572.9400024,-79.12036896,572.9400024,-77.80850983,572.9400024,-78.1390686,572.9400024,-77.0417099,572.9400024,-77.35206604,572.9400024,-77.14248657,572.9400024,-76.78401947,572.9400024,-76.43878174,572.9400024,-76.22509003,443.0299988,21.48031998,,,,,532.9799805,16.85464478,542.9400024,13.99621296,513.0300293,18.93957138,
524.0200195,15.37496376,,,573.9699707,-79.94488525,573.9699707,-79.50871277,573.9699707,-78.36248779,573.9699707,-77.86038971,573.9699707,-77.83461761,573.9699707,-77.34004211,573.9699707,-77.40602112,573.9699707,-76.89567566,573.9699707,-76.55656433,573.9699707,-77.15343475,443.9299927,20.7740593,,,,,534.0200195,17.03813553,543.9699707,13.6820097,513.9299927,18.74463844,
525.0700073,14.22331619,,,575,-80.50653076,575,-79.6635437,575,-78.33794403,575,-78.09881592,575,-78.08647156,575,-77.63746643,575,-77.24570465,575,-76.98803711,575,-76.82307434,575,-77.06124115,445,20.70465469,,,,,535.0700073,15.82735062,545,12.84142971,515,19.09737396,
525.9699707,15.95725441,,,576.0200195,-80.7097168,576.0200195,-79.33390808,576.0200195,-78.59767151,576.0200195,-79.6725769,576.0200195,-78.01304626,576.0200195,-78.32980347,576.0200195,-77.31301117,576.0200195,-77.72203064,576.0200195,-77.67723846,576.0200195,-77.29383087,446.0599976,19.9305954,,,,,535.9699707,16.40419006,546.0200195,12.26221371,516.0599976,17.67230225,
527.0100098,14.26153183,,,577.0499878,-80.79075623,577.0499878,-79.29912567,577.0499878,-78.61140442,577.0499878,-78.89472961,577.0499878,-78.00563812,577.0499878,-78.0061264,577.0499878,-77.77519226,577.0499878,-77.32842255,577.0499878,-77.57527924,577.0499878,-77.37507629,446.9599915,19.34230042,,,,,537.0100098,15.90246201,547.0499878,12.26282787,516.960022,16.65260696,
528.0499878,13.26679802,,,577.9400024,-79.52425385,577.9400024,-79.53222656,577.9400024,-79.28718567,577.9400024,-78.63238525,577.9400024,-79.19584656,577.9400024,-78.67591858,577.9400024,-78.23254395,577.9400024,-78.24127197,577.9400024,-78.161026,577.9400024,-77.59235382,448.0299988,19.26471329,,,,,538.0499878,13.90078545,547.9400024,12.24008465,518.0300293,15.50139236,
528.9500122,12.94194603,,,578.9699707,-80.53484344,578.9699707,-80.57525635,578.9699707,-79.54121399,578.9699707,-78.77560425,578.9699707,-78.73927307,578.9699707,-79.61426544,578.9699707,-78.65266418,578.9699707,-78.18143463,578.9699707,-77.90137482,578.9699707,-78.01622009,448.9299927,18.98704529,,,,,538.9500122,14.66032982,548.9699707,11.48390675,518.9299927,17.73282051,
530,13.1988163,,,580,-80.53798676,580,-79.98989868,580,-79.55197144,580,-79.847435,580,-79.04577637,580,-79.07739258,580,-78.95401764,580,-78.88209534,580,-78.18179321,580,-77.90505981,450,18.38885117,,,,,540,13.65441513,550,11.43507481,520,15.66374207,
531.039978,13.23655891,,,581.0200195,-80.79072571,581.0200195,-80.18475342,581.0200195,-80.2062149,581.0200195,-79.29248047,581.0200195,-79.43707275,581.0200195,-79.31252289,581.0200195,-78.99693298,581.0200195,-79.21761322,581.0200195,-78.69200897,581.0200195,-78.22075653,451.0599976,17.98810577,,,,,541.0200195,13.69709015,551.039978,10.32228756,521.039978,15.27022743,
531.9400024,11.45467949,,,582.0499878,-81.34229279,582.0499878,-80.63803864,582.0499878,-79.89558411,582.0499878,-79.94069672,582.0499878,-79.9147644,582.0499878,-78.7820816,582.0499878,-79.1479187,582.0499878,-79.13071442,582.0499878,-78.26079559,582.0499878,-78.45907593,451.9599915,16.87831116,,,,,542.0499878,12.67107201,551.9400024,10.09773731,521.9400024,14.36628723,
532.9799805,12.90006828,,,582.9400024,-81.33394623,582.9400024,-80.22233582,582.9400024,-80.88737488,582.9400024,-79.53757477,582.9400024,-79.50725555,582.9400024,-79.45011902,582.9400024,-79.51848602,582.9400024,-78.9564209,582.9400024,-78.65131378,582.9400024,-78.49624634,453.0299988,17.07292938,,,,,542.9400024,13.0136261,552.9799805,9.833952904,522.9799805,14.47538757,
534.0200195,10.33582878,,,583.9699707,-81.51738739,583.9699707,-80.65781403,583.9699707,-80.7063446,583.9699707,-80.12184906,583.9699707,-79.97208405,583.9699707,-79.83082581,583.9699707,-79.94607544,583.9699707,-78.87900543,583.9699707,-79.13725281,583.9699707,-79.29059601,453.9299927,16.23225021,,,,,543.9699707,12.51179314,554.0200195,9.657292366,524.0200195,13.66530418,
535.0700073,11.87625313,,,585,-81.93660736,585,-80.83959198,585,-79.86305237,585,-80.00866699,585,-79.88809967,585,-80.44586182,585,-80.58899689,585,-79.49129486,585,-79.46966553,585,-79.24723053,455,16.06923676,,,,,545,12.66724205,555.0700073,9.360362053,525.0700073,14.84982109,
535.9699707,10.73400307,,,586.0200195,-81.73950958,586.0200195,-80.66752625,586.0200195,-80.88561249,586.0200195,-80.61843872,586.0200195,-79.89530945,586.0200195,-80.56060791,586.0200195,-79.96661377,586.0200195,-79.80626678,586.0200195,-79.87158203,586.0200195,-79.24175262,456.0599976,15.67725658,,,,,546.0200195,11.17000008,555.9699707,9.386883736,525.9699707,14.53774643,
537.0100098,10.44344139,,,587.0499878,-82.08905029,587.0499878,-81.07608795,587.0499878,-81.3414917,587.0499878,-80.75099945,587.0499878,-80.61625671,587.0499878,-80.77859497,587.0499878,-80.28756714,587.0499878,-80.33493042,587.0499878,-80.28356934,587.0499878,-79.91567993,456.9599915,15.19187069,,,,,547.0499878,11.56403923,557.0100098,8.88541317,527.0100098,13.20605278,
538.0499878,9.909360886,,,587.9400024,-81.91657257,587.9400024,-81.97767639,587.9400024,-80.99011993,587.9400024,-80.90454102,587.9400024,-80.30690002,587.9400024,-79.59645844,587.9400024,-80.50717163,587.9400024,-79.79588318,587.9400024,-79.72579956,587.9400024,-79.50307465,458.0299988,15.04804897,,,,,547.9400024,10.36487579,558.0499878,8.451273918,528.0499878,12.70273209,
538.9500122,9.755674362,,,588.9699707,-82.08377838,588.9699707,-81.23605347,588.9699707,-80.75737762,588.9699707,-81.38985443,588.9699707,-80.89717102,588.9699707,-80.95454407,588.9699707,-80.61643982,588.9699707,-80.24736786,588.9699707,-80.02471924,588.9699707,-80.32430267,458.9299927,14.84544468,,,,,548.9699707,10.543787,558.9500122,8.172343254,528.9500122,12.62921333,
540,11.0758419,,,590,-82.37524414,590,-81.84429169,590,-81.78735352,590,-81.76851654,590,-81.05097198,590,-80.62577057,590,-81.19373322,590,-80.43389893,590,-80.90576172,590,-80.0556488,460,14.18040752,,,,,550,10.70097923,560,7.665545464,530,13.26633263,
541.0200195,9.257261276,,,591.0200195,-82.16298676,591.0200195,-81.93959045,591.0200195,-82.11407471,591.0200195,-81.72923279,591.0200195,-81.43632507,591.0200195,-80.95287323,591.0200195,-80.73548889,591.0200195,-80.30725098,591.0200195,-80.71817017,591.0200195,-80.59502411,461.0599976,14.24957943,,,,,551.039978,10.40044403,561.039978,7.075657845,531.039978,12.06629181,
542.0499878,8.814186096,,,592.0499878,-82.58369446,592.0499878,-82.15990448,592.0499878,-81.65776062,592.0499878,-82.69680023,592.0499878,-81.73158264,592.0499878,-81.55928802,592.0499878,-81.1417923,592.0499878,-80.36666107,592.0499878,-80.79949951,592.0499878,-80.94342804,461.9599915,14.18616581,,,,,551.9400024,9.470384598,561.9400024,6.635359764,531.9400024,12.18675995,
542.9400024,8.87894249,,,592.9400024,-82.16229248,592.9400024,-82.25901031,592.9400024,-82.0944519,592.9400024,-81.12947083,592.9400024,-81.13726807,592.9400024,-81.09436035,592.9400024,-81.50128937,592.9400024,-81.14364624,592.9400024,-80.82059479,592.9400024,-80.83127594,463.0299988,13.2902689,,,,,552.9799805,9.179536819,562.9799805,6.38239193,532.9799805,11.18251419,
543.9699707,8.42036438,,,593.9699707,-82.63252258,593.9699707,-82.71819305,593.9699707,-81.75357819,593.9699707,-82.36898041,593.9699707,-81.9410553,593.9699707,-81.28949738,593.9699707,-80.99790955,593.9699707,-81.50601959,593.9699707,-81.04846954,593.9699707,-81.14550018,463.9299927,12.96404171,,,,,554.0200195,9.179281235,564.0200195,6.481564522,534.0200195,10.87177467,
545,8.342134476,,,595,-83.42398071,595,-82.6287384,595,-82.06362915,595,-82.16178131,595,-81.57019806,595,-81.54691315,595,-81.58328247,595,-80.94714355,595,-80.53412628,595,-81.44135284,465,12.48816776,,,,,555.0700073,8.271869659,565.0700073,6.033407211,535.0700073,11.33160782,
546.0200195,7.761543274,,,596.0200195,-83.48694611,596.0200195,-82.3081131,596.0200195,-82.12757874,596.0200195,-81.84541321,596.0200195,-81.20204163,596.0200195,-81.77989197,596.0200195,-81.78020477,596.0200195,-81.06763458,596.0200195,-81.0606842,596.0200195,-80.71129608,466.0599976,12.85921955,,,,,555.9699707,8.873104095,565.9699707,6.194918633,535.9699707,11.09567642,
547.0499878,8.21046257,,,597.0499878,-82.70616913,597.0499878,-82.82870483,597.0499878,-82.48708344,597.0499878,-82.23410034,597.0499878,-82.36188507,597.0499878,-81.8874054,597.0499878,-81.8875351,597.0499878,-81.87258148,597.0499878,-81.21326447,597.0499878,-81.2223587,466.9599915,12.20202923,,,,,557.0100098,8.048820496,567.0100098,5.643503189,537.0100098,10.38209534,
547.9400024,8.093322754,,,597.9400024,-82.86300659,597.9400024,-82.16623688,597.9400024,-82.97154236,597.9400024,-82.60807037,597.9400024,-82.43405914,597.9400024,-81.98150635,597.9400024,-81.64096832,597.9400024,-81.51434326,597.9400024,-81.53067017,597.9400024,-81.69133759,468.0299988,12.40338993,,,,,558.0499878,7.992082596,568.0499878,5.490917206,538.0499878,9.98746109,
548.9699707,6.936367035,,,598.9699707,-82.94411469,598.9699707,-83.35498047,598.9699707,-82.70882416,598.9699707,-82.57601929,598.9699707,-82.74564362,598.9699707,-81.77442932,598.9699707,-81.78780365,598.9699707,-82.1133194,598.9699707,-81.88896179,598.9699707,-81.63064575,468.9299927,11.89444256,,,,,558.9500122,7.994142532,568.9500122,4.676909447,538.9500122,10.42980194,
550,5.713354111,,,600,-83.10180664,600,-83.60012817,600,-83.03098297,600,-82.51216125,600,-82.27301025,600,-81.91410828,600,-82.62567139,600,-82.32797241,600,-81.64673615,600,-82.38349915,470,11.89456844,,,,,560,6.370401382,570,5.34435463,540,9.330007553,
551.039978,6.290044785,,,,,,,,,,,,,,,,,,,,,,,471.0599976,11.4192915,,,,,561.039978,6.734501839,571.0200195,5.301672935,541.0200195,9.156614304,
551.9400024,6.354549408,,,,,,,,,,,,,,,,,,,,,,,471.9599915,11.39418888,,,,,561.9400024,6.257429123,572.0499878,4.07981205,542.0499878,9.225551605,
552.9799805,5.088711739,,,,,,,,,,,,,,,,,,,,,,,473.0299988,10.79240322,,,,,562.9799805,6.495135307,572.9400024,4.452600479,542.9400024,8.433866501,
554.0200195,4.949549675,,,,,,,,,,,,,,,,,,,,,,,473.9299927,10.85913181,,,,,564.0200195,5.983008385,573.9699707,4.333751678,543.9699707,8.636538506,
555.0700073,6.287890434,,,,,,,,,,,,,,,,,,,,,,,475,11.0264864,,,,,565.0700073,5.827904701,575,3.570009232,545,7.657483101,
555.9699707,5.529236794,,,,,,,,,,,,,,,,,,,,,,,476.0599976,10.7804327,,,,,565.9699707,6.315991402,576.0200195,3.414410591,546.0200195,7.906529427,
557.0100098,5.451021194,,,,,,,,,,,,,,,,,,,,,,,476.9599915,10.08256054,,,,,567.0100098,5.380494118,577.0499878,2.986961365,547.0499878,7.54076004,
558.0499878,4.572800636,,,,,,,,,,,,,,,,,,,,,,,478.0299988,10.42613888,,,,,568.0499878,5.741301537,577.9400024,3.317640305,547.9400024,7.406177521,
558.9500122,3.90357399,,,,,,,,,,,,,,,,,,,,,,,478.9299927,9.96103096,,,,,568.9500122,5.410734177,578.9699707,2.822013855,548.9699707,7.028365135,
560,3.538427353,,,,,,,,,,,,,,,,,,,,,,,480,9.83978653,,,,,570,5.203302383,580,2.758857727,550,7.395249367,
561.039978,3.955761909,,,,,,,,,,,,,,,,,,,,,,,481.0400085,9.739767075,,,,,571.0200195,4.259762764,581.0200195,3.420909882,551.039978,6.861232758,
561.9400024,3.946027756,,,,,,,,,,,,,,,,,,,,,,,481.9400024,9.606210709,,,,,572.0499878,4.843128204,582.0499878,1.840252876,551.9400024,6.914554596,
562.9799805,4.160232544,,,,,,,,,,,,,,,,,,,,,,,482.980011,9.049567223,,,,,572.9400024,5.119792938,582.9400024,2.305932045,552.9799805,6.53920269,
564.0200195,4.00476265,,,,,,,,,,,,,,,,,,,,,,,484.019989,9.245202065,,,,,573.9699707,3.611699104,583.9699707,1.704519272,554.0200195,7.108621597,
565.0700073,3.77684021,,,,,,,,,,,,,,,,,,,,,,,485.0700073,9.050465584,,,,,575,3.971351624,585,1.580501556,555.0700073,5.842474937,
565.9699707,2.684808731,,,,,,,,,,,,,,,,,,,,,,,485.9700012,8.827611923,,,,,576.0200195,3.861036301,586.0200195,1.594949722,555.9699707,6.376885414,
567.0100098,3.514489174,,,,,,,,,,,,,,,,,,,,,,,487.0100098,8.375056267,,,,,577.0499878,4.140619278,587.0499878,1.903038979,557.0100098,5.82527256,
568.0499878,2.902757645,,,,,,,,,,,,,,,,,,,,,,,488.0499878,8.303969383,,,,,577.9400024,3.566072464,587.9400024,1.742992401,558.0499878,5.743854523,
568.9500122,3.137986183,,,,,,,,,,,,,,,,,,,,,,,488.9500122,7.91576767,,,,,578.9699707,3.709609985,588.9699707,1.071017265,558.9500122,4.9465065,
570,2.511528015,,,,,,,,,,,,,,,,,,,,,,,490,7.710903168,,,,,580,3.288221359,590,1.615057945,560,4.94791317,
571.0200195,2.332821846,,,,,,,,,,,,,,,,,,,,,,,,,,,,,581.0200195,3.102502823,591.0200195,0.7283449173,561.039978,5.679475784,
572.0499878,2.326395988,,,,,,,,,,,,,,,,,,,,,,,,,,,,,582.0499878,2.343046188,592.0499878,0.5531787872,561.9400024,5.09830761,
572.9400024,1.718896866,,,,,,,,,,,,,,,,,,,,,,,,,,,,,582.9400024,2.115317345,592.9400024,1.004421234,562.9799805,3.870866776,
573.9699707,1.374198914,,,,,,,,,,,,,,,,,,,,,,,,,,,,,583.9699707,1.92962265,593.9699707,0.5826368332,564.0200195,5.093989372,
575,1.624282837,,,,,,,,,,,,,,,,,,,,,,,,,,,,,585,2.311379433,595,0.3488063812,565.0700073,4.353217125,
576.0200195,1.412524223,,,,,,,,,,,,,,,,,,,,,,,,,,,,,586.0200195,2.196443558,596.0200195,-0.1298475266,565.9699707,3.738807678,
577.0499878,1.580582619,,,,,,,,,,,,,,,,,,,,,,,,,,,,,587.0499878,1.54213047,597.0499878,0.2030687332,567.0100098,3.972707748,
577.9400024,1.043706894,,,,,,,,,,,,,,,,,,,,,,,,,,,,,587.9400024,1.20201683,597.9400024,-0.3832817078,568.0499878,3.726203918,
578.9699707,0.7215604782,,,,,,,,,,,,,,,,,,,,,,,,,,,,,588.9699707,1.875113487,598.9699707,-0.05185317993,568.9500122,3.41540432,
580,0.7147426605,,,,,,,,,,,,,,,,,,,,,,,,,,,,,590,1.663237572,600,-0.5474529266,570,3.266693115,
581.0200195,0.8167924881,,,,,,,,,,,,,,,,,,,,,,,,,,,,,591.0200195,1.098942757,,,571.0200195,2.468980789,
582.0499878,0.32147789,,,,,,,,,,,,,,,,,,,,,,,,,,,,,592.0499878,0.9916276932,,,572.0499878,3.021289825,
582.9400024,0.938284874,,,,,,,,,,,,,,,,,,,,,,,,,,,,,592.9400024,0.9005994797,,,572.9400024,3.164011955,
583.9699707,-0.1569576263,,,,,,,,,,,,,,,,,,,,,,,,,,,,,593.9699707,1.179454803,,,573.9699707,3.52947998,
585,0.5080776215,,,,,,,,,,,,,,,,,,,,,,,,,,,,,595,0.9364528656,,,575,2.760392189,
586.0200195,-0.2658672333,,,,,,,,,,,,,,,,,,,,,,,,,,,,,596.0200195,0.8485202789,,,576.0200195,2.514923096,
587.0499878,-0.5491542816,,,,,,,,,,,,,,,,,,,,,,,,,,,,,597.0499878,0.5118656158,,,577.0499878,1.895005226,
587.9400024,0.09169387817,,,,,,,,,,,,,,,,,,,,,,,,,,,,,597.9400024,0.4309520721,,,577.9400024,2.61935997,
588.9699707,0.5501031876,,,,,,,,,,,,,,,,,,,,,,,,,,,,,598.9699707,-0.05451011658,,,578.9699707,2.845434189,
590,0.4172420502,,,,,,,,,,,,,,,,,,,,,,,,,,,,,600,0.5804290771,,,580,2.245932579,
591.0200195,-0.3578557968,,,,,,,,,,,,,,,,,,,,,,,,,,,,,,,,,581.0200195,2.214761734,
592.0499878,-0.4496860504,,,,,,,,,,,,,,,,,,,,,,,,,,,,,,,,,582.0499878,1.523737907,
592.9400024,-1.015933037,,,,,,,,,,,,,,,,,,,,,,,,,,,,,,,,,582.9400024,1.453425407,
593.9699707,-0.8994960785,,,,,,,,,,,,,,,,,,,,,,,,,,,,,,,,,583.9699707,1.605790138,
595,-0.5653858185,,,,,,,,,,,,,,,,,,,,,,,,,,,,,,,,,585,0.6016530991,
596.0200195,-1.37529707,,,,,,,,,,,,,,,,,,,,,,,,,,,,,,,,,586.0200195,1.871676445,
597.0499878,-0.6864671707,,,,,,,,,,,,,,,,,,,,,,,,,,,,,,,,,587.0499878,1.256028175,
597.9400024,-1.606132984,,,,,,,,,,,,,,,,,,,,,,,,,,,,,,,,,587.9400024,1.255601883,
598.9699707,-1.245304108,,,,,,,,,,,,,,,,,,,,,,,,,,,,,,,,,588.9699707,0.6664614677,
600,-1.709249973,,,,,,,,,,,,,,,,,,,,,,,,,,,,,,,,,590,0.4566020966,
,,,,,,,,,,,,,,,,,,,,,,,,,,,,,,,,,,591.0200195,1.154940605,
,,,,,,,,,,,,,,,,,,,,,,,,,,,,,,,,,,592.0499878,0.4460802078,
,,,,,,,,,,,,,,,,,,,,,,,,,,,,,,,,,,592.9400024,1.244819641,
,,,,,,,,,,,,,,,,,,,,,,,,,,,,,,,,,,593.9699707,1.083389282,
,,,,,,,,,,,,,,,,,,,,,,,,,,,,,,,,,,595,0.6158356667,
,,,,,,,,,,,,,,,,,,,,,,,,,,,,,,,,,,596.0200195,0.2251009941,
,,,,,,,,,,,,,,,,,,,,,,,,,,,,,,,,,,597.0499878,-0.3451943398,
,,,,,,,,,,,,,,,,,,,,,,,,,,,,,,,,,,597.9400024,0.5249176025,
,,,,,,,,,,,,,,,,,,,,,,,,,,,,,,,,,,598.9699707,0.5879387856,
,,,,,,,,,,,,,,,,,,,,,,,,,,,,,,,,,,600,-0.005989551544,

CdSe 40 sec ex330,
CdSe 40 sec ex330
Collection Time: 8/19/2022 1:09:51 PM
Operator Name  :
Scan Software Version: 1.1(132)
Parameter List :
Instrument                        Cary Eclipse
Instrument Serial Number          E08013467
Data mode                         Fluorescence
Scan mode                         Emission
X Mode                            Wavelength (nm)
Start (nm)                        340.00
Stop (nm)                         600.00
Ex. Wavelength (nm)               330.00
Ex. Slit (nm)                     5
Em. Slit (nm)                     5
Scan rate (nm/min)                600.00
Data interval (nm)                1.0000
Averaging Time (s)                0.1000
Excitation filter                 Auto
Emission filter                   Open
PMT voltage (V)                   Medium
Corrected spectra                 OFF
Method Log     :
Method Name    : Default
Date/Time stamp: 8/19/2022 12:23:21 PM
Method Modifications:
Excitation Wavelength Changed: 8/19/2022 12:28:50 PM, Old: 350.00, New: 300.00
Emission Wavelength Changed: 8/19/2022 12:28:50 PM, Old: 400.00, New: 310.00
Zero Mode Changed: 8/19/2022 12:28:52 PM, Old:OFF, New:Reading
Zero Mode Changed: 8/19/2022 12:28:52 PM, Old:Reading, New:ON
Scan mode: Changed: 8/19/2022 12:30:28 PM, Old:Emission, New:Excitation
Excitation Wavelength Changed: 8/19/2022 12:30:28 PM, Old: 300.00, New: 200.00
Emission Wavelength Changed: 8/19/2022 12:30:28 PM, Old: 310.00, New: 380.00
Stop Wavelength Changed: 8/19/2022 12:30:28 PM, Old: 600.00, New: 370.00
Zero Mode Changed: 8/19/2022 12:30:31 PM, Old:ON, New:Reading
Zero Mode Changed: 8/19/2022 12:30:31 PM, Old:Reading, New:ON
Overlayed Graphs Changed: 8/19/2022 12:31:25 PM, Old:OFF, New:ON
Zero Mode Changed: 8/19/2022 12:31:50 PM, Old:ON, New:Reading
Zero Mode Changed: 8/19/2022 12:31:50 PM, Old:Reading, New:ON
Scan mode: Changed: 8/19/2022 12:33:27 PM, Old:Excitation, New:Emission
Excitation Wavelength Changed: 8/19/2022 12:33:27 PM, Old: 200.00, New: 330.00
Emission Wavelength Changed: 8/19/2022 12:33:27 PM, Old: 380.00, New: 340.00
Stop Wavelength Changed: 8/19/2022 12:33:27 PM, Old: 370.00, New: 700.00
Zero Mode Changed: 8/19/2022 12:33:29 PM, Old:ON, New:Reading
Zero Mode Changed: 8/19/2022 12:33:29 PM, Old:Reading, New:ON
Scan mode: Changed: 8/19/2022 12:35:04 PM, Old:Emission, New:Excitation
Excitation Wavelength Changed: 8/19/2022 12:35:04 PM, Old: 330.00, New: 200.00
Emission Wavelength Changed: 8/19/2022 12:35:04 PM, Old: 340.00, New: 400.00
Stop Wavelength Changed: 8/19/2022 12:35:04 PM, Old: 700.00, New: 390.00
Zero Mode Changed: 8/19/2022 12:35:08 PM, Old:ON, New:Reading
Zero Mode Changed: 8/19/2022 12:35:08 PM, Old:Reading, New:ON
Y min Changed: 8/19/2022 12:38:08 PM, Old:     0.0000, New:   -55.0000
Zero Mode Changed: 8/19/2022 12:38:10 PM, Old:ON, New:Reading
Zero Mode Changed: 8/19/2022 12:38:10 PM, Old:Reading, New:ON
Scan mode: Changed: 8/19/2022 12:39:20 PM, Old:Excitation, New:Emission
Excitation Wavelength Changed: 8/19/2022 12:39:20 PM, Old: 200.00, New: 336.00
Emission Wavelength Changed: 8/19/2022 12:39:20 PM, Old: 400.00, New: 346.00
Stop Wavelength Changed: 8/19/2022 12:39:20 PM, Old: 390.00, New: 600.00
Zero Mode Changed: 8/19/2022 12:39:22 PM, Old:ON, New:Reading
Zero Mode Changed: 8/19/2022 12:39:22 PM, Old:Reading, New:ON
Stop Wavelength Changed: 8/19/2022 12:40:10 PM, Old: 600.00, New: 700.00
Zero Mode Changed: 8/19/2022 12:40:38 PM, Old:ON, New:Reading
Zero Mode Changed: 8/19/2022 12:40:38 PM, Old:Reading, New:ON
Y min Changed: 8/19/2022 12:42:47 PM, Old:   -55.0000, New:     0.0000
Scan mode: Changed: 8/19/2022 12:42:47 PM, Old:Emission, New:Excitation
Excitation Wavelength Changed: 8/19/2022 12:42:47 PM, Old: 336.00, New: 200.00
Emission Wavelength Changed: 8/19/2022 12:42:47 PM, Old: 346.00, New: 410.00
Stop Wavelength Changed: 8/19/2022 12:42:47 PM, Old: 700.00, New: 400.00
Zero Mode Changed: 8/19/2022 12:42:51 PM, Old:ON, New:Reading
Zero Mode Changed: 8/19/2022 12:42:51 PM, Old:Reading, New:ON
Scan mode: Changed: 8/19/2022 12:54:44 PM, Old:Excitation, New:Emission
Excitation Wavelength Changed: 8/19/2022 12:54:44 PM, Old: 200.00, New: 335.00
Emission Wavelength Changed: 8/19/2022 12:54:44 PM, Old: 410.00, New: 345.00
Stop Wavelength Changed: 8/19/2022 12:54:44 PM, Old: 400.00, New: 600.00
Zero Mode Changed: 8/19/2022 12:54:46 PM, Old:ON, New:Reading
Zero Mode Changed: 8/19/2022 12:54:46 PM, Old:Reading, New:ON
Scan mode: Changed: 8/19/2022 12:55:39 PM, Old:Emission, New:Excitation
Excitation Wavelength Changed: 8/19/2022 12:55:39 PM, Old: 335.00, New: 240.00
Emission Wavelength Changed: 8/19/2022 12:55:39 PM, Old: 345.00, New: 410.00
Stop Wavelength Changed: 8/19/2022 12:55:39 PM, Old: 600.00, New: 400.00
Zero Mode Changed: 8/19/2022 12:55:42 PM, Old:ON, New:Reading
Zero Mode Changed: 8/19/2022 12:55:42 PM, Old:Reading, New:ON
Scan mode: Changed: 8/19/2022 12:56:21 PM, Old:Excitation, New:Emission
Excitation Wavelength Changed: 8/19/2022 12:56:21 PM, Old: 240.00, New: 340.00
Emission Wavelength Changed: 8/19/2022 12:56:21 PM, Old: 410.00, New: 350.00
Stop Wavelength Changed: 8/19/2022 12:56:21 PM, Old: 400.00, New: 600.00
Zero Mode Changed: 8/19/2022 12:56:24 PM, Old:ON, New:Reading
Zero Mode Changed: 8/19/2022 12:56:24 PM, Old:Reading, New:ON
Scan mode: Changed: 8/19/2022 12:57:53 PM, Old:Emission, New:Excitation
User Delta Stop Changed: 8/19/2022 12:57:53 PM, Old: 450.00, New: 500.00
User Delta Increment Changed: 8/19/2022 12:57:53 PM, Old:  10.00, New:   0.15
Excitation Wavelength Changed: 8/19/2022 12:57:53 PM, Old: 340.00, New: 260.00
Emission Wavelength Changed: 8/19/2022 12:57:53 PM, Old: 350.00, New: 500.00
Stop Wavelength Changed: 8/19/2022 12:57:53 PM, Old: 600.00, New: 490.00
Zero Mode Changed: 8/19/2022 12:57:56 PM, Old:ON, New:Reading
Zero Mode Changed: 8/19/2022 12:57:56 PM, Old:Reading, New:ON
Scan mode: Changed: 8/19/2022 12:58:50 PM, Old:Excitation, New:Emission
Excitation Wavelength Changed: 8/19/2022 12:58:50 PM, Old: 260.00, New: 380.00
Emission Wavelength Changed: 8/19/2022 12:58:50 PM, Old: 500.00, New: 390.00
Stop Wavelength Changed: 8/19/2022 12:58:50 PM, Old: 490.00, New: 650.00
Zero Mode Changed: 8/19/2022 12:58:52 PM, Old:ON, New:Reading
Zero Mode Changed: 8/19/2022 12:58:52 PM, Old:Reading, New:ON
Scan mode: Changed: 8/19/2022 12:59:47 PM, Old:Emission, New:Excitation
Excitation Wavelength Changed: 8/19/2022 12:59:47 PM, Old: 380.00, New: 240.00
Emission Wavelength Changed: 8/19/2022 12:59:47 PM, Old: 390.00, New: 420.00
Stop Wavelength Changed: 8/19/2022 12:59:47 PM, Old: 650.00, New: 410.00
Zero Mode Changed: 8/19/2022 12:59:51 PM, Old:ON, New:Reading
Zero Mode Changed: 8/19/2022 12:59:51 PM, Old:Reading, New:ON
Scan mode: Changed: 8/19/2022 1:00:29 PM, Old:Excitation, New:Emission
Excitation Wavelength Changed: 8/19/2022 1:00:29 PM, Old: 240.00, New: 345.00
Emission Wavelength Changed: 8/19/2022 1:00:29 PM, Old: 420.00, New: 355.00
Stop Wavelength Changed: 8/19/2022 1:00:29 PM, Old: 410.00, New: 600.00
Zero Mode Changed: 8/19/2022 1:00:30 PM, Old:ON, New:Reading
Zero Mode Changed: 8/19/2022 1:00:31 PM, Old:Reading, New:ON
Excitation Wavelength Changed: 8/19/2022 1:01:14 PM, Old: 345.00, New: 350.00
Emission Wavelength Changed: 8/19/2022 1:01:14 PM, Old: 355.00, New: 360.00
Zero Mode Changed: 8/19/2022 1:01:16 PM, Old:ON, New:Reading
Zero Mode Changed: 8/19/2022 1:01:17 PM, Old:Reading, New:ON
Excitation Wavelength Changed: 8/19/2022 1:01:56 PM, Old: 350.00, New: 355.00
Emission Wavelength Changed: 8/19/2022 1:01:56 PM, Old: 360.00, New: 365.00
Zero Mode Changed: 8/19/2022 1:01:58 PM, Old:ON, New:Reading
Zero Mode Changed: 8/19/2022 1:01:59 PM, Old:Reading, New:ON
Excitation Wavelength Changed: 8/19/2022 1:02:40 PM, Old: 355.00, New: 360.00
Emission Wavelength Changed: 8/19/2022 1:02:40 PM, Old: 365.00, New: 370.00
Zero Mode Changed: 8/19/2022 1:02:42 PM, Old:ON, New:Reading
Zero Mode Changed: 8/19/2022 1:02:42 PM, Old:Reading, New:ON
Excitation Wavelength Changed: 8/19/2022 1:03:20 PM, Old: 360.00, New: 365.00
Emission Wavelength Changed: 8/19/2022 1:03:20 PM, Old: 370.00, New: 375.00
Zero Mode Changed: 8/19/2022 1:03:23 PM, Old:ON, New:Reading
Zero Mode Changed: 8/19/2022 1:03:23 PM, Old:Reading, New:ON
Scan mode: Changed: 8/19/2022 1:04:11 PM, Old:Emission, New:Excitation
Excitation Wavelength Changed: 8/19/2022 1:04:11 PM, Old: 365.00, New: 240.00
Emission Wavelength Changed: 8/19/2022 1:04:11 PM, Old: 375.00, New: 430.00
Stop Wavelength Changed: 8/19/2022 1:04:11 PM, Old: 600.00, New: 420.00
Zero Mode Changed: 8/19/2022 1:04:14 PM, Old:ON, New:Reading
Zero Mode Changed: 8/19/2022 1:04:14 PM, Old:Reading, New:ON
Emission Wavelength Changed: 8/19/2022 1:04:52 PM, Old: 430.00, New: 440.00
Stop Wavelength Changed: 8/19/2022 1:04:52 PM, Old: 420.00, New: 430.00
Zero Mode Changed: 8/19/2022 1:04:53 PM, Old:ON, New:Reading
Zero Mode Changed: 8/19/2022 1:04:53 PM, Old:Reading, New:ON
Emission Wavelength Changed: 8/19/2022 1:05:43 PM, Old: 440.00, New: 450.00
Stop Wavelength Changed: 8/19/2022 1:05:43 PM, Old: 430.00, New: 440.00
Zero Mode Changed: 8/19/2022 1:05:44 PM, Old:ON, New:Reading
Zero Mode Changed: 8/19/2022 1:05:44 PM, Old:Reading, New:ON
Scan mode: Changed: 8/19/2022 1:09:39 PM, Old:Excitation, New:Emission
Excitation Wavelength Changed: 8/19/2022 1:09:39 PM, Old: 240.00, New: 330.00
Emission Wavelength Changed: 8/19/2022 1:09:39 PM, Old: 450.00, New: 340.00
Stop Wavelength Changed: 8/19/2022 1:09:39 PM, Old: 440.00, New: 600.00
Zero Mode Changed: 8/19/2022 1:09:40 PM, Old:ON, New:Reading
Zero Mode Changed: 8/19/2022 1:09:40 PM, Old:Reading, New:ON
End Method Modifications

CdSe 40 sec em400,
CdSe 40 sec em400
Collection Time: 8/19/2022 1:10:41 PM
Operator Name  :
Scan Software Version: 1.1(132)
Parameter List :
Instrument                        Cary Eclipse
Instrument Serial Number          E08013467
Data mode                         Fluorescence
Scan mode                         Excitation
X Mode                            Wavelength (nm)
Start (nm)                        240.00
Stop (nm)                         390.00
Em. Wavelength (nm)               400.00
Ex. Slit (nm)                     5
Em. Slit (nm)                     5
Scan rate (nm/min)                600.00
Data interval (nm)                1.0000
Averaging Time (s)                0.1000
Excitation filter                 Auto
Emission filter                   Open
PMT voltage (V)                   Medium
Corrected spectra                 OFF
Method Log     :
Method Name    : Default
Date/Time stamp: 8/19/2022 12:23:21 PM
Method Modifications:
Excitation Wavelength Changed: 8/19/2022 12:28:50 PM, Old: 350.00, New: 300.00
Emission Wavelength Changed: 8/19/2022 12:28:50 PM, Old: 400.00, New: 310.00
Zero Mode Changed: 8/19/2022 12:28:52 PM, Old:OFF, New:Reading
Zero Mode Changed: 8/19/2022 12:28:52 PM, Old:Reading, New:ON
Scan mode: Changed: 8/19/2022 12:30:28 PM, Old:Emission, New:Excitation
Excitation Wavelength Changed: 8/19/2022 12:30:28 PM, Old: 300.00, New: 200.00
Emission Wavelength Changed: 8/19/2022 12:30:28 PM, Old: 310.00, New: 380.00
Stop Wavelength Changed: 8/19/2022 12:30:28 PM, Old: 600.00, New: 370.00
Zero Mode Changed: 8/19/2022 12:30:31 PM, Old:ON, New:Reading
Zero Mode Changed: 8/19/2022 12:30:31 PM, Old:Reading, New:ON
Overlayed Graphs Changed: 8/19/2022 12:31:25 PM, Old:OFF, New:ON
Zero Mode Changed: 8/19/2022 12:31:50 PM, Old:ON, New:Reading
Zero Mode Changed: 8/19/2022 12:31:50 PM, Old:Reading, New:ON
Scan mode: Changed: 8/19/2022 12:33:27 PM, Old:Excitation, New:Emission
Excitation Wavelength Changed: 8/19/2022 12:33:27 PM, Old: 200.00, New: 330.00
Emission Wavelength Changed: 8/19/2022 12:33:27 PM, Old: 380.00, New: 340.00
Stop Wavelength Changed: 8/19/2022 12:33:27 PM, Old: 370.00, New: 700.00
Zero Mode Changed: 8/19/2022 12:33:29 PM, Old:ON, New:Reading
Zero Mode Changed: 8/19/2022 12:33:29 PM, Old:Reading, New:ON
Scan mode: Changed: 8/19/2022 12:35:04 PM, Old:Emission, New:Excitation
Excitation Wavelength Changed: 8/19/2022 12:35:04 PM, Old: 330.00, New: 200.00
Emission Wavelength Changed: 8/19/2022 12:35:04 PM, Old: 340.00, New: 400.00
Stop Wavelength Changed: 8/19/2022 12:35:04 PM, Old: 700.00, New: 390.00
Zero Mode Changed: 8/19/2022 12:35:08 PM, Old:ON, New:Reading
Zero Mode Changed: 8/19/2022 12:35:08 PM, Old:Reading, New:ON
Y min Changed: 8/19/2022 12:38:08 PM, Old:     0.0000, New:   -55.0000
Zero Mode Changed: 8/19/2022 12:38:10 PM, Old:ON, New:Reading
Zero Mode Changed: 8/19/2022 12:38:10 PM, Old:Reading, New:ON
Scan mode: Changed: 8/19/2022 12:39:20 PM, Old:Excitation, New:Emission
Excitation Wavelength Changed: 8/19/2022 12:39:20 PM, Old: 200.00, New: 336.00
Emission Wavelength Changed: 8/19/2022 12:39:20 PM, Old: 400.00, New: 346.00
Stop Wavelength Changed: 8/19/2022 12:39:20 PM, Old: 390.00, New: 600.00
Zero Mode Changed: 8/19/2022 12:39:22 PM, Old:ON, New:Reading
Zero Mode Changed: 8/19/2022 12:39:22 PM, Old:Reading, New:ON
Stop Wavelength Changed: 8/19/2022 12:40:10 PM, Old: 600.00, New: 700.00
Zero Mode Changed: 8/19/2022 12:40:38 PM, Old:ON, New:Reading
Zero Mode Changed: 8/19/2022 12:40:38 PM, Old:Reading, New:ON
Y min Changed: 8/19/2022 12:42:47 PM, Old:   -55.0000, New:     0.0000
Scan mode: Changed: 8/19/2022 12:42:47 PM, Old:Emission, New:Excitation
Excitation Wavelength Changed: 8/19/2022 12:42:47 PM, Old: 336.00, New: 200.00
Emission Wavelength Changed: 8/19/2022 12:42:47 PM, Old: 346.00, New: 410.00
Stop Wavelength Changed: 8/19/2022 12:42:47 PM, Old: 700.00, New: 400.00
Zero Mode Changed: 8/19/2022 12:42:51 PM, Old:ON, New:Reading
Zero Mode Changed: 8/19/2022 12:42:51 PM, Old:Reading, New:ON
Scan mode: Changed: 8/19/2022 12:54:44 PM, Old:Excitation, New:Emission
Excitation Wavelength Changed: 8/19/2022 12:54:44 PM, Old: 200.00, New: 335.00
Emission Wavelength Changed: 8/19/2022 12:54:44 PM, Old: 410.00, New: 345.00
Stop Wavelength Changed: 8/19/2022 12:54:44 PM, Old: 400.00, New: 600.00
Zero Mode Changed: 8/19/2022 12:54:46 PM, Old:ON, New:Reading
Zero Mode Changed: 8/19/2022 12:54:46 PM, Old:Reading, New:ON
Scan mode: Changed: 8/19/2022 12:55:39 PM, Old:Emission, New:Excitation
Excitation Wavelength Changed: 8/19/2022 12:55:39 PM, Old: 335.00, New: 240.00
Emission Wavelength Changed: 8/19/2022 12:55:39 PM, Old: 345.00, New: 410.00
Stop Wavelength Changed: 8/19/2022 12:55:39 PM, Old: 600.00, New: 400.00
Zero Mode Changed: 8/19/2022 12:55:42 PM, Old:ON, New:Reading
Zero Mode Changed: 8/19/2022 12:55:42 PM, Old:Reading, New:ON
Scan mode: Changed: 8/19/2022 12:56:21 PM, Old:Excitation, New:Emission
Excitation Wavelength Changed: 8/19/2022 12:56:21 PM, Old: 240.00, New: 340.00
Emission Wavelength Changed: 8/19/2022 12:56:21 PM, Old: 410.00, New: 350.00
Stop Wavelength Changed: 8/19/2022 12:56:21 PM, Old: 400.00, New: 600.00
Zero Mode Changed: 8/19/2022 12:56:24 PM, Old:ON, New:Reading
Zero Mode Changed: 8/19/2022 12:56:24 PM, Old:Reading, New:ON
Scan mode: Changed: 8/19/2022 12:57:53 PM, Old:Emission, New:Excitation
User Delta Stop Changed: 8/19/2022 12:57:53 PM, Old: 450.00, New: 500.00
User Delta Increment Changed: 8/19/2022 12:57:53 PM, Old:  10.00, New:   0.15
Excitation Wavelength Changed: 8/19/2022 12:57:53 PM, Old: 340.00, New: 260.00
Emission Wavelength Changed: 8/19/2022 12:57:53 PM, Old: 350.00, New: 500.00
Stop Wavelength Changed: 8/19/2022 12:57:53 PM, Old: 600.00, New: 490.00
Zero Mode Changed: 8/19/2022 12:57:56 PM, Old:ON, New:Reading
Zero Mode Changed: 8/19/2022 12:57:56 PM, Old:Reading, New:ON
Scan mode: Changed: 8/19/2022 12:58:50 PM, Old:Excitation, New:Emission
Excitation Wavelength Changed: 8/19/2022 12:58:50 PM, Old: 260.00, New: 380.00
Emission Wavelength Changed: 8/19/2022 12:58:50 PM, Old: 500.00, New: 390.00
Stop Wavelength Changed: 8/19/2022 12:58:50 PM, Old: 490.00, New: 650.00
Zero Mode Changed: 8/19/2022 12:58:52 PM, Old:ON, New:Reading
Zero Mode Changed: 8/19/2022 12:58:52 PM, Old:Reading, New:ON
Scan mode: Changed: 8/19/2022 12:59:47 PM, Old:Emission, New:Excitation
Excitation Wavelength Changed: 8/19/2022 12:59:47 PM, Old: 380.00, New: 240.00
Emission Wavelength Changed: 8/19/2022 12:59:47 PM, Old: 390.00, New: 420.00
Stop Wavelength Changed: 8/19/2022 12:59:47 PM, Old: 650.00, New: 410.00
Zero Mode Changed: 8/19/2022 12:59:51 PM, Old:ON, New:Reading
Zero Mode Changed: 8/19/2022 12:59:51 PM, Old:Reading, New:ON
Scan mode: Changed: 8/19/2022 1:00:29 PM, Old:Excitation, New:Emission
Excitation Wavelength Changed: 8/19/2022 1:00:29 PM, Old: 240.00, New: 345.00
Emission Wavelength Changed: 8/19/2022 1:00:29 PM, Old: 420.00, New: 355.00
Stop Wavelength Changed: 8/19/2022 1:00:29 PM, Old: 410.00, New: 600.00
Zero Mode Changed: 8/19/2022 1:00:30 PM, Old:ON, New:Reading
Zero Mode Changed: 8/19/2022 1:00:31 PM, Old:Reading, New:ON
Excitation Wavelength Changed: 8/19/2022 1:01:14 PM, Old: 345.00, New: 350.00
Emission Wavelength Changed: 8/19/2022 1:01:14 PM, Old: 355.00, New: 360.00
Zero Mode Changed: 8/19/2022 1:01:16 PM, Old:ON, New:Reading
Zero Mode Changed: 8/19/2022 1:01:17 PM, Old:Reading, New:ON
Excitation Wavelength Changed: 8/19/2022 1:01:56 PM, Old: 350.00, New: 355.00
Emission Wavelength Changed: 8/19/2022 1:01:56 PM, Old: 360.00, New: 365.00
Zero Mode Changed: 8/19/2022 1:01:58 PM, Old:ON, New:Reading
Zero Mode Changed: 8/19/2022 1:01:59 PM, Old:Reading, New:ON
Excitation Wavelength Changed: 8/19/2022 1:02:40 PM, Old: 355.00, New: 360.00
Emission Wavelength Changed: 8/19/2022 1:02:40 PM, Old: 365.00, New: 370.00
Zero Mode Changed: 8/19/2022 1:02:42 PM, Old:ON, New:Reading
Zero Mode Changed: 8/19/2022 1:02:42 PM, Old:Reading, New:ON
Excitation Wavelength Changed: 8/19/2022 1:03:20 PM, Old: 360.00, New: 365.00
Emission Wavelength Changed: 8/19/2022 1:03:20 PM, Old: 370.00, New: 375.00
Zero Mode Changed: 8/19/2022 1:03:23 PM, Old:ON, New:Reading
Zero Mode Changed: 8/19/2022 1:03:23 PM, Old:Reading, New:ON
Scan mode: Changed: 8/19/2022 1:04:11 PM, Old:Emission, New:Excitation
Excitation Wavelength Changed: 8/19/2022 1:04:11 PM, Old: 365.00, New: 240.00
Emission Wavelength Changed: 8/19/2022 1:04:11 PM, Old: 375.00, New: 430.00
Stop Wavelength Changed: 8/19/2022 1:04:11 PM, Old: 600.00, New: 420.00
Zero Mode Changed: 8/19/2022 1:04:14 PM, Old:ON, New:Reading
Zero Mode Changed: 8/19/2022 1:04:14 PM, Old:Reading, New:ON
Emission Wavelength Changed: 8/19/2022 1:04:52 PM, Old: 430.00, New: 440.00
Stop Wavelength Changed: 8/19/2022 1:04:52 PM, Old: 420.00, New: 430.00
Zero Mode Changed: 8/19/2022 1:04:53 PM, Old:ON, New:Reading
Zero Mode Changed: 8/19/2022 1:04:53 PM, Old:Reading, New:ON
Emission Wavelength Changed: 8/19/2022 1:05:43 PM, Old: 440.00, New: 450.00
Stop Wavelength Changed: 8/19/2022 1:05:43 PM, Old: 430.00, New: 440.00
Zero Mode Changed: 8/19/2022 1:05:44 PM, Old:ON, New:Reading
Zero Mode Changed: 8/19/2022 1:05:44 PM, Old:Reading, New:ON
Scan mode: Changed: 8/19/2022 1:09:39 PM, Old:Excitation, New:Emission
Excitation Wavelength Changed: 8/19/2022 1:09:39 PM, Old: 240.00, New: 330.00
Emission Wavelength Changed: 8/19/2022 1:09:39 PM, Old: 450.00, New: 340.00
Stop Wavelength Changed: 8/19/2022 1:09:39 PM, Old: 440.00, New: 600.00
Zero Mode Changed: 8/19/2022 1:09:40 PM, Old:ON, New:Reading
Zero Mode Changed: 8/19/2022 1:09:40 PM, Old:Reading, New:ON
Scan mode: Changed: 8/19/2022 1:10:32 PM, Old:Emission, New:Excitation
Excitation Wavelength Changed: 8/19/2022 1:10:32 PM, Old: 330.00, New: 240.00
Emission Wavelength Changed: 8/19/2022 1:10:32 PM, Old: 340.00, New: 400.00
Stop Wavelength Changed: 8/19/2022 1:10:32 PM, Old: 600.00, New: 390.00
Zero Mode Changed: 8/19/2022 1:10:35 PM, Old:ON, New:Reading
Zero Mode Changed: 8/19/2022 1:10:35 PM, Old:Reading, New:ON
End Method Modifications

CdSe 40 sec ex335-380_EX_335.00,
CdSe 40 sec ex335-380_EX_335.00
Collection Time: 8/19/2022 1:12:06 PM
Operator Name  :
Scan Software Version: 1.1(132)
Parameter List :
Instrument                        Cary Eclipse
Instrument Serial Number          E08013467
Data mode                         Fluorescence
Scan mode                         Emission
X Mode                            Wavelength (nm)
Start (nm)                        390.00
Stop (nm)                         600.00
Ex. Wavelength (nm)               335.00
Ex. Slit (nm)                     5
Em. Slit (nm)                     5
Scan rate (nm/min)                600.00
Data interval (nm)                1.0000
Averaging Time (s)                0.1000
Excitation filter                 Auto
Emission filter                   Open
PMT voltage (V)                   Medium
Corrected spectra                 OFF
3-D Mode                          ON
Ex.  Stop (nm)                   380.00
Ex.  Increment (nm)              5.00
Method Log     :
Method Name    : Default
Date/Time stamp: 8/19/2022 12:23:21 PM
Method Modifications:
Excitation Wavelength Changed: 8/19/2022 12:28:50 PM, Old: 350.00, New: 300.00
Emission Wavelength Changed: 8/19/2022 12:28:50 PM, Old: 400.00, New: 310.00
Zero Mode Changed: 8/19/2022 12:28:52 PM, Old:OFF, New:Reading
Zero Mode Changed: 8/19/2022 12:28:52 PM, Old:Reading, New:ON
Scan mode: Changed: 8/19/2022 12:30:28 PM, Old:Emission, New:Excitation
Excitation Wavelength Changed: 8/19/2022 12:30:28 PM, Old: 300.00, New: 200.00
Emission Wavelength Changed: 8/19/2022 12:30:28 PM, Old: 310.00, New: 380.00
Stop Wavelength Changed: 8/19/2022 12:30:28 PM, Old: 600.00, New: 370.00
Zero Mode Changed: 8/19/2022 12:30:31 PM, Old:ON, New:Reading
Zero Mode Changed: 8/19/2022 12:30:31 PM, Old:Reading, New:ON
Overlayed Graphs Changed: 8/19/2022 12:31:25 PM, Old:OFF, New:ON
Zero Mode Changed: 8/19/2022 12:31:50 PM, Old:ON, New:Reading
Zero Mode Changed: 8/19/2022 12:31:50 PM, Old:Reading, New:ON
Scan mode: Changed: 8/19/2022 12:33:27 PM, Old:Excitation, New:Emission
Excitation Wavelength Changed: 8/19/2022 12:33:27 PM, Old: 200.00, New: 330.00
Emission Wavelength Changed: 8/19/2022 12:33:27 PM, Old: 380.00, New: 340.00
Stop Wavelength Changed: 8/19/2022 12:33:27 PM, Old: 370.00, New: 700.00
Zero Mode Changed: 8/19/2022 12:33:29 PM, Old:ON, New:Reading
Zero Mode Changed: 8/19/2022 12:33:29 PM, Old:Reading, New:ON
Scan mode: Changed: 8/19/2022 12:35:04 PM, Old:Emission, New:Excitation
Excitation Wavelength Changed: 8/19/2022 12:35:04 PM, Old: 330.00, New: 200.00
Emission Wavelength Changed: 8/19/2022 12:35:04 PM, Old: 340.00, New: 400.00
Stop Wavelength Changed: 8/19/2022 12:35:04 PM, Old: 700.00, New: 390.00
Zero Mode Changed: 8/19/2022 12:35:08 PM, Old:ON, New:Reading
Zero Mode Changed: 8/19/2022 12:35:08 PM, Old:Reading, New:ON
Y min Changed: 8/19/2022 12:38:08 PM, Old:     0.0000, New:   -55.0000
Zero Mode Changed: 8/19/2022 12:38:10 PM, Old:ON, New:Reading
Zero Mode Changed: 8/19/2022 12:38:10 PM, Old:Reading, New:ON
Scan mode: Changed: 8/19/2022 12:39:20 PM, Old:Excitation, New:Emission
Excitation Wavelength Changed: 8/19/2022 12:39:20 PM, Old: 200.00, New: 336.00
Emission Wavelength Changed: 8/19/2022 12:39:20 PM, Old: 400.00, New: 346.00
Stop Wavelength Changed: 8/19/2022 12:39:20 PM, Old: 390.00, New: 600.00
Zero Mode Changed: 8/19/2022 12:39:22 PM, Old:ON, New:Reading
Zero Mode Changed: 8/19/2022 12:39:22 PM, Old:Reading, New:ON
Stop Wavelength Changed: 8/19/2022 12:40:10 PM, Old: 600.00, New: 700.00
Zero Mode Changed: 8/19/2022 12:40:38 PM, Old:ON, New:Reading
Zero Mode Changed: 8/19/2022 12:40:38 PM, Old:Reading, New:ON
Y min Changed: 8/19/2022 12:42:47 PM, Old:   -55.0000, New:     0.0000
Scan mode: Changed: 8/19/2022 12:42:47 PM, Old:Emission, New:Excitation
Excitation Wavelength Changed: 8/19/2022 12:42:47 PM, Old: 336.00, New: 200.00
Emission Wavelength Changed: 8/19/2022 12:42:47 PM, Old: 346.00, New: 410.00
Stop Wavelength Changed: 8/19/2022 12:42:47 PM, Old: 700.00, New: 400.00
Zero Mode Changed: 8/19/2022 12:42:51 PM, Old:ON, New:Reading
Zero Mode Changed: 8/19/2022 12:42:51 PM, Old:Reading, New:ON
Scan mode: Changed: 8/19/2022 12:54:44 PM, Old:Excitation, New:Emission
Excitation Wavelength Changed: 8/19/2022 12:54:44 PM, Old: 200.00, New: 335.00
Emission Wavelength Changed: 8/19/2022 12:54:44 PM, Old: 410.00, New: 345.00
Stop Wavelength Changed: 8/19/2022 12:54:44 PM, Old: 400.00, New: 600.00
Zero Mode Changed: 8/19/2022 12:54:46 PM, Old:ON, New:Reading
Zero Mode Changed: 8/19/2022 12:54:46 PM, Old:Reading, New:ON
Scan mode: Changed: 8/19/2022 12:55:39 PM, Old:Emission, New:Excitation
Excitation Wavelength Changed: 8/19/2022 12:55:39 PM, Old: 335.00, New: 240.00
Emission Wavelength Changed: 8/19/2022 12:55:39 PM, Old: 345.00, New: 410.00
Stop Wavelength Changed: 8/19/2022 12:55:39 PM, Old: 600.00, New: 400.00
Zero Mode Changed: 8/19/2022 12:55:42 PM, Old:ON, New:Reading
Zero Mode Changed: 8/19/2022 12:55:42 PM, Old:Reading, New:ON
Scan mode: Changed: 8/19/2022 12:56:21 PM, Old:Excitation, New:Emission
Excitation Wavelength Changed: 8/19/2022 12:56:21 PM, Old: 240.00, New: 340.00
Emission Wavelength Changed: 8/19/2022 12:56:21 PM, Old: 410.00, New: 350.00
Stop Wavelength Changed: 8/19/2022 12:56:21 PM, Old: 400.00, New: 600.00
Zero Mode Changed: 8/19/2022 12:56:24 PM, Old:ON, New:Reading
Zero Mode Changed: 8/19/2022 12:56:24 PM, Old:Reading, New:ON
Scan mode: Changed: 8/19/2022 12:57:53 PM, Old:Emission, New:Excitation
User Delta Stop Changed: 8/19/2022 12:57:53 PM, Old: 450.00, New: 500.00
User Delta Increment Changed: 8/19/2022 12:57:53 PM, Old:  10.00, New:   0.15
Excitation Wavelength Changed: 8/19/2022 12:57:53 PM, Old: 340.00, New: 260.00
Emission Wavelength Changed: 8/19/2022 12:57:53 PM, Old: 350.00, New: 500.00
Stop Wavelength Changed: 8/19/2022 12:57:53 PM, Old: 600.00, New: 490.00
Zero Mode Changed: 8/19/2022 12:57:56 PM, Old:ON, New:Reading
Zero Mode Changed: 8/19/2022 12:57:56 PM, Old:Reading, New:ON
Scan mode: Changed: 8/19/2022 12:58:50 PM, Old:Excitation, New:Emission
Excitation Wavelength Changed: 8/19/2022 12:58:50 PM, Old: 260.00, New: 380.00
Emission Wavelength Changed: 8/19/2022 12:58:50 PM, Old: 500.00, New: 390.00
Stop Wavelength Changed: 8/19/2022 12:58:50 PM, Old: 490.00, New: 650.00
Zero Mode Changed: 8/19/2022 12:58:52 PM, Old:ON, New:Reading
Zero Mode Changed: 8/19/2022 12:58:52 PM, Old:Reading, New:ON
Scan mode: Changed: 8/19/2022 12:59:47 PM, Old:Emission, New:Excitation
Excitation Wavelength Changed: 8/19/2022 12:59:47 PM, Old: 380.00, New: 240.00
Emission Wavelength Changed: 8/19/2022 12:59:47 PM, Old: 390.00, New: 420.00
Stop Wavelength Changed: 8/19/2022 12:59:47 PM, Old: 650.00, New: 410.00
Zero Mode Changed: 8/19/2022 12:59:51 PM, Old:ON, New:Reading
Zero Mode Changed: 8/19/2022 12:59:51 PM, Old:Reading, New:ON
Scan mode: Changed: 8/19/2022 1:00:29 PM, Old:Excitation, New:Emission
Excitation Wavelength Changed: 8/19/2022 1:00:29 PM, Old: 240.00, New: 345.00
Emission Wavelength Changed: 8/19/2022 1:00:29 PM, Old: 420.00, New: 355.00
Stop Wavelength Changed: 8/19/2022 1:00:29 PM, Old: 410.00, New: 600.00
Zero Mode Changed: 8/19/2022 1:00:30 PM, Old:ON, New:Reading
Zero Mode Changed: 8/19/2022 1:00:31 PM, Old:Reading, New:ON
Excitation Wavelength Changed: 8/19/2022 1:01:14 PM, Old: 345.00, New: 350.00
Emission Wavelength Changed: 8/19/2022 1:01:14 PM, Old: 355.00, New: 360.00
Zero Mode Changed: 8/19/2022 1:01:16 PM, Old:ON, New:Reading
Zero Mode Changed: 8/19/2022 1:01:17 PM, Old:Reading, New:ON
Excitation Wavelength Changed: 8/19/2022 1:01:56 PM, Old: 350.00, New: 355.00
Emission Wavelength Changed: 8/19/2022 1:01:56 PM, Old: 360.00, New: 365.00
Zero Mode Changed: 8/19/2022 1:01:58 PM, Old:ON, New:Reading
Zero Mode Changed: 8/19/2022 1:01:59 PM, Old:Reading, New:ON
Excitation Wavelength Changed: 8/19/2022 1:02:40 PM, Old: 355.00, New: 360.00
Emission Wavelength Changed: 8/19/2022 1:02:40 PM, Old: 365.00, New: 370.00
Zero Mode Changed: 8/19/2022 1:02:42 PM, Old:ON, New:Reading
Zero Mode Changed: 8/19/2022 1:02:42 PM, Old:Reading, New:ON
Excitation Wavelength Changed: 8/19/2022 1:03:20 PM, Old: 360.00, New: 365.00
Emission Wavelength Changed: 8/19/2022 1:03:20 PM, Old: 370.00, New: 375.00
Zero Mode Changed: 8/19/2022 1:03:23 PM, Old:ON, New:Reading
Zero Mode Changed: 8/19/2022 1:03:23 PM, Old:Reading, New:ON
Scan mode: Changed: 8/19/2022 1:04:11 PM, Old:Emission, New:Excitation
Excitation Wavelength Changed: 8/19/2022 1:04:11 PM, Old: 365.00, New: 240.00
Emission Wavelength Changed: 8/19/2022 1:04:11 PM, Old: 375.00, New: 430.00
Stop Wavelength Changed: 8/19/2022 1:04:11 PM, Old: 600.00, New: 420.00
Zero Mode Changed: 8/19/2022 1:04:14 PM, Old:ON, New:Reading
Zero Mode Changed: 8/19/2022 1:04:14 PM, Old:Reading, New:ON
Emission Wavelength Changed: 8/19/2022 1:04:52 PM, Old: 430.00, New: 440.00
Stop Wavelength Changed: 8/19/2022 1:04:52 PM, Old: 420.00, New: 430.00
Zero Mode Changed: 8/19/2022 1:04:53 PM, Old:ON, New:Reading
Zero Mode Changed: 8/19/2022 1:04:53 PM, Old:Reading, New:ON
Emission Wavelength Changed: 8/19/2022 1:05:43 PM, Old: 440.00, New: 450.00
Stop Wavelength Changed: 8/19/2022 1:05:43 PM, Old: 430.00, New: 440.00
Zero Mode Changed: 8/19/2022 1:05:44 PM, Old:ON, New:Reading
Zero Mode Changed: 8/19/2022 1:05:44 PM, Old:Reading, New:ON
Scan mode: Changed: 8/19/2022 1:09:39 PM, Old:Excitation, New:Emission
Excitation Wavelength Changed: 8/19/2022 1:09:39 PM, Old: 240.00, New: 330.00
Emission Wavelength Changed: 8/19/2022 1:09:39 PM, Old: 450.00, New: 340.00
Stop Wavelength Changed: 8/19/2022 1:09:39 PM, Old: 440.00, New: 600.00
Zero Mode Changed: 8/19/2022 1:09:40 PM, Old:ON, New:Reading
Zero Mode Changed: 8/19/2022 1:09:40 PM, Old:Reading, New:ON
Scan mode: Changed: 8/19/2022 1:10:32 PM, Old:Emission, New:Excitation
Excitation Wavelength Changed: 8/19/2022 1:10:32 PM, Old: 330.00, New: 240.00
Emission Wavelength Changed: 8/19/2022 1:10:32 PM, Old: 340.00, New: 400.00
Stop Wavelength Changed: 8/19/2022 1:10:32 PM, Old: 600.00, New: 390.00
Zero Mode Changed: 8/19/2022 1:10:35 PM, Old:ON, New:Reading
Zero Mode Changed: 8/19/2022 1:10:35 PM, Old:Reading, New:ON
Scan mode: Changed: 8/19/2022 1:11:56 PM, Old:Excitation, New:Emission
3-D Mode Changed: 8/19/2022 1:11:56 PM, Old:OFF, New:ON
User Delta Stop Changed: 8/19/2022 1:11:56 PM, Old: 500.00, New: 380.00
User Delta Increment Changed: 8/19/2022 1:11:56 PM, Old:   0.15, New:   5.00
Excitation Wavelength Changed: 8/19/2022 1:11:56 PM, Old: 240.00, New: 335.00
Emission Wavelength Changed: 8/19/2022 1:11:56 PM, Old: 400.00, New: 390.00
Stop Wavelength Changed: 8/19/2022 1:11:56 PM, Old: 390.00, New: 600.00
Zero Mode Changed: 8/19/2022 1:11:58 PM, Old:ON, New:Reading
Zero Mode Changed: 8/19/2022 1:11:58 PM, Old:Reading, New:ON
End Method Modifications
[Excitation (nm)] , 335.0000

CdSe 40 sec ex335-380_EX_340.00,
CdSe 40 sec ex335-380_EX_340.00
Collection Time: 8/19/2022 1:12:28 PM
Operator Name  :
Scan Software Version: 1.1(132)
Parameter List :
Instrument                        Cary Eclipse
Instrument Serial Number          E08013467
Data mode                         Fluorescence
Scan mode                         Emission
X Mode                            Wavelength (nm)
Start (nm)                        390.00
Stop (nm)                         600.00
Ex. Wavelength (nm)               335.00
Ex. Slit (nm)                     5
Em. Slit (nm)                     5
Scan rate (nm/min)                600.00
Data interval (nm)                1.0000
Averaging Time (s)                0.1000
Excitation filter                 Auto
Emission filter                   Open
PMT voltage (V)                   Medium
Corrected spectra                 OFF
3-D Mode                          ON
Ex.  Stop (nm)                   380.00
Ex.  Increment (nm)              5.00
Method Log     :
Method Name    : Default
Date/Time stamp: 8/19/2022 12:23:21 PM
Method Modifications:
Excitation Wavelength Changed: 8/19/2022 12:28:50 PM, Old: 350.00, New: 300.00
Emission Wavelength Changed: 8/19/2022 12:28:50 PM, Old: 400.00, New: 310.00
Zero Mode Changed: 8/19/2022 12:28:52 PM, Old:OFF, New:Reading
Zero Mode Changed: 8/19/2022 12:28:52 PM, Old:Reading, New:ON
Scan mode: Changed: 8/19/2022 12:30:28 PM, Old:Emission, New:Excitation
Excitation Wavelength Changed: 8/19/2022 12:30:28 PM, Old: 300.00, New: 200.00
Emission Wavelength Changed: 8/19/2022 12:30:28 PM, Old: 310.00, New: 380.00
Stop Wavelength Changed: 8/19/2022 12:30:28 PM, Old: 600.00, New: 370.00
Zero Mode Changed: 8/19/2022 12:30:31 PM, Old:ON, New:Reading
Zero Mode Changed: 8/19/2022 12:30:31 PM, Old:Reading, New:ON
Overlayed Graphs Changed: 8/19/2022 12:31:25 PM, Old:OFF, New:ON
Zero Mode Changed: 8/19/2022 12:31:50 PM, Old:ON, New:Reading
Zero Mode Changed: 8/19/2022 12:31:50 PM, Old:Reading, New:ON
Scan mode: Changed: 8/19/2022 12:33:27 PM, Old:Excitation, New:Emission
Excitation Wavelength Changed: 8/19/2022 12:33:27 PM, Old: 200.00, New: 330.00
Emission Wavelength Changed: 8/19/2022 12:33:27 PM, Old: 380.00, New: 340.00
Stop Wavelength Changed: 8/19/2022 12:33:27 PM, Old: 370.00, New: 700.00
Zero Mode Changed: 8/19/2022 12:33:29 PM, Old:ON, New:Reading
Zero Mode Changed: 8/19/2022 12:33:29 PM, Old:Reading, New:ON
Scan mode: Changed: 8/19/2022 12:35:04 PM, Old:Emission, New:Excitation
Excitation Wavelength Changed: 8/19/2022 12:35:04 PM, Old: 330.00, New: 200.00
Emission Wavelength Changed: 8/19/2022 12:35:04 PM, Old: 340.00, New: 400.00
Stop Wavelength Changed: 8/19/2022 12:35:04 PM, Old: 700.00, New: 390.00
Zero Mode Changed: 8/19/2022 12:35:08 PM, Old:ON, New:Reading
Zero Mode Changed: 8/19/2022 12:35:08 PM, Old:Reading, New:ON
Y min Changed: 8/19/2022 12:38:08 PM, Old:     0.0000, New:   -55.0000
Zero Mode Changed: 8/19/2022 12:38:10 PM, Old:ON, New:Reading
Zero Mode Changed: 8/19/2022 12:38:10 PM, Old:Reading, New:ON
Scan mode: Changed: 8/19/2022 12:39:20 PM, Old:Excitation, New:Emission
Excitation Wavelength Changed: 8/19/2022 12:39:20 PM, Old: 200.00, New: 336.00
Emission Wavelength Changed: 8/19/2022 12:39:20 PM, Old: 400.00, New: 346.00
Stop Wavelength Changed: 8/19/2022 12:39:20 PM, Old: 390.00, New: 600.00
Zero Mode Changed: 8/19/2022 12:39:22 PM, Old:ON, New:Reading
Zero Mode Changed: 8/19/2022 12:39:22 PM, Old:Reading, New:ON
Stop Wavelength Changed: 8/19/2022 12:40:10 PM, Old: 600.00, New: 700.00
Zero Mode Changed: 8/19/2022 12:40:38 PM, Old:ON, New:Reading
Zero Mode Changed: 8/19/2022 12:40:38 PM, Old:Reading, New:ON
Y min Changed: 8/19/2022 12:42:47 PM, Old:   -55.0000, New:     0.0000
Scan mode: Changed: 8/19/2022 12:42:47 PM, Old:Emission, New:Excitation
Excitation Wavelength Changed: 8/19/2022 12:42:47 PM, Old: 336.00, New: 200.00
Emission Wavelength Changed: 8/19/2022 12:42:47 PM, Old: 346.00, New: 410.00
Stop Wavelength Changed: 8/19/2022 12:42:47 PM, Old: 700.00, New: 400.00
Zero Mode Changed: 8/19/2022 12:42:51 PM, Old:ON, New:Reading
Zero Mode Changed: 8/19/2022 12:42:51 PM, Old:Reading, New:ON
Scan mode: Changed: 8/19/2022 12:54:44 PM, Old:Excitation, New:Emission
Excitation Wavelength Changed: 8/19/2022 12:54:44 PM, Old: 200.00, New: 335.00
Emission Wavelength Changed: 8/19/2022 12:54:44 PM, Old: 410.00, New: 345.00
Stop Wavelength Changed: 8/19/2022 12:54:44 PM, Old: 400.00, New: 600.00
Zero Mode Changed: 8/19/2022 12:54:46 PM, Old:ON, New:Reading
Zero Mode Changed: 8/19/2022 12:54:46 PM, Old:Reading, New:ON
Scan mode: Changed: 8/19/2022 12:55:39 PM, Old:Emission, New:Excitation
Excitation Wavelength Changed: 8/19/2022 12:55:39 PM, Old: 335.00, New: 240.00
Emission Wavelength Changed: 8/19/2022 12:55:39 PM, Old: 345.00, New: 410.00
Stop Wavelength Changed: 8/19/2022 12:55:39 PM, Old: 600.00, New: 400.00
Zero Mode Changed: 8/19/2022 12:55:42 PM, Old:ON, New:Reading
Zero Mode Changed: 8/19/2022 12:55:42 PM, Old:Reading, New:ON
Scan mode: Changed: 8/19/2022 12:56:21 PM, Old:Excitation, New:Emission
Excitation Wavelength Changed: 8/19/2022 12:56:21 PM, Old: 240.00, New: 340.00
Emission Wavelength Changed: 8/19/2022 12:56:21 PM, Old: 410.00, New: 350.00
Stop Wavelength Changed: 8/19/2022 12:56:21 PM, Old: 400.00, New: 600.00
Zero Mode Changed: 8/19/2022 12:56:24 PM, Old:ON, New:Reading
Zero Mode Changed: 8/19/2022 12:56:24 PM, Old:Reading, New:ON
Scan mode: Changed: 8/19/2022 12:57:53 PM, Old:Emission, New:Excitation
User Delta Stop Changed: 8/19/2022 12:57:53 PM, Old: 450.00, New: 500.00
User Delta Increment Changed: 8/19/2022 12:57:53 PM, Old:  10.00, New:   0.15
Excitation Wavelength Changed: 8/19/2022 12:57:53 PM, Old: 340.00, New: 260.00
Emission Wavelength Changed: 8/19/2022 12:57:53 PM, Old: 350.00, New: 500.00
Stop Wavelength Changed: 8/19/2022 12:57:53 PM, Old: 600.00, New: 490.00
Zero Mode Changed: 8/19/2022 12:57:56 PM, Old:ON, New:Reading
Zero Mode Changed: 8/19/2022 12:57:56 PM, Old:Reading, New:ON
Scan mode: Changed: 8/19/2022 12:58:50 PM, Old:Excitation, New:Emission
Excitation Wavelength Changed: 8/19/2022 12:58:50 PM, Old: 260.00, New: 380.00
Emission Wavelength Changed: 8/19/2022 12:58:50 PM, Old: 500.00, New: 390.00
Stop Wavelength Changed: 8/19/2022 12:58:50 PM, Old: 490.00, New: 650.00
Zero Mode Changed: 8/19/2022 12:58:52 PM, Old:ON, New:Reading
Zero Mode Changed: 8/19/2022 12:58:52 PM, Old:Reading, New:ON
Scan mode: Changed: 8/19/2022 12:59:47 PM, Old:Emission, New:Excitation
Excitation Wavelength Changed: 8/19/2022 12:59:47 PM, Old: 380.00, New: 240.00
Emission Wavelength Changed: 8/19/2022 12:59:47 PM, Old: 390.00, New: 420.00
Stop Wavelength Changed: 8/19/2022 12:59:47 PM, Old: 650.00, New: 410.00
Zero Mode Changed: 8/19/2022 12:59:51 PM, Old:ON, New:Reading
Zero Mode Changed: 8/19/2022 12:59:51 PM, Old:Reading, New:ON
Scan mode: Changed: 8/19/2022 1:00:29 PM, Old:Excitation, New:Emission
Excitation Wavelength Changed: 8/19/2022 1:00:29 PM, Old: 240.00, New: 345.00
Emission Wavelength Changed: 8/19/2022 1:00:29 PM, Old: 420.00, New: 355.00
Stop Wavelength Changed: 8/19/2022 1:00:29 PM, Old: 410.00, New: 600.00
Zero Mode Changed: 8/19/2022 1:00:30 PM, Old:ON, New:Reading
Zero Mode Changed: 8/19/2022 1:00:31 PM, Old:Reading, New:ON
Excitation Wavelength Changed: 8/19/2022 1:01:14 PM, Old: 345.00, New: 350.00
Emission Wavelength Changed: 8/19/2022 1:01:14 PM, Old: 355.00, New: 360.00
Zero Mode Changed: 8/19/2022 1:01:16 PM, Old:ON, New:Reading
Zero Mode Changed: 8/19/2022 1:01:17 PM, Old:Reading, New:ON
Excitation Wavelength Changed: 8/19/2022 1:01:56 PM, Old: 350.00, New: 355.00
Emission Wavelength Changed: 8/19/2022 1:01:56 PM, Old: 360.00, New: 365.00
Zero Mode Changed: 8/19/2022 1:01:58 PM, Old:ON, New:Reading
Zero Mode Changed: 8/19/2022 1:01:59 PM, Old:Reading, New:ON
Excitation Wavelength Changed: 8/19/2022 1:02:40 PM, Old: 355.00, New: 360.00
Emission Wavelength Changed: 8/19/2022 1:02:40 PM, Old: 365.00, New: 370.00
Zero Mode Changed: 8/19/2022 1:02:42 PM, Old:ON, New:Reading
Zero Mode Changed: 8/19/2022 1:02:42 PM, Old:Reading, New:ON
Excitation Wavelength Changed: 8/19/2022 1:03:20 PM, Old: 360.00, New: 365.00
Emission Wavelength Changed: 8/19/2022 1:03:20 PM, Old: 370.00, New: 375.00
Zero Mode Changed: 8/19/2022 1:03:23 PM, Old:ON, New:Reading
Zero Mode Changed: 8/19/2022 1:03:23 PM, Old:Reading, New:ON
Scan mode: Changed: 8/19/2022 1:04:11 PM, Old:Emission, New:Excitation
Excitation Wavelength Changed: 8/19/2022 1:04:11 PM, Old: 365.00, New: 240.00
Emission Wavelength Changed: 8/19/2022 1:04:11 PM, Old: 375.00, New: 430.00
Stop Wavelength Changed: 8/19/2022 1:04:11 PM, Old: 600.00, New: 420.00
Zero Mode Changed: 8/19/2022 1:04:14 PM, Old:ON, New:Reading
Zero Mode Changed: 8/19/2022 1:04:14 PM, Old:Reading, New:ON
Emission Wavelength Changed: 8/19/2022 1:04:52 PM, Old: 430.00, New: 440.00
Stop Wavelength Changed: 8/19/2022 1:04:52 PM, Old: 420.00, New: 430.00
Zero Mode Changed: 8/19/2022 1:04:53 PM, Old:ON, New:Reading
Zero Mode Changed: 8/19/2022 1:04:53 PM, Old:Reading, New:ON
Emission Wavelength Changed: 8/19/2022 1:05:43 PM, Old: 440.00, New: 450.00
Stop Wavelength Changed: 8/19/2022 1:05:43 PM, Old: 430.00, New: 440.00
Zero Mode Changed: 8/19/2022 1:05:44 PM, Old:ON, New:Reading
Zero Mode Changed: 8/19/2022 1:05:44 PM, Old:Reading, New:ON
Scan mode: Changed: 8/19/2022 1:09:39 PM, Old:Excitation, New:Emission
Excitation Wavelength Changed: 8/19/2022 1:09:39 PM, Old: 240.00, New: 330.00
Emission Wavelength Changed: 8/19/2022 1:09:39 PM, Old: 450.00, New: 340.00
Stop Wavelength Changed: 8/19/2022 1:09:39 PM, Old: 440.00, New: 600.00
Zero Mode Changed: 8/19/2022 1:09:40 PM, Old:ON, New:Reading
Zero Mode Changed: 8/19/2022 1:09:40 PM, Old:Reading, New:ON
Scan mode: Changed: 8/19/2022 1:10:32 PM, Old:Emission, New:Excitation
Excitation Wavelength Changed: 8/19/2022 1:10:32 PM, Old: 330.00, New: 240.00
Emission Wavelength Changed: 8/19/2022 1:10:32 PM, Old: 340.00, New: 400.00
Stop Wavelength Changed: 8/19/2022 1:10:32 PM, Old: 600.00, New: 390.00
Zero Mode Changed: 8/19/2022 1:10:35 PM, Old:ON, New:Reading
Zero Mode Changed: 8/19/2022 1:10:35 PM, Old:Reading, New:ON
Scan mode: Changed: 8/19/2022 1:11:56 PM, Old:Excitation, New:Emission
3-D Mode Changed: 8/19/2022 1:11:56 PM, Old:OFF, New:ON
User Delta Stop Changed: 8/19/2022 1:11:56 PM, Old: 500.00, New: 380.00
User Delta Increment Changed: 8/19/2022 1:11:56 PM, Old:   0.15, New:   5.00
Excitation Wavelength Changed: 8/19/2022 1:11:56 PM, Old: 240.00, New: 335.00
Emission Wavelength Changed: 8/19/2022 1:11:56 PM, Old: 400.00, New: 390.00
Stop Wavelength Changed: 8/19/2022 1:11:56 PM, Old: 390.00, New: 600.00
Zero Mode Changed: 8/19/2022 1:11:58 PM, Old:ON, New:Reading
Zero Mode Changed: 8/19/2022 1:11:58 PM, Old:Reading, New:ON
Excitation Wavelength Changed: 8/19/2022 1:12:28 PM, Old: 335.00, New: 340.00
End Method Modifications
[Excitation (nm)] , 340.0000

CdSe 40 sec ex335-380_EX_345.00,
CdSe 40 sec ex335-380_EX_345.00
Collection Time: 8/19/2022 1:12:50 PM
Operator Name  :
Scan Software Version: 1.1(132)
Parameter List :
Instrument                        Cary Eclipse
Instrument Serial Number          E08013467
Data mode                         Fluorescence
Scan mode                         Emission
X Mode                            Wavelength (nm)
Start (nm)                        390.00
Stop (nm)                         600.00
Ex. Wavelength (nm)               335.00
Ex. Slit (nm)                     5
Em. Slit (nm)                     5
Scan rate (nm/min)                600.00
Data interval (nm)                1.0000
Averaging Time (s)                0.1000
Excitation filter                 Auto
Emission filter                   Open
PMT voltage (V)                   Medium
Corrected spectra                 OFF
3-D Mode                          ON
Ex.  Stop (nm)                   380.00
Ex.  Increment (nm)              5.00
Method Log     :
Method Name    : Default
Date/Time stamp: 8/19/2022 12:23:21 PM
Method Modifications:
Excitation Wavelength Changed: 8/19/2022 12:28:50 PM, Old: 350.00, New: 300.00
Emission Wavelength Changed: 8/19/2022 12:28:50 PM, Old: 400.00, New: 310.00
Zero Mode Changed: 8/19/2022 12:28:52 PM, Old:OFF, New:Reading
Zero Mode Changed: 8/19/2022 12:28:52 PM, Old:Reading, New:ON
Scan mode: Changed: 8/19/2022 12:30:28 PM, Old:Emission, New:Excitation
Excitation Wavelength Changed: 8/19/2022 12:30:28 PM, Old: 300.00, New: 200.00
Emission Wavelength Changed: 8/19/2022 12:30:28 PM, Old: 310.00, New: 380.00
Stop Wavelength Changed: 8/19/2022 12:30:28 PM, Old: 600.00, New: 370.00
Zero Mode Changed: 8/19/2022 12:30:31 PM, Old:ON, New:Reading
Zero Mode Changed: 8/19/2022 12:30:31 PM, Old:Reading, New:ON
Overlayed Graphs Changed: 8/19/2022 12:31:25 PM, Old:OFF, New:ON
Zero Mode Changed: 8/19/2022 12:31:50 PM, Old:ON, New:Reading
Zero Mode Changed: 8/19/2022 12:31:50 PM, Old:Reading, New:ON
Scan mode: Changed: 8/19/2022 12:33:27 PM, Old:Excitation, New:Emission
Excitation Wavelength Changed: 8/19/2022 12:33:27 PM, Old: 200.00, New: 330.00
Emission Wavelength Changed: 8/19/2022 12:33:27 PM, Old: 380.00, New: 340.00
Stop Wavelength Changed: 8/19/2022 12:33:27 PM, Old: 370.00, New: 700.00
Zero Mode Changed: 8/19/2022 12:33:29 PM, Old:ON, New:Reading
Zero Mode Changed: 8/19/2022 12:33:29 PM, Old:Reading, New:ON
Scan mode: Changed: 8/19/2022 12:35:04 PM, Old:Emission, New:Excitation
Excitation Wavelength Changed: 8/19/2022 12:35:04 PM, Old: 330.00, New: 200.00
Emission Wavelength Changed: 8/19/2022 12:35:04 PM, Old: 340.00, New: 400.00
Stop Wavelength Changed: 8/19/2022 12:35:04 PM, Old: 700.00, New: 390.00
Zero Mode Changed: 8/19/2022 12:35:08 PM, Old:ON, New:Reading
Zero Mode Changed: 8/19/2022 12:35:08 PM, Old:Reading, New:ON
Y min Changed: 8/19/2022 12:38:08 PM, Old:     0.0000, New:   -55.0000
Zero Mode Changed: 8/19/2022 12:38:10 PM, Old:ON, New:Reading
Zero Mode Changed: 8/19/2022 12:38:10 PM, Old:Reading, New:ON
Scan mode: Changed: 8/19/2022 12:39:20 PM, Old:Excitation, New:Emission
Excitation Wavelength Changed: 8/19/2022 12:39:20 PM, Old: 200.00, New: 336.00
Emission Wavelength Changed: 8/19/2022 12:39:20 PM, Old: 400.00, New: 346.00
Stop Wavelength Changed: 8/19/2022 12:39:20 PM, Old: 390.00, New: 600.00
Zero Mode Changed: 8/19/2022 12:39:22 PM, Old:ON, New:Reading
Zero Mode Changed: 8/19/2022 12:39:22 PM, Old:Reading, New:ON
Stop Wavelength Changed: 8/19/2022 12:40:10 PM, Old: 600.00, New: 700.00
Zero Mode Changed: 8/19/2022 12:40:38 PM, Old:ON, New:Reading
Zero Mode Changed: 8/19/2022 12:40:38 PM, Old:Reading, New:ON
Y min Changed: 8/19/2022 12:42:47 PM, Old:   -55.0000, New:     0.0000
Scan mode: Changed: 8/19/2022 12:42:47 PM, Old:Emission, New:Excitation
Excitation Wavelength Changed: 8/19/2022 12:42:47 PM, Old: 336.00, New: 200.00
Emission Wavelength Changed: 8/19/2022 12:42:47 PM, Old: 346.00, New: 410.00
Stop Wavelength Changed: 8/19/2022 12:42:47 PM, Old: 700.00, New: 400.00
Zero Mode Changed: 8/19/2022 12:42:51 PM, Old:ON, New:Reading
Zero Mode Changed: 8/19/2022 12:42:51 PM, Old:Reading, New:ON
Scan mode: Changed: 8/19/2022 12:54:44 PM, Old:Excitation, New:Emission
Excitation Wavelength Changed: 8/19/2022 12:54:44 PM, Old: 200.00, New: 335.00
Emission Wavelength Changed: 8/19/2022 12:54:44 PM, Old: 410.00, New: 345.00
Stop Wavelength Changed: 8/19/2022 12:54:44 PM, Old: 400.00, New: 600.00
Zero Mode Changed: 8/19/2022 12:54:46 PM, Old:ON, New:Reading
Zero Mode Changed: 8/19/2022 12:54:46 PM, Old:Reading, New:ON
Scan mode: Changed: 8/19/2022 12:55:39 PM, Old:Emission, New:Excitation
Excitation Wavelength Changed: 8/19/2022 12:55:39 PM, Old: 335.00, New: 240.00
Emission Wavelength Changed: 8/19/2022 12:55:39 PM, Old: 345.00, New: 410.00
Stop Wavelength Changed: 8/19/2022 12:55:39 PM, Old: 600.00, New: 400.00
Zero Mode Changed: 8/19/2022 12:55:42 PM, Old:ON, New:Reading
Zero Mode Changed: 8/19/2022 12:55:42 PM, Old:Reading, New:ON
Scan mode: Changed: 8/19/2022 12:56:21 PM, Old:Excitation, New:Emission
Excitation Wavelength Changed: 8/19/2022 12:56:21 PM, Old: 240.00, New: 340.00
Emission Wavelength Changed: 8/19/2022 12:56:21 PM, Old: 410.00, New: 350.00
Stop Wavelength Changed: 8/19/2022 12:56:21 PM, Old: 400.00, New: 600.00
Zero Mode Changed: 8/19/2022 12:56:24 PM, Old:ON, New:Reading
Zero Mode Changed: 8/19/2022 12:56:24 PM, Old:Reading, New:ON
Scan mode: Changed: 8/19/2022 12:57:53 PM, Old:Emission, New:Excitation
User Delta Stop Changed: 8/19/2022 12:57:53 PM, Old: 450.00, New: 500.00
User Delta Increment Changed: 8/19/2022 12:57:53 PM, Old:  10.00, New:   0.15
Excitation Wavelength Changed: 8/19/2022 12:57:53 PM, Old: 340.00, New: 260.00
Emission Wavelength Changed: 8/19/2022 12:57:53 PM, Old: 350.00, New: 500.00
Stop Wavelength Changed: 8/19/2022 12:57:53 PM, Old: 600.00, New: 490.00
Zero Mode Changed: 8/19/2022 12:57:56 PM, Old:ON, New:Reading
Zero Mode Changed: 8/19/2022 12:57:56 PM, Old:Reading, New:ON
Scan mode: Changed: 8/19/2022 12:58:50 PM, Old:Excitation, New:Emission
Excitation Wavelength Changed: 8/19/2022 12:58:50 PM, Old: 260.00, New: 380.00
Emission Wavelength Changed: 8/19/2022 12:58:50 PM, Old: 500.00, New: 390.00
Stop Wavelength Changed: 8/19/2022 12:58:50 PM, Old: 490.00, New: 650.00
Zero Mode Changed: 8/19/2022 12:58:52 PM, Old:ON, New:Reading
Zero Mode Changed: 8/19/2022 12:58:52 PM, Old:Reading, New:ON
Scan mode: Changed: 8/19/2022 12:59:47 PM, Old:Emission, New:Excitation
Excitation Wavelength Changed: 8/19/2022 12:59:47 PM, Old: 380.00, New: 240.00
Emission Wavelength Changed: 8/19/2022 12:59:47 PM, Old: 390.00, New: 420.00
Stop Wavelength Changed: 8/19/2022 12:59:47 PM, Old: 650.00, New: 410.00
Zero Mode Changed: 8/19/2022 12:59:51 PM, Old:ON, New:Reading
Zero Mode Changed: 8/19/2022 12:59:51 PM, Old:Reading, New:ON
Scan mode: Changed: 8/19/2022 1:00:29 PM, Old:Excitation, New:Emission
Excitation Wavelength Changed: 8/19/2022 1:00:29 PM, Old: 240.00, New: 345.00
Emission Wavelength Changed: 8/19/2022 1:00:29 PM, Old: 420.00, New: 355.00
Stop Wavelength Changed: 8/19/2022 1:00:29 PM, Old: 410.00, New: 600.00
Zero Mode Changed: 8/19/2022 1:00:30 PM, Old:ON, New:Reading
Zero Mode Changed: 8/19/2022 1:00:31 PM, Old:Reading, New:ON
Excitation Wavelength Changed: 8/19/2022 1:01:14 PM, Old: 345.00, New: 350.00
Emission Wavelength Changed: 8/19/2022 1:01:14 PM, Old: 355.00, New: 360.00
Zero Mode Changed: 8/19/2022 1:01:16 PM, Old:ON, New:Reading
Zero Mode Changed: 8/19/2022 1:01:17 PM, Old:Reading, New:ON
Excitation Wavelength Changed: 8/19/2022 1:01:56 PM, Old: 350.00, New: 355.00
Emission Wavelength Changed: 8/19/2022 1:01:56 PM, Old: 360.00, New: 365.00
Zero Mode Changed: 8/19/2022 1:01:58 PM, Old:ON, New:Reading
Zero Mode Changed: 8/19/2022 1:01:59 PM, Old:Reading, New:ON
Excitation Wavelength Changed: 8/19/2022 1:02:40 PM, Old: 355.00, New: 360.00
Emission Wavelength Changed: 8/19/2022 1:02:40 PM, Old: 365.00, New: 370.00
Zero Mode Changed: 8/19/2022 1:02:42 PM, Old:ON, New:Reading
Zero Mode Changed: 8/19/2022 1:02:42 PM, Old:Reading, New:ON
Excitation Wavelength Changed: 8/19/2022 1:03:20 PM, Old: 360.00, New: 365.00
Emission Wavelength Changed: 8/19/2022 1:03:20 PM, Old: 370.00, New: 375.00
Zero Mode Changed: 8/19/2022 1:03:23 PM, Old:ON, New:Reading
Zero Mode Changed: 8/19/2022 1:03:23 PM, Old:Reading, New:ON
Scan mode: Changed: 8/19/2022 1:04:11 PM, Old:Emission, New:Excitation
Excitation Wavelength Changed: 8/19/2022 1:04:11 PM, Old: 365.00, New: 240.00
Emission Wavelength Changed: 8/19/2022 1:04:11 PM, Old: 375.00, New: 430.00
Stop Wavelength Changed: 8/19/2022 1:04:11 PM, Old: 600.00, New: 420.00
Zero Mode Changed: 8/19/2022 1:04:14 PM, Old:ON, New:Reading
Zero Mode Changed: 8/19/2022 1:04:14 PM, Old:Reading, New:ON
Emission Wavelength Changed: 8/19/2022 1:04:52 PM, Old: 430.00, New: 440.00
Stop Wavelength Changed: 8/19/2022 1:04:52 PM, Old: 420.00, New: 430.00
Zero Mode Changed: 8/19/2022 1:04:53 PM, Old:ON, New:Reading
Zero Mode Changed: 8/19/2022 1:04:53 PM, Old:Reading, New:ON
Emission Wavelength Changed: 8/19/2022 1:05:43 PM, Old: 440.00, New: 450.00
Stop Wavelength Changed: 8/19/2022 1:05:43 PM, Old: 430.00, New: 440.00
Zero Mode Changed: 8/19/2022 1:05:44 PM, Old:ON, New:Reading
Zero Mode Changed: 8/19/2022 1:05:44 PM, Old:Reading, New:ON
Scan mode: Changed: 8/19/2022 1:09:39 PM, Old:Excitation, New:Emission
Excitation Wavelength Changed: 8/19/2022 1:09:39 PM, Old: 240.00, New: 330.00
Emission Wavelength Changed: 8/19/2022 1:09:39 PM, Old: 450.00, New: 340.00
Stop Wavelength Changed: 8/19/2022 1:09:39 PM, Old: 440.00, New: 600.00
Zero Mode Changed: 8/19/2022 1:09:40 PM, Old:ON, New:Reading
Zero Mode Changed: 8/19/2022 1:09:40 PM, Old:Reading, New:ON
Scan mode: Changed: 8/19/2022 1:10:32 PM, Old:Emission, New:Excitation
Excitation Wavelength Changed: 8/19/2022 1:10:32 PM, Old: 330.00, New: 240.00
Emission Wavelength Changed: 8/19/2022 1:10:32 PM, Old: 340.00, New: 400.00
Stop Wavelength Changed: 8/19/2022 1:10:32 PM, Old: 600.00, New: 390.00
Zero Mode Changed: 8/19/2022 1:10:35 PM, Old:ON, New:Reading
Zero Mode Changed: 8/19/2022 1:10:35 PM, Old:Reading, New:ON
Scan mode: Changed: 8/19/2022 1:11:56 PM, Old:Excitation, New:Emission
3-D Mode Changed: 8/19/2022 1:11:56 PM, Old:OFF, New:ON
User Delta Stop Changed: 8/19/2022 1:11:56 PM, Old: 500.00, New: 380.00
User Delta Increment Changed: 8/19/2022 1:11:56 PM, Old:   0.15, New:   5.00
Excitation Wavelength Changed: 8/19/2022 1:11:56 PM, Old: 240.00, New: 335.00
Emission Wavelength Changed: 8/19/2022 1:11:56 PM, Old: 400.00, New: 390.00
Stop Wavelength Changed: 8/19/2022 1:11:56 PM, Old: 390.00, New: 600.00
Zero Mode Changed: 8/19/2022 1:11:58 PM, Old:ON, New:Reading
Zero Mode Changed: 8/19/2022 1:11:58 PM, Old:Reading, New:ON
Excitation Wavelength Changed: 8/19/2022 1:12:28 PM, Old: 335.00, New: 340.00
Excitation Wavelength Changed: 8/19/2022 1:12:50 PM, Old: 340.00, New: 345.00
End Method Modifications
[Excitation (nm)] , 345.0000

CdSe 40 sec ex335-380_EX_350.00,
CdSe 40 sec ex335-380_EX_350.00
Collection Time: 8/19/2022 1:13:12 PM
Operator Name  :
Scan Software Version: 1.1(132)
Parameter List :
Instrument                        Cary Eclipse
Instrument Serial Number          E08013467
Data mode                         Fluorescence
Scan mode                         Emission
X Mode                            Wavelength (nm)
Start (nm)                        390.00
Stop (nm)                         600.00
Ex. Wavelength (nm)               335.00
Ex. Slit (nm)                     5
Em. Slit (nm)                     5
Scan rate (nm/min)                600.00
Data interval (nm)                1.0000
Averaging Time (s)                0.1000
Excitation filter                 Auto
Emission filter                   Open
PMT voltage (V)                   Medium
Corrected spectra                 OFF
3-D Mode                          ON
Ex.  Stop (nm)                   380.00
Ex.  Increment (nm)              5.00
Method Log     :
Method Name    : Default
Date/Time stamp: 8/19/2022 12:23:21 PM
Method Modifications:
Excitation Wavelength Changed: 8/19/2022 12:28:50 PM, Old: 350.00, New: 300.00
Emission Wavelength Changed: 8/19/2022 12:28:50 PM, Old: 400.00, New: 310.00
Zero Mode Changed: 8/19/2022 12:28:52 PM, Old:OFF, New:Reading
Zero Mode Changed: 8/19/2022 12:28:52 PM, Old:Reading, New:ON
Scan mode: Changed: 8/19/2022 12:30:28 PM, Old:Emission, New:Excitation
Excitation Wavelength Changed: 8/19/2022 12:30:28 PM, Old: 300.00, New: 200.00
Emission Wavelength Changed: 8/19/2022 12:30:28 PM, Old: 310.00, New: 380.00
Stop Wavelength Changed: 8/19/2022 12:30:28 PM, Old: 600.00, New: 370.00
Zero Mode Changed: 8/19/2022 12:30:31 PM, Old:ON, New:Reading
Zero Mode Changed: 8/19/2022 12:30:31 PM, Old:Reading, New:ON
Overlayed Graphs Changed: 8/19/2022 12:31:25 PM, Old:OFF, New:ON
Zero Mode Changed: 8/19/2022 12:31:50 PM, Old:ON, New:Reading
Zero Mode Changed: 8/19/2022 12:31:50 PM, Old:Reading, New:ON
Scan mode: Changed: 8/19/2022 12:33:27 PM, Old:Excitation, New:Emission
Excitation Wavelength Changed: 8/19/2022 12:33:27 PM, Old: 200.00, New: 330.00
Emission Wavelength Changed: 8/19/2022 12:33:27 PM, Old: 380.00, New: 340.00
Stop Wavelength Changed: 8/19/2022 12:33:27 PM, Old: 370.00, New: 700.00
Zero Mode Changed: 8/19/2022 12:33:29 PM, Old:ON, New:Reading
Zero Mode Changed: 8/19/2022 12:33:29 PM, Old:Reading, New:ON
Scan mode: Changed: 8/19/2022 12:35:04 PM, Old:Emission, New:Excitation
Excitation Wavelength Changed: 8/19/2022 12:35:04 PM, Old: 330.00, New: 200.00
Emission Wavelength Changed: 8/19/2022 12:35:04 PM, Old: 340.00, New: 400.00
Stop Wavelength Changed: 8/19/2022 12:35:04 PM, Old: 700.00, New: 390.00
Zero Mode Changed: 8/19/2022 12:35:08 PM, Old:ON, New:Reading
Zero Mode Changed: 8/19/2022 12:35:08 PM, Old:Reading, New:ON
Y min Changed: 8/19/2022 12:38:08 PM, Old:     0.0000, New:   -55.0000
Zero Mode Changed: 8/19/2022 12:38:10 PM, Old:ON, New:Reading
Zero Mode Changed: 8/19/2022 12:38:10 PM, Old:Reading, New:ON
Scan mode: Changed: 8/19/2022 12:39:20 PM, Old:Excitation, New:Emission
Excitation Wavelength Changed: 8/19/2022 12:39:20 PM, Old: 200.00, New: 336.00
Emission Wavelength Changed: 8/19/2022 12:39:20 PM, Old: 400.00, New: 346.00
Stop Wavelength Changed: 8/19/2022 12:39:20 PM, Old: 390.00, New: 600.00
Zero Mode Changed: 8/19/2022 12:39:22 PM, Old:ON, New:Reading
Zero Mode Changed: 8/19/2022 12:39:22 PM, Old:Reading, New:ON
Stop Wavelength Changed: 8/19/2022 12:40:10 PM, Old: 600.00, New: 700.00
Zero Mode Changed: 8/19/2022 12:40:38 PM, Old:ON, New:Reading
Zero Mode Changed: 8/19/2022 12:40:38 PM, Old:Reading, New:ON
Y min Changed: 8/19/2022 12:42:47 PM, Old:   -55.0000, New:     0.0000
Scan mode: Changed: 8/19/2022 12:42:47 PM, Old:Emission, New:Excitation
Excitation Wavelength Changed: 8/19/2022 12:42:47 PM, Old: 336.00, New: 200.00
Emission Wavelength Changed: 8/19/2022 12:42:47 PM, Old: 346.00, New: 410.00
Stop Wavelength Changed: 8/19/2022 12:42:47 PM, Old: 700.00, New: 400.00
Zero Mode Changed: 8/19/2022 12:42:51 PM, Old:ON, New:Reading
Zero Mode Changed: 8/19/2022 12:42:51 PM, Old:Reading, New:ON
Scan mode: Changed: 8/19/2022 12:54:44 PM, Old:Excitation, New:Emission
Excitation Wavelength Changed: 8/19/2022 12:54:44 PM, Old: 200.00, New: 335.00
Emission Wavelength Changed: 8/19/2022 12:54:44 PM, Old: 410.00, New: 345.00
Stop Wavelength Changed: 8/19/2022 12:54:44 PM, Old: 400.00, New: 600.00
Zero Mode Changed: 8/19/2022 12:54:46 PM, Old:ON, New:Reading
Zero Mode Changed: 8/19/2022 12:54:46 PM, Old:Reading, New:ON
Scan mode: Changed: 8/19/2022 12:55:39 PM, Old:Emission, New:Excitation
Excitation Wavelength Changed: 8/19/2022 12:55:39 PM, Old: 335.00, New: 240.00
Emission Wavelength Changed: 8/19/2022 12:55:39 PM, Old: 345.00, New: 410.00
Stop Wavelength Changed: 8/19/2022 12:55:39 PM, Old: 600.00, New: 400.00
Zero Mode Changed: 8/19/2022 12:55:42 PM, Old:ON, New:Reading
Zero Mode Changed: 8/19/2022 12:55:42 PM, Old:Reading, New:ON
Scan mode: Changed: 8/19/2022 12:56:21 PM, Old:Excitation, New:Emission
Excitation Wavelength Changed: 8/19/2022 12:56:21 PM, Old: 240.00, New: 340.00
Emission Wavelength Changed: 8/19/2022 12:56:21 PM, Old: 410.00, New: 350.00
Stop Wavelength Changed: 8/19/2022 12:56:21 PM, Old: 400.00, New: 600.00
Zero Mode Changed: 8/19/2022 12:56:24 PM, Old:ON, New:Reading
Zero Mode Changed: 8/19/2022 12:56:24 PM, Old:Reading, New:ON
Scan mode: Changed: 8/19/2022 12:57:53 PM, Old:Emission, New:Excitation
User Delta Stop Changed: 8/19/2022 12:57:53 PM, Old: 450.00, New: 500.00
User Delta Increment Changed: 8/19/2022 12:57:53 PM, Old:  10.00, New:   0.15
Excitation Wavelength Changed: 8/19/2022 12:57:53 PM, Old: 340.00, New: 260.00
Emission Wavelength Changed: 8/19/2022 12:57:53 PM, Old: 350.00, New: 500.00
Stop Wavelength Changed: 8/19/2022 12:57:53 PM, Old: 600.00, New: 490.00
Zero Mode Changed: 8/19/2022 12:57:56 PM, Old:ON, New:Reading
Zero Mode Changed: 8/19/2022 12:57:56 PM, Old:Reading, New:ON
Scan mode: Changed: 8/19/2022 12:58:50 PM, Old:Excitation, New:Emission
Excitation Wavelength Changed: 8/19/2022 12:58:50 PM, Old: 260.00, New: 380.00
Emission Wavelength Changed: 8/19/2022 12:58:50 PM, Old: 500.00, New: 390.00
Stop Wavelength Changed: 8/19/2022 12:58:50 PM, Old: 490.00, New: 650.00
Zero Mode Changed: 8/19/2022 12:58:52 PM, Old:ON, New:Reading
Zero Mode Changed: 8/19/2022 12:58:52 PM, Old:Reading, New:ON
Scan mode: Changed: 8/19/2022 12:59:47 PM, Old:Emission, New:Excitation
Excitation Wavelength Changed: 8/19/2022 12:59:47 PM, Old: 380.00, New: 240.00
Emission Wavelength Changed: 8/19/2022 12:59:47 PM, Old: 390.00, New: 420.00
Stop Wavelength Changed: 8/19/2022 12:59:47 PM, Old: 650.00, New: 410.00
Zero Mode Changed: 8/19/2022 12:59:51 PM, Old:ON, New:Reading
Zero Mode Changed: 8/19/2022 12:59:51 PM, Old:Reading, New:ON
Scan mode: Changed: 8/19/2022 1:00:29 PM, Old:Excitation, New:Emission
Excitation Wavelength Changed: 8/19/2022 1:00:29 PM, Old: 240.00, New: 345.00
Emission Wavelength Changed: 8/19/2022 1:00:29 PM, Old: 420.00, New: 355.00
Stop Wavelength Changed: 8/19/2022 1:00:29 PM, Old: 410.00, New: 600.00
Zero Mode Changed: 8/19/2022 1:00:30 PM, Old:ON, New:Reading
Zero Mode Changed: 8/19/2022 1:00:31 PM, Old:Reading, New:ON
Excitation Wavelength Changed: 8/19/2022 1:01:14 PM, Old: 345.00, New: 350.00
Emission Wavelength Changed: 8/19/2022 1:01:14 PM, Old: 355.00, New: 360.00
Zero Mode Changed: 8/19/2022 1:01:16 PM, Old:ON, New:Reading
Zero Mode Changed: 8/19/2022 1:01:17 PM, Old:Reading, New:ON
Excitation Wavelength Changed: 8/19/2022 1:01:56 PM, Old: 350.00, New: 355.00
Emission Wavelength Changed: 8/19/2022 1:01:56 PM, Old: 360.00, New: 365.00
Zero Mode Changed: 8/19/2022 1:01:58 PM, Old:ON, New:Reading
Zero Mode Changed: 8/19/2022 1:01:59 PM, Old:Reading, New:ON
Excitation Wavelength Changed: 8/19/2022 1:02:40 PM, Old: 355.00, New: 360.00
Emission Wavelength Changed: 8/19/2022 1:02:40 PM, Old: 365.00, New: 370.00
Zero Mode Changed: 8/19/2022 1:02:42 PM, Old:ON, New:Reading
Zero Mode Changed: 8/19/2022 1:02:42 PM, Old:Reading, New:ON
Excitation Wavelength Changed: 8/19/2022 1:03:20 PM, Old: 360.00, New: 365.00
Emission Wavelength Changed: 8/19/2022 1:03:20 PM, Old: 370.00, New: 375.00
Zero Mode Changed: 8/19/2022 1:03:23 PM, Old:ON, New:Reading
Zero Mode Changed: 8/19/2022 1:03:23 PM, Old:Reading, New:ON
Scan mode: Changed: 8/19/2022 1:04:11 PM, Old:Emission, New:Excitation
Excitation Wavelength Changed: 8/19/2022 1:04:11 PM, Old: 365.00, New: 240.00
Emission Wavelength Changed: 8/19/2022 1:04:11 PM, Old: 375.00, New: 430.00
Stop Wavelength Changed: 8/19/2022 1:04:11 PM, Old: 600.00, New: 420.00
Zero Mode Changed: 8/19/2022 1:04:14 PM, Old:ON, New:Reading
Zero Mode Changed: 8/19/2022 1:04:14 PM, Old:Reading, New:ON
Emission Wavelength Changed: 8/19/2022 1:04:52 PM, Old: 430.00, New: 440.00
Stop Wavelength Changed: 8/19/2022 1:04:52 PM, Old: 420.00, New: 430.00
Zero Mode Changed: 8/19/2022 1:04:53 PM, Old:ON, New:Reading
Zero Mode Changed: 8/19/2022 1:04:53 PM, Old:Reading, New:ON
Emission Wavelength Changed: 8/19/2022 1:05:43 PM, Old: 440.00, New: 450.00
Stop Wavelength Changed: 8/19/2022 1:05:43 PM, Old: 430.00, New: 440.00
Zero Mode Changed: 8/19/2022 1:05:44 PM, Old:ON, New:Reading
Zero Mode Changed: 8/19/2022 1:05:44 PM, Old:Reading, New:ON
Scan mode: Changed: 8/19/2022 1:09:39 PM, Old:Excitation, New:Emission
Excitation Wavelength Changed: 8/19/2022 1:09:39 PM, Old: 240.00, New: 330.00
Emission Wavelength Changed: 8/19/2022 1:09:39 PM, Old: 450.00, New: 340.00
Stop Wavelength Changed: 8/19/2022 1:09:39 PM, Old: 440.00, New: 600.00
Zero Mode Changed: 8/19/2022 1:09:40 PM, Old:ON, New:Reading
Zero Mode Changed: 8/19/2022 1:09:40 PM, Old:Reading, New:ON
Scan mode: Changed: 8/19/2022 1:10:32 PM, Old:Emission, New:Excitation
Excitation Wavelength Changed: 8/19/2022 1:10:32 PM, Old: 330.00, New: 240.00
Emission Wavelength Changed: 8/19/2022 1:10:32 PM, Old: 340.00, New: 400.00
Stop Wavelength Changed: 8/19/2022 1:10:32 PM, Old: 600.00, New: 390.00
Zero Mode Changed: 8/19/2022 1:10:35 PM, Old:ON, New:Reading
Zero Mode Changed: 8/19/2022 1:10:35 PM, Old:Reading, New:ON
Scan mode: Changed: 8/19/2022 1:11:56 PM, Old:Excitation, New:Emission
3-D Mode Changed: 8/19/2022 1:11:56 PM, Old:OFF, New:ON
User Delta Stop Changed: 8/19/2022 1:11:56 PM, Old: 500.00, New: 380.00
User Delta Increment Changed: 8/19/2022 1:11:56 PM, Old:   0.15, New:   5.00
Excitation Wavelength Changed: 8/19/2022 1:11:56 PM, Old: 240.00, New: 335.00
Emission Wavelength Changed: 8/19/2022 1:11:56 PM, Old: 400.00, New: 390.00
Stop Wavelength Changed: 8/19/2022 1:11:56 PM, Old: 390.00, New: 600.00
Zero Mode Changed: 8/19/2022 1:11:58 PM, Old:ON, New:Reading
Zero Mode Changed: 8/19/2022 1:11:58 PM, Old:Reading, New:ON
Excitation Wavelength Changed: 8/19/2022 1:12:28 PM, Old: 335.00, New: 340.00
Excitation Wavelength Changed: 8/19/2022 1:12:50 PM, Old: 340.00, New: 345.00
Excitation Wavelength Changed: 8/19/2022 1:13:12 PM, Old: 345.00, New: 350.00
End Method Modifications
[Excitation (nm)] , 350.0000

CdSe 40 sec ex335-380_EX_355.00,
CdSe 40 sec ex335-380_EX_355.00
Collection Time: 8/19/2022 1:13:34 PM
Operator Name  :
Scan Software Version: 1.1(132)
Parameter List :
Instrument                        Cary Eclipse
Instrument Serial Number          E08013467
Data mode                         Fluorescence
Scan mode                         Emission
X Mode                            Wavelength (nm)
Start (nm)                        390.00
Stop (nm)                         600.00
Ex. Wavelength (nm)               335.00
Ex. Slit (nm)                     5
Em. Slit (nm)                     5
Scan rate (nm/min)                600.00
Data interval (nm)                1.0000
Averaging Time (s)                0.1000
Excitation filter                 Auto
Emission filter                   Open
PMT voltage (V)                   Medium
Corrected spectra                 OFF
3-D Mode                          ON
Ex.  Stop (nm)                   380.00
Ex.  Increment (nm)              5.00
Method Log     :
Method Name    : Default
Date/Time stamp: 8/19/2022 12:23:21 PM
Method Modifications:
Excitation Wavelength Changed: 8/19/2022 12:28:50 PM, Old: 350.00, New: 300.00
Emission Wavelength Changed: 8/19/2022 12:28:50 PM, Old: 400.00, New: 310.00
Zero Mode Changed: 8/19/2022 12:28:52 PM, Old:OFF, New:Reading
Zero Mode Changed: 8/19/2022 12:28:52 PM, Old:Reading, New:ON
Scan mode: Changed: 8/19/2022 12:30:28 PM, Old:Emission, New:Excitation
Excitation Wavelength Changed: 8/19/2022 12:30:28 PM, Old: 300.00, New: 200.00
Emission Wavelength Changed: 8/19/2022 12:30:28 PM, Old: 310.00, New: 380.00
Stop Wavelength Changed: 8/19/2022 12:30:28 PM, Old: 600.00, New: 370.00
Zero Mode Changed: 8/19/2022 12:30:31 PM, Old:ON, New:Reading
Zero Mode Changed: 8/19/2022 12:30:31 PM, Old:Reading, New:ON
Overlayed Graphs Changed: 8/19/2022 12:31:25 PM, Old:OFF, New:ON
Zero Mode Changed: 8/19/2022 12:31:50 PM, Old:ON, New:Reading
Zero Mode Changed: 8/19/2022 12:31:50 PM, Old:Reading, New:ON
Scan mode: Changed: 8/19/2022 12:33:27 PM, Old:Excitation, New:Emission
Excitation Wavelength Changed: 8/19/2022 12:33:27 PM, Old: 200.00, New: 330.00
Emission Wavelength Changed: 8/19/2022 12:33:27 PM, Old: 380.00, New: 340.00
Stop Wavelength Changed: 8/19/2022 12:33:27 PM, Old: 370.00, New: 700.00
Zero Mode Changed: 8/19/2022 12:33:29 PM, Old:ON, New:Reading
Zero Mode Changed: 8/19/2022 12:33:29 PM, Old:Reading, New:ON
Scan mode: Changed: 8/19/2022 12:35:04 PM, Old:Emission, New:Excitation
Excitation Wavelength Changed: 8/19/2022 12:35:04 PM, Old: 330.00, New: 200.00
Emission Wavelength Changed: 8/19/2022 12:35:04 PM, Old: 340.00, New: 400.00
Stop Wavelength Changed: 8/19/2022 12:35:04 PM, Old: 700.00, New: 390.00
Zero Mode Changed: 8/19/2022 12:35:08 PM, Old:ON, New:Reading
Zero Mode Changed: 8/19/2022 12:35:08 PM, Old:Reading, New:ON
Y min Changed: 8/19/2022 12:38:08 PM, Old:     0.0000, New:   -55.0000
Zero Mode Changed: 8/19/2022 12:38:10 PM, Old:ON, New:Reading
Zero Mode Changed: 8/19/2022 12:38:10 PM, Old:Reading, New:ON
Scan mode: Changed: 8/19/2022 12:39:20 PM, Old:Excitation, New:Emission
Excitation Wavelength Changed: 8/19/2022 12:39:20 PM, Old: 200.00, New: 336.00
Emission Wavelength Changed: 8/19/2022 12:39:20 PM, Old: 400.00, New: 346.00
Stop Wavelength Changed: 8/19/2022 12:39:20 PM, Old: 390.00, New: 600.00
Zero Mode Changed: 8/19/2022 12:39:22 PM, Old:ON, New:Reading
Zero Mode Changed: 8/19/2022 12:39:22 PM, Old:Reading, New:ON
Stop Wavelength Changed: 8/19/2022 12:40:10 PM, Old: 600.00, New: 700.00
Zero Mode Changed: 8/19/2022 12:40:38 PM, Old:ON, New:Reading
Zero Mode Changed: 8/19/2022 12:40:38 PM, Old:Reading, New:ON
Y min Changed: 8/19/2022 12:42:47 PM, Old:   -55.0000, New:     0.0000
Scan mode: Changed: 8/19/2022 12:42:47 PM, Old:Emission, New:Excitation
Excitation Wavelength Changed: 8/19/2022 12:42:47 PM, Old: 336.00, New: 200.00
Emission Wavelength Changed: 8/19/2022 12:42:47 PM, Old: 346.00, New: 410.00
Stop Wavelength Changed: 8/19/2022 12:42:47 PM, Old: 700.00, New: 400.00
Zero Mode Changed: 8/19/2022 12:42:51 PM, Old:ON, New:Reading
Zero Mode Changed: 8/19/2022 12:42:51 PM, Old:Reading, New:ON
Scan mode: Changed: 8/19/2022 12:54:44 PM, Old:Excitation, New:Emission
Excitation Wavelength Changed: 8/19/2022 12:54:44 PM, Old: 200.00, New: 335.00
Emission Wavelength Changed: 8/19/2022 12:54:44 PM, Old: 410.00, New: 345.00
Stop Wavelength Changed: 8/19/2022 12:54:44 PM, Old: 400.00, New: 600.00
Zero Mode Changed: 8/19/2022 12:54:46 PM, Old:ON, New:Reading
Zero Mode Changed: 8/19/2022 12:54:46 PM, Old:Reading, New:ON
Scan mode: Changed: 8/19/2022 12:55:39 PM, Old:Emission, New:Excitation
Excitation Wavelength Changed: 8/19/2022 12:55:39 PM, Old: 335.00, New: 240.00
Emission Wavelength Changed: 8/19/2022 12:55:39 PM, Old: 345.00, New: 410.00
Stop Wavelength Changed: 8/19/2022 12:55:39 PM, Old: 600.00, New: 400.00
Zero Mode Changed: 8/19/2022 12:55:42 PM, Old:ON, New:Reading
Zero Mode Changed: 8/19/2022 12:55:42 PM, Old:Reading, New:ON
Scan mode: Changed: 8/19/2022 12:56:21 PM, Old:Excitation, New:Emission
Excitation Wavelength Changed: 8/19/2022 12:56:21 PM, Old: 240.00, New: 340.00
Emission Wavelength Changed: 8/19/2022 12:56:21 PM, Old: 410.00, New: 350.00
Stop Wavelength Changed: 8/19/2022 12:56:21 PM, Old: 400.00, New: 600.00
Zero Mode Changed: 8/19/2022 12:56:24 PM, Old:ON, New:Reading
Zero Mode Changed: 8/19/2022 12:56:24 PM, Old:Reading, New:ON
Scan mode: Changed: 8/19/2022 12:57:53 PM, Old:Emission, New:Excitation
User Delta Stop Changed: 8/19/2022 12:57:53 PM, Old: 450.00, New: 500.00
User Delta Increment Changed: 8/19/2022 12:57:53 PM, Old:  10.00, New:   0.15
Excitation Wavelength Changed: 8/19/2022 12:57:53 PM, Old: 340.00, New: 260.00
Emission Wavelength Changed: 8/19/2022 12:57:53 PM, Old: 350.00, New: 500.00
Stop Wavelength Changed: 8/19/2022 12:57:53 PM, Old: 600.00, New: 490.00
Zero Mode Changed: 8/19/2022 12:57:56 PM, Old:ON, New:Reading
Zero Mode Changed: 8/19/2022 12:57:56 PM, Old:Reading, New:ON
Scan mode: Changed: 8/19/2022 12:58:50 PM, Old:Excitation, New:Emission
Excitation Wavelength Changed: 8/19/2022 12:58:50 PM, Old: 260.00, New: 380.00
Emission Wavelength Changed: 8/19/2022 12:58:50 PM, Old: 500.00, New: 390.00
Stop Wavelength Changed: 8/19/2022 12:58:50 PM, Old: 490.00, New: 650.00
Zero Mode Changed: 8/19/2022 12:58:52 PM, Old:ON, New:Reading
Zero Mode Changed: 8/19/2022 12:58:52 PM, Old:Reading, New:ON
Scan mode: Changed: 8/19/2022 12:59:47 PM, Old:Emission, New:Excitation
Excitation Wavelength Changed: 8/19/2022 12:59:47 PM, Old: 380.00, New: 240.00
Emission Wavelength Changed: 8/19/2022 12:59:47 PM, Old: 390.00, New: 420.00
Stop Wavelength Changed: 8/19/2022 12:59:47 PM, Old: 650.00, New: 410.00
Zero Mode Changed: 8/19/2022 12:59:51 PM, Old:ON, New:Reading
Zero Mode Changed: 8/19/2022 12:59:51 PM, Old:Reading, New:ON
Scan mode: Changed: 8/19/2022 1:00:29 PM, Old:Excitation, New:Emission
Excitation Wavelength Changed: 8/19/2022 1:00:29 PM, Old: 240.00, New: 345.00
Emission Wavelength Changed: 8/19/2022 1:00:29 PM, Old: 420.00, New: 355.00
Stop Wavelength Changed: 8/19/2022 1:00:29 PM, Old: 410.00, New: 600.00
Zero Mode Changed: 8/19/2022 1:00:30 PM, Old:ON, New:Reading
Zero Mode Changed: 8/19/2022 1:00:31 PM, Old:Reading, New:ON
Excitation Wavelength Changed: 8/19/2022 1:01:14 PM, Old: 345.00, New: 350.00
Emission Wavelength Changed: 8/19/2022 1:01:14 PM, Old: 355.00, New: 360.00
Zero Mode Changed: 8/19/2022 1:01:16 PM, Old:ON, New:Reading
Zero Mode Changed: 8/19/2022 1:01:17 PM, Old:Reading, New:ON
Excitation Wavelength Changed: 8/19/2022 1:01:56 PM, Old: 350.00, New: 355.00
Emission Wavelength Changed: 8/19/2022 1:01:56 PM, Old: 360.00, New: 365.00
Zero Mode Changed: 8/19/2022 1:01:58 PM, Old:ON, New:Reading
Zero Mode Changed: 8/19/2022 1:01:59 PM, Old:Reading, New:ON
Excitation Wavelength Changed: 8/19/2022 1:02:40 PM, Old: 355.00, New: 360.00
Emission Wavelength Changed: 8/19/2022 1:02:40 PM, Old: 365.00, New: 370.00
Zero Mode Changed: 8/19/2022 1:02:42 PM, Old:ON, New:Reading
Zero Mode Changed: 8/19/2022 1:02:42 PM, Old:Reading, New:ON
Excitation Wavelength Changed: 8/19/2022 1:03:20 PM, Old: 360.00, New: 365.00
Emission Wavelength Changed: 8/19/2022 1:03:20 PM, Old: 370.00, New: 375.00
Zero Mode Changed: 8/19/2022 1:03:23 PM, Old:ON, New:Reading
Zero Mode Changed: 8/19/2022 1:03:23 PM, Old:Reading, New:ON
Scan mode: Changed: 8/19/2022 1:04:11 PM, Old:Emission, New:Excitation
Excitation Wavelength Changed: 8/19/2022 1:04:11 PM, Old: 365.00, New: 240.00
Emission Wavelength Changed: 8/19/2022 1:04:11 PM, Old: 375.00, New: 430.00
Stop Wavelength Changed: 8/19/2022 1:04:11 PM, Old: 600.00, New: 420.00
Zero Mode Changed: 8/19/2022 1:04:14 PM, Old:ON, New:Reading
Zero Mode Changed: 8/19/2022 1:04:14 PM, Old:Reading, New:ON
Emission Wavelength Changed: 8/19/2022 1:04:52 PM, Old: 430.00, New: 440.00
Stop Wavelength Changed: 8/19/2022 1:04:52 PM, Old: 420.00, New: 430.00
Zero Mode Changed: 8/19/2022 1:04:53 PM, Old:ON, New:Reading
Zero Mode Changed: 8/19/2022 1:04:53 PM, Old:Reading, New:ON
Emission Wavelength Changed: 8/19/2022 1:05:43 PM, Old: 440.00, New: 450.00
Stop Wavelength Changed: 8/19/2022 1:05:43 PM, Old: 430.00, New: 440.00
Zero Mode Changed: 8/19/2022 1:05:44 PM, Old:ON, New:Reading
Zero Mode Changed: 8/19/2022 1:05:44 PM, Old:Reading, New:ON
Scan mode: Changed: 8/19/2022 1:09:39 PM, Old:Excitation, New:Emission
Excitation Wavelength Changed: 8/19/2022 1:09:39 PM, Old: 240.00, New: 330.00
Emission Wavelength Changed: 8/19/2022 1:09:39 PM, Old: 450.00, New: 340.00
Stop Wavelength Changed: 8/19/2022 1:09:39 PM, Old: 440.00, New: 600.00
Zero Mode Changed: 8/19/2022 1:09:40 PM, Old:ON, New:Reading
Zero Mode Changed: 8/19/2022 1:09:40 PM, Old:Reading, New:ON
Scan mode: Changed: 8/19/2022 1:10:32 PM, Old:Emission, New:Excitation
Excitation Wavelength Changed: 8/19/2022 1:10:32 PM, Old: 330.00, New: 240.00
Emission Wavelength Changed: 8/19/2022 1:10:32 PM, Old: 340.00, New: 400.00
Stop Wavelength Changed: 8/19/2022 1:10:32 PM, Old: 600.00, New: 390.00
Zero Mode Changed: 8/19/2022 1:10:35 PM, Old:ON, New:Reading
Zero Mode Changed: 8/19/2022 1:10:35 PM, Old:Reading, New:ON
Scan mode: Changed: 8/19/2022 1:11:56 PM, Old:Excitation, New:Emission
3-D Mode Changed: 8/19/2022 1:11:56 PM, Old:OFF, New:ON
User Delta Stop Changed: 8/19/2022 1:11:56 PM, Old: 500.00, New: 380.00
User Delta Increment Changed: 8/19/2022 1:11:56 PM, Old:   0.15, New:   5.00
Excitation Wavelength Changed: 8/19/2022 1:11:56 PM, Old: 240.00, New: 335.00
Emission Wavelength Changed: 8/19/2022 1:11:56 PM, Old: 400.00, New: 390.00
Stop Wavelength Changed: 8/19/2022 1:11:56 PM, Old: 390.00, New: 600.00
Zero Mode Changed: 8/19/2022 1:11:58 PM, Old:ON, New:Reading
Zero Mode Changed: 8/19/2022 1:11:58 PM, Old:Reading, New:ON
Excitation Wavelength Changed: 8/19/2022 1:12:28 PM, Old: 335.00, New: 340.00
Excitation Wavelength Changed: 8/19/2022 1:12:50 PM, Old: 340.00, New: 345.00
Excitation Wavelength Changed: 8/19/2022 1:13:12 PM, Old: 345.00, New: 350.00
Excitation Wavelength Changed: 8/19/2022 1:13:34 PM, Old: 350.00, New: 355.00
End Method Modifications
[Excitation (nm)] , 355.0000

CdSe 40 sec ex335-380_EX_360.00,
CdSe 40 sec ex335-380_EX_360.00
Collection Time: 8/19/2022 1:13:56 PM
Operator Name  :
Scan Software Version: 1.1(132)
Parameter List :
Instrument                        Cary Eclipse
Instrument Serial Number          E08013467
Data mode                         Fluorescence
Scan mode                         Emission
X Mode                            Wavelength (nm)
Start (nm)                        390.00
Stop (nm)                         600.00
Ex. Wavelength (nm)               335.00
Ex. Slit (nm)                     5
Em. Slit (nm)                     5
Scan rate (nm/min)                600.00
Data interval (nm)                1.0000
Averaging Time (s)                0.1000
Excitation filter                 Auto
Emission filter                   Open
PMT voltage (V)                   Medium
Corrected spectra                 OFF
3-D Mode                          ON
Ex.  Stop (nm)                   380.00
Ex.  Increment (nm)              5.00
Method Log     :
Method Name    : Default
Date/Time stamp: 8/19/2022 12:23:21 PM
Method Modifications:
Excitation Wavelength Changed: 8/19/2022 12:28:50 PM, Old: 350.00, New: 300.00
Emission Wavelength Changed: 8/19/2022 12:28:50 PM, Old: 400.00, New: 310.00
Zero Mode Changed: 8/19/2022 12:28:52 PM, Old:OFF, New:Reading
Zero Mode Changed: 8/19/2022 12:28:52 PM, Old:Reading, New:ON
Scan mode: Changed: 8/19/2022 12:30:28 PM, Old:Emission, New:Excitation
Excitation Wavelength Changed: 8/19/2022 12:30:28 PM, Old: 300.00, New: 200.00
Emission Wavelength Changed: 8/19/2022 12:30:28 PM, Old: 310.00, New: 380.00
Stop Wavelength Changed: 8/19/2022 12:30:28 PM, Old: 600.00, New: 370.00
Zero Mode Changed: 8/19/2022 12:30:31 PM, Old:ON, New:Reading
Zero Mode Changed: 8/19/2022 12:30:31 PM, Old:Reading, New:ON
Overlayed Graphs Changed: 8/19/2022 12:31:25 PM, Old:OFF, New:ON
Zero Mode Changed: 8/19/2022 12:31:50 PM, Old:ON, New:Reading
Zero Mode Changed: 8/19/2022 12:31:50 PM, Old:Reading, New:ON
Scan mode: Changed: 8/19/2022 12:33:27 PM, Old:Excitation, New:Emission
Excitation Wavelength Changed: 8/19/2022 12:33:27 PM, Old: 200.00, New: 330.00
Emission Wavelength Changed: 8/19/2022 12:33:27 PM, Old: 380.00, New: 340.00
Stop Wavelength Changed: 8/19/2022 12:33:27 PM, Old: 370.00, New: 700.00
Zero Mode Changed: 8/19/2022 12:33:29 PM, Old:ON, New:Reading
Zero Mode Changed: 8/19/2022 12:33:29 PM, Old:Reading, New:ON
Scan mode: Changed: 8/19/2022 12:35:04 PM, Old:Emission, New:Excitation
Excitation Wavelength Changed: 8/19/2022 12:35:04 PM, Old: 330.00, New: 200.00
Emission Wavelength Changed: 8/19/2022 12:35:04 PM, Old: 340.00, New: 400.00
Stop Wavelength Changed: 8/19/2022 12:35:04 PM, Old: 700.00, New: 390.00
Zero Mode Changed: 8/19/2022 12:35:08 PM, Old:ON, New:Reading
Zero Mode Changed: 8/19/2022 12:35:08 PM, Old:Reading, New:ON
Y min Changed: 8/19/2022 12:38:08 PM, Old:     0.0000, New:   -55.0000
Zero Mode Changed: 8/19/2022 12:38:10 PM, Old:ON, New:Reading
Zero Mode Changed: 8/19/2022 12:38:10 PM, Old:Reading, New:ON
Scan mode: Changed: 8/19/2022 12:39:20 PM, Old:Excitation, New:Emission
Excitation Wavelength Changed: 8/19/2022 12:39:20 PM, Old: 200.00, New: 336.00
Emission Wavelength Changed: 8/19/2022 12:39:20 PM, Old: 400.00, New: 346.00
Stop Wavelength Changed: 8/19/2022 12:39:20 PM, Old: 390.00, New: 600.00
Zero Mode Changed: 8/19/2022 12:39:22 PM, Old:ON, New:Reading
Zero Mode Changed: 8/19/2022 12:39:22 PM, Old:Reading, New:ON
Stop Wavelength Changed: 8/19/2022 12:40:10 PM, Old: 600.00, New: 700.00
Zero Mode Changed: 8/19/2022 12:40:38 PM, Old:ON, New:Reading
Zero Mode Changed: 8/19/2022 12:40:38 PM, Old:Reading, New:ON
Y min Changed: 8/19/2022 12:42:47 PM, Old:   -55.0000, New:     0.0000
Scan mode: Changed: 8/19/2022 12:42:47 PM, Old:Emission, New:Excitation
Excitation Wavelength Changed: 8/19/2022 12:42:47 PM, Old: 336.00, New: 200.00
Emission Wavelength Changed: 8/19/2022 12:42:47 PM, Old: 346.00, New: 410.00
Stop Wavelength Changed: 8/19/2022 12:42:47 PM, Old: 700.00, New: 400.00
Zero Mode Changed: 8/19/2022 12:42:51 PM, Old:ON, New:Reading
Zero Mode Changed: 8/19/2022 12:42:51 PM, Old:Reading, New:ON
Scan mode: Changed: 8/19/2022 12:54:44 PM, Old:Excitation, New:Emission
Excitation Wavelength Changed: 8/19/2022 12:54:44 PM, Old: 200.00, New: 335.00
Emission Wavelength Changed: 8/19/2022 12:54:44 PM, Old: 410.00, New: 345.00
Stop Wavelength Changed: 8/19/2022 12:54:44 PM, Old: 400.00, New: 600.00
Zero Mode Changed: 8/19/2022 12:54:46 PM, Old:ON, New:Reading
Zero Mode Changed: 8/19/2022 12:54:46 PM, Old:Reading, New:ON
Scan mode: Changed: 8/19/2022 12:55:39 PM, Old:Emission, New:Excitation
Excitation Wavelength Changed: 8/19/2022 12:55:39 PM, Old: 335.00, New: 240.00
Emission Wavelength Changed: 8/19/2022 12:55:39 PM, Old: 345.00, New: 410.00
Stop Wavelength Changed: 8/19/2022 12:55:39 PM, Old: 600.00, New: 400.00
Zero Mode Changed: 8/19/2022 12:55:42 PM, Old:ON, New:Reading
Zero Mode Changed: 8/19/2022 12:55:42 PM, Old:Reading, New:ON
Scan mode: Changed: 8/19/2022 12:56:21 PM, Old:Excitation, New:Emission
Excitation Wavelength Changed: 8/19/2022 12:56:21 PM, Old: 240.00, New: 340.00
Emission Wavelength Changed: 8/19/2022 12:56:21 PM, Old: 410.00, New: 350.00
Stop Wavelength Changed: 8/19/2022 12:56:21 PM, Old: 400.00, New: 600.00
Zero Mode Changed: 8/19/2022 12:56:24 PM, Old:ON, New:Reading
Zero Mode Changed: 8/19/2022 12:56:24 PM, Old:Reading, New:ON
Scan mode: Changed: 8/19/2022 12:57:53 PM, Old:Emission, New:Excitation
User Delta Stop Changed: 8/19/2022 12:57:53 PM, Old: 450.00, New: 500.00
User Delta Increment Changed: 8/19/2022 12:57:53 PM, Old:  10.00, New:   0.15
Excitation Wavelength Changed: 8/19/2022 12:57:53 PM, Old: 340.00, New: 260.00
Emission Wavelength Changed: 8/19/2022 12:57:53 PM, Old: 350.00, New: 500.00
Stop Wavelength Changed: 8/19/2022 12:57:53 PM, Old: 600.00, New: 490.00
Zero Mode Changed: 8/19/2022 12:57:56 PM, Old:ON, New:Reading
Zero Mode Changed: 8/19/2022 12:57:56 PM, Old:Reading, New:ON
Scan mode: Changed: 8/19/2022 12:58:50 PM, Old:Excitation, New:Emission
Excitation Wavelength Changed: 8/19/2022 12:58:50 PM, Old: 260.00, New: 380.00
Emission Wavelength Changed: 8/19/2022 12:58:50 PM, Old: 500.00, New: 390.00
Stop Wavelength Changed: 8/19/2022 12:58:50 PM, Old: 490.00, New: 650.00
Zero Mode Changed: 8/19/2022 12:58:52 PM, Old:ON, New:Reading
Zero Mode Changed: 8/19/2022 12:58:52 PM, Old:Reading, New:ON
Scan mode: Changed: 8/19/2022 12:59:47 PM, Old:Emission, New:Excitation
Excitation Wavelength Changed: 8/19/2022 12:59:47 PM, Old: 380.00, New: 240.00
Emission Wavelength Changed: 8/19/2022 12:59:47 PM, Old: 390.00, New: 420.00
Stop Wavelength Changed: 8/19/2022 12:59:47 PM, Old: 650.00, New: 410.00
Zero Mode Changed: 8/19/2022 12:59:51 PM, Old:ON, New:Reading
Zero Mode Changed: 8/19/2022 12:59:51 PM, Old:Reading, New:ON
Scan mode: Changed: 8/19/2022 1:00:29 PM, Old:Excitation, New:Emission
Excitation Wavelength Changed: 8/19/2022 1:00:29 PM, Old: 240.00, New: 345.00
Emission Wavelength Changed: 8/19/2022 1:00:29 PM, Old: 420.00, New: 355.00
Stop Wavelength Changed: 8/19/2022 1:00:29 PM, Old: 410.00, New: 600.00
Zero Mode Changed: 8/19/2022 1:00:30 PM, Old:ON, New:Reading
Zero Mode Changed: 8/19/2022 1:00:31 PM, Old:Reading, New:ON
Excitation Wavelength Changed: 8/19/2022 1:01:14 PM, Old: 345.00, New: 350.00
Emission Wavelength Changed: 8/19/2022 1:01:14 PM, Old: 355.00, New: 360.00
Zero Mode Changed: 8/19/2022 1:01:16 PM, Old:ON, New:Reading
Zero Mode Changed: 8/19/2022 1:01:17 PM, Old:Reading, New:ON
Excitation Wavelength Changed: 8/19/2022 1:01:56 PM, Old: 350.00, New: 355.00
Emission Wavelength Changed: 8/19/2022 1:01:56 PM, Old: 360.00, New: 365.00
Zero Mode Changed: 8/19/2022 1:01:58 PM, Old:ON, New:Reading
Zero Mode Changed: 8/19/2022 1:01:59 PM, Old:Reading, New:ON
Excitation Wavelength Changed: 8/19/2022 1:02:40 PM, Old: 355.00, New: 360.00
Emission Wavelength Changed: 8/19/2022 1:02:40 PM, Old: 365.00, New: 370.00
Zero Mode Changed: 8/19/2022 1:02:42 PM, Old:ON, New:Reading
Zero Mode Changed: 8/19/2022 1:02:42 PM, Old:Reading, New:ON
Excitation Wavelength Changed: 8/19/2022 1:03:20 PM, Old: 360.00, New: 365.00
Emission Wavelength Changed: 8/19/2022 1:03:20 PM, Old: 370.00, New: 375.00
Zero Mode Changed: 8/19/2022 1:03:23 PM, Old:ON, New:Reading
Zero Mode Changed: 8/19/2022 1:03:23 PM, Old:Reading, New:ON
Scan mode: Changed: 8/19/2022 1:04:11 PM, Old:Emission, New:Excitation
Excitation Wavelength Changed: 8/19/2022 1:04:11 PM, Old: 365.00, New: 240.00
Emission Wavelength Changed: 8/19/2022 1:04:11 PM, Old: 375.00, New: 430.00
Stop Wavelength Changed: 8/19/2022 1:04:11 PM, Old: 600.00, New: 420.00
Zero Mode Changed: 8/19/2022 1:04:14 PM, Old:ON, New:Reading
Zero Mode Changed: 8/19/2022 1:04:14 PM, Old:Reading, New:ON
Emission Wavelength Changed: 8/19/2022 1:04:52 PM, Old: 430.00, New: 440.00
Stop Wavelength Changed: 8/19/2022 1:04:52 PM, Old: 420.00, New: 430.00
Zero Mode Changed: 8/19/2022 1:04:53 PM, Old:ON, New:Reading
Zero Mode Changed: 8/19/2022 1:04:53 PM, Old:Reading, New:ON
Emission Wavelength Changed: 8/19/2022 1:05:43 PM, Old: 440.00, New: 450.00
Stop Wavelength Changed: 8/19/2022 1:05:43 PM, Old: 430.00, New: 440.00
Zero Mode Changed: 8/19/2022 1:05:44 PM, Old:ON, New:Reading
Zero Mode Changed: 8/19/2022 1:05:44 PM, Old:Reading, New:ON
Scan mode: Changed: 8/19/2022 1:09:39 PM, Old:Excitation, New:Emission
Excitation Wavelength Changed: 8/19/2022 1:09:39 PM, Old: 240.00, New: 330.00
Emission Wavelength Changed: 8/19/2022 1:09:39 PM, Old: 450.00, New: 340.00
Stop Wavelength Changed: 8/19/2022 1:09:39 PM, Old: 440.00, New: 600.00
Zero Mode Changed: 8/19/2022 1:09:40 PM, Old:ON, New:Reading
Zero Mode Changed: 8/19/2022 1:09:40 PM, Old:Reading, New:ON
Scan mode: Changed: 8/19/2022 1:10:32 PM, Old:Emission, New:Excitation
Excitation Wavelength Changed: 8/19/2022 1:10:32 PM, Old: 330.00, New: 240.00
Emission Wavelength Changed: 8/19/2022 1:10:32 PM, Old: 340.00, New: 400.00
Stop Wavelength Changed: 8/19/2022 1:10:32 PM, Old: 600.00, New: 390.00
Zero Mode Changed: 8/19/2022 1:10:35 PM, Old:ON, New:Reading
Zero Mode Changed: 8/19/2022 1:10:35 PM, Old:Reading, New:ON
Scan mode: Changed: 8/19/2022 1:11:56 PM, Old:Excitation, New:Emission
3-D Mode Changed: 8/19/2022 1:11:56 PM, Old:OFF, New:ON
User Delta Stop Changed: 8/19/2022 1:11:56 PM, Old: 500.00, New: 380.00
User Delta Increment Changed: 8/19/2022 1:11:56 PM, Old:   0.15, New:   5.00
Excitation Wavelength Changed: 8/19/2022 1:11:56 PM, Old: 240.00, New: 335.00
Emission Wavelength Changed: 8/19/2022 1:11:56 PM, Old: 400.00, New: 390.00
Stop Wavelength Changed: 8/19/2022 1:11:56 PM, Old: 390.00, New: 600.00
Zero Mode Changed: 8/19/2022 1:11:58 PM, Old:ON, New:Reading
Zero Mode Changed: 8/19/2022 1:11:58 PM, Old:Reading, New:ON
Excitation Wavelength Changed: 8/19/2022 1:12:28 PM, Old: 335.00, New: 340.00
Excitation Wavelength Changed: 8/19/2022 1:12:50 PM, Old: 340.00, New: 345.00
Excitation Wavelength Changed: 8/19/2022 1:13:12 PM, Old: 345.00, New: 350.00
Excitation Wavelength Changed: 8/19/2022 1:13:34 PM, Old: 350.00, New: 355.00
Excitation Wavelength Changed: 8/19/2022 1:13:56 PM, Old: 355.00, New: 360.00
End Method Modifications
[Excitation (nm)] , 360.0000

CdSe 40 sec ex335-380_EX_365.00,
CdSe 40 sec ex335-380_EX_365.00
Collection Time: 8/19/2022 1:14:18 PM
Operator Name  :
Scan Software Version: 1.1(132)
Parameter List :
Instrument                        Cary Eclipse
Instrument Serial Number          E08013467
Data mode                         Fluorescence
Scan mode                         Emission
X Mode                            Wavelength (nm)
Start (nm)                        390.00
Stop (nm)                         600.00
Ex. Wavelength (nm)               335.00
Ex. Slit (nm)                     5
Em. Slit (nm)                     5
Scan rate (nm/min)                600.00
Data interval (nm)                1.0000
Averaging Time (s)                0.1000
Excitation filter                 Auto
Emission filter                   Open
PMT voltage (V)                   Medium
Corrected spectra                 OFF
3-D Mode                          ON
Ex.  Stop (nm)                   380.00
Ex.  Increment (nm)              5.00
Method Log     :
Method Name    : Default
Date/Time stamp: 8/19/2022 12:23:21 PM
Method Modifications:
Excitation Wavelength Changed: 8/19/2022 12:28:50 PM, Old: 350.00, New: 300.00
Emission Wavelength Changed: 8/19/2022 12:28:50 PM, Old: 400.00, New: 310.00
Zero Mode Changed: 8/19/2022 12:28:52 PM, Old:OFF, New:Reading
Zero Mode Changed: 8/19/2022 12:28:52 PM, Old:Reading, New:ON
Scan mode: Changed: 8/19/2022 12:30:28 PM, Old:Emission, New:Excitation
Excitation Wavelength Changed: 8/19/2022 12:30:28 PM, Old: 300.00, New: 200.00
Emission Wavelength Changed: 8/19/2022 12:30:28 PM, Old: 310.00, New: 380.00
Stop Wavelength Changed: 8/19/2022 12:30:28 PM, Old: 600.00, New: 370.00
Zero Mode Changed: 8/19/2022 12:30:31 PM, Old:ON, New:Reading
Zero Mode Changed: 8/19/2022 12:30:31 PM, Old:Reading, New:ON
Overlayed Graphs Changed: 8/19/2022 12:31:25 PM, Old:OFF, New:ON
Zero Mode Changed: 8/19/2022 12:31:50 PM, Old:ON, New:Reading
Zero Mode Changed: 8/19/2022 12:31:50 PM, Old:Reading, New:ON
Scan mode: Changed: 8/19/2022 12:33:27 PM, Old:Excitation, New:Emission
Excitation Wavelength Changed: 8/19/2022 12:33:27 PM, Old: 200.00, New: 330.00
Emission Wavelength Changed: 8/19/2022 12:33:27 PM, Old: 380.00, New: 340.00
Stop Wavelength Changed: 8/19/2022 12:33:27 PM, Old: 370.00, New: 700.00
Zero Mode Changed: 8/19/2022 12:33:29 PM, Old:ON, New:Reading
Zero Mode Changed: 8/19/2022 12:33:29 PM, Old:Reading, New:ON
Scan mode: Changed: 8/19/2022 12:35:04 PM, Old:Emission, New:Excitation
Excitation Wavelength Changed: 8/19/2022 12:35:04 PM, Old: 330.00, New: 200.00
Emission Wavelength Changed: 8/19/2022 12:35:04 PM, Old: 340.00, New: 400.00
Stop Wavelength Changed: 8/19/2022 12:35:04 PM, Old: 700.00, New: 390.00
Zero Mode Changed: 8/19/2022 12:35:08 PM, Old:ON, New:Reading
Zero Mode Changed: 8/19/2022 12:35:08 PM, Old:Reading, New:ON
Y min Changed: 8/19/2022 12:38:08 PM, Old:     0.0000, New:   -55.0000
Zero Mode Changed: 8/19/2022 12:38:10 PM, Old:ON, New:Reading
Zero Mode Changed: 8/19/2022 12:38:10 PM, Old:Reading, New:ON
Scan mode: Changed: 8/19/2022 12:39:20 PM, Old:Excitation, New:Emission
Excitation Wavelength Changed: 8/19/2022 12:39:20 PM, Old: 200.00, New: 336.00
Emission Wavelength Changed: 8/19/2022 12:39:20 PM, Old: 400.00, New: 346.00
Stop Wavelength Changed: 8/19/2022 12:39:20 PM, Old: 390.00, New: 600.00
Zero Mode Changed: 8/19/2022 12:39:22 PM, Old:ON, New:Reading
Zero Mode Changed: 8/19/2022 12:39:22 PM, Old:Reading, New:ON
Stop Wavelength Changed: 8/19/2022 12:40:10 PM, Old: 600.00, New: 700.00
Zero Mode Changed: 8/19/2022 12:40:38 PM, Old:ON, New:Reading
Zero Mode Changed: 8/19/2022 12:40:38 PM, Old:Reading, New:ON
Y min Changed: 8/19/2022 12:42:47 PM, Old:   -55.0000, New:     0.0000
Scan mode: Changed: 8/19/2022 12:42:47 PM, Old:Emission, New:Excitation
Excitation Wavelength Changed: 8/19/2022 12:42:47 PM, Old: 336.00, New: 200.00
Emission Wavelength Changed: 8/19/2022 12:42:47 PM, Old: 346.00, New: 410.00
Stop Wavelength Changed: 8/19/2022 12:42:47 PM, Old: 700.00, New: 400.00
Zero Mode Changed: 8/19/2022 12:42:51 PM, Old:ON, New:Reading
Zero Mode Changed: 8/19/2022 12:42:51 PM, Old:Reading, New:ON
Scan mode: Changed: 8/19/2022 12:54:44 PM, Old:Excitation, New:Emission
Excitation Wavelength Changed: 8/19/2022 12:54:44 PM, Old: 200.00, New: 335.00
Emission Wavelength Changed: 8/19/2022 12:54:44 PM, Old: 410.00, New: 345.00
Stop Wavelength Changed: 8/19/2022 12:54:44 PM, Old: 400.00, New: 600.00
Zero Mode Changed: 8/19/2022 12:54:46 PM, Old:ON, New:Reading
Zero Mode Changed: 8/19/2022 12:54:46 PM, Old:Reading, New:ON
Scan mode: Changed: 8/19/2022 12:55:39 PM, Old:Emission, New:Excitation
Excitation Wavelength Changed: 8/19/2022 12:55:39 PM, Old: 335.00, New: 240.00
Emission Wavelength Changed: 8/19/2022 12:55:39 PM, Old: 345.00, New: 410.00
Stop Wavelength Changed: 8/19/2022 12:55:39 PM, Old: 600.00, New: 400.00
Zero Mode Changed: 8/19/2022 12:55:42 PM, Old:ON, New:Reading
Zero Mode Changed: 8/19/2022 12:55:42 PM, Old:Reading, New:ON
Scan mode: Changed: 8/19/2022 12:56:21 PM, Old:Excitation, New:Emission
Excitation Wavelength Changed: 8/19/2022 12:56:21 PM, Old: 240.00, New: 340.00
Emission Wavelength Changed: 8/19/2022 12:56:21 PM, Old: 410.00, New: 350.00
Stop Wavelength Changed: 8/19/2022 12:56:21 PM, Old: 400.00, New: 600.00
Zero Mode Changed: 8/19/2022 12:56:24 PM, Old:ON, New:Reading
Zero Mode Changed: 8/19/2022 12:56:24 PM, Old:Reading, New:ON
Scan mode: Changed: 8/19/2022 12:57:53 PM, Old:Emission, New:Excitation
User Delta Stop Changed: 8/19/2022 12:57:53 PM, Old: 450.00, New: 500.00
User Delta Increment Changed: 8/19/2022 12:57:53 PM, Old:  10.00, New:   0.15
Excitation Wavelength Changed: 8/19/2022 12:57:53 PM, Old: 340.00, New: 260.00
Emission Wavelength Changed: 8/19/2022 12:57:53 PM, Old: 350.00, New: 500.00
Stop Wavelength Changed: 8/19/2022 12:57:53 PM, Old: 600.00, New: 490.00
Zero Mode Changed: 8/19/2022 12:57:56 PM, Old:ON, New:Reading
Zero Mode Changed: 8/19/2022 12:57:56 PM, Old:Reading, New:ON
Scan mode: Changed: 8/19/2022 12:58:50 PM, Old:Excitation, New:Emission
Excitation Wavelength Changed: 8/19/2022 12:58:50 PM, Old: 260.00, New: 380.00
Emission Wavelength Changed: 8/19/2022 12:58:50 PM, Old: 500.00, New: 390.00
Stop Wavelength Changed: 8/19/2022 12:58:50 PM, Old: 490.00, New: 650.00
Zero Mode Changed: 8/19/2022 12:58:52 PM, Old:ON, New:Reading
Zero Mode Changed: 8/19/2022 12:58:52 PM, Old:Reading, New:ON
Scan mode: Changed: 8/19/2022 12:59:47 PM, Old:Emission, New:Excitation
Excitation Wavelength Changed: 8/19/2022 12:59:47 PM, Old: 380.00, New: 240.00
Emission Wavelength Changed: 8/19/2022 12:59:47 PM, Old: 390.00, New: 420.00
Stop Wavelength Changed: 8/19/2022 12:59:47 PM, Old: 650.00, New: 410.00
Zero Mode Changed: 8/19/2022 12:59:51 PM, Old:ON, New:Reading
Zero Mode Changed: 8/19/2022 12:59:51 PM, Old:Reading, New:ON
Scan mode: Changed: 8/19/2022 1:00:29 PM, Old:Excitation, New:Emission
Excitation Wavelength Changed: 8/19/2022 1:00:29 PM, Old: 240.00, New: 345.00
Emission Wavelength Changed: 8/19/2022 1:00:29 PM, Old: 420.00, New: 355.00
Stop Wavelength Changed: 8/19/2022 1:00:29 PM, Old: 410.00, New: 600.00
Zero Mode Changed: 8/19/2022 1:00:30 PM, Old:ON, New:Reading
Zero Mode Changed: 8/19/2022 1:00:31 PM, Old:Reading, New:ON
Excitation Wavelength Changed: 8/19/2022 1:01:14 PM, Old: 345.00, New: 350.00
Emission Wavelength Changed: 8/19/2022 1:01:14 PM, Old: 355.00, New: 360.00
Zero Mode Changed: 8/19/2022 1:01:16 PM, Old:ON, New:Reading
Zero Mode Changed: 8/19/2022 1:01:17 PM, Old:Reading, New:ON
Excitation Wavelength Changed: 8/19/2022 1:01:56 PM, Old: 350.00, New: 355.00
Emission Wavelength Changed: 8/19/2022 1:01:56 PM, Old: 360.00, New: 365.00
Zero Mode Changed: 8/19/2022 1:01:58 PM, Old:ON, New:Reading
Zero Mode Changed: 8/19/2022 1:01:59 PM, Old:Reading, New:ON
Excitation Wavelength Changed: 8/19/2022 1:02:40 PM, Old: 355.00, New: 360.00
Emission Wavelength Changed: 8/19/2022 1:02:40 PM, Old: 365.00, New: 370.00
Zero Mode Changed: 8/19/2022 1:02:42 PM, Old:ON, New:Reading
Zero Mode Changed: 8/19/2022 1:02:42 PM, Old:Reading, New:ON
Excitation Wavelength Changed: 8/19/2022 1:03:20 PM, Old: 360.00, New: 365.00
Emission Wavelength Changed: 8/19/2022 1:03:20 PM, Old: 370.00, New: 375.00
Zero Mode Changed: 8/19/2022 1:03:23 PM, Old:ON, New:Reading
Zero Mode Changed: 8/19/2022 1:03:23 PM, Old:Reading, New:ON
Scan mode: Changed: 8/19/2022 1:04:11 PM, Old:Emission, New:Excitation
Excitation Wavelength Changed: 8/19/2022 1:04:11 PM, Old: 365.00, New: 240.00
Emission Wavelength Changed: 8/19/2022 1:04:11 PM, Old: 375.00, New: 430.00
Stop Wavelength Changed: 8/19/2022 1:04:11 PM, Old: 600.00, New: 420.00
Zero Mode Changed: 8/19/2022 1:04:14 PM, Old:ON, New:Reading
Zero Mode Changed: 8/19/2022 1:04:14 PM, Old:Reading, New:ON
Emission Wavelength Changed: 8/19/2022 1:04:52 PM, Old: 430.00, New: 440.00
Stop Wavelength Changed: 8/19/2022 1:04:52 PM, Old: 420.00, New: 430.00
Zero Mode Changed: 8/19/2022 1:04:53 PM, Old:ON, New:Reading
Zero Mode Changed: 8/19/2022 1:04:53 PM, Old:Reading, New:ON
Emission Wavelength Changed: 8/19/2022 1:05:43 PM, Old: 440.00, New: 450.00
Stop Wavelength Changed: 8/19/2022 1:05:43 PM, Old: 430.00, New: 440.00
Zero Mode Changed: 8/19/2022 1:05:44 PM, Old:ON, New:Reading
Zero Mode Changed: 8/19/2022 1:05:44 PM, Old:Reading, New:ON
Scan mode: Changed: 8/19/2022 1:09:39 PM, Old:Excitation, New:Emission
Excitation Wavelength Changed: 8/19/2022 1:09:39 PM, Old: 240.00, New: 330.00
Emission Wavelength Changed: 8/19/2022 1:09:39 PM, Old: 450.00, New: 340.00
Stop Wavelength Changed: 8/19/2022 1:09:39 PM, Old: 440.00, New: 600.00
Zero Mode Changed: 8/19/2022 1:09:40 PM, Old:ON, New:Reading
Zero Mode Changed: 8/19/2022 1:09:40 PM, Old:Reading, New:ON
Scan mode: Changed: 8/19/2022 1:10:32 PM, Old:Emission, New:Excitation
Excitation Wavelength Changed: 8/19/2022 1:10:32 PM, Old: 330.00, New: 240.00
Emission Wavelength Changed: 8/19/2022 1:10:32 PM, Old: 340.00, New: 400.00
Stop Wavelength Changed: 8/19/2022 1:10:32 PM, Old: 600.00, New: 390.00
Zero Mode Changed: 8/19/2022 1:10:35 PM, Old:ON, New:Reading
Zero Mode Changed: 8/19/2022 1:10:35 PM, Old:Reading, New:ON
Scan mode: Changed: 8/19/2022 1:11:56 PM, Old:Excitation, New:Emission
3-D Mode Changed: 8/19/2022 1:11:56 PM, Old:OFF, New:ON
User Delta Stop Changed: 8/19/2022 1:11:56 PM, Old: 500.00, New: 380.00
User Delta Increment Changed: 8/19/2022 1:11:56 PM, Old:   0.15, New:   5.00
Excitation Wavelength Changed: 8/19/2022 1:11:56 PM, Old: 240.00, New: 335.00
Emission Wavelength Changed: 8/19/2022 1:11:56 PM, Old: 400.00, New: 390.00
Stop Wavelength Changed: 8/19/2022 1:11:56 PM, Old: 390.00, New: 600.00
Zero Mode Changed: 8/19/2022 1:11:58 PM, Old:ON, New:Reading
Zero Mode Changed: 8/19/2022 1:11:58 PM, Old:Reading, New:ON
Excitation Wavelength Changed: 8/19/2022 1:12:28 PM, Old: 335.00, New: 340.00
Excitation Wavelength Changed: 8/19/2022 1:12:50 PM, Old: 340.00, New: 345.00
Excitation Wavelength Changed: 8/19/2022 1:13:12 PM, Old: 345.00, New: 350.00
Excitation Wavelength Changed: 8/19/2022 1:13:34 PM, Old: 350.00, New: 355.00
Excitation Wavelength Changed: 8/19/2022 1:13:56 PM, Old: 355.00, New: 360.00
Excitation Wavelength Changed: 8/19/2022 1:14:17 PM, Old: 360.00, New: 365.00
End Method Modifications
[Excitation (nm)] , 365.0000

CdSe 40 sec ex335-380_EX_370.00,
CdSe 40 sec ex335-380_EX_370.00
Collection Time: 8/19/2022 1:14:40 PM
Operator Name  :
Scan Software Version: 1.1(132)
Parameter List :
Instrument                        Cary Eclipse
Instrument Serial Number          E08013467
Data mode                         Fluorescence
Scan mode                         Emission
X Mode                            Wavelength (nm)
Start (nm)                        390.00
Stop (nm)                         600.00
Ex. Wavelength (nm)               335.00
Ex. Slit (nm)                     5
Em. Slit (nm)                     5
Scan rate (nm/min)                600.00
Data interval (nm)                1.0000
Averaging Time (s)                0.1000
Excitation filter                 Auto
Emission filter                   Open
PMT voltage (V)                   Medium
Corrected spectra                 OFF
3-D Mode                          ON
Ex.  Stop (nm)                   380.00
Ex.  Increment (nm)              5.00
Method Log     :
Method Name    : Default
Date/Time stamp: 8/19/2022 12:23:21 PM
Method Modifications:
Excitation Wavelength Changed: 8/19/2022 12:28:50 PM, Old: 350.00, New: 300.00
Emission Wavelength Changed: 8/19/2022 12:28:50 PM, Old: 400.00, New: 310.00
Zero Mode Changed: 8/19/2022 12:28:52 PM, Old:OFF, New:Reading
Zero Mode Changed: 8/19/2022 12:28:52 PM, Old:Reading, New:ON
Scan mode: Changed: 8/19/2022 12:30:28 PM, Old:Emission, New:Excitation
Excitation Wavelength Changed: 8/19/2022 12:30:28 PM, Old: 300.00, New: 200.00
Emission Wavelength Changed: 8/19/2022 12:30:28 PM, Old: 310.00, New: 380.00
Stop Wavelength Changed: 8/19/2022 12:30:28 PM, Old: 600.00, New: 370.00
Zero Mode Changed: 8/19/2022 12:30:31 PM, Old:ON, New:Reading
Zero Mode Changed: 8/19/2022 12:30:31 PM, Old:Reading, New:ON
Overlayed Graphs Changed: 8/19/2022 12:31:25 PM, Old:OFF, New:ON
Zero Mode Changed: 8/19/2022 12:31:50 PM, Old:ON, New:Reading
Zero Mode Changed: 8/19/2022 12:31:50 PM, Old:Reading, New:ON
Scan mode: Changed: 8/19/2022 12:33:27 PM, Old:Excitation, New:Emission
Excitation Wavelength Changed: 8/19/2022 12:33:27 PM, Old: 200.00, New: 330.00
Emission Wavelength Changed: 8/19/2022 12:33:27 PM, Old: 380.00, New: 340.00
Stop Wavelength Changed: 8/19/2022 12:33:27 PM, Old: 370.00, New: 700.00
Zero Mode Changed: 8/19/2022 12:33:29 PM, Old:ON, New:Reading
Zero Mode Changed: 8/19/2022 12:33:29 PM, Old:Reading, New:ON
Scan mode: Changed: 8/19/2022 12:35:04 PM, Old:Emission, New:Excitation
Excitation Wavelength Changed: 8/19/2022 12:35:04 PM, Old: 330.00, New: 200.00
Emission Wavelength Changed: 8/19/2022 12:35:04 PM, Old: 340.00, New: 400.00
Stop Wavelength Changed: 8/19/2022 12:35:04 PM, Old: 700.00, New: 390.00
Zero Mode Changed: 8/19/2022 12:35:08 PM, Old:ON, New:Reading
Zero Mode Changed: 8/19/2022 12:35:08 PM, Old:Reading, New:ON
Y min Changed: 8/19/2022 12:38:08 PM, Old:     0.0000, New:   -55.0000
Zero Mode Changed: 8/19/2022 12:38:10 PM, Old:ON, New:Reading
Zero Mode Changed: 8/19/2022 12:38:10 PM, Old:Reading, New:ON
Scan mode: Changed: 8/19/2022 12:39:20 PM, Old:Excitation, New:Emission
Excitation Wavelength Changed: 8/19/2022 12:39:20 PM, Old: 200.00, New: 336.00
Emission Wavelength Changed: 8/19/2022 12:39:20 PM, Old: 400.00, New: 346.00
Stop Wavelength Changed: 8/19/2022 12:39:20 PM, Old: 390.00, New: 600.00
Zero Mode Changed: 8/19/2022 12:39:22 PM, Old:ON, New:Reading
Zero Mode Changed: 8/19/2022 12:39:22 PM, Old:Reading, New:ON
Stop Wavelength Changed: 8/19/2022 12:40:10 PM, Old: 600.00, New: 700.00
Zero Mode Changed: 8/19/2022 12:40:38 PM, Old:ON, New:Reading
Zero Mode Changed: 8/19/2022 12:40:38 PM, Old:Reading, New:ON
Y min Changed: 8/19/2022 12:42:47 PM, Old:   -55.0000, New:     0.0000
Scan mode: Changed: 8/19/2022 12:42:47 PM, Old:Emission, New:Excitation
Excitation Wavelength Changed: 8/19/2022 12:42:47 PM, Old: 336.00, New: 200.00
Emission Wavelength Changed: 8/19/2022 12:42:47 PM, Old: 346.00, New: 410.00
Stop Wavelength Changed: 8/19/2022 12:42:47 PM, Old: 700.00, New: 400.00
Zero Mode Changed: 8/19/2022 12:42:51 PM, Old:ON, New:Reading
Zero Mode Changed: 8/19/2022 12:42:51 PM, Old:Reading, New:ON
Scan mode: Changed: 8/19/2022 12:54:44 PM, Old:Excitation, New:Emission
Excitation Wavelength Changed: 8/19/2022 12:54:44 PM, Old: 200.00, New: 335.00
Emission Wavelength Changed: 8/19/2022 12:54:44 PM, Old: 410.00, New: 345.00
Stop Wavelength Changed: 8/19/2022 12:54:44 PM, Old: 400.00, New: 600.00
Zero Mode Changed: 8/19/2022 12:54:46 PM, Old:ON, New:Reading
Zero Mode Changed: 8/19/2022 12:54:46 PM, Old:Reading, New:ON
Scan mode: Changed: 8/19/2022 12:55:39 PM, Old:Emission, New:Excitation
Excitation Wavelength Changed: 8/19/2022 12:55:39 PM, Old: 335.00, New: 240.00
Emission Wavelength Changed: 8/19/2022 12:55:39 PM, Old: 345.00, New: 410.00
Stop Wavelength Changed: 8/19/2022 12:55:39 PM, Old: 600.00, New: 400.00
Zero Mode Changed: 8/19/2022 12:55:42 PM, Old:ON, New:Reading
Zero Mode Changed: 8/19/2022 12:55:42 PM, Old:Reading, New:ON
Scan mode: Changed: 8/19/2022 12:56:21 PM, Old:Excitation, New:Emission
Excitation Wavelength Changed: 8/19/2022 12:56:21 PM, Old: 240.00, New: 340.00
Emission Wavelength Changed: 8/19/2022 12:56:21 PM, Old: 410.00, New: 350.00
Stop Wavelength Changed: 8/19/2022 12:56:21 PM, Old: 400.00, New: 600.00
Zero Mode Changed: 8/19/2022 12:56:24 PM, Old:ON, New:Reading
Zero Mode Changed: 8/19/2022 12:56:24 PM, Old:Reading, New:ON
Scan mode: Changed: 8/19/2022 12:57:53 PM, Old:Emission, New:Excitation
User Delta Stop Changed: 8/19/2022 12:57:53 PM, Old: 450.00, New: 500.00
User Delta Increment Changed: 8/19/2022 12:57:53 PM, Old:  10.00, New:   0.15
Excitation Wavelength Changed: 8/19/2022 12:57:53 PM, Old: 340.00, New: 260.00
Emission Wavelength Changed: 8/19/2022 12:57:53 PM, Old: 350.00, New: 500.00
Stop Wavelength Changed: 8/19/2022 12:57:53 PM, Old: 600.00, New: 490.00
Zero Mode Changed: 8/19/2022 12:57:56 PM, Old:ON, New:Reading
Zero Mode Changed: 8/19/2022 12:57:56 PM, Old:Reading, New:ON
Scan mode: Changed: 8/19/2022 12:58:50 PM, Old:Excitation, New:Emission
Excitation Wavelength Changed: 8/19/2022 12:58:50 PM, Old: 260.00, New: 380.00
Emission Wavelength Changed: 8/19/2022 12:58:50 PM, Old: 500.00, New: 390.00
Stop Wavelength Changed: 8/19/2022 12:58:50 PM, Old: 490.00, New: 650.00
Zero Mode Changed: 8/19/2022 12:58:52 PM, Old:ON, New:Reading
Zero Mode Changed: 8/19/2022 12:58:52 PM, Old:Reading, New:ON
Scan mode: Changed: 8/19/2022 12:59:47 PM, Old:Emission, New:Excitation
Excitation Wavelength Changed: 8/19/2022 12:59:47 PM, Old: 380.00, New: 240.00
Emission Wavelength Changed: 8/19/2022 12:59:47 PM, Old: 390.00, New: 420.00
Stop Wavelength Changed: 8/19/2022 12:59:47 PM, Old: 650.00, New: 410.00
Zero Mode Changed: 8/19/2022 12:59:51 PM, Old:ON, New:Reading
Zero Mode Changed: 8/19/2022 12:59:51 PM, Old:Reading, New:ON
Scan mode: Changed: 8/19/2022 1:00:29 PM, Old:Excitation, New:Emission
Excitation Wavelength Changed: 8/19/2022 1:00:29 PM, Old: 240.00, New: 345.00
Emission Wavelength Changed: 8/19/2022 1:00:29 PM, Old: 420.00, New: 355.00
Stop Wavelength Changed: 8/19/2022 1:00:29 PM, Old: 410.00, New: 600.00
Zero Mode Changed: 8/19/2022 1:00:30 PM, Old:ON, New:Reading
Zero Mode Changed: 8/19/2022 1:00:31 PM, Old:Reading, New:ON
Excitation Wavelength Changed: 8/19/2022 1:01:14 PM, Old: 345.00, New: 350.00
Emission Wavelength Changed: 8/19/2022 1:01:14 PM, Old: 355.00, New: 360.00
Zero Mode Changed: 8/19/2022 1:01:16 PM, Old:ON, New:Reading
Zero Mode Changed: 8/19/2022 1:01:17 PM, Old:Reading, New:ON
Excitation Wavelength Changed: 8/19/2022 1:01:56 PM, Old: 350.00, New: 355.00
Emission Wavelength Changed: 8/19/2022 1:01:56 PM, Old: 360.00, New: 365.00
Zero Mode Changed: 8/19/2022 1:01:58 PM, Old:ON, New:Reading
Zero Mode Changed: 8/19/2022 1:01:59 PM, Old:Reading, New:ON
Excitation Wavelength Changed: 8/19/2022 1:02:40 PM, Old: 355.00, New: 360.00
Emission Wavelength Changed: 8/19/2022 1:02:40 PM, Old: 365.00, New: 370.00
Zero Mode Changed: 8/19/2022 1:02:42 PM, Old:ON, New:Reading
Zero Mode Changed: 8/19/2022 1:02:42 PM, Old:Reading, New:ON
Excitation Wavelength Changed: 8/19/2022 1:03:20 PM, Old: 360.00, New: 365.00
Emission Wavelength Changed: 8/19/2022 1:03:20 PM, Old: 370.00, New: 375.00
Zero Mode Changed: 8/19/2022 1:03:23 PM, Old:ON, New:Reading
Zero Mode Changed: 8/19/2022 1:03:23 PM, Old:Reading, New:ON
Scan mode: Changed: 8/19/2022 1:04:11 PM, Old:Emission, New:Excitation
Excitation Wavelength Changed: 8/19/2022 1:04:11 PM, Old: 365.00, New: 240.00
Emission Wavelength Changed: 8/19/2022 1:04:11 PM, Old: 375.00, New: 430.00
Stop Wavelength Changed: 8/19/2022 1:04:11 PM, Old: 600.00, New: 420.00
Zero Mode Changed: 8/19/2022 1:04:14 PM, Old:ON, New:Reading
Zero Mode Changed: 8/19/2022 1:04:14 PM, Old:Reading, New:ON
Emission Wavelength Changed: 8/19/2022 1:04:52 PM, Old: 430.00, New: 440.00
Stop Wavelength Changed: 8/19/2022 1:04:52 PM, Old: 420.00, New: 430.00
Zero Mode Changed: 8/19/2022 1:04:53 PM, Old:ON, New:Reading
Zero Mode Changed: 8/19/2022 1:04:53 PM, Old:Reading, New:ON
Emission Wavelength Changed: 8/19/2022 1:05:43 PM, Old: 440.00, New: 450.00
Stop Wavelength Changed: 8/19/2022 1:05:43 PM, Old: 430.00, New: 440.00
Zero Mode Changed: 8/19/2022 1:05:44 PM, Old:ON, New:Reading
Zero Mode Changed: 8/19/2022 1:05:44 PM, Old:Reading, New:ON
Scan mode: Changed: 8/19/2022 1:09:39 PM, Old:Excitation, New:Emission
Excitation Wavelength Changed: 8/19/2022 1:09:39 PM, Old: 240.00, New: 330.00
Emission Wavelength Changed: 8/19/2022 1:09:39 PM, Old: 450.00, New: 340.00
Stop Wavelength Changed: 8/19/2022 1:09:39 PM, Old: 440.00, New: 600.00
Zero Mode Changed: 8/19/2022 1:09:40 PM, Old:ON, New:Reading
Zero Mode Changed: 8/19/2022 1:09:40 PM, Old:Reading, New:ON
Scan mode: Changed: 8/19/2022 1:10:32 PM, Old:Emission, New:Excitation
Excitation Wavelength Changed: 8/19/2022 1:10:32 PM, Old: 330.00, New: 240.00
Emission Wavelength Changed: 8/19/2022 1:10:32 PM, Old: 340.00, New: 400.00
Stop Wavelength Changed: 8/19/2022 1:10:32 PM, Old: 600.00, New: 390.00
Zero Mode Changed: 8/19/2022 1:10:35 PM, Old:ON, New:Reading
Zero Mode Changed: 8/19/2022 1:10:35 PM, Old:Reading, New:ON
Scan mode: Changed: 8/19/2022 1:11:56 PM, Old:Excitation, New:Emission
3-D Mode Changed: 8/19/2022 1:11:56 PM, Old:OFF, New:ON
User Delta Stop Changed: 8/19/2022 1:11:56 PM, Old: 500.00, New: 380.00
User Delta Increment Changed: 8/19/2022 1:11:56 PM, Old:   0.15, New:   5.00
Excitation Wavelength Changed: 8/19/2022 1:11:56 PM, Old: 240.00, New: 335.00
Emission Wavelength Changed: 8/19/2022 1:11:56 PM, Old: 400.00, New: 390.00
Stop Wavelength Changed: 8/19/2022 1:11:56 PM, Old: 390.00, New: 600.00
Zero Mode Changed: 8/19/2022 1:11:58 PM, Old:ON, New:Reading
Zero Mode Changed: 8/19/2022 1:11:58 PM, Old:Reading, New:ON
Excitation Wavelength Changed: 8/19/2022 1:12:28 PM, Old: 335.00, New: 340.00
Excitation Wavelength Changed: 8/19/2022 1:12:50 PM, Old: 340.00, New: 345.00
Excitation Wavelength Changed: 8/19/2022 1:13:12 PM, Old: 345.00, New: 350.00
Excitation Wavelength Changed: 8/19/2022 1:13:34 PM, Old: 350.00, New: 355.00
Excitation Wavelength Changed: 8/19/2022 1:13:56 PM, Old: 355.00, New: 360.00
Excitation Wavelength Changed: 8/19/2022 1:14:17 PM, Old: 360.00, New: 365.00
Excitation Wavelength Changed: 8/19/2022 1:14:39 PM, Old: 365.00, New: 370.00
End Method Modifications
[Excitation (nm)] , 370.0000

CdSe 40 sec ex335-380_EX_375.00,
CdSe 40 sec ex335-380_EX_375.00
Collection Time: 8/19/2022 1:15:02 PM
Operator Name  :
Scan Software Version: 1.1(132)
Parameter List :
Instrument                        Cary Eclipse
Instrument Serial Number          E08013467
Data mode                         Fluorescence
Scan mode                         Emission
X Mode                            Wavelength (nm)
Start (nm)                        390.00
Stop (nm)                         600.00
Ex. Wavelength (nm)               335.00
Ex. Slit (nm)                     5
Em. Slit (nm)                     5
Scan rate (nm/min)                600.00
Data interval (nm)                1.0000
Averaging Time (s)                0.1000
Excitation filter                 Auto
Emission filter                   Open
PMT voltage (V)                   Medium
Corrected spectra                 OFF
3-D Mode                          ON
Ex.  Stop (nm)                   380.00
Ex.  Increment (nm)              5.00
Method Log     :
Method Name    : Default
Date/Time stamp: 8/19/2022 12:23:21 PM
Method Modifications:
Excitation Wavelength Changed: 8/19/2022 12:28:50 PM, Old: 350.00, New: 300.00
Emission Wavelength Changed: 8/19/2022 12:28:50 PM, Old: 400.00, New: 310.00
Zero Mode Changed: 8/19/2022 12:28:52 PM, Old:OFF, New:Reading
Zero Mode Changed: 8/19/2022 12:28:52 PM, Old:Reading, New:ON
Scan mode: Changed: 8/19/2022 12:30:28 PM, Old:Emission, New:Excitation
Excitation Wavelength Changed: 8/19/2022 12:30:28 PM, Old: 300.00, New: 200.00
Emission Wavelength Changed: 8/19/2022 12:30:28 PM, Old: 310.00, New: 380.00
Stop Wavelength Changed: 8/19/2022 12:30:28 PM, Old: 600.00, New: 370.00
Zero Mode Changed: 8/19/2022 12:30:31 PM, Old:ON, New:Reading
Zero Mode Changed: 8/19/2022 12:30:31 PM, Old:Reading, New:ON
Overlayed Graphs Changed: 8/19/2022 12:31:25 PM, Old:OFF, New:ON
Zero Mode Changed: 8/19/2022 12:31:50 PM, Old:ON, New:Reading
Zero Mode Changed: 8/19/2022 12:31:50 PM, Old:Reading, New:ON
Scan mode: Changed: 8/19/2022 12:33:27 PM, Old:Excitation, New:Emission
Excitation Wavelength Changed: 8/19/2022 12:33:27 PM, Old: 200.00, New: 330.00
Emission Wavelength Changed: 8/19/2022 12:33:27 PM, Old: 380.00, New: 340.00
Stop Wavelength Changed: 8/19/2022 12:33:27 PM, Old: 370.00, New: 700.00
Zero Mode Changed: 8/19/2022 12:33:29 PM, Old:ON, New:Reading
Zero Mode Changed: 8/19/2022 12:33:29 PM, Old:Reading, New:ON
Scan mode: Changed: 8/19/2022 12:35:04 PM, Old:Emission, New:Excitation
Excitation Wavelength Changed: 8/19/2022 12:35:04 PM, Old: 330.00, New: 200.00
Emission Wavelength Changed: 8/19/2022 12:35:04 PM, Old: 340.00, New: 400.00
Stop Wavelength Changed: 8/19/2022 12:35:04 PM, Old: 700.00, New: 390.00
Zero Mode Changed: 8/19/2022 12:35:08 PM, Old:ON, New:Reading
Zero Mode Changed: 8/19/2022 12:35:08 PM, Old:Reading, New:ON
Y min Changed: 8/19/2022 12:38:08 PM, Old:     0.0000, New:   -55.0000
Zero Mode Changed: 8/19/2022 12:38:10 PM, Old:ON, New:Reading
Zero Mode Changed: 8/19/2022 12:38:10 PM, Old:Reading, New:ON
Scan mode: Changed: 8/19/2022 12:39:20 PM, Old:Excitation, New:Emission
Excitation Wavelength Changed: 8/19/2022 12:39:20 PM, Old: 200.00, New: 336.00
Emission Wavelength Changed: 8/19/2022 12:39:20 PM, Old: 400.00, New: 346.00
Stop Wavelength Changed: 8/19/2022 12:39:20 PM, Old: 390.00, New: 600.00
Zero Mode Changed: 8/19/2022 12:39:22 PM, Old:ON, New:Reading
Zero Mode Changed: 8/19/2022 12:39:22 PM, Old:Reading, New:ON
Stop Wavelength Changed: 8/19/2022 12:40:10 PM, Old: 600.00, New: 700.00
Zero Mode Changed: 8/19/2022 12:40:38 PM, Old:ON, New:Reading
Zero Mode Changed: 8/19/2022 12:40:38 PM, Old:Reading, New:ON
Y min Changed: 8/19/2022 12:42:47 PM, Old:   -55.0000, New:     0.0000
Scan mode: Changed: 8/19/2022 12:42:47 PM, Old:Emission, New:Excitation
Excitation Wavelength Changed: 8/19/2022 12:42:47 PM, Old: 336.00, New: 200.00
Emission Wavelength Changed: 8/19/2022 12:42:47 PM, Old: 346.00, New: 410.00
Stop Wavelength Changed: 8/19/2022 12:42:47 PM, Old: 700.00, New: 400.00
Zero Mode Changed: 8/19/2022 12:42:51 PM, Old:ON, New:Reading
Zero Mode Changed: 8/19/2022 12:42:51 PM, Old:Reading, New:ON
Scan mode: Changed: 8/19/2022 12:54:44 PM, Old:Excitation, New:Emission
Excitation Wavelength Changed: 8/19/2022 12:54:44 PM, Old: 200.00, New: 335.00
Emission Wavelength Changed: 8/19/2022 12:54:44 PM, Old: 410.00, New: 345.00
Stop Wavelength Changed: 8/19/2022 12:54:44 PM, Old: 400.00, New: 600.00
Zero Mode Changed: 8/19/2022 12:54:46 PM, Old:ON, New:Reading
Zero Mode Changed: 8/19/2022 12:54:46 PM, Old:Reading, New:ON
Scan mode: Changed: 8/19/2022 12:55:39 PM, Old:Emission, New:Excitation
Excitation Wavelength Changed: 8/19/2022 12:55:39 PM, Old: 335.00, New: 240.00
Emission Wavelength Changed: 8/19/2022 12:55:39 PM, Old: 345.00, New: 410.00
Stop Wavelength Changed: 8/19/2022 12:55:39 PM, Old: 600.00, New: 400.00
Zero Mode Changed: 8/19/2022 12:55:42 PM, Old:ON, New:Reading
Zero Mode Changed: 8/19/2022 12:55:42 PM, Old:Reading, New:ON
Scan mode: Changed: 8/19/2022 12:56:21 PM, Old:Excitation, New:Emission
Excitation Wavelength Changed: 8/19/2022 12:56:21 PM, Old: 240.00, New: 340.00
Emission Wavelength Changed: 8/19/2022 12:56:21 PM, Old: 410.00, New: 350.00
Stop Wavelength Changed: 8/19/2022 12:56:21 PM, Old: 400.00, New: 600.00
Zero Mode Changed: 8/19/2022 12:56:24 PM, Old:ON, New:Reading
Zero Mode Changed: 8/19/2022 12:56:24 PM, Old:Reading, New:ON
Scan mode: Changed: 8/19/2022 12:57:53 PM, Old:Emission, New:Excitation
User Delta Stop Changed: 8/19/2022 12:57:53 PM, Old: 450.00, New: 500.00
User Delta Increment Changed: 8/19/2022 12:57:53 PM, Old:  10.00, New:   0.15
Excitation Wavelength Changed: 8/19/2022 12:57:53 PM, Old: 340.00, New: 260.00
Emission Wavelength Changed: 8/19/2022 12:57:53 PM, Old: 350.00, New: 500.00
Stop Wavelength Changed: 8/19/2022 12:57:53 PM, Old: 600.00, New: 490.00
Zero Mode Changed: 8/19/2022 12:57:56 PM, Old:ON, New:Reading
Zero Mode Changed: 8/19/2022 12:57:56 PM, Old:Reading, New:ON
Scan mode: Changed: 8/19/2022 12:58:50 PM, Old:Excitation, New:Emission
Excitation Wavelength Changed: 8/19/2022 12:58:50 PM, Old: 260.00, New: 380.00
Emission Wavelength Changed: 8/19/2022 12:58:50 PM, Old: 500.00, New: 390.00
Stop Wavelength Changed: 8/19/2022 12:58:50 PM, Old: 490.00, New: 650.00
Zero Mode Changed: 8/19/2022 12:58:52 PM, Old:ON, New:Reading
Zero Mode Changed: 8/19/2022 12:58:52 PM, Old:Reading, New:ON
Scan mode: Changed: 8/19/2022 12:59:47 PM, Old:Emission, New:Excitation
Excitation Wavelength Changed: 8/19/2022 12:59:47 PM, Old: 380.00, New: 240.00
Emission Wavelength Changed: 8/19/2022 12:59:47 PM, Old: 390.00, New: 420.00
Stop Wavelength Changed: 8/19/2022 12:59:47 PM, Old: 650.00, New: 410.00
Zero Mode Changed: 8/19/2022 12:59:51 PM, Old:ON, New:Reading
Zero Mode Changed: 8/19/2022 12:59:51 PM, Old:Reading, New:ON
Scan mode: Changed: 8/19/2022 1:00:29 PM, Old:Excitation, New:Emission
Excitation Wavelength Changed: 8/19/2022 1:00:29 PM, Old: 240.00, New: 345.00
Emission Wavelength Changed: 8/19/2022 1:00:29 PM, Old: 420.00, New: 355.00
Stop Wavelength Changed: 8/19/2022 1:00:29 PM, Old: 410.00, New: 600.00
Zero Mode Changed: 8/19/2022 1:00:30 PM, Old:ON, New:Reading
Zero Mode Changed: 8/19/2022 1:00:31 PM, Old:Reading, New:ON
Excitation Wavelength Changed: 8/19/2022 1:01:14 PM, Old: 345.00, New: 350.00
Emission Wavelength Changed: 8/19/2022 1:01:14 PM, Old: 355.00, New: 360.00
Zero Mode Changed: 8/19/2022 1:01:16 PM, Old:ON, New:Reading
Zero Mode Changed: 8/19/2022 1:01:17 PM, Old:Reading, New:ON
Excitation Wavelength Changed: 8/19/2022 1:01:56 PM, Old: 350.00, New: 355.00
Emission Wavelength Changed: 8/19/2022 1:01:56 PM, Old: 360.00, New: 365.00
Zero Mode Changed: 8/19/2022 1:01:58 PM, Old:ON, New:Reading
Zero Mode Changed: 8/19/2022 1:01:59 PM, Old:Reading, New:ON
Excitation Wavelength Changed: 8/19/2022 1:02:40 PM, Old: 355.00, New: 360.00
Emission Wavelength Changed: 8/19/2022 1:02:40 PM, Old: 365.00, New: 370.00
Zero Mode Changed: 8/19/2022 1:02:42 PM, Old:ON, New:Reading
Zero Mode Changed: 8/19/2022 1:02:42 PM, Old:Reading, New:ON
Excitation Wavelength Changed: 8/19/2022 1:03:20 PM, Old: 360.00, New: 365.00
Emission Wavelength Changed: 8/19/2022 1:03:20 PM, Old: 370.00, New: 375.00
Zero Mode Changed: 8/19/2022 1:03:23 PM, Old:ON, New:Reading
Zero Mode Changed: 8/19/2022 1:03:23 PM, Old:Reading, New:ON
Scan mode: Changed: 8/19/2022 1:04:11 PM, Old:Emission, New:Excitation
Excitation Wavelength Changed: 8/19/2022 1:04:11 PM, Old: 365.00, New: 240.00
Emission Wavelength Changed: 8/19/2022 1:04:11 PM, Old: 375.00, New: 430.00
Stop Wavelength Changed: 8/19/2022 1:04:11 PM, Old: 600.00, New: 420.00
Zero Mode Changed: 8/19/2022 1:04:14 PM, Old:ON, New:Reading
Zero Mode Changed: 8/19/2022 1:04:14 PM, Old:Reading, New:ON
Emission Wavelength Changed: 8/19/2022 1:04:52 PM, Old: 430.00, New: 440.00
Stop Wavelength Changed: 8/19/2022 1:04:52 PM, Old: 420.00, New: 430.00
Zero Mode Changed: 8/19/2022 1:04:53 PM, Old:ON, New:Reading
Zero Mode Changed: 8/19/2022 1:04:53 PM, Old:Reading, New:ON
Emission Wavelength Changed: 8/19/2022 1:05:43 PM, Old: 440.00, New: 450.00
Stop Wavelength Changed: 8/19/2022 1:05:43 PM, Old: 430.00, New: 440.00
Zero Mode Changed: 8/19/2022 1:05:44 PM, Old:ON, New:Reading
Zero Mode Changed: 8/19/2022 1:05:44 PM, Old:Reading, New:ON
Scan mode: Changed: 8/19/2022 1:09:39 PM, Old:Excitation, New:Emission
Excitation Wavelength Changed: 8/19/2022 1:09:39 PM, Old: 240.00, New: 330.00
Emission Wavelength Changed: 8/19/2022 1:09:39 PM, Old: 450.00, New: 340.00
Stop Wavelength Changed: 8/19/2022 1:09:39 PM, Old: 440.00, New: 600.00
Zero Mode Changed: 8/19/2022 1:09:40 PM, Old:ON, New:Reading
Zero Mode Changed: 8/19/2022 1:09:40 PM, Old:Reading, New:ON
Scan mode: Changed: 8/19/2022 1:10:32 PM, Old:Emission, New:Excitation
Excitation Wavelength Changed: 8/19/2022 1:10:32 PM, Old: 330.00, New: 240.00
Emission Wavelength Changed: 8/19/2022 1:10:32 PM, Old: 340.00, New: 400.00
Stop Wavelength Changed: 8/19/2022 1:10:32 PM, Old: 600.00, New: 390.00
Zero Mode Changed: 8/19/2022 1:10:35 PM, Old:ON, New:Reading
Zero Mode Changed: 8/19/2022 1:10:35 PM, Old:Reading, New:ON
Scan mode: Changed: 8/19/2022 1:11:56 PM, Old:Excitation, New:Emission
3-D Mode Changed: 8/19/2022 1:11:56 PM, Old:OFF, New:ON
User Delta Stop Changed: 8/19/2022 1:11:56 PM, Old: 500.00, New: 380.00
User Delta Increment Changed: 8/19/2022 1:11:56 PM, Old:   0.15, New:   5.00
Excitation Wavelength Changed: 8/19/2022 1:11:56 PM, Old: 240.00, New: 335.00
Emission Wavelength Changed: 8/19/2022 1:11:56 PM, Old: 400.00, New: 390.00
Stop Wavelength Changed: 8/19/2022 1:11:56 PM, Old: 390.00, New: 600.00
Zero Mode Changed: 8/19/2022 1:11:58 PM, Old:ON, New:Reading
Zero Mode Changed: 8/19/2022 1:11:58 PM, Old:Reading, New:ON
Excitation Wavelength Changed: 8/19/2022 1:12:28 PM, Old: 335.00, New: 340.00
Excitation Wavelength Changed: 8/19/2022 1:12:50 PM, Old: 340.00, New: 345.00
Excitation Wavelength Changed: 8/19/2022 1:13:12 PM, Old: 345.00, New: 350.00
Excitation Wavelength Changed: 8/19/2022 1:13:34 PM, Old: 350.00, New: 355.00
Excitation Wavelength Changed: 8/19/2022 1:13:56 PM, Old: 355.00, New: 360.00
Excitation Wavelength Changed: 8/19/2022 1:14:17 PM, Old: 360.00, New: 365.00
Excitation Wavelength Changed: 8/19/2022 1:14:39 PM, Old: 365.00, New: 370.00
Excitation Wavelength Changed: 8/19/2022 1:15:02 PM, Old: 370.00, New: 375.00
End Method Modifications
[Excitation (nm)] , 375.0000

CdSe 40 sec ex335-380_EX_380.00,
CdSe 40 sec ex335-380_EX_380.00
Collection Time: 8/19/2022 1:15:24 PM
Operator Name  :
Scan Software Version: 1.1(132)
Parameter List :
Instrument                        Cary Eclipse
Instrument Serial Number          E08013467
Data mode                         Fluorescence
Scan mode                         Emission
X Mode                            Wavelength (nm)
Start (nm)                        390.00
Stop (nm)                         600.00
Ex. Wavelength (nm)               335.00
Ex. Slit (nm)                     5
Em. Slit (nm)                     5
Scan rate (nm/min)                600.00
Data interval (nm)                1.0000
Averaging Time (s)                0.1000
Excitation filter                 Auto
Emission filter                   Open
PMT voltage (V)                   Medium
Corrected spectra                 OFF
3-D Mode                          ON
Ex.  Stop (nm)                   380.00
Ex.  Increment (nm)              5.00
Method Log     :
Method Name    : Default
Date/Time stamp: 8/19/2022 12:23:21 PM
Method Modifications:
Excitation Wavelength Changed: 8/19/2022 12:28:50 PM, Old: 350.00, New: 300.00
Emission Wavelength Changed: 8/19/2022 12:28:50 PM, Old: 400.00, New: 310.00
Zero Mode Changed: 8/19/2022 12:28:52 PM, Old:OFF, New:Reading
Zero Mode Changed: 8/19/2022 12:28:52 PM, Old:Reading, New:ON
Scan mode: Changed: 8/19/2022 12:30:28 PM, Old:Emission, New:Excitation
Excitation Wavelength Changed: 8/19/2022 12:30:28 PM, Old: 300.00, New: 200.00
Emission Wavelength Changed: 8/19/2022 12:30:28 PM, Old: 310.00, New: 380.00
Stop Wavelength Changed: 8/19/2022 12:30:28 PM, Old: 600.00, New: 370.00
Zero Mode Changed: 8/19/2022 12:30:31 PM, Old:ON, New:Reading
Zero Mode Changed: 8/19/2022 12:30:31 PM, Old:Reading, New:ON
Overlayed Graphs Changed: 8/19/2022 12:31:25 PM, Old:OFF, New:ON
Zero Mode Changed: 8/19/2022 12:31:50 PM, Old:ON, New:Reading
Zero Mode Changed: 8/19/2022 12:31:50 PM, Old:Reading, New:ON
Scan mode: Changed: 8/19/2022 12:33:27 PM, Old:Excitation, New:Emission
Excitation Wavelength Changed: 8/19/2022 12:33:27 PM, Old: 200.00, New: 330.00
Emission Wavelength Changed: 8/19/2022 12:33:27 PM, Old: 380.00, New: 340.00
Stop Wavelength Changed: 8/19/2022 12:33:27 PM, Old: 370.00, New: 700.00
Zero Mode Changed: 8/19/2022 12:33:29 PM, Old:ON, New:Reading
Zero Mode Changed: 8/19/2022 12:33:29 PM, Old:Reading, New:ON
Scan mode: Changed: 8/19/2022 12:35:04 PM, Old:Emission, New:Excitation
Excitation Wavelength Changed: 8/19/2022 12:35:04 PM, Old: 330.00, New: 200.00
Emission Wavelength Changed: 8/19/2022 12:35:04 PM, Old: 340.00, New: 400.00
Stop Wavelength Changed: 8/19/2022 12:35:04 PM, Old: 700.00, New: 390.00
Zero Mode Changed: 8/19/2022 12:35:08 PM, Old:ON, New:Reading
Zero Mode Changed: 8/19/2022 12:35:08 PM, Old:Reading, New:ON
Y min Changed: 8/19/2022 12:38:08 PM, Old:     0.0000, New:   -55.0000
Zero Mode Changed: 8/19/2022 12:38:10 PM, Old:ON, New:Reading
Zero Mode Changed: 8/19/2022 12:38:10 PM, Old:Reading, New:ON
Scan mode: Changed: 8/19/2022 12:39:20 PM, Old:Excitation, New:Emission
Excitation Wavelength Changed: 8/19/2022 12:39:20 PM, Old: 200.00, New: 336.00
Emission Wavelength Changed: 8/19/2022 12:39:20 PM, Old: 400.00, New: 346.00
Stop Wavelength Changed: 8/19/2022 12:39:20 PM, Old: 390.00, New: 600.00
Zero Mode Changed: 8/19/2022 12:39:22 PM, Old:ON, New:Reading
Zero Mode Changed: 8/19/2022 12:39:22 PM, Old:Reading, New:ON
Stop Wavelength Changed: 8/19/2022 12:40:10 PM, Old: 600.00, New: 700.00
Zero Mode Changed: 8/19/2022 12:40:38 PM, Old:ON, New:Reading
Zero Mode Changed: 8/19/2022 12:40:38 PM, Old:Reading, New:ON
Y min Changed: 8/19/2022 12:42:47 PM, Old:   -55.0000, New:     0.0000
Scan mode: Changed: 8/19/2022 12:42:47 PM, Old:Emission, New:Excitation
Excitation Wavelength Changed: 8/19/2022 12:42:47 PM, Old: 336.00, New: 200.00
Emission Wavelength Changed: 8/19/2022 12:42:47 PM, Old: 346.00, New: 410.00
Stop Wavelength Changed: 8/19/2022 12:42:47 PM, Old: 700.00, New: 400.00
Zero Mode Changed: 8/19/2022 12:42:51 PM, Old:ON, New:Reading
Zero Mode Changed: 8/19/2022 12:42:51 PM, Old:Reading, New:ON
Scan mode: Changed: 8/19/2022 12:54:44 PM, Old:Excitation, New:Emission
Excitation Wavelength Changed: 8/19/2022 12:54:44 PM, Old: 200.00, New: 335.00
Emission Wavelength Changed: 8/19/2022 12:54:44 PM, Old: 410.00, New: 345.00
Stop Wavelength Changed: 8/19/2022 12:54:44 PM, Old: 400.00, New: 600.00
Zero Mode Changed: 8/19/2022 12:54:46 PM, Old:ON, New:Reading
Zero Mode Changed: 8/19/2022 12:54:46 PM, Old:Reading, New:ON
Scan mode: Changed: 8/19/2022 12:55:39 PM, Old:Emission, New:Excitation
Excitation Wavelength Changed: 8/19/2022 12:55:39 PM, Old: 335.00, New: 240.00
Emission Wavelength Changed: 8/19/2022 12:55:39 PM, Old: 345.00, New: 410.00
Stop Wavelength Changed: 8/19/2022 12:55:39 PM, Old: 600.00, New: 400.00
Zero Mode Changed: 8/19/2022 12:55:42 PM, Old:ON, New:Reading
Zero Mode Changed: 8/19/2022 12:55:42 PM, Old:Reading, New:ON
Scan mode: Changed: 8/19/2022 12:56:21 PM, Old:Excitation, New:Emission
Excitation Wavelength Changed: 8/19/2022 12:56:21 PM, Old: 240.00, New: 340.00
Emission Wavelength Changed: 8/19/2022 12:56:21 PM, Old: 410.00, New: 350.00
Stop Wavelength Changed: 8/19/2022 12:56:21 PM, Old: 400.00, New: 600.00
Zero Mode Changed: 8/19/2022 12:56:24 PM, Old:ON, New:Reading
Zero Mode Changed: 8/19/2022 12:56:24 PM, Old:Reading, New:ON
Scan mode: Changed: 8/19/2022 12:57:53 PM, Old:Emission, New:Excitation
User Delta Stop Changed: 8/19/2022 12:57:53 PM, Old: 450.00, New: 500.00
User Delta Increment Changed: 8/19/2022 12:57:53 PM, Old:  10.00, New:   0.15
Excitation Wavelength Changed: 8/19/2022 12:57:53 PM, Old: 340.00, New: 260.00
Emission Wavelength Changed: 8/19/2022 12:57:53 PM, Old: 350.00, New: 500.00
Stop Wavelength Changed: 8/19/2022 12:57:53 PM, Old: 600.00, New: 490.00
Zero Mode Changed: 8/19/2022 12:57:56 PM, Old:ON, New:Reading
Zero Mode Changed: 8/19/2022 12:57:56 PM, Old:Reading, New:ON
Scan mode: Changed: 8/19/2022 12:58:50 PM, Old:Excitation, New:Emission
Excitation Wavelength Changed: 8/19/2022 12:58:50 PM, Old: 260.00, New: 380.00
Emission Wavelength Changed: 8/19/2022 12:58:50 PM, Old: 500.00, New: 390.00
Stop Wavelength Changed: 8/19/2022 12:58:50 PM, Old: 490.00, New: 650.00
Zero Mode Changed: 8/19/2022 12:58:52 PM, Old:ON, New:Reading
Zero Mode Changed: 8/19/2022 12:58:52 PM, Old:Reading, New:ON
Scan mode: Changed: 8/19/2022 12:59:47 PM, Old:Emission, New:Excitation
Excitation Wavelength Changed: 8/19/2022 12:59:47 PM, Old: 380.00, New: 240.00
Emission Wavelength Changed: 8/19/2022 12:59:47 PM, Old: 390.00, New: 420.00
Stop Wavelength Changed: 8/19/2022 12:59:47 PM, Old: 650.00, New: 410.00
Zero Mode Changed: 8/19/2022 12:59:51 PM, Old:ON, New:Reading
Zero Mode Changed: 8/19/2022 12:59:51 PM, Old:Reading, New:ON
Scan mode: Changed: 8/19/2022 1:00:29 PM, Old:Excitation, New:Emission
Excitation Wavelength Changed: 8/19/2022 1:00:29 PM, Old: 240.00, New: 345.00
Emission Wavelength Changed: 8/19/2022 1:00:29 PM, Old: 420.00, New: 355.00
Stop Wavelength Changed: 8/19/2022 1:00:29 PM, Old: 410.00, New: 600.00
Zero Mode Changed: 8/19/2022 1:00:30 PM, Old:ON, New:Reading
Zero Mode Changed: 8/19/2022 1:00:31 PM, Old:Reading, New:ON
Excitation Wavelength Changed: 8/19/2022 1:01:14 PM, Old: 345.00, New: 350.00
Emission Wavelength Changed: 8/19/2022 1:01:14 PM, Old: 355.00, New: 360.00
Zero Mode Changed: 8/19/2022 1:01:16 PM, Old:ON, New:Reading
Zero Mode Changed: 8/19/2022 1:01:17 PM, Old:Reading, New:ON
Excitation Wavelength Changed: 8/19/2022 1:01:56 PM, Old: 350.00, New: 355.00
Emission Wavelength Changed: 8/19/2022 1:01:56 PM, Old: 360.00, New: 365.00
Zero Mode Changed: 8/19/2022 1:01:58 PM, Old:ON, New:Reading
Zero Mode Changed: 8/19/2022 1:01:59 PM, Old:Reading, New:ON
Excitation Wavelength Changed: 8/19/2022 1:02:40 PM, Old: 355.00, New: 360.00
Emission Wavelength Changed: 8/19/2022 1:02:40 PM, Old: 365.00, New: 370.00
Zero Mode Changed: 8/19/2022 1:02:42 PM, Old:ON, New:Reading
Zero Mode Changed: 8/19/2022 1:02:42 PM, Old:Reading, New:ON
Excitation Wavelength Changed: 8/19/2022 1:03:20 PM, Old: 360.00, New: 365.00
Emission Wavelength Changed: 8/19/2022 1:03:20 PM, Old: 370.00, New: 375.00
Zero Mode Changed: 8/19/2022 1:03:23 PM, Old:ON, New:Reading
Zero Mode Changed: 8/19/2022 1:03:23 PM, Old:Reading, New:ON
Scan mode: Changed: 8/19/2022 1:04:11 PM, Old:Emission, New:Excitation
Excitation Wavelength Changed: 8/19/2022 1:04:11 PM, Old: 365.00, New: 240.00
Emission Wavelength Changed: 8/19/2022 1:04:11 PM, Old: 375.00, New: 430.00
Stop Wavelength Changed: 8/19/2022 1:04:11 PM, Old: 600.00, New: 420.00
Zero Mode Changed: 8/19/2022 1:04:14 PM, Old:ON, New:Reading
Zero Mode Changed: 8/19/2022 1:04:14 PM, Old:Reading, New:ON
Emission Wavelength Changed: 8/19/2022 1:04:52 PM, Old: 430.00, New: 440.00
Stop Wavelength Changed: 8/19/2022 1:04:52 PM, Old: 420.00, New: 430.00
Zero Mode Changed: 8/19/2022 1:04:53 PM, Old:ON, New:Reading
Zero Mode Changed: 8/19/2022 1:04:53 PM, Old:Reading, New:ON
Emission Wavelength Changed: 8/19/2022 1:05:43 PM, Old: 440.00, New: 450.00
Stop Wavelength Changed: 8/19/2022 1:05:43 PM, Old: 430.00, New: 440.00
Zero Mode Changed: 8/19/2022 1:05:44 PM, Old:ON, New:Reading
Zero Mode Changed: 8/19/2022 1:05:44 PM, Old:Reading, New:ON
Scan mode: Changed: 8/19/2022 1:09:39 PM, Old:Excitation, New:Emission
Excitation Wavelength Changed: 8/19/2022 1:09:39 PM, Old: 240.00, New: 330.00
Emission Wavelength Changed: 8/19/2022 1:09:39 PM, Old: 450.00, New: 340.00
Stop Wavelength Changed: 8/19/2022 1:09:39 PM, Old: 440.00, New: 600.00
Zero Mode Changed: 8/19/2022 1:09:40 PM, Old:ON, New:Reading
Zero Mode Changed: 8/19/2022 1:09:40 PM, Old:Reading, New:ON
Scan mode: Changed: 8/19/2022 1:10:32 PM, Old:Emission, New:Excitation
Excitation Wavelength Changed: 8/19/2022 1:10:32 PM, Old: 330.00, New: 240.00
Emission Wavelength Changed: 8/19/2022 1:10:32 PM, Old: 340.00, New: 400.00
Stop Wavelength Changed: 8/19/2022 1:10:32 PM, Old: 600.00, New: 390.00
Zero Mode Changed: 8/19/2022 1:10:35 PM, Old:ON, New:Reading
Zero Mode Changed: 8/19/2022 1:10:35 PM, Old:Reading, New:ON
Scan mode: Changed: 8/19/2022 1:11:56 PM, Old:Excitation, New:Emission
3-D Mode Changed: 8/19/2022 1:11:56 PM, Old:OFF, New:ON
User Delta Stop Changed: 8/19/2022 1:11:56 PM, Old: 500.00, New: 380.00
User Delta Increment Changed: 8/19/2022 1:11:56 PM, Old:   0.15, New:   5.00
Excitation Wavelength Changed: 8/19/2022 1:11:56 PM, Old: 240.00, New: 335.00
Emission Wavelength Changed: 8/19/2022 1:11:56 PM, Old: 400.00, New: 390.00
Stop Wavelength Changed: 8/19/2022 1:11:56 PM, Old: 390.00, New: 600.00
Zero Mode Changed: 8/19/2022 1:11:58 PM, Old:ON, New:Reading
Zero Mode Changed: 8/19/2022 1:11:58 PM, Old:Reading, New:ON
Excitation Wavelength Changed: 8/19/2022 1:12:28 PM, Old: 335.00, New: 340.00
Excitation Wavelength Changed: 8/19/2022 1:12:50 PM, Old: 340.00, New: 345.00
Excitation Wavelength Changed: 8/19/2022 1:13:12 PM, Old: 345.00, New: 350.00
Excitation Wavelength Changed: 8/19/2022 1:13:34 PM, Old: 350.00, New: 355.00
Excitation Wavelength Changed: 8/19/2022 1:13:56 PM, Old: 355.00, New: 360.00
Excitation Wavelength Changed: 8/19/2022 1:14:17 PM, Old: 360.00, New: 365.00
Excitation Wavelength Changed: 8/19/2022 1:14:39 PM, Old: 365.00, New: 370.00
Excitation Wavelength Changed: 8/19/2022 1:15:02 PM, Old: 370.00, New: 375.00
Excitation Wavelength Changed: 8/19/2022 1:15:24 PM, Old: 375.00, New: 380.00
End Method Modifications
[Excitation (nm)] , 380.0000

CdSe 40 sec em500,
CdSe 40 sec em500
Collection Time: 8/19/2022 1:16:10 PM
Operator Name  :
Scan Software Version: 1.1(132)
Parameter List :
Instrument                        Cary Eclipse
Instrument Serial Number          E08013467
Data mode                         Fluorescence
Scan mode                         Excitation
X Mode                            Wavelength (nm)
Start (nm)                        260.00
Stop (nm)                         490.00
Em. Wavelength (nm)               500.00
Ex. Slit (nm)                     5
Em. Slit (nm)                     5
Scan rate (nm/min)                600.00
Data interval (nm)                1.0000
Averaging Time (s)                0.1000
Excitation filter                 Auto
Emission filter                   Open
PMT voltage (V)                   Medium
Corrected spectra                 OFF
Method Log     :
Method Name    : Default
Date/Time stamp: 8/19/2022 12:23:21 PM
Method Modifications:
Excitation Wavelength Changed: 8/19/2022 12:28:50 PM, Old: 350.00, New: 300.00
Emission Wavelength Changed: 8/19/2022 12:28:50 PM, Old: 400.00, New: 310.00
Zero Mode Changed: 8/19/2022 12:28:52 PM, Old:OFF, New:Reading
Zero Mode Changed: 8/19/2022 12:28:52 PM, Old:Reading, New:ON
Scan mode: Changed: 8/19/2022 12:30:28 PM, Old:Emission, New:Excitation
Excitation Wavelength Changed: 8/19/2022 12:30:28 PM, Old: 300.00, New: 200.00
Emission Wavelength Changed: 8/19/2022 12:30:28 PM, Old: 310.00, New: 380.00
Stop Wavelength Changed: 8/19/2022 12:30:28 PM, Old: 600.00, New: 370.00
Zero Mode Changed: 8/19/2022 12:30:31 PM, Old:ON, New:Reading
Zero Mode Changed: 8/19/2022 12:30:31 PM, Old:Reading, New:ON
Overlayed Graphs Changed: 8/19/2022 12:31:25 PM, Old:OFF, New:ON
Zero Mode Changed: 8/19/2022 12:31:50 PM, Old:ON, New:Reading
Zero Mode Changed: 8/19/2022 12:31:50 PM, Old:Reading, New:ON
Scan mode: Changed: 8/19/2022 12:33:27 PM, Old:Excitation, New:Emission
Excitation Wavelength Changed: 8/19/2022 12:33:27 PM, Old: 200.00, New: 330.00
Emission Wavelength Changed: 8/19/2022 12:33:27 PM, Old: 380.00, New: 340.00
Stop Wavelength Changed: 8/19/2022 12:33:27 PM, Old: 370.00, New: 700.00
Zero Mode Changed: 8/19/2022 12:33:29 PM, Old:ON, New:Reading
Zero Mode Changed: 8/19/2022 12:33:29 PM, Old:Reading, New:ON
Scan mode: Changed: 8/19/2022 12:35:04 PM, Old:Emission, New:Excitation
Excitation Wavelength Changed: 8/19/2022 12:35:04 PM, Old: 330.00, New: 200.00
Emission Wavelength Changed: 8/19/2022 12:35:04 PM, Old: 340.00, New: 400.00
Stop Wavelength Changed: 8/19/2022 12:35:04 PM, Old: 700.00, New: 390.00
Zero Mode Changed: 8/19/2022 12:35:08 PM, Old:ON, New:Reading
Zero Mode Changed: 8/19/2022 12:35:08 PM, Old:Reading, New:ON
Y min Changed: 8/19/2022 12:38:08 PM, Old:     0.0000, New:   -55.0000
Zero Mode Changed: 8/19/2022 12:38:10 PM, Old:ON, New:Reading
Zero Mode Changed: 8/19/2022 12:38:10 PM, Old:Reading, New:ON
Scan mode: Changed: 8/19/2022 12:39:20 PM, Old:Excitation, New:Emission
Excitation Wavelength Changed: 8/19/2022 12:39:20 PM, Old: 200.00, New: 336.00
Emission Wavelength Changed: 8/19/2022 12:39:20 PM, Old: 400.00, New: 346.00
Stop Wavelength Changed: 8/19/2022 12:39:20 PM, Old: 390.00, New: 600.00
Zero Mode Changed: 8/19/2022 12:39:22 PM, Old:ON, New:Reading
Zero Mode Changed: 8/19/2022 12:39:22 PM, Old:Reading, New:ON
Stop Wavelength Changed: 8/19/2022 12:40:10 PM, Old: 600.00, New: 700.00
Zero Mode Changed: 8/19/2022 12:40:38 PM, Old:ON, New:Reading
Zero Mode Changed: 8/19/2022 12:40:38 PM, Old:Reading, New:ON
Y min Changed: 8/19/2022 12:42:47 PM, Old:   -55.0000, New:     0.0000
Scan mode: Changed: 8/19/2022 12:42:47 PM, Old:Emission, New:Excitation
Excitation Wavelength Changed: 8/19/2022 12:42:47 PM, Old: 336.00, New: 200.00
Emission Wavelength Changed: 8/19/2022 12:42:47 PM, Old: 346.00, New: 410.00
Stop Wavelength Changed: 8/19/2022 12:42:47 PM, Old: 700.00, New: 400.00
Zero Mode Changed: 8/19/2022 12:42:51 PM, Old:ON, New:Reading
Zero Mode Changed: 8/19/2022 12:42:51 PM, Old:Reading, New:ON
Scan mode: Changed: 8/19/2022 12:54:44 PM, Old:Excitation, New:Emission
Excitation Wavelength Changed: 8/19/2022 12:54:44 PM, Old: 200.00, New: 335.00
Emission Wavelength Changed: 8/19/2022 12:54:44 PM, Old: 410.00, New: 345.00
Stop Wavelength Changed: 8/19/2022 12:54:44 PM, Old: 400.00, New: 600.00
Zero Mode Changed: 8/19/2022 12:54:46 PM, Old:ON, New:Reading
Zero Mode Changed: 8/19/2022 12:54:46 PM, Old:Reading, New:ON
Scan mode: Changed: 8/19/2022 12:55:39 PM, Old:Emission, New:Excitation
Excitation Wavelength Changed: 8/19/2022 12:55:39 PM, Old: 335.00, New: 240.00
Emission Wavelength Changed: 8/19/2022 12:55:39 PM, Old: 345.00, New: 410.00
Stop Wavelength Changed: 8/19/2022 12:55:39 PM, Old: 600.00, New: 400.00
Zero Mode Changed: 8/19/2022 12:55:42 PM, Old:ON, New:Reading
Zero Mode Changed: 8/19/2022 12:55:42 PM, Old:Reading, New:ON
Scan mode: Changed: 8/19/2022 12:56:21 PM, Old:Excitation, New:Emission
Excitation Wavelength Changed: 8/19/2022 12:56:21 PM, Old: 240.00, New: 340.00
Emission Wavelength Changed: 8/19/2022 12:56:21 PM, Old: 410.00, New: 350.00
Stop Wavelength Changed: 8/19/2022 12:56:21 PM, Old: 400.00, New: 600.00
Zero Mode Changed: 8/19/2022 12:56:24 PM, Old:ON, New:Reading
Zero Mode Changed: 8/19/2022 12:56:24 PM, Old:Reading, New:ON
Scan mode: Changed: 8/19/2022 12:57:53 PM, Old:Emission, New:Excitation
User Delta Stop Changed: 8/19/2022 12:57:53 PM, Old: 450.00, New: 500.00
User Delta Increment Changed: 8/19/2022 12:57:53 PM, Old:  10.00, New:   0.15
Excitation Wavelength Changed: 8/19/2022 12:57:53 PM, Old: 340.00, New: 260.00
Emission Wavelength Changed: 8/19/2022 12:57:53 PM, Old: 350.00, New: 500.00
Stop Wavelength Changed: 8/19/2022 12:57:53 PM, Old: 600.00, New: 490.00
Zero Mode Changed: 8/19/2022 12:57:56 PM, Old:ON, New:Reading
Zero Mode Changed: 8/19/2022 12:57:56 PM, Old:Reading, New:ON
Scan mode: Changed: 8/19/2022 12:58:50 PM, Old:Excitation, New:Emission
Excitation Wavelength Changed: 8/19/2022 12:58:50 PM, Old: 260.00, New: 380.00
Emission Wavelength Changed: 8/19/2022 12:58:50 PM, Old: 500.00, New: 390.00
Stop Wavelength Changed: 8/19/2022 12:58:50 PM, Old: 490.00, New: 650.00
Zero Mode Changed: 8/19/2022 12:58:52 PM, Old:ON, New:Reading
Zero Mode Changed: 8/19/2022 12:58:52 PM, Old:Reading, New:ON
Scan mode: Changed: 8/19/2022 12:59:47 PM, Old:Emission, New:Excitation
Excitation Wavelength Changed: 8/19/2022 12:59:47 PM, Old: 380.00, New: 240.00
Emission Wavelength Changed: 8/19/2022 12:59:47 PM, Old: 390.00, New: 420.00
Stop Wavelength Changed: 8/19/2022 12:59:47 PM, Old: 650.00, New: 410.00
Zero Mode Changed: 8/19/2022 12:59:51 PM, Old:ON, New:Reading
Zero Mode Changed: 8/19/2022 12:59:51 PM, Old:Reading, New:ON
Scan mode: Changed: 8/19/2022 1:00:29 PM, Old:Excitation, New:Emission
Excitation Wavelength Changed: 8/19/2022 1:00:29 PM, Old: 240.00, New: 345.00
Emission Wavelength Changed: 8/19/2022 1:00:29 PM, Old: 420.00, New: 355.00
Stop Wavelength Changed: 8/19/2022 1:00:29 PM, Old: 410.00, New: 600.00
Zero Mode Changed: 8/19/2022 1:00:30 PM, Old:ON, New:Reading
Zero Mode Changed: 8/19/2022 1:00:31 PM, Old:Reading, New:ON
Excitation Wavelength Changed: 8/19/2022 1:01:14 PM, Old: 345.00, New: 350.00
Emission Wavelength Changed: 8/19/2022 1:01:14 PM, Old: 355.00, New: 360.00
Zero Mode Changed: 8/19/2022 1:01:16 PM, Old:ON, New:Reading
Zero Mode Changed: 8/19/2022 1:01:17 PM, Old:Reading, New:ON
Excitation Wavelength Changed: 8/19/2022 1:01:56 PM, Old: 350.00, New: 355.00
Emission Wavelength Changed: 8/19/2022 1:01:56 PM, Old: 360.00, New: 365.00
Zero Mode Changed: 8/19/2022 1:01:58 PM, Old:ON, New:Reading
Zero Mode Changed: 8/19/2022 1:01:59 PM, Old:Reading, New:ON
Excitation Wavelength Changed: 8/19/2022 1:02:40 PM, Old: 355.00, New: 360.00
Emission Wavelength Changed: 8/19/2022 1:02:40 PM, Old: 365.00, New: 370.00
Zero Mode Changed: 8/19/2022 1:02:42 PM, Old:ON, New:Reading
Zero Mode Changed: 8/19/2022 1:02:42 PM, Old:Reading, New:ON
Excitation Wavelength Changed: 8/19/2022 1:03:20 PM, Old: 360.00, New: 365.00
Emission Wavelength Changed: 8/19/2022 1:03:20 PM, Old: 370.00, New: 375.00
Zero Mode Changed: 8/19/2022 1:03:23 PM, Old:ON, New:Reading
Zero Mode Changed: 8/19/2022 1:03:23 PM, Old:Reading, New:ON
Scan mode: Changed: 8/19/2022 1:04:11 PM, Old:Emission, New:Excitation
Excitation Wavelength Changed: 8/19/2022 1:04:11 PM, Old: 365.00, New: 240.00
Emission Wavelength Changed: 8/19/2022 1:04:11 PM, Old: 375.00, New: 430.00
Stop Wavelength Changed: 8/19/2022 1:04:11 PM, Old: 600.00, New: 420.00
Zero Mode Changed: 8/19/2022 1:04:14 PM, Old:ON, New:Reading
Zero Mode Changed: 8/19/2022 1:04:14 PM, Old:Reading, New:ON
Emission Wavelength Changed: 8/19/2022 1:04:52 PM, Old: 430.00, New: 440.00
Stop Wavelength Changed: 8/19/2022 1:04:52 PM, Old: 420.00, New: 430.00
Zero Mode Changed: 8/19/2022 1:04:53 PM, Old:ON, New:Reading
Zero Mode Changed: 8/19/2022 1:04:53 PM, Old:Reading, New:ON
Emission Wavelength Changed: 8/19/2022 1:05:43 PM, Old: 440.00, New: 450.00
Stop Wavelength Changed: 8/19/2022 1:05:43 PM, Old: 430.00, New: 440.00
Zero Mode Changed: 8/19/2022 1:05:44 PM, Old:ON, New:Reading
Zero Mode Changed: 8/19/2022 1:05:44 PM, Old:Reading, New:ON
Scan mode: Changed: 8/19/2022 1:09:39 PM, Old:Excitation, New:Emission
Excitation Wavelength Changed: 8/19/2022 1:09:39 PM, Old: 240.00, New: 330.00
Emission Wavelength Changed: 8/19/2022 1:09:39 PM, Old: 450.00, New: 340.00
Stop Wavelength Changed: 8/19/2022 1:09:39 PM, Old: 440.00, New: 600.00
Zero Mode Changed: 8/19/2022 1:09:40 PM, Old:ON, New:Reading
Zero Mode Changed: 8/19/2022 1:09:40 PM, Old:Reading, New:ON
Scan mode: Changed: 8/19/2022 1:10:32 PM, Old:Emission, New:Excitation
Excitation Wavelength Changed: 8/19/2022 1:10:32 PM, Old: 330.00, New: 240.00
Emission Wavelength Changed: 8/19/2022 1:10:32 PM, Old: 340.00, New: 400.00
Stop Wavelength Changed: 8/19/2022 1:10:32 PM, Old: 600.00, New: 390.00
Zero Mode Changed: 8/19/2022 1:10:35 PM, Old:ON, New:Reading
Zero Mode Changed: 8/19/2022 1:10:35 PM, Old:Reading, New:ON
Scan mode: Changed: 8/19/2022 1:11:56 PM, Old:Excitation, New:Emission
3-D Mode Changed: 8/19/2022 1:11:56 PM, Old:OFF, New:ON
User Delta Stop Changed: 8/19/2022 1:11:56 PM, Old: 500.00, New: 380.00
User Delta Increment Changed: 8/19/2022 1:11:56 PM, Old:   0.15, New:   5.00
Excitation Wavelength Changed: 8/19/2022 1:11:56 PM, Old: 240.00, New: 335.00
Emission Wavelength Changed: 8/19/2022 1:11:56 PM, Old: 400.00, New: 390.00
Stop Wavelength Changed: 8/19/2022 1:11:56 PM, Old: 390.00, New: 600.00
Zero Mode Changed: 8/19/2022 1:11:58 PM, Old:ON, New:Reading
Zero Mode Changed: 8/19/2022 1:11:58 PM, Old:Reading, New:ON
Excitation Wavelength Changed: 8/19/2022 1:12:28 PM, Old: 335.00, New: 340.00
Excitation Wavelength Changed: 8/19/2022 1:12:50 PM, Old: 340.00, New: 345.00
Excitation Wavelength Changed: 8/19/2022 1:13:12 PM, Old: 345.00, New: 350.00
Excitation Wavelength Changed: 8/19/2022 1:13:34 PM, Old: 350.00, New: 355.00
Excitation Wavelength Changed: 8/19/2022 1:13:56 PM, Old: 355.00, New: 360.00
Excitation Wavelength Changed: 8/19/2022 1:14:17 PM, Old: 360.00, New: 365.00
Excitation Wavelength Changed: 8/19/2022 1:14:39 PM, Old: 365.00, New: 370.00
Excitation Wavelength Changed: 8/19/2022 1:15:02 PM, Old: 370.00, New: 375.00
Excitation Wavelength Changed: 8/19/2022 1:15:24 PM, Old: 375.00, New: 380.00
Excitation Wavelength Changed: 8/19/2022 1:15:46 PM, Old: 380.00, New: 335.00
Scan mode: Changed: 8/19/2022 1:16:01 PM, Old:Emission, New:Excitation
3-D Mode Changed: 8/19/2022 1:16:01 PM, Old:ON, New:OFF
User Delta Stop Changed: 8/19/2022 1:16:01 PM, Old: 380.00, New: 500.00
User Delta Increment Changed: 8/19/2022 1:16:01 PM, Old:   5.00, New:   0.15
Excitation Wavelength Changed: 8/19/2022 1:16:01 PM, Old: 335.00, New: 260.00
Emission Wavelength Changed: 8/19/2022 1:16:01 PM, Old: 390.00, New: 500.00
Stop Wavelength Changed: 8/19/2022 1:16:01 PM, Old: 600.00, New: 490.00
Zero Mode Changed: 8/19/2022 1:16:04 PM, Old:ON, New:Reading
Zero Mode Changed: 8/19/2022 1:16:05 PM, Old:Reading, New:ON
End Method Modifications

CdSe 40 sec em420,
CdSe 40 sec em420
Collection Time: 8/19/2022 1:17:07 PM
Operator Name  :
Scan Software Version: 1.1(132)
Parameter List :
Instrument                        Cary Eclipse
Instrument Serial Number          E08013467
Data mode                         Fluorescence
Scan mode                         Excitation
X Mode                            Wavelength (nm)
Start (nm)                        240.00
Stop (nm)                         410.00
Em. Wavelength (nm)               420.00
Ex. Slit (nm)                     5
Em. Slit (nm)                     5
Scan rate (nm/min)                600.00
Data interval (nm)                1.0000
Averaging Time (s)                0.1000
Excitation filter                 Auto
Emission filter                   Open
PMT voltage (V)                   Medium
Corrected spectra                 OFF
Method Log     :
Method Name    : Default
Date/Time stamp: 8/19/2022 12:23:21 PM
Method Modifications:
Excitation Wavelength Changed: 8/19/2022 12:28:50 PM, Old: 350.00, New: 300.00
Emission Wavelength Changed: 8/19/2022 12:28:50 PM, Old: 400.00, New: 310.00
Zero Mode Changed: 8/19/2022 12:28:52 PM, Old:OFF, New:Reading
Zero Mode Changed: 8/19/2022 12:28:52 PM, Old:Reading, New:ON
Scan mode: Changed: 8/19/2022 12:30:28 PM, Old:Emission, New:Excitation
Excitation Wavelength Changed: 8/19/2022 12:30:28 PM, Old: 300.00, New: 200.00
Emission Wavelength Changed: 8/19/2022 12:30:28 PM, Old: 310.00, New: 380.00
Stop Wavelength Changed: 8/19/2022 12:30:28 PM, Old: 600.00, New: 370.00
Zero Mode Changed: 8/19/2022 12:30:31 PM, Old:ON, New:Reading
Zero Mode Changed: 8/19/2022 12:30:31 PM, Old:Reading, New:ON
Overlayed Graphs Changed: 8/19/2022 12:31:25 PM, Old:OFF, New:ON
Zero Mode Changed: 8/19/2022 12:31:50 PM, Old:ON, New:Reading
Zero Mode Changed: 8/19/2022 12:31:50 PM, Old:Reading, New:ON
Scan mode: Changed: 8/19/2022 12:33:27 PM, Old:Excitation, New:Emission
Excitation Wavelength Changed: 8/19/2022 12:33:27 PM, Old: 200.00, New: 330.00
Emission Wavelength Changed: 8/19/2022 12:33:27 PM, Old: 380.00, New: 340.00
Stop Wavelength Changed: 8/19/2022 12:33:27 PM, Old: 370.00, New: 700.00
Zero Mode Changed: 8/19/2022 12:33:29 PM, Old:ON, New:Reading
Zero Mode Changed: 8/19/2022 12:33:29 PM, Old:Reading, New:ON
Scan mode: Changed: 8/19/2022 12:35:04 PM, Old:Emission, New:Excitation
Excitation Wavelength Changed: 8/19/2022 12:35:04 PM, Old: 330.00, New: 200.00
Emission Wavelength Changed: 8/19/2022 12:35:04 PM, Old: 340.00, New: 400.00
Stop Wavelength Changed: 8/19/2022 12:35:04 PM, Old: 700.00, New: 390.00
Zero Mode Changed: 8/19/2022 12:35:08 PM, Old:ON, New:Reading
Zero Mode Changed: 8/19/2022 12:35:08 PM, Old:Reading, New:ON
Y min Changed: 8/19/2022 12:38:08 PM, Old:     0.0000, New:   -55.0000
Zero Mode Changed: 8/19/2022 12:38:10 PM, Old:ON, New:Reading
Zero Mode Changed: 8/19/2022 12:38:10 PM, Old:Reading, New:ON
Scan mode: Changed: 8/19/2022 12:39:20 PM, Old:Excitation, New:Emission
Excitation Wavelength Changed: 8/19/2022 12:39:20 PM, Old: 200.00, New: 336.00
Emission Wavelength Changed: 8/19/2022 12:39:20 PM, Old: 400.00, New: 346.00
Stop Wavelength Changed: 8/19/2022 12:39:20 PM, Old: 390.00, New: 600.00
Zero Mode Changed: 8/19/2022 12:39:22 PM, Old:ON, New:Reading
Zero Mode Changed: 8/19/2022 12:39:22 PM, Old:Reading, New:ON
Stop Wavelength Changed: 8/19/2022 12:40:10 PM, Old: 600.00, New: 700.00
Zero Mode Changed: 8/19/2022 12:40:38 PM, Old:ON, New:Reading
Zero Mode Changed: 8/19/2022 12:40:38 PM, Old:Reading, New:ON
Y min Changed: 8/19/2022 12:42:47 PM, Old:   -55.0000, New:     0.0000
Scan mode: Changed: 8/19/2022 12:42:47 PM, Old:Emission, New:Excitation
Excitation Wavelength Changed: 8/19/2022 12:42:47 PM, Old: 336.00, New: 200.00
Emission Wavelength Changed: 8/19/2022 12:42:47 PM, Old: 346.00, New: 410.00
Stop Wavelength Changed: 8/19/2022 12:42:47 PM, Old: 700.00, New: 400.00
Zero Mode Changed: 8/19/2022 12:42:51 PM, Old:ON, New:Reading
Zero Mode Changed: 8/19/2022 12:42:51 PM, Old:Reading, New:ON
Scan mode: Changed: 8/19/2022 12:54:44 PM, Old:Excitation, New:Emission
Excitation Wavelength Changed: 8/19/2022 12:54:44 PM, Old: 200.00, New: 335.00
Emission Wavelength Changed: 8/19/2022 12:54:44 PM, Old: 410.00, New: 345.00
Stop Wavelength Changed: 8/19/2022 12:54:44 PM, Old: 400.00, New: 600.00
Zero Mode Changed: 8/19/2022 12:54:46 PM, Old:ON, New:Reading
Zero Mode Changed: 8/19/2022 12:54:46 PM, Old:Reading, New:ON
Scan mode: Changed: 8/19/2022 12:55:39 PM, Old:Emission, New:Excitation
Excitation Wavelength Changed: 8/19/2022 12:55:39 PM, Old: 335.00, New: 240.00
Emission Wavelength Changed: 8/19/2022 12:55:39 PM, Old: 345.00, New: 410.00
Stop Wavelength Changed: 8/19/2022 12:55:39 PM, Old: 600.00, New: 400.00
Zero Mode Changed: 8/19/2022 12:55:42 PM, Old:ON, New:Reading
Zero Mode Changed: 8/19/2022 12:55:42 PM, Old:Reading, New:ON
Scan mode: Changed: 8/19/2022 12:56:21 PM, Old:Excitation, New:Emission
Excitation Wavelength Changed: 8/19/2022 12:56:21 PM, Old: 240.00, New: 340.00
Emission Wavelength Changed: 8/19/2022 12:56:21 PM, Old: 410.00, New: 350.00
Stop Wavelength Changed: 8/19/2022 12:56:21 PM, Old: 400.00, New: 600.00
Zero Mode Changed: 8/19/2022 12:56:24 PM, Old:ON, New:Reading
Zero Mode Changed: 8/19/2022 12:56:24 PM, Old:Reading, New:ON
Scan mode: Changed: 8/19/2022 12:57:53 PM, Old:Emission, New:Excitation
User Delta Stop Changed: 8/19/2022 12:57:53 PM, Old: 450.00, New: 500.00
User Delta Increment Changed: 8/19/2022 12:57:53 PM, Old:  10.00, New:   0.15
Excitation Wavelength Changed: 8/19/2022 12:57:53 PM, Old: 340.00, New: 260.00
Emission Wavelength Changed: 8/19/2022 12:57:53 PM, Old: 350.00, New: 500.00
Stop Wavelength Changed: 8/19/2022 12:57:53 PM, Old: 600.00, New: 490.00
Zero Mode Changed: 8/19/2022 12:57:56 PM, Old:ON, New:Reading
Zero Mode Changed: 8/19/2022 12:57:56 PM, Old:Reading, New:ON
Scan mode: Changed: 8/19/2022 12:58:50 PM, Old:Excitation, New:Emission
Excitation Wavelength Changed: 8/19/2022 12:58:50 PM, Old: 260.00, New: 380.00
Emission Wavelength Changed: 8/19/2022 12:58:50 PM, Old: 500.00, New: 390.00
Stop Wavelength Changed: 8/19/2022 12:58:50 PM, Old: 490.00, New: 650.00
Zero Mode Changed: 8/19/2022 12:58:52 PM, Old:ON, New:Reading
Zero Mode Changed: 8/19/2022 12:58:52 PM, Old:Reading, New:ON
Scan mode: Changed: 8/19/2022 12:59:47 PM, Old:Emission, New:Excitation
Excitation Wavelength Changed: 8/19/2022 12:59:47 PM, Old: 380.00, New: 240.00
Emission Wavelength Changed: 8/19/2022 12:59:47 PM, Old: 390.00, New: 420.00
Stop Wavelength Changed: 8/19/2022 12:59:47 PM, Old: 650.00, New: 410.00
Zero Mode Changed: 8/19/2022 12:59:51 PM, Old:ON, New:Reading
Zero Mode Changed: 8/19/2022 12:59:51 PM, Old:Reading, New:ON
Scan mode: Changed: 8/19/2022 1:00:29 PM, Old:Excitation, New:Emission
Excitation Wavelength Changed: 8/19/2022 1:00:29 PM, Old: 240.00, New: 345.00
Emission Wavelength Changed: 8/19/2022 1:00:29 PM, Old: 420.00, New: 355.00
Stop Wavelength Changed: 8/19/2022 1:00:29 PM, Old: 410.00, New: 600.00
Zero Mode Changed: 8/19/2022 1:00:30 PM, Old:ON, New:Reading
Zero Mode Changed: 8/19/2022 1:00:31 PM, Old:Reading, New:ON
Excitation Wavelength Changed: 8/19/2022 1:01:14 PM, Old: 345.00, New: 350.00
Emission Wavelength Changed: 8/19/2022 1:01:14 PM, Old: 355.00, New: 360.00
Zero Mode Changed: 8/19/2022 1:01:16 PM, Old:ON, New:Reading
Zero Mode Changed: 8/19/2022 1:01:17 PM, Old:Reading, New:ON
Excitation Wavelength Changed: 8/19/2022 1:01:56 PM, Old: 350.00, New: 355.00
Emission Wavelength Changed: 8/19/2022 1:01:56 PM, Old: 360.00, New: 365.00
Zero Mode Changed: 8/19/2022 1:01:58 PM, Old:ON, New:Reading
Zero Mode Changed: 8/19/2022 1:01:59 PM, Old:Reading, New:ON
Excitation Wavelength Changed: 8/19/2022 1:02:40 PM, Old: 355.00, New: 360.00
Emission Wavelength Changed: 8/19/2022 1:02:40 PM, Old: 365.00, New: 370.00
Zero Mode Changed: 8/19/2022 1:02:42 PM, Old:ON, New:Reading
Zero Mode Changed: 8/19/2022 1:02:42 PM, Old:Reading, New:ON
Excitation Wavelength Changed: 8/19/2022 1:03:20 PM, Old: 360.00, New: 365.00
Emission Wavelength Changed: 8/19/2022 1:03:20 PM, Old: 370.00, New: 375.00
Zero Mode Changed: 8/19/2022 1:03:23 PM, Old:ON, New:Reading
Zero Mode Changed: 8/19/2022 1:03:23 PM, Old:Reading, New:ON
Scan mode: Changed: 8/19/2022 1:04:11 PM, Old:Emission, New:Excitation
Excitation Wavelength Changed: 8/19/2022 1:04:11 PM, Old: 365.00, New: 240.00
Emission Wavelength Changed: 8/19/2022 1:04:11 PM, Old: 375.00, New: 430.00
Stop Wavelength Changed: 8/19/2022 1:04:11 PM, Old: 600.00, New: 420.00
Zero Mode Changed: 8/19/2022 1:04:14 PM, Old:ON, New:Reading
Zero Mode Changed: 8/19/2022 1:04:14 PM, Old:Reading, New:ON
Emission Wavelength Changed: 8/19/2022 1:04:52 PM, Old: 430.00, New: 440.00
Stop Wavelength Changed: 8/19/2022 1:04:52 PM, Old: 420.00, New: 430.00
Zero Mode Changed: 8/19/2022 1:04:53 PM, Old:ON, New:Reading
Zero Mode Changed: 8/19/2022 1:04:53 PM, Old:Reading, New:ON
Emission Wavelength Changed: 8/19/2022 1:05:43 PM, Old: 440.00, New: 450.00
Stop Wavelength Changed: 8/19/2022 1:05:43 PM, Old: 430.00, New: 440.00
Zero Mode Changed: 8/19/2022 1:05:44 PM, Old:ON, New:Reading
Zero Mode Changed: 8/19/2022 1:05:44 PM, Old:Reading, New:ON
Scan mode: Changed: 8/19/2022 1:09:39 PM, Old:Excitation, New:Emission
Excitation Wavelength Changed: 8/19/2022 1:09:39 PM, Old: 240.00, New: 330.00
Emission Wavelength Changed: 8/19/2022 1:09:39 PM, Old: 450.00, New: 340.00
Stop Wavelength Changed: 8/19/2022 1:09:39 PM, Old: 440.00, New: 600.00
Zero Mode Changed: 8/19/2022 1:09:40 PM, Old:ON, New:Reading
Zero Mode Changed: 8/19/2022 1:09:40 PM, Old:Reading, New:ON
Scan mode: Changed: 8/19/2022 1:10:32 PM, Old:Emission, New:Excitation
Excitation Wavelength Changed: 8/19/2022 1:10:32 PM, Old: 330.00, New: 240.00
Emission Wavelength Changed: 8/19/2022 1:10:32 PM, Old: 340.00, New: 400.00
Stop Wavelength Changed: 8/19/2022 1:10:32 PM, Old: 600.00, New: 390.00
Zero Mode Changed: 8/19/2022 1:10:35 PM, Old:ON, New:Reading
Zero Mode Changed: 8/19/2022 1:10:35 PM, Old:Reading, New:ON
Scan mode: Changed: 8/19/2022 1:11:56 PM, Old:Excitation, New:Emission
3-D Mode Changed: 8/19/2022 1:11:56 PM, Old:OFF, New:ON
User Delta Stop Changed: 8/19/2022 1:11:56 PM, Old: 500.00, New: 380.00
User Delta Increment Changed: 8/19/2022 1:11:56 PM, Old:   0.15, New:   5.00
Excitation Wavelength Changed: 8/19/2022 1:11:56 PM, Old: 240.00, New: 335.00
Emission Wavelength Changed: 8/19/2022 1:11:56 PM, Old: 400.00, New: 390.00
Stop Wavelength Changed: 8/19/2022 1:11:56 PM, Old: 390.00, New: 600.00
Zero Mode Changed: 8/19/2022 1:11:58 PM, Old:ON, New:Reading
Zero Mode Changed: 8/19/2022 1:11:58 PM, Old:Reading, New:ON
Excitation Wavelength Changed: 8/19/2022 1:12:28 PM, Old: 335.00, New: 340.00
Excitation Wavelength Changed: 8/19/2022 1:12:50 PM, Old: 340.00, New: 345.00
Excitation Wavelength Changed: 8/19/2022 1:13:12 PM, Old: 345.00, New: 350.00
Excitation Wavelength Changed: 8/19/2022 1:13:34 PM, Old: 350.00, New: 355.00
Excitation Wavelength Changed: 8/19/2022 1:13:56 PM, Old: 355.00, New: 360.00
Excitation Wavelength Changed: 8/19/2022 1:14:17 PM, Old: 360.00, New: 365.00
Excitation Wavelength Changed: 8/19/2022 1:14:39 PM, Old: 365.00, New: 370.00
Excitation Wavelength Changed: 8/19/2022 1:15:02 PM, Old: 370.00, New: 375.00
Excitation Wavelength Changed: 8/19/2022 1:15:24 PM, Old: 375.00, New: 380.00
Excitation Wavelength Changed: 8/19/2022 1:15:46 PM, Old: 380.00, New: 335.00
Scan mode: Changed: 8/19/2022 1:16:01 PM, Old:Emission, New:Excitation
3-D Mode Changed: 8/19/2022 1:16:01 PM, Old:ON, New:OFF
User Delta Stop Changed: 8/19/2022 1:16:01 PM, Old: 380.00, New: 500.00
User Delta Increment Changed: 8/19/2022 1:16:01 PM, Old:   5.00, New:   0.15
Excitation Wavelength Changed: 8/19/2022 1:16:01 PM, Old: 335.00, New: 260.00
Emission Wavelength Changed: 8/19/2022 1:16:01 PM, Old: 390.00, New: 500.00
Stop Wavelength Changed: 8/19/2022 1:16:01 PM, Old: 600.00, New: 490.00
Zero Mode Changed: 8/19/2022 1:16:04 PM, Old:ON, New:Reading
Zero Mode Changed: 8/19/2022 1:16:05 PM, Old:Reading, New:ON
Excitation Wavelength Changed: 8/19/2022 1:16:58 PM, Old: 260.00, New: 240.00
Emission Wavelength Changed: 8/19/2022 1:16:58 PM, Old: 500.00, New: 420.00
Stop Wavelength Changed: 8/19/2022 1:16:58 PM, Old: 490.00, New: 410.00
Zero Mode Changed: 8/19/2022 1:16:59 PM, Old:ON, New:Reading
Zero Mode Changed: 8/19/2022 1:17:00 PM, Old:Reading, New:ON
End Method Modifications

CdSe 40 sec em380,
CdSe 40 sec em380
Collection Time: 8/19/2022 1:17:57 PM
Operator Name  :
Scan Software Version: 1.1(132)
Parameter List :
Instrument                        Cary Eclipse
Instrument Serial Number          E08013467
Data mode                         Fluorescence
Scan mode                         Excitation
X Mode                            Wavelength (nm)
Start (nm)                        240.00
Stop (nm)                         370.00
Em. Wavelength (nm)               380.00
Ex. Slit (nm)                     5
Em. Slit (nm)                     5
Scan rate (nm/min)                600.00
Data interval (nm)                1.0000
Averaging Time (s)                0.1000
Excitation filter                 Auto
Emission filter                   Open
PMT voltage (V)                   Medium
Corrected spectra                 OFF
Method Log     :
Method Name    : Default
Date/Time stamp: 8/19/2022 12:23:21 PM
Method Modifications:
Excitation Wavelength Changed: 8/19/2022 12:28:50 PM, Old: 350.00, New: 300.00
Emission Wavelength Changed: 8/19/2022 12:28:50 PM, Old: 400.00, New: 310.00
Zero Mode Changed: 8/19/2022 12:28:52 PM, Old:OFF, New:Reading
Zero Mode Changed: 8/19/2022 12:28:52 PM, Old:Reading, New:ON
Scan mode: Changed: 8/19/2022 12:30:28 PM, Old:Emission, New:Excitation
Excitation Wavelength Changed: 8/19/2022 12:30:28 PM, Old: 300.00, New: 200.00
Emission Wavelength Changed: 8/19/2022 12:30:28 PM, Old: 310.00, New: 380.00
Stop Wavelength Changed: 8/19/2022 12:30:28 PM, Old: 600.00, New: 370.00
Zero Mode Changed: 8/19/2022 12:30:31 PM, Old:ON, New:Reading
Zero Mode Changed: 8/19/2022 12:30:31 PM, Old:Reading, New:ON
Overlayed Graphs Changed: 8/19/2022 12:31:25 PM, Old:OFF, New:ON
Zero Mode Changed: 8/19/2022 12:31:50 PM, Old:ON, New:Reading
Zero Mode Changed: 8/19/2022 12:31:50 PM, Old:Reading, New:ON
Scan mode: Changed: 8/19/2022 12:33:27 PM, Old:Excitation, New:Emission
Excitation Wavelength Changed: 8/19/2022 12:33:27 PM, Old: 200.00, New: 330.00
Emission Wavelength Changed: 8/19/2022 12:33:27 PM, Old: 380.00, New: 340.00
Stop Wavelength Changed: 8/19/2022 12:33:27 PM, Old: 370.00, New: 700.00
Zero Mode Changed: 8/19/2022 12:33:29 PM, Old:ON, New:Reading
Zero Mode Changed: 8/19/2022 12:33:29 PM, Old:Reading, New:ON
Scan mode: Changed: 8/19/2022 12:35:04 PM, Old:Emission, New:Excitation
Excitation Wavelength Changed: 8/19/2022 12:35:04 PM, Old: 330.00, New: 200.00
Emission Wavelength Changed: 8/19/2022 12:35:04 PM, Old: 340.00, New: 400.00
Stop Wavelength Changed: 8/19/2022 12:35:04 PM, Old: 700.00, New: 390.00
Zero Mode Changed: 8/19/2022 12:35:08 PM, Old:ON, New:Reading
Zero Mode Changed: 8/19/2022 12:35:08 PM, Old:Reading, New:ON
Y min Changed: 8/19/2022 12:38:08 PM, Old:     0.0000, New:   -55.0000
Zero Mode Changed: 8/19/2022 12:38:10 PM, Old:ON, New:Reading
Zero Mode Changed: 8/19/2022 12:38:10 PM, Old:Reading, New:ON
Scan mode: Changed: 8/19/2022 12:39:20 PM, Old:Excitation, New:Emission
Excitation Wavelength Changed: 8/19/2022 12:39:20 PM, Old: 200.00, New: 336.00
Emission Wavelength Changed: 8/19/2022 12:39:20 PM, Old: 400.00, New: 346.00
Stop Wavelength Changed: 8/19/2022 12:39:20 PM, Old: 390.00, New: 600.00
Zero Mode Changed: 8/19/2022 12:39:22 PM, Old:ON, New:Reading
Zero Mode Changed: 8/19/2022 12:39:22 PM, Old:Reading, New:ON
Stop Wavelength Changed: 8/19/2022 12:40:10 PM, Old: 600.00, New: 700.00
Zero Mode Changed: 8/19/2022 12:40:38 PM, Old:ON, New:Reading
Zero Mode Changed: 8/19/2022 12:40:38 PM, Old:Reading, New:ON
Y min Changed: 8/19/2022 12:42:47 PM, Old:   -55.0000, New:     0.0000
Scan mode: Changed: 8/19/2022 12:42:47 PM, Old:Emission, New:Excitation
Excitation Wavelength Changed: 8/19/2022 12:42:47 PM, Old: 336.00, New: 200.00
Emission Wavelength Changed: 8/19/2022 12:42:47 PM, Old: 346.00, New: 410.00
Stop Wavelength Changed: 8/19/2022 12:42:47 PM, Old: 700.00, New: 400.00
Zero Mode Changed: 8/19/2022 12:42:51 PM, Old:ON, New:Reading
Zero Mode Changed: 8/19/2022 12:42:51 PM, Old:Reading, New:ON
Scan mode: Changed: 8/19/2022 12:54:44 PM, Old:Excitation, New:Emission
Excitation Wavelength Changed: 8/19/2022 12:54:44 PM, Old: 200.00, New: 335.00
Emission Wavelength Changed: 8/19/2022 12:54:44 PM, Old: 410.00, New: 345.00
Stop Wavelength Changed: 8/19/2022 12:54:44 PM, Old: 400.00, New: 600.00
Zero Mode Changed: 8/19/2022 12:54:46 PM, Old:ON, New:Reading
Zero Mode Changed: 8/19/2022 12:54:46 PM, Old:Reading, New:ON
Scan mode: Changed: 8/19/2022 12:55:39 PM, Old:Emission, New:Excitation
Excitation Wavelength Changed: 8/19/2022 12:55:39 PM, Old: 335.00, New: 240.00
Emission Wavelength Changed: 8/19/2022 12:55:39 PM, Old: 345.00, New: 410.00
Stop Wavelength Changed: 8/19/2022 12:55:39 PM, Old: 600.00, New: 400.00
Zero Mode Changed: 8/19/2022 12:55:42 PM, Old:ON, New:Reading
Zero Mode Changed: 8/19/2022 12:55:42 PM, Old:Reading, New:ON
Scan mode: Changed: 8/19/2022 12:56:21 PM, Old:Excitation, New:Emission
Excitation Wavelength Changed: 8/19/2022 12:56:21 PM, Old: 240.00, New: 340.00
Emission Wavelength Changed: 8/19/2022 12:56:21 PM, Old: 410.00, New: 350.00
Stop Wavelength Changed: 8/19/2022 12:56:21 PM, Old: 400.00, New: 600.00
Zero Mode Changed: 8/19/2022 12:56:24 PM, Old:ON, New:Reading
Zero Mode Changed: 8/19/2022 12:56:24 PM, Old:Reading, New:ON
Scan mode: Changed: 8/19/2022 12:57:53 PM, Old:Emission, New:Excitation
User Delta Stop Changed: 8/19/2022 12:57:53 PM, Old: 450.00, New: 500.00
User Delta Increment Changed: 8/19/2022 12:57:53 PM, Old:  10.00, New:   0.15
Excitation Wavelength Changed: 8/19/2022 12:57:53 PM, Old: 340.00, New: 260.00
Emission Wavelength Changed: 8/19/2022 12:57:53 PM, Old: 350.00, New: 500.00
Stop Wavelength Changed: 8/19/2022 12:57:53 PM, Old: 600.00, New: 490.00
Zero Mode Changed: 8/19/2022 12:57:56 PM, Old:ON, New:Reading
Zero Mode Changed: 8/19/2022 12:57:56 PM, Old:Reading, New:ON
Scan mode: Changed: 8/19/2022 12:58:50 PM, Old:Excitation, New:Emission
Excitation Wavelength Changed: 8/19/2022 12:58:50 PM, Old: 260.00, New: 380.00
Emission Wavelength Changed: 8/19/2022 12:58:50 PM, Old: 500.00, New: 390.00
Stop Wavelength Changed: 8/19/2022 12:58:50 PM, Old: 490.00, New: 650.00
Zero Mode Changed: 8/19/2022 12:58:52 PM, Old:ON, New:Reading
Zero Mode Changed: 8/19/2022 12:58:52 PM, Old:Reading, New:ON
Scan mode: Changed: 8/19/2022 12:59:47 PM, Old:Emission, New:Excitation
Excitation Wavelength Changed: 8/19/2022 12:59:47 PM, Old: 380.00, New: 240.00
Emission Wavelength Changed: 8/19/2022 12:59:47 PM, Old: 390.00, New: 420.00
Stop Wavelength Changed: 8/19/2022 12:59:47 PM, Old: 650.00, New: 410.00
Zero Mode Changed: 8/19/2022 12:59:51 PM, Old:ON, New:Reading
Zero Mode Changed: 8/19/2022 12:59:51 PM, Old:Reading, New:ON
Scan mode: Changed: 8/19/2022 1:00:29 PM, Old:Excitation, New:Emission
Excitation Wavelength Changed: 8/19/2022 1:00:29 PM, Old: 240.00, New: 345.00
Emission Wavelength Changed: 8/19/2022 1:00:29 PM, Old: 420.00, New: 355.00
Stop Wavelength Changed: 8/19/2022 1:00:29 PM, Old: 410.00, New: 600.00
Zero Mode Changed: 8/19/2022 1:00:30 PM, Old:ON, New:Reading
Zero Mode Changed: 8/19/2022 1:00:31 PM, Old:Reading, New:ON
Excitation Wavelength Changed: 8/19/2022 1:01:14 PM, Old: 345.00, New: 350.00
Emission Wavelength Changed: 8/19/2022 1:01:14 PM, Old: 355.00, New: 360.00
Zero Mode Changed: 8/19/2022 1:01:16 PM, Old:ON, New:Reading
Zero Mode Changed: 8/19/2022 1:01:17 PM, Old:Reading, New:ON
Excitation Wavelength Changed: 8/19/2022 1:01:56 PM, Old: 350.00, New: 355.00
Emission Wavelength Changed: 8/19/2022 1:01:56 PM, Old: 360.00, New: 365.00
Zero Mode Changed: 8/19/2022 1:01:58 PM, Old:ON, New:Reading
Zero Mode Changed: 8/19/2022 1:01:59 PM, Old:Reading, New:ON
Excitation Wavelength Changed: 8/19/2022 1:02:40 PM, Old: 355.00, New: 360.00
Emission Wavelength Changed: 8/19/2022 1:02:40 PM, Old: 365.00, New: 370.00
Zero Mode Changed: 8/19/2022 1:02:42 PM, Old:ON, New:Reading
Zero Mode Changed: 8/19/2022 1:02:42 PM, Old:Reading, New:ON
Excitation Wavelength Changed: 8/19/2022 1:03:20 PM, Old: 360.00, New: 365.00
Emission Wavelength Changed: 8/19/2022 1:03:20 PM, Old: 370.00, New: 375.00
Zero Mode Changed: 8/19/2022 1:03:23 PM, Old:ON, New:Reading
Zero Mode Changed: 8/19/2022 1:03:23 PM, Old:Reading, New:ON
Scan mode: Changed: 8/19/2022 1:04:11 PM, Old:Emission, New:Excitation
Excitation Wavelength Changed: 8/19/2022 1:04:11 PM, Old: 365.00, New: 240.00
Emission Wavelength Changed: 8/19/2022 1:04:11 PM, Old: 375.00, New: 430.00
Stop Wavelength Changed: 8/19/2022 1:04:11 PM, Old: 600.00, New: 420.00
Zero Mode Changed: 8/19/2022 1:04:14 PM, Old:ON, New:Reading
Zero Mode Changed: 8/19/2022 1:04:14 PM, Old:Reading, New:ON
Emission Wavelength Changed: 8/19/2022 1:04:52 PM, Old: 430.00, New: 440.00
Stop Wavelength Changed: 8/19/2022 1:04:52 PM, Old: 420.00, New: 430.00
Zero Mode Changed: 8/19/2022 1:04:53 PM, Old:ON, New:Reading
Zero Mode Changed: 8/19/2022 1:04:53 PM, Old:Reading, New:ON
Emission Wavelength Changed: 8/19/2022 1:05:43 PM, Old: 440.00, New: 450.00
Stop Wavelength Changed: 8/19/2022 1:05:43 PM, Old: 430.00, New: 440.00
Zero Mode Changed: 8/19/2022 1:05:44 PM, Old:ON, New:Reading
Zero Mode Changed: 8/19/2022 1:05:44 PM, Old:Reading, New:ON
Scan mode: Changed: 8/19/2022 1:09:39 PM, Old:Excitation, New:Emission
Excitation Wavelength Changed: 8/19/2022 1:09:39 PM, Old: 240.00, New: 330.00
Emission Wavelength Changed: 8/19/2022 1:09:39 PM, Old: 450.00, New: 340.00
Stop Wavelength Changed: 8/19/2022 1:09:39 PM, Old: 440.00, New: 600.00
Zero Mode Changed: 8/19/2022 1:09:40 PM, Old:ON, New:Reading
Zero Mode Changed: 8/19/2022 1:09:40 PM, Old:Reading, New:ON
Scan mode: Changed: 8/19/2022 1:10:32 PM, Old:Emission, New:Excitation
Excitation Wavelength Changed: 8/19/2022 1:10:32 PM, Old: 330.00, New: 240.00
Emission Wavelength Changed: 8/19/2022 1:10:32 PM, Old: 340.00, New: 400.00
Stop Wavelength Changed: 8/19/2022 1:10:32 PM, Old: 600.00, New: 390.00
Zero Mode Changed: 8/19/2022 1:10:35 PM, Old:ON, New:Reading
Zero Mode Changed: 8/19/2022 1:10:35 PM, Old:Reading, New:ON
Scan mode: Changed: 8/19/2022 1:11:56 PM, Old:Excitation, New:Emission
3-D Mode Changed: 8/19/2022 1:11:56 PM, Old:OFF, New:ON
User Delta Stop Changed: 8/19/2022 1:11:56 PM, Old: 500.00, New: 380.00
User Delta Increment Changed: 8/19/2022 1:11:56 PM, Old:   0.15, New:   5.00
Excitation Wavelength Changed: 8/19/2022 1:11:56 PM, Old: 240.00, New: 335.00
Emission Wavelength Changed: 8/19/2022 1:11:56 PM, Old: 400.00, New: 390.00
Stop Wavelength Changed: 8/19/2022 1:11:56 PM, Old: 390.00, New: 600.00
Zero Mode Changed: 8/19/2022 1:11:58 PM, Old:ON, New:Reading
Zero Mode Changed: 8/19/2022 1:11:58 PM, Old:Reading, New:ON
Excitation Wavelength Changed: 8/19/2022 1:12:28 PM, Old: 335.00, New: 340.00
Excitation Wavelength Changed: 8/19/2022 1:12:50 PM, Old: 340.00, New: 345.00
Excitation Wavelength Changed: 8/19/2022 1:13:12 PM, Old: 345.00, New: 350.00
Excitation Wavelength Changed: 8/19/2022 1:13:34 PM, Old: 350.00, New: 355.00
Excitation Wavelength Changed: 8/19/2022 1:13:56 PM, Old: 355.00, New: 360.00
Excitation Wavelength Changed: 8/19/2022 1:14:17 PM, Old: 360.00, New: 365.00
Excitation Wavelength Changed: 8/19/2022 1:14:39 PM, Old: 365.00, New: 370.00
Excitation Wavelength Changed: 8/19/2022 1:15:02 PM, Old: 370.00, New: 375.00
Excitation Wavelength Changed: 8/19/2022 1:15:24 PM, Old: 375.00, New: 380.00
Excitation Wavelength Changed: 8/19/2022 1:15:46 PM, Old: 380.00, New: 335.00
Scan mode: Changed: 8/19/2022 1:16:01 PM, Old:Emission, New:Excitation
3-D Mode Changed: 8/19/2022 1:16:01 PM, Old:ON, New:OFF
User Delta Stop Changed: 8/19/2022 1:16:01 PM, Old: 380.00, New: 500.00
User Delta Increment Changed: 8/19/2022 1:16:01 PM, Old:   5.00, New:   0.15
Excitation Wavelength Changed: 8/19/2022 1:16:01 PM, Old: 335.00, New: 260.00
Emission Wavelength Changed: 8/19/2022 1:16:01 PM, Old: 390.00, New: 500.00
Stop Wavelength Changed: 8/19/2022 1:16:01 PM, Old: 600.00, New: 490.00
Zero Mode Changed: 8/19/2022 1:16:04 PM, Old:ON, New:Reading
Zero Mode Changed: 8/19/2022 1:16:05 PM, Old:Reading, New:ON
Excitation Wavelength Changed: 8/19/2022 1:16:58 PM, Old: 260.00, New: 240.00
Emission Wavelength Changed: 8/19/2022 1:16:58 PM, Old: 500.00, New: 420.00
Stop Wavelength Changed: 8/19/2022 1:16:58 PM, Old: 490.00, New: 410.00
Zero Mode Changed: 8/19/2022 1:16:59 PM, Old:ON, New:Reading
Zero Mode Changed: 8/19/2022 1:17:00 PM, Old:Reading, New:ON
Emission Wavelength Changed: 8/19/2022 1:17:50 PM, Old: 420.00, New: 380.00
Stop Wavelength Changed: 8/19/2022 1:17:50 PM, Old: 410.00, New: 370.00
Zero Mode Changed: 8/19/2022 1:17:51 PM, Old:ON, New:Reading
Zero Mode Changed: 8/19/2022 1:17:52 PM, Old:Reading, New:ON
End Method Modifications

CdSe 40 sec ex340,
CdSe 40 sec ex340
Collection Time: 8/19/2022 1:18:32 PM
Operator Name  :
Scan Software Version: 1.1(132)
Parameter List :
Instrument                        Cary Eclipse
Instrument Serial Number          E08013467
Data mode                         Fluorescence
Scan mode                         Emission
X Mode                            Wavelength (nm)
Start (nm)                        350.00
Stop (nm)                         600.00
Ex. Wavelength (nm)               340.00
Ex. Slit (nm)                     5
Em. Slit (nm)                     5
Scan rate (nm/min)                600.00
Data interval (nm)                1.0000
Averaging Time (s)                0.1000
Excitation filter                 Auto
Emission filter                   Open
PMT voltage (V)                   Medium
Corrected spectra                 OFF
Method Log     :
Method Name    : Default
Date/Time stamp: 8/19/2022 12:23:21 PM
Method Modifications:
Excitation Wavelength Changed: 8/19/2022 12:28:50 PM, Old: 350.00, New: 300.00
Emission Wavelength Changed: 8/19/2022 12:28:50 PM, Old: 400.00, New: 310.00
Zero Mode Changed: 8/19/2022 12:28:52 PM, Old:OFF, New:Reading
Zero Mode Changed: 8/19/2022 12:28:52 PM, Old:Reading, New:ON
Scan mode: Changed: 8/19/2022 12:30:28 PM, Old:Emission, New:Excitation
Excitation Wavelength Changed: 8/19/2022 12:30:28 PM, Old: 300.00, New: 200.00
Emission Wavelength Changed: 8/19/2022 12:30:28 PM, Old: 310.00, New: 380.00
Stop Wavelength Changed: 8/19/2022 12:30:28 PM, Old: 600.00, New: 370.00
Zero Mode Changed: 8/19/2022 12:30:31 PM, Old:ON, New:Reading
Zero Mode Changed: 8/19/2022 12:30:31 PM, Old:Reading, New:ON
Overlayed Graphs Changed: 8/19/2022 12:31:25 PM, Old:OFF, New:ON
Zero Mode Changed: 8/19/2022 12:31:50 PM, Old:ON, New:Reading
Zero Mode Changed: 8/19/2022 12:31:50 PM, Old:Reading, New:ON
Scan mode: Changed: 8/19/2022 12:33:27 PM, Old:Excitation, New:Emission
Excitation Wavelength Changed: 8/19/2022 12:33:27 PM, Old: 200.00, New: 330.00
Emission Wavelength Changed: 8/19/2022 12:33:27 PM, Old: 380.00, New: 340.00
Stop Wavelength Changed: 8/19/2022 12:33:27 PM, Old: 370.00, New: 700.00
Zero Mode Changed: 8/19/2022 12:33:29 PM, Old:ON, New:Reading
Zero Mode Changed: 8/19/2022 12:33:29 PM, Old:Reading, New:ON
Scan mode: Changed: 8/19/2022 12:35:04 PM, Old:Emission, New:Excitation
Excitation Wavelength Changed: 8/19/2022 12:35:04 PM, Old: 330.00, New: 200.00
Emission Wavelength Changed: 8/19/2022 12:35:04 PM, Old: 340.00, New: 400.00
Stop Wavelength Changed: 8/19/2022 12:35:04 PM, Old: 700.00, New: 390.00
Zero Mode Changed: 8/19/2022 12:35:08 PM, Old:ON, New:Reading
Zero Mode Changed: 8/19/2022 12:35:08 PM, Old:Reading, New:ON
Y min Changed: 8/19/2022 12:38:08 PM, Old:     0.0000, New:   -55.0000
Zero Mode Changed: 8/19/2022 12:38:10 PM, Old:ON, New:Reading
Zero Mode Changed: 8/19/2022 12:38:10 PM, Old:Reading, New:ON
Scan mode: Changed: 8/19/2022 12:39:20 PM, Old:Excitation, New:Emission
Excitation Wavelength Changed: 8/19/2022 12:39:20 PM, Old: 200.00, New: 336.00
Emission Wavelength Changed: 8/19/2022 12:39:20 PM, Old: 400.00, New: 346.00
Stop Wavelength Changed: 8/19/2022 12:39:20 PM, Old: 390.00, New: 600.00
Zero Mode Changed: 8/19/2022 12:39:22 PM, Old:ON, New:Reading
Zero Mode Changed: 8/19/2022 12:39:22 PM, Old:Reading, New:ON
Stop Wavelength Changed: 8/19/2022 12:40:10 PM, Old: 600.00, New: 700.00
Zero Mode Changed: 8/19/2022 12:40:38 PM, Old:ON, New:Reading
Zero Mode Changed: 8/19/2022 12:40:38 PM, Old:Reading, New:ON
Y min Changed: 8/19/2022 12:42:47 PM, Old:   -55.0000, New:     0.0000
Scan mode: Changed: 8/19/2022 12:42:47 PM, Old:Emission, New:Excitation
Excitation Wavelength Changed: 8/19/2022 12:42:47 PM, Old: 336.00, New: 200.00
Emission Wavelength Changed: 8/19/2022 12:42:47 PM, Old: 346.00, New: 410.00
Stop Wavelength Changed: 8/19/2022 12:42:47 PM, Old: 700.00, New: 400.00
Zero Mode Changed: 8/19/2022 12:42:51 PM, Old:ON, New:Reading
Zero Mode Changed: 8/19/2022 12:42:51 PM, Old:Reading, New:ON
Scan mode: Changed: 8/19/2022 12:54:44 PM, Old:Excitation, New:Emission
Excitation Wavelength Changed: 8/19/2022 12:54:44 PM, Old: 200.00, New: 335.00
Emission Wavelength Changed: 8/19/2022 12:54:44 PM, Old: 410.00, New: 345.00
Stop Wavelength Changed: 8/19/2022 12:54:44 PM, Old: 400.00, New: 600.00
Zero Mode Changed: 8/19/2022 12:54:46 PM, Old:ON, New:Reading
Zero Mode Changed: 8/19/2022 12:54:46 PM, Old:Reading, New:ON
Scan mode: Changed: 8/19/2022 12:55:39 PM, Old:Emission, New:Excitation
Excitation Wavelength Changed: 8/19/2022 12:55:39 PM, Old: 335.00, New: 240.00
Emission Wavelength Changed: 8/19/2022 12:55:39 PM, Old: 345.00, New: 410.00
Stop Wavelength Changed: 8/19/2022 12:55:39 PM, Old: 600.00, New: 400.00
Zero Mode Changed: 8/19/2022 12:55:42 PM, Old:ON, New:Reading
Zero Mode Changed: 8/19/2022 12:55:42 PM, Old:Reading, New:ON
Scan mode: Changed: 8/19/2022 12:56:21 PM, Old:Excitation, New:Emission
Excitation Wavelength Changed: 8/19/2022 12:56:21 PM, Old: 240.00, New: 340.00
Emission Wavelength Changed: 8/19/2022 12:56:21 PM, Old: 410.00, New: 350.00
Stop Wavelength Changed: 8/19/2022 12:56:21 PM, Old: 400.00, New: 600.00
Zero Mode Changed: 8/19/2022 12:56:24 PM, Old:ON, New:Reading
Zero Mode Changed: 8/19/2022 12:56:24 PM, Old:Reading, New:ON
Scan mode: Changed: 8/19/2022 12:57:53 PM, Old:Emission, New:Excitation
User Delta Stop Changed: 8/19/2022 12:57:53 PM, Old: 450.00, New: 500.00
User Delta Increment Changed: 8/19/2022 12:57:53 PM, Old:  10.00, New:   0.15
Excitation Wavelength Changed: 8/19/2022 12:57:53 PM, Old: 340.00, New: 260.00
Emission Wavelength Changed: 8/19/2022 12:57:53 PM, Old: 350.00, New: 500.00
Stop Wavelength Changed: 8/19/2022 12:57:53 PM, Old: 600.00, New: 490.00
Zero Mode Changed: 8/19/2022 12:57:56 PM, Old:ON, New:Reading
Zero Mode Changed: 8/19/2022 12:57:56 PM, Old:Reading, New:ON
Scan mode: Changed: 8/19/2022 12:58:50 PM, Old:Excitation, New:Emission
Excitation Wavelength Changed: 8/19/2022 12:58:50 PM, Old: 260.00, New: 380.00
Emission Wavelength Changed: 8/19/2022 12:58:50 PM, Old: 500.00, New: 390.00
Stop Wavelength Changed: 8/19/2022 12:58:50 PM, Old: 490.00, New: 650.00
Zero Mode Changed: 8/19/2022 12:58:52 PM, Old:ON, New:Reading
Zero Mode Changed: 8/19/2022 12:58:52 PM, Old:Reading, New:ON
Scan mode: Changed: 8/19/2022 12:59:47 PM, Old:Emission, New:Excitation
Excitation Wavelength Changed: 8/19/2022 12:59:47 PM, Old: 380.00, New: 240.00
Emission Wavelength Changed: 8/19/2022 12:59:47 PM, Old: 390.00, New: 420.00
Stop Wavelength Changed: 8/19/2022 12:59:47 PM, Old: 650.00, New: 410.00
Zero Mode Changed: 8/19/2022 12:59:51 PM, Old:ON, New:Reading
Zero Mode Changed: 8/19/2022 12:59:51 PM, Old:Reading, New:ON
Scan mode: Changed: 8/19/2022 1:00:29 PM, Old:Excitation, New:Emission
Excitation Wavelength Changed: 8/19/2022 1:00:29 PM, Old: 240.00, New: 345.00
Emission Wavelength Changed: 8/19/2022 1:00:29 PM, Old: 420.00, New: 355.00
Stop Wavelength Changed: 8/19/2022 1:00:29 PM, Old: 410.00, New: 600.00
Zero Mode Changed: 8/19/2022 1:00:30 PM, Old:ON, New:Reading
Zero Mode Changed: 8/19/2022 1:00:31 PM, Old:Reading, New:ON
Excitation Wavelength Changed: 8/19/2022 1:01:14 PM, Old: 345.00, New: 350.00
Emission Wavelength Changed: 8/19/2022 1:01:14 PM, Old: 355.00, New: 360.00
Zero Mode Changed: 8/19/2022 1:01:16 PM, Old:ON, New:Reading
Zero Mode Changed: 8/19/2022 1:01:17 PM, Old:Reading, New:ON
Excitation Wavelength Changed: 8/19/2022 1:01:56 PM, Old: 350.00, New: 355.00
Emission Wavelength Changed: 8/19/2022 1:01:56 PM, Old: 360.00, New: 365.00
Zero Mode Changed: 8/19/2022 1:01:58 PM, Old:ON, New:Reading
Zero Mode Changed: 8/19/2022 1:01:59 PM, Old:Reading, New:ON
Excitation Wavelength Changed: 8/19/2022 1:02:40 PM, Old: 355.00, New: 360.00
Emission Wavelength Changed: 8/19/2022 1:02:40 PM, Old: 365.00, New: 370.00
Zero Mode Changed: 8/19/2022 1:02:42 PM, Old:ON, New:Reading
Zero Mode Changed: 8/19/2022 1:02:42 PM, Old:Reading, New:ON
Excitation Wavelength Changed: 8/19/2022 1:03:20 PM, Old: 360.00, New: 365.00
Emission Wavelength Changed: 8/19/2022 1:03:20 PM, Old: 370.00, New: 375.00
Zero Mode Changed: 8/19/2022 1:03:23 PM, Old:ON, New:Reading
Zero Mode Changed: 8/19/2022 1:03:23 PM, Old:Reading, New:ON
Scan mode: Changed: 8/19/2022 1:04:11 PM, Old:Emission, New:Excitation
Excitation Wavelength Changed: 8/19/2022 1:04:11 PM, Old: 365.00, New: 240.00
Emission Wavelength Changed: 8/19/2022 1:04:11 PM, Old: 375.00, New: 430.00
Stop Wavelength Changed: 8/19/2022 1:04:11 PM, Old: 600.00, New: 420.00
Zero Mode Changed: 8/19/2022 1:04:14 PM, Old:ON, New:Reading
Zero Mode Changed: 8/19/2022 1:04:14 PM, Old:Reading, New:ON
Emission Wavelength Changed: 8/19/2022 1:04:52 PM, Old: 430.00, New: 440.00
Stop Wavelength Changed: 8/19/2022 1:04:52 PM, Old: 420.00, New: 430.00
Zero Mode Changed: 8/19/2022 1:04:53 PM, Old:ON, New:Reading
Zero Mode Changed: 8/19/2022 1:04:53 PM, Old:Reading, New:ON
Emission Wavelength Changed: 8/19/2022 1:05:43 PM, Old: 440.00, New: 450.00
Stop Wavelength Changed: 8/19/2022 1:05:43 PM, Old: 430.00, New: 440.00
Zero Mode Changed: 8/19/2022 1:05:44 PM, Old:ON, New:Reading
Zero Mode Changed: 8/19/2022 1:05:44 PM, Old:Reading, New:ON
Scan mode: Changed: 8/19/2022 1:09:39 PM, Old:Excitation, New:Emission
Excitation Wavelength Changed: 8/19/2022 1:09:39 PM, Old: 240.00, New: 330.00
Emission Wavelength Changed: 8/19/2022 1:09:39 PM, Old: 450.00, New: 340.00
Stop Wavelength Changed: 8/19/2022 1:09:39 PM, Old: 440.00, New: 600.00
Zero Mode Changed: 8/19/2022 1:09:40 PM, Old:ON, New:Reading
Zero Mode Changed: 8/19/2022 1:09:40 PM, Old:Reading, New:ON
Scan mode: Changed: 8/19/2022 1:10:32 PM, Old:Emission, New:Excitation
Excitation Wavelength Changed: 8/19/2022 1:10:32 PM, Old: 330.00, New: 240.00
Emission Wavelength Changed: 8/19/2022 1:10:32 PM, Old: 340.00, New: 400.00
Stop Wavelength Changed: 8/19/2022 1:10:32 PM, Old: 600.00, New: 390.00
Zero Mode Changed: 8/19/2022 1:10:35 PM, Old:ON, New:Reading
Zero Mode Changed: 8/19/2022 1:10:35 PM, Old:Reading, New:ON
Scan mode: Changed: 8/19/2022 1:11:56 PM, Old:Excitation, New:Emission
3-D Mode Changed: 8/19/2022 1:11:56 PM, Old:OFF, New:ON
User Delta Stop Changed: 8/19/2022 1:11:56 PM, Old: 500.00, New: 380.00
User Delta Increment Changed: 8/19/2022 1:11:56 PM, Old:   0.15, New:   5.00
Excitation Wavelength Changed: 8/19/2022 1:11:56 PM, Old: 240.00, New: 335.00
Emission Wavelength Changed: 8/19/2022 1:11:56 PM, Old: 400.00, New: 390.00
Stop Wavelength Changed: 8/19/2022 1:11:56 PM, Old: 390.00, New: 600.00
Zero Mode Changed: 8/19/2022 1:11:58 PM, Old:ON, New:Reading
Zero Mode Changed: 8/19/2022 1:11:58 PM, Old:Reading, New:ON
Excitation Wavelength Changed: 8/19/2022 1:12:28 PM, Old: 335.00, New: 340.00
Excitation Wavelength Changed: 8/19/2022 1:12:50 PM, Old: 340.00, New: 345.00
Excitation Wavelength Changed: 8/19/2022 1:13:12 PM, Old: 345.00, New: 350.00
Excitation Wavelength Changed: 8/19/2022 1:13:34 PM, Old: 350.00, New: 355.00
Excitation Wavelength Changed: 8/19/2022 1:13:56 PM, Old: 355.00, New: 360.00
Excitation Wavelength Changed: 8/19/2022 1:14:17 PM, Old: 360.00, New: 365.00
Excitation Wavelength Changed: 8/19/2022 1:14:39 PM, Old: 365.00, New: 370.00
Excitation Wavelength Changed: 8/19/2022 1:15:02 PM, Old: 370.00, New: 375.00
Excitation Wavelength Changed: 8/19/2022 1:15:24 PM, Old: 375.00, New: 380.00
Excitation Wavelength Changed: 8/19/2022 1:15:46 PM, Old: 380.00, New: 335.00
Scan mode: Changed: 8/19/2022 1:16:01 PM, Old:Emission, New:Excitation
3-D Mode Changed: 8/19/2022 1:16:01 PM, Old:ON, New:OFF
User Delta Stop Changed: 8/19/2022 1:16:01 PM, Old: 380.00, New: 500.00
User Delta Increment Changed: 8/19/2022 1:16:01 PM, Old:   5.00, New:   0.15
Excitation Wavelength Changed: 8/19/2022 1:16:01 PM, Old: 335.00, New: 260.00
Emission Wavelength Changed: 8/19/2022 1:16:01 PM, Old: 390.00, New: 500.00
Stop Wavelength Changed: 8/19/2022 1:16:01 PM, Old: 600.00, New: 490.00
Zero Mode Changed: 8/19/2022 1:16:04 PM, Old:ON, New:Reading
Zero Mode Changed: 8/19/2022 1:16:05 PM, Old:Reading, New:ON
Excitation Wavelength Changed: 8/19/2022 1:16:58 PM, Old: 260.00, New: 240.00
Emission Wavelength Changed: 8/19/2022 1:16:58 PM, Old: 500.00, New: 420.00
Stop Wavelength Changed: 8/19/2022 1:16:58 PM, Old: 490.00, New: 410.00
Zero Mode Changed: 8/19/2022 1:16:59 PM, Old:ON, New:Reading
Zero Mode Changed: 8/19/2022 1:17:00 PM, Old:Reading, New:ON
Emission Wavelength Changed: 8/19/2022 1:17:50 PM, Old: 420.00, New: 380.00
Stop Wavelength Changed: 8/19/2022 1:17:50 PM, Old: 410.00, New: 370.00
Zero Mode Changed: 8/19/2022 1:17:51 PM, Old:ON, New:Reading
Zero Mode Changed: 8/19/2022 1:17:52 PM, Old:Reading, New:ON
Scan mode: Changed: 8/19/2022 1:18:25 PM, Old:Excitation, New:Emission
Excitation Wavelength Changed: 8/19/2022 1:18:25 PM, Old: 240.00, New: 340.00
Emission Wavelength Changed: 8/19/2022 1:18:25 PM, Old: 380.00, New: 350.00
Stop Wavelength Changed: 8/19/2022 1:18:25 PM, Old: 370.00, New: 600.00
Zero Mode Changed: 8/19/2022 1:18:26 PM, Old:ON, New:Reading
Zero Mode Changed: 8/19/2022 1:18:27 PM, Old:Reading, New:ON
End Method Modifications

CdSe 40 sec ex350,
CdSe 40 sec ex350
Collection Time: 8/19/2022 1:19:15 PM
Operator Name  :
Scan Software Version: 1.1(132)
Parameter List :
Instrument                        Cary Eclipse
Instrument Serial Number          E08013467
Data mode                         Fluorescence
Scan mode                         Emission
X Mode                            Wavelength (nm)
Start (nm)                        360.00
Stop (nm)                         600.00
Ex. Wavelength (nm)               350.00
Ex. Slit (nm)                     5
Em. Slit (nm)                     5
Scan rate (nm/min)                600.00
Data interval (nm)                1.0000
Averaging Time (s)                0.1000
Excitation filter                 Auto
Emission filter                   Open
PMT voltage (V)                   Medium
Corrected spectra                 OFF
Method Log     :
Method Name    : Default
Date/Time stamp: 8/19/2022 12:23:21 PM
Method Modifications:
Excitation Wavelength Changed: 8/19/2022 12:28:50 PM, Old: 350.00, New: 300.00
Emission Wavelength Changed: 8/19/2022 12:28:50 PM, Old: 400.00, New: 310.00
Zero Mode Changed: 8/19/2022 12:28:52 PM, Old:OFF, New:Reading
Zero Mode Changed: 8/19/2022 12:28:52 PM, Old:Reading, New:ON
Scan mode: Changed: 8/19/2022 12:30:28 PM, Old:Emission, New:Excitation
Excitation Wavelength Changed: 8/19/2022 12:30:28 PM, Old: 300.00, New: 200.00
Emission Wavelength Changed: 8/19/2022 12:30:28 PM, Old: 310.00, New: 380.00
Stop Wavelength Changed: 8/19/2022 12:30:28 PM, Old: 600.00, New: 370.00
Zero Mode Changed: 8/19/2022 12:30:31 PM, Old:ON, New:Reading
Zero Mode Changed: 8/19/2022 12:30:31 PM, Old:Reading, New:ON
Overlayed Graphs Changed: 8/19/2022 12:31:25 PM, Old:OFF, New:ON
Zero Mode Changed: 8/19/2022 12:31:50 PM, Old:ON, New:Reading
Zero Mode Changed: 8/19/2022 12:31:50 PM, Old:Reading, New:ON
Scan mode: Changed: 8/19/2022 12:33:27 PM, Old:Excitation, New:Emission
Excitation Wavelength Changed: 8/19/2022 12:33:27 PM, Old: 200.00, New: 330.00
Emission Wavelength Changed: 8/19/2022 12:33:27 PM, Old: 380.00, New: 340.00
Stop Wavelength Changed: 8/19/2022 12:33:27 PM, Old: 370.00, New: 700.00
Zero Mode Changed: 8/19/2022 12:33:29 PM, Old:ON, New:Reading
Zero Mode Changed: 8/19/2022 12:33:29 PM, Old:Reading, New:ON
Scan mode: Changed: 8/19/2022 12:35:04 PM, Old:Emission, New:Excitation
Excitation Wavelength Changed: 8/19/2022 12:35:04 PM, Old: 330.00, New: 200.00
Emission Wavelength Changed: 8/19/2022 12:35:04 PM, Old: 340.00, New: 400.00
Stop Wavelength Changed: 8/19/2022 12:35:04 PM, Old: 700.00, New: 390.00
Zero Mode Changed: 8/19/2022 12:35:08 PM, Old:ON, New:Reading
Zero Mode Changed: 8/19/2022 12:35:08 PM, Old:Reading, New:ON
Y min Changed: 8/19/2022 12:38:08 PM, Old:     0.0000, New:   -55.0000
Zero Mode Changed: 8/19/2022 12:38:10 PM, Old:ON, New:Reading
Zero Mode Changed: 8/19/2022 12:38:10 PM, Old:Reading, New:ON
Scan mode: Changed: 8/19/2022 12:39:20 PM, Old:Excitation, New:Emission
Excitation Wavelength Changed: 8/19/2022 12:39:20 PM, Old: 200.00, New: 336.00
Emission Wavelength Changed: 8/19/2022 12:39:20 PM, Old: 400.00, New: 346.00
Stop Wavelength Changed: 8/19/2022 12:39:20 PM, Old: 390.00, New: 600.00
Zero Mode Changed: 8/19/2022 12:39:22 PM, Old:ON, New:Reading
Zero Mode Changed: 8/19/2022 12:39:22 PM, Old:Reading, New:ON
Stop Wavelength Changed: 8/19/2022 12:40:10 PM, Old: 600.00, New: 700.00
Zero Mode Changed: 8/19/2022 12:40:38 PM, Old:ON, New:Reading
Zero Mode Changed: 8/19/2022 12:40:38 PM, Old:Reading, New:ON
Y min Changed: 8/19/2022 12:42:47 PM, Old:   -55.0000, New:     0.0000
Scan mode: Changed: 8/19/2022 12:42:47 PM, Old:Emission, New:Excitation
Excitation Wavelength Changed: 8/19/2022 12:42:47 PM, Old: 336.00, New: 200.00
Emission Wavelength Changed: 8/19/2022 12:42:47 PM, Old: 346.00, New: 410.00
Stop Wavelength Changed: 8/19/2022 12:42:47 PM, Old: 700.00, New: 400.00
Zero Mode Changed: 8/19/2022 12:42:51 PM, Old:ON, New:Reading
Zero Mode Changed: 8/19/2022 12:42:51 PM, Old:Reading, New:ON
Scan mode: Changed: 8/19/2022 12:54:44 PM, Old:Excitation, New:Emission
Excitation Wavelength Changed: 8/19/2022 12:54:44 PM, Old: 200.00, New: 335.00
Emission Wavelength Changed: 8/19/2022 12:54:44 PM, Old: 410.00, New: 345.00
Stop Wavelength Changed: 8/19/2022 12:54:44 PM, Old: 400.00, New: 600.00
Zero Mode Changed: 8/19/2022 12:54:46 PM, Old:ON, New:Reading
Zero Mode Changed: 8/19/2022 12:54:46 PM, Old:Reading, New:ON
Scan mode: Changed: 8/19/2022 12:55:39 PM, Old:Emission, New:Excitation
Excitation Wavelength Changed: 8/19/2022 12:55:39 PM, Old: 335.00, New: 240.00
Emission Wavelength Changed: 8/19/2022 12:55:39 PM, Old: 345.00, New: 410.00
Stop Wavelength Changed: 8/19/2022 12:55:39 PM, Old: 600.00, New: 400.00
Zero Mode Changed: 8/19/2022 12:55:42 PM, Old:ON, New:Reading
Zero Mode Changed: 8/19/2022 12:55:42 PM, Old:Reading, New:ON
Scan mode: Changed: 8/19/2022 12:56:21 PM, Old:Excitation, New:Emission
Excitation Wavelength Changed: 8/19/2022 12:56:21 PM, Old: 240.00, New: 340.00
Emission Wavelength Changed: 8/19/2022 12:56:21 PM, Old: 410.00, New: 350.00
Stop Wavelength Changed: 8/19/2022 12:56:21 PM, Old: 400.00, New: 600.00
Zero Mode Changed: 8/19/2022 12:56:24 PM, Old:ON, New:Reading
Zero Mode Changed: 8/19/2022 12:56:24 PM, Old:Reading, New:ON
Scan mode: Changed: 8/19/2022 12:57:53 PM, Old:Emission, New:Excitation
User Delta Stop Changed: 8/19/2022 12:57:53 PM, Old: 450.00, New: 500.00
User Delta Increment Changed: 8/19/2022 12:57:53 PM, Old:  10.00, New:   0.15
Excitation Wavelength Changed: 8/19/2022 12:57:53 PM, Old: 340.00, New: 260.00
Emission Wavelength Changed: 8/19/2022 12:57:53 PM, Old: 350.00, New: 500.00
Stop Wavelength Changed: 8/19/2022 12:57:53 PM, Old: 600.00, New: 490.00
Zero Mode Changed: 8/19/2022 12:57:56 PM, Old:ON, New:Reading
Zero Mode Changed: 8/19/2022 12:57:56 PM, Old:Reading, New:ON
Scan mode: Changed: 8/19/2022 12:58:50 PM, Old:Excitation, New:Emission
Excitation Wavelength Changed: 8/19/2022 12:58:50 PM, Old: 260.00, New: 380.00
Emission Wavelength Changed: 8/19/2022 12:58:50 PM, Old: 500.00, New: 390.00
Stop Wavelength Changed: 8/19/2022 12:58:50 PM, Old: 490.00, New: 650.00
Zero Mode Changed: 8/19/2022 12:58:52 PM, Old:ON, New:Reading
Zero Mode Changed: 8/19/2022 12:58:52 PM, Old:Reading, New:ON
Scan mode: Changed: 8/19/2022 12:59:47 PM, Old:Emission, New:Excitation
Excitation Wavelength Changed: 8/19/2022 12:59:47 PM, Old: 380.00, New: 240.00
Emission Wavelength Changed: 8/19/2022 12:59:47 PM, Old: 390.00, New: 420.00
Stop Wavelength Changed: 8/19/2022 12:59:47 PM, Old: 650.00, New: 410.00
Zero Mode Changed: 8/19/2022 12:59:51 PM, Old:ON, New:Reading
Zero Mode Changed: 8/19/2022 12:59:51 PM, Old:Reading, New:ON
Scan mode: Changed: 8/19/2022 1:00:29 PM, Old:Excitation, New:Emission
Excitation Wavelength Changed: 8/19/2022 1:00:29 PM, Old: 240.00, New: 345.00
Emission Wavelength Changed: 8/19/2022 1:00:29 PM, Old: 420.00, New: 355.00
Stop Wavelength Changed: 8/19/2022 1:00:29 PM, Old: 410.00, New: 600.00
Zero Mode Changed: 8/19/2022 1:00:30 PM, Old:ON, New:Reading
Zero Mode Changed: 8/19/2022 1:00:31 PM, Old:Reading, New:ON
Excitation Wavelength Changed: 8/19/2022 1:01:14 PM, Old: 345.00, New: 350.00
Emission Wavelength Changed: 8/19/2022 1:01:14 PM, Old: 355.00, New: 360.00
Zero Mode Changed: 8/19/2022 1:01:16 PM, Old:ON, New:Reading
Zero Mode Changed: 8/19/2022 1:01:17 PM, Old:Reading, New:ON
Excitation Wavelength Changed: 8/19/2022 1:01:56 PM, Old: 350.00, New: 355.00
Emission Wavelength Changed: 8/19/2022 1:01:56 PM, Old: 360.00, New: 365.00
Zero Mode Changed: 8/19/2022 1:01:58 PM, Old:ON, New:Reading
Zero Mode Changed: 8/19/2022 1:01:59 PM, Old:Reading, New:ON
Excitation Wavelength Changed: 8/19/2022 1:02:40 PM, Old: 355.00, New: 360.00
Emission Wavelength Changed: 8/19/2022 1:02:40 PM, Old: 365.00, New: 370.00
Zero Mode Changed: 8/19/2022 1:02:42 PM, Old:ON, New:Reading
Zero Mode Changed: 8/19/2022 1:02:42 PM, Old:Reading, New:ON
Excitation Wavelength Changed: 8/19/2022 1:03:20 PM, Old: 360.00, New: 365.00
Emission Wavelength Changed: 8/19/2022 1:03:20 PM, Old: 370.00, New: 375.00
Zero Mode Changed: 8/19/2022 1:03:23 PM, Old:ON, New:Reading
Zero Mode Changed: 8/19/2022 1:03:23 PM, Old:Reading, New:ON
Scan mode: Changed: 8/19/2022 1:04:11 PM, Old:Emission, New:Excitation
Excitation Wavelength Changed: 8/19/2022 1:04:11 PM, Old: 365.00, New: 240.00
Emission Wavelength Changed: 8/19/2022 1:04:11 PM, Old: 375.00, New: 430.00
Stop Wavelength Changed: 8/19/2022 1:04:11 PM, Old: 600.00, New: 420.00
Zero Mode Changed: 8/19/2022 1:04:14 PM, Old:ON, New:Reading
Zero Mode Changed: 8/19/2022 1:04:14 PM, Old:Reading, New:ON
Emission Wavelength Changed: 8/19/2022 1:04:52 PM, Old: 430.00, New: 440.00
Stop Wavelength Changed: 8/19/2022 1:04:52 PM, Old: 420.00, New: 430.00
Zero Mode Changed: 8/19/2022 1:04:53 PM, Old:ON, New:Reading
Zero Mode Changed: 8/19/2022 1:04:53 PM, Old:Reading, New:ON
Emission Wavelength Changed: 8/19/2022 1:05:43 PM, Old: 440.00, New: 450.00
Stop Wavelength Changed: 8/19/2022 1:05:43 PM, Old: 430.00, New: 440.00
Zero Mode Changed: 8/19/2022 1:05:44 PM, Old:ON, New:Reading
Zero Mode Changed: 8/19/2022 1:05:44 PM, Old:Reading, New:ON
Scan mode: Changed: 8/19/2022 1:09:39 PM, Old:Excitation, New:Emission
Excitation Wavelength Changed: 8/19/2022 1:09:39 PM, Old: 240.00, New: 330.00
Emission Wavelength Changed: 8/19/2022 1:09:39 PM, Old: 450.00, New: 340.00
Stop Wavelength Changed: 8/19/2022 1:09:39 PM, Old: 440.00, New: 600.00
Zero Mode Changed: 8/19/2022 1:09:40 PM, Old:ON, New:Reading
Zero Mode Changed: 8/19/2022 1:09:40 PM, Old:Reading, New:ON
Scan mode: Changed: 8/19/2022 1:10:32 PM, Old:Emission, New:Excitation
Excitation Wavelength Changed: 8/19/2022 1:10:32 PM, Old: 330.00, New: 240.00
Emission Wavelength Changed: 8/19/2022 1:10:32 PM, Old: 340.00, New: 400.00
Stop Wavelength Changed: 8/19/2022 1:10:32 PM, Old: 600.00, New: 390.00
Zero Mode Changed: 8/19/2022 1:10:35 PM, Old:ON, New:Reading
Zero Mode Changed: 8/19/2022 1:10:35 PM, Old:Reading, New:ON
Scan mode: Changed: 8/19/2022 1:11:56 PM, Old:Excitation, New:Emission
3-D Mode Changed: 8/19/2022 1:11:56 PM, Old:OFF, New:ON
User Delta Stop Changed: 8/19/2022 1:11:56 PM, Old: 500.00, New: 380.00
User Delta Increment Changed: 8/19/2022 1:11:56 PM, Old:   0.15, New:   5.00
Excitation Wavelength Changed: 8/19/2022 1:11:56 PM, Old: 240.00, New: 335.00
Emission Wavelength Changed: 8/19/2022 1:11:56 PM, Old: 400.00, New: 390.00
Stop Wavelength Changed: 8/19/2022 1:11:56 PM, Old: 390.00, New: 600.00
Zero Mode Changed: 8/19/2022 1:11:58 PM, Old:ON, New:Reading
Zero Mode Changed: 8/19/2022 1:11:58 PM, Old:Reading, New:ON
Excitation Wavelength Changed: 8/19/2022 1:12:28 PM, Old: 335.00, New: 340.00
Excitation Wavelength Changed: 8/19/2022 1:12:50 PM, Old: 340.00, New: 345.00
Excitation Wavelength Changed: 8/19/2022 1:13:12 PM, Old: 345.00, New: 350.00
Excitation Wavelength Changed: 8/19/2022 1:13:34 PM, Old: 350.00, New: 355.00
Excitation Wavelength Changed: 8/19/2022 1:13:56 PM, Old: 355.00, New: 360.00
Excitation Wavelength Changed: 8/19/2022 1:14:17 PM, Old: 360.00, New: 365.00
Excitation Wavelength Changed: 8/19/2022 1:14:39 PM, Old: 365.00, New: 370.00
Excitation Wavelength Changed: 8/19/2022 1:15:02 PM, Old: 370.00, New: 375.00
Excitation Wavelength Changed: 8/19/2022 1:15:24 PM, Old: 375.00, New: 380.00
Excitation Wavelength Changed: 8/19/2022 1:15:46 PM, Old: 380.00, New: 335.00
Scan mode: Changed: 8/19/2022 1:16:01 PM, Old:Emission, New:Excitation
3-D Mode Changed: 8/19/2022 1:16:01 PM, Old:ON, New:OFF
User Delta Stop Changed: 8/19/2022 1:16:01 PM, Old: 380.00, New: 500.00
User Delta Increment Changed: 8/19/2022 1:16:01 PM, Old:   5.00, New:   0.15
Excitation Wavelength Changed: 8/19/2022 1:16:01 PM, Old: 335.00, New: 260.00
Emission Wavelength Changed: 8/19/2022 1:16:01 PM, Old: 390.00, New: 500.00
Stop Wavelength Changed: 8/19/2022 1:16:01 PM, Old: 600.00, New: 490.00
Zero Mode Changed: 8/19/2022 1:16:04 PM, Old:ON, New:Reading
Zero Mode Changed: 8/19/2022 1:16:05 PM, Old:Reading, New:ON
Excitation Wavelength Changed: 8/19/2022 1:16:58 PM, Old: 260.00, New: 240.00
Emission Wavelength Changed: 8/19/2022 1:16:58 PM, Old: 500.00, New: 420.00
Stop Wavelength Changed: 8/19/2022 1:16:58 PM, Old: 490.00, New: 410.00
Zero Mode Changed: 8/19/2022 1:16:59 PM, Old:ON, New:Reading
Zero Mode Changed: 8/19/2022 1:17:00 PM, Old:Reading, New:ON
Emission Wavelength Changed: 8/19/2022 1:17:50 PM, Old: 420.00, New: 380.00
Stop Wavelength Changed: 8/19/2022 1:17:50 PM, Old: 410.00, New: 370.00
Zero Mode Changed: 8/19/2022 1:17:51 PM, Old:ON, New:Reading
Zero Mode Changed: 8/19/2022 1:17:52 PM, Old:Reading, New:ON
Scan mode: Changed: 8/19/2022 1:18:25 PM, Old:Excitation, New:Emission
Excitation Wavelength Changed: 8/19/2022 1:18:25 PM, Old: 240.00, New: 340.00
Emission Wavelength Changed: 8/19/2022 1:18:25 PM, Old: 380.00, New: 350.00
Stop Wavelength Changed: 8/19/2022 1:18:25 PM, Old: 370.00, New: 600.00
Zero Mode Changed: 8/19/2022 1:18:26 PM, Old:ON, New:Reading
Zero Mode Changed: 8/19/2022 1:18:27 PM, Old:Reading, New:ON
Excitation Wavelength Changed: 8/19/2022 1:19:09 PM, Old: 340.00, New: 350.00
Emission Wavelength Changed: 8/19/2022 1:19:09 PM, Old: 350.00, New: 360.00
Zero Mode Changed: 8/19/2022 1:19:11 PM, Old:ON, New:Reading
Zero Mode Changed: 8/19/2022 1:19:12 PM, Old:Reading, New:ON
End Method Modifications

CdSe 40 sec ex320,
CdSe 40 sec ex320
Collection Time: 8/19/2022 1:20:08 PM
Operator Name  :
Scan Software Version: 1.1(132)
Parameter List :
Instrument                        Cary Eclipse
Instrument Serial Number          E08013467
Data mode                         Fluorescence
Scan mode                         Emission
X Mode                            Wavelength (nm)
Start (nm)                        330.00
Stop (nm)                         600.00
Ex. Wavelength (nm)               320.00
Ex. Slit (nm)                     5
Em. Slit (nm)                     5
Scan rate (nm/min)                600.00
Data interval (nm)                1.0000
Averaging Time (s)                0.1000
Excitation filter                 Auto
Emission filter                   Open
PMT voltage (V)                   Medium
Corrected spectra                 OFF
Method Log     :
Method Name    : Default
Date/Time stamp: 8/19/2022 12:23:21 PM
Method Modifications:
Excitation Wavelength Changed: 8/19/2022 12:28:50 PM, Old: 350.00, New: 300.00
Emission Wavelength Changed: 8/19/2022 12:28:50 PM, Old: 400.00, New: 310.00
Zero Mode Changed: 8/19/2022 12:28:52 PM, Old:OFF, New:Reading
Zero Mode Changed: 8/19/2022 12:28:52 PM, Old:Reading, New:ON
Scan mode: Changed: 8/19/2022 12:30:28 PM, Old:Emission, New:Excitation
Excitation Wavelength Changed: 8/19/2022 12:30:28 PM, Old: 300.00, New: 200.00
Emission Wavelength Changed: 8/19/2022 12:30:28 PM, Old: 310.00, New: 380.00
Stop Wavelength Changed: 8/19/2022 12:30:28 PM, Old: 600.00, New: 370.00
Zero Mode Changed: 8/19/2022 12:30:31 PM, Old:ON, New:Reading
Zero Mode Changed: 8/19/2022 12:30:31 PM, Old:Reading, New:ON
Overlayed Graphs Changed: 8/19/2022 12:31:25 PM, Old:OFF, New:ON
Zero Mode Changed: 8/19/2022 12:31:50 PM, Old:ON, New:Reading
Zero Mode Changed: 8/19/2022 12:31:50 PM, Old:Reading, New:ON
Scan mode: Changed: 8/19/2022 12:33:27 PM, Old:Excitation, New:Emission
Excitation Wavelength Changed: 8/19/2022 12:33:27 PM, Old: 200.00, New: 330.00
Emission Wavelength Changed: 8/19/2022 12:33:27 PM, Old: 380.00, New: 340.00
Stop Wavelength Changed: 8/19/2022 12:33:27 PM, Old: 370.00, New: 700.00
Zero Mode Changed: 8/19/2022 12:33:29 PM, Old:ON, New:Reading
Zero Mode Changed: 8/19/2022 12:33:29 PM, Old:Reading, New:ON
Scan mode: Changed: 8/19/2022 12:35:04 PM, Old:Emission, New:Excitation
Excitation Wavelength Changed: 8/19/2022 12:35:04 PM, Old: 330.00, New: 200.00
Emission Wavelength Changed: 8/19/2022 12:35:04 PM, Old: 340.00, New: 400.00
Stop Wavelength Changed: 8/19/2022 12:35:04 PM, Old: 700.00, New: 390.00
Zero Mode Changed: 8/19/2022 12:35:08 PM, Old:ON, New:Reading
Zero Mode Changed: 8/19/2022 12:35:08 PM, Old:Reading, New:ON
Y min Changed: 8/19/2022 12:38:08 PM, Old:     0.0000, New:   -55.0000
Zero Mode Changed: 8/19/2022 12:38:10 PM, Old:ON, New:Reading
Zero Mode Changed: 8/19/2022 12:38:10 PM, Old:Reading, New:ON
Scan mode: Changed: 8/19/2022 12:39:20 PM, Old:Excitation, New:Emission
Excitation Wavelength Changed: 8/19/2022 12:39:20 PM, Old: 200.00, New: 336.00
Emission Wavelength Changed: 8/19/2022 12:39:20 PM, Old: 400.00, New: 346.00
Stop Wavelength Changed: 8/19/2022 12:39:20 PM, Old: 390.00, New: 600.00
Zero Mode Changed: 8/19/2022 12:39:22 PM, Old:ON, New:Reading
Zero Mode Changed: 8/19/2022 12:39:22 PM, Old:Reading, New:ON
Stop Wavelength Changed: 8/19/2022 12:40:10 PM, Old: 600.00, New: 700.00
Zero Mode Changed: 8/19/2022 12:40:38 PM, Old:ON, New:Reading
Zero Mode Changed: 8/19/2022 12:40:38 PM, Old:Reading, New:ON
Y min Changed: 8/19/2022 12:42:47 PM, Old:   -55.0000, New:     0.0000
Scan mode: Changed: 8/19/2022 12:42:47 PM, Old:Emission, New:Excitation
Excitation Wavelength Changed: 8/19/2022 12:42:47 PM, Old: 336.00, New: 200.00
Emission Wavelength Changed: 8/19/2022 12:42:47 PM, Old: 346.00, New: 410.00
Stop Wavelength Changed: 8/19/2022 12:42:47 PM, Old: 700.00, New: 400.00
Zero Mode Changed: 8/19/2022 12:42:51 PM, Old:ON, New:Reading
Zero Mode Changed: 8/19/2022 12:42:51 PM, Old:Reading, New:ON
Scan mode: Changed: 8/19/2022 12:54:44 PM, Old:Excitation, New:Emission
Excitation Wavelength Changed: 8/19/2022 12:54:44 PM, Old: 200.00, New: 335.00
Emission Wavelength Changed: 8/19/2022 12:54:44 PM, Old: 410.00, New: 345.00
Stop Wavelength Changed: 8/19/2022 12:54:44 PM, Old: 400.00, New: 600.00
Zero Mode Changed: 8/19/2022 12:54:46 PM, Old:ON, New:Reading
Zero Mode Changed: 8/19/2022 12:54:46 PM, Old:Reading, New:ON
Scan mode: Changed: 8/19/2022 12:55:39 PM, Old:Emission, New:Excitation
Excitation Wavelength Changed: 8/19/2022 12:55:39 PM, Old: 335.00, New: 240.00
Emission Wavelength Changed: 8/19/2022 12:55:39 PM, Old: 345.00, New: 410.00
Stop Wavelength Changed: 8/19/2022 12:55:39 PM, Old: 600.00, New: 400.00
Zero Mode Changed: 8/19/2022 12:55:42 PM, Old:ON, New:Reading
Zero Mode Changed: 8/19/2022 12:55:42 PM, Old:Reading, New:ON
Scan mode: Changed: 8/19/2022 12:56:21 PM, Old:Excitation, New:Emission
Excitation Wavelength Changed: 8/19/2022 12:56:21 PM, Old: 240.00, New: 340.00
Emission Wavelength Changed: 8/19/2022 12:56:21 PM, Old: 410.00, New: 350.00
Stop Wavelength Changed: 8/19/2022 12:56:21 PM, Old: 400.00, New: 600.00
Zero Mode Changed: 8/19/2022 12:56:24 PM, Old:ON, New:Reading
Zero Mode Changed: 8/19/2022 12:56:24 PM, Old:Reading, New:ON
Scan mode: Changed: 8/19/2022 12:57:53 PM, Old:Emission, New:Excitation
User Delta Stop Changed: 8/19/2022 12:57:53 PM, Old: 450.00, New: 500.00
User Delta Increment Changed: 8/19/2022 12:57:53 PM, Old:  10.00, New:   0.15
Excitation Wavelength Changed: 8/19/2022 12:57:53 PM, Old: 340.00, New: 260.00
Emission Wavelength Changed: 8/19/2022 12:57:53 PM, Old: 350.00, New: 500.00
Stop Wavelength Changed: 8/19/2022 12:57:53 PM, Old: 600.00, New: 490.00
Zero Mode Changed: 8/19/2022 12:57:56 PM, Old:ON, New:Reading
Zero Mode Changed: 8/19/2022 12:57:56 PM, Old:Reading, New:ON
Scan mode: Changed: 8/19/2022 12:58:50 PM, Old:Excitation, New:Emission
Excitation Wavelength Changed: 8/19/2022 12:58:50 PM, Old: 260.00, New: 380.00
Emission Wavelength Changed: 8/19/2022 12:58:50 PM, Old: 500.00, New: 390.00
Stop Wavelength Changed: 8/19/2022 12:58:50 PM, Old: 490.00, New: 650.00
Zero Mode Changed: 8/19/2022 12:58:52 PM, Old:ON, New:Reading
Zero Mode Changed: 8/19/2022 12:58:52 PM, Old:Reading, New:ON
Scan mode: Changed: 8/19/2022 12:59:47 PM, Old:Emission, New:Excitation
Excitation Wavelength Changed: 8/19/2022 12:59:47 PM, Old: 380.00, New: 240.00
Emission Wavelength Changed: 8/19/2022 12:59:47 PM, Old: 390.00, New: 420.00
Stop Wavelength Changed: 8/19/2022 12:59:47 PM, Old: 650.00, New: 410.00
Zero Mode Changed: 8/19/2022 12:59:51 PM, Old:ON, New:Reading
Zero Mode Changed: 8/19/2022 12:59:51 PM, Old:Reading, New:ON
Scan mode: Changed: 8/19/2022 1:00:29 PM, Old:Excitation, New:Emission
Excitation Wavelength Changed: 8/19/2022 1:00:29 PM, Old: 240.00, New: 345.00
Emission Wavelength Changed: 8/19/2022 1:00:29 PM, Old: 420.00, New: 355.00
Stop Wavelength Changed: 8/19/2022 1:00:29 PM, Old: 410.00, New: 600.00
Zero Mode Changed: 8/19/2022 1:00:30 PM, Old:ON, New:Reading
Zero Mode Changed: 8/19/2022 1:00:31 PM, Old:Reading, New:ON
Excitation Wavelength Changed: 8/19/2022 1:01:14 PM, Old: 345.00, New: 350.00
Emission Wavelength Changed: 8/19/2022 1:01:14 PM, Old: 355.00, New: 360.00
Zero Mode Changed: 8/19/2022 1:01:16 PM, Old:ON, New:Reading
Zero Mode Changed: 8/19/2022 1:01:17 PM, Old:Reading, New:ON
Excitation Wavelength Changed: 8/19/2022 1:01:56 PM, Old: 350.00, New: 355.00
Emission Wavelength Changed: 8/19/2022 1:01:56 PM, Old: 360.00, New: 365.00
Zero Mode Changed: 8/19/2022 1:01:58 PM, Old:ON, New:Reading
Zero Mode Changed: 8/19/2022 1:01:59 PM, Old:Reading, New:ON
Excitation Wavelength Changed: 8/19/2022 1:02:40 PM, Old: 355.00, New: 360.00
Emission Wavelength Changed: 8/19/2022 1:02:40 PM, Old: 365.00, New: 370.00
Zero Mode Changed: 8/19/2022 1:02:42 PM, Old:ON, New:Reading
Zero Mode Changed: 8/19/2022 1:02:42 PM, Old:Reading, New:ON
Excitation Wavelength Changed: 8/19/2022 1:03:20 PM, Old: 360.00, New: 365.00
Emission Wavelength Changed: 8/19/2022 1:03:20 PM, Old: 370.00, New: 375.00
Zero Mode Changed: 8/19/2022 1:03:23 PM, Old:ON, New:Reading
Zero Mode Changed: 8/19/2022 1:03:23 PM, Old:Reading, New:ON
Scan mode: Changed: 8/19/2022 1:04:11 PM, Old:Emission, New:Excitation
Excitation Wavelength Changed: 8/19/2022 1:04:11 PM, Old: 365.00, New: 240.00
Emission Wavelength Changed: 8/19/2022 1:04:11 PM, Old: 375.00, New: 430.00
Stop Wavelength Changed: 8/19/2022 1:04:11 PM, Old: 600.00, New: 420.00
Zero Mode Changed: 8/19/2022 1:04:14 PM, Old:ON, New:Reading
Zero Mode Changed: 8/19/2022 1:04:14 PM, Old:Reading, New:ON
Emission Wavelength Changed: 8/19/2022 1:04:52 PM, Old: 430.00, New: 440.00
Stop Wavelength Changed: 8/19/2022 1:04:52 PM, Old: 420.00, New: 430.00
Zero Mode Changed: 8/19/2022 1:04:53 PM, Old:ON, New:Reading
Zero Mode Changed: 8/19/2022 1:04:53 PM, Old:Reading, New:ON
Emission Wavelength Changed: 8/19/2022 1:05:43 PM, Old: 440.00, New: 450.00
Stop Wavelength Changed: 8/19/2022 1:05:43 PM, Old: 430.00, New: 440.00
Zero Mode Changed: 8/19/2022 1:05:44 PM, Old:ON, New:Reading
Zero Mode Changed: 8/19/2022 1:05:44 PM, Old:Reading, New:ON
Scan mode: Changed: 8/19/2022 1:09:39 PM, Old:Excitation, New:Emission
Excitation Wavelength Changed: 8/19/2022 1:09:39 PM, Old: 240.00, New: 330.00
Emission Wavelength Changed: 8/19/2022 1:09:39 PM, Old: 450.00, New: 340.00
Stop Wavelength Changed: 8/19/2022 1:09:39 PM, Old: 440.00, New: 600.00
Zero Mode Changed: 8/19/2022 1:09:40 PM, Old:ON, New:Reading
Zero Mode Changed: 8/19/2022 1:09:40 PM, Old:Reading, New:ON
Scan mode: Changed: 8/19/2022 1:10:32 PM, Old:Emission, New:Excitation
Excitation Wavelength Changed: 8/19/2022 1:10:32 PM, Old: 330.00, New: 240.00
Emission Wavelength Changed: 8/19/2022 1:10:32 PM, Old: 340.00, New: 400.00
Stop Wavelength Changed: 8/19/2022 1:10:32 PM, Old: 600.00, New: 390.00
Zero Mode Changed: 8/19/2022 1:10:35 PM, Old:ON, New:Reading
Zero Mode Changed: 8/19/2022 1:10:35 PM, Old:Reading, New:ON
Scan mode: Changed: 8/19/2022 1:11:56 PM, Old:Excitation, New:Emission
3-D Mode Changed: 8/19/2022 1:11:56 PM, Old:OFF, New:ON
User Delta Stop Changed: 8/19/2022 1:11:56 PM, Old: 500.00, New: 380.00
User Delta Increment Changed: 8/19/2022 1:11:56 PM, Old:   0.15, New:   5.00
Excitation Wavelength Changed: 8/19/2022 1:11:56 PM, Old: 240.00, New: 335.00
Emission Wavelength Changed: 8/19/2022 1:11:56 PM, Old: 400.00, New: 390.00
Stop Wavelength Changed: 8/19/2022 1:11:56 PM, Old: 390.00, New: 600.00
Zero Mode Changed: 8/19/2022 1:11:58 PM, Old:ON, New:Reading
Zero Mode Changed: 8/19/2022 1:11:58 PM, Old:Reading, New:ON
Excitation Wavelength Changed: 8/19/2022 1:12:28 PM, Old: 335.00, New: 340.00
Excitation Wavelength Changed: 8/19/2022 1:12:50 PM, Old: 340.00, New: 345.00
Excitation Wavelength Changed: 8/19/2022 1:13:12 PM, Old: 345.00, New: 350.00
Excitation Wavelength Changed: 8/19/2022 1:13:34 PM, Old: 350.00, New: 355.00
Excitation Wavelength Changed: 8/19/2022 1:13:56 PM, Old: 355.00, New: 360.00
Excitation Wavelength Changed: 8/19/2022 1:14:17 PM, Old: 360.00, New: 365.00
Excitation Wavelength Changed: 8/19/2022 1:14:39 PM, Old: 365.00, New: 370.00
Excitation Wavelength Changed: 8/19/2022 1:15:02 PM, Old: 370.00, New: 375.00
Excitation Wavelength Changed: 8/19/2022 1:15:24 PM, Old: 375.00, New: 380.00
Excitation Wavelength Changed: 8/19/2022 1:15:46 PM, Old: 380.00, New: 335.00
Scan mode: Changed: 8/19/2022 1:16:01 PM, Old:Emission, New:Excitation
3-D Mode Changed: 8/19/2022 1:16:01 PM, Old:ON, New:OFF
User Delta Stop Changed: 8/19/2022 1:16:01 PM, Old: 380.00, New: 500.00
User Delta Increment Changed: 8/19/2022 1:16:01 PM, Old:   5.00, New:   0.15
Excitation Wavelength Changed: 8/19/2022 1:16:01 PM, Old: 335.00, New: 260.00
Emission Wavelength Changed: 8/19/2022 1:16:01 PM, Old: 390.00, New: 500.00
Stop Wavelength Changed: 8/19/2022 1:16:01 PM, Old: 600.00, New: 490.00
Zero Mode Changed: 8/19/2022 1:16:04 PM, Old:ON, New:Reading
Zero Mode Changed: 8/19/2022 1:16:05 PM, Old:Reading, New:ON
Excitation Wavelength Changed: 8/19/2022 1:16:58 PM, Old: 260.00, New: 240.00
Emission Wavelength Changed: 8/19/2022 1:16:58 PM, Old: 500.00, New: 420.00
Stop Wavelength Changed: 8/19/2022 1:16:58 PM, Old: 490.00, New: 410.00
Zero Mode Changed: 8/19/2022 1:16:59 PM, Old:ON, New:Reading
Zero Mode Changed: 8/19/2022 1:17:00 PM, Old:Reading, New:ON
Emission Wavelength Changed: 8/19/2022 1:17:50 PM, Old: 420.00, New: 380.00
Stop Wavelength Changed: 8/19/2022 1:17:50 PM, Old: 410.00, New: 370.00
Zero Mode Changed: 8/19/2022 1:17:51 PM, Old:ON, New:Reading
Zero Mode Changed: 8/19/2022 1:17:52 PM, Old:Reading, New:ON
Scan mode: Changed: 8/19/2022 1:18:25 PM, Old:Excitation, New:Emission
Excitation Wavelength Changed: 8/19/2022 1:18:25 PM, Old: 240.00, New: 340.00
Emission Wavelength Changed: 8/19/2022 1:18:25 PM, Old: 380.00, New: 350.00
Stop Wavelength Changed: 8/19/2022 1:18:25 PM, Old: 370.00, New: 600.00
Zero Mode Changed: 8/19/2022 1:18:26 PM, Old:ON, New:Reading
Zero Mode Changed: 8/19/2022 1:18:27 PM, Old:Reading, New:ON
Excitation Wavelength Changed: 8/19/2022 1:19:09 PM, Old: 340.00, New: 350.00
Emission Wavelength Changed: 8/19/2022 1:19:09 PM, Old: 350.00, New: 360.00
Zero Mode Changed: 8/19/2022 1:19:11 PM, Old:ON, New:Reading
Zero Mode Changed: 8/19/2022 1:19:12 PM, Old:Reading, New:ON
Excitation Wavelength Changed: 8/19/2022 1:19:57 PM, Old: 350.00, New: 320.00
Emission Wavelength Changed: 8/19/2022 1:19:57 PM, Old: 360.00, New: 310.00
Emission Wavelength Changed: 8/19/2022 1:20:01 PM, Old: 310.00, New: 330.00
Zero Mode Changed: 8/19/2022 1:20:03 PM, Old:ON, New:Reading
Zero Mode Changed: 8/19/2022 1:20:03 PM, Old:Reading, New:ON
End Method Modifications

