CdSe sonochem 90min ex360,,CdSe sonochem 90min ex345,,CdSe sonochem 90min ex330,,CdSe sonochem 90min em420,,CdSe sonochem 90min em515,,CdSe sonochem 90min ex385,,
Wavelength (nm),Intensity (a.u.),Wavelength (nm),Intensity (a.u.),Wavelength (nm),Intensity (a.u.),Wavelength (nm),Intensity (a.u.),Wavelength (nm),Intensity (a.u.),Wavelength (nm),Intensity (a.u.),
370,-0.4003543854,354.9200134,0.1386566162,340,0.1159892082,240,-0.8134555817,260,-0.2997727394,394.9200134,0.3544712067,
371.0700073,1.262555122,355.8399963,0.5442504883,341.0700073,1.007571697,240.9299927,-0.2157330513,260.9299927,-0.3101420403,395.8399963,1.032821655,
372,1.90493679,356.9200134,1.170284271,342,2.139379025,242.0299988,-0.7850255966,262.0299988,-0.1136894226,396.9200134,2.426589012,
373.0700073,3.820304871,357.8399963,3.046843529,343.0700073,3.53933239,242.9600067,-1.044183254,262.9599915,0.4568443298,397.8399963,3.514201164,
374,5.722202301,358.9200134,5.079393387,344,4.718664169,244.0599976,-0.7203588486,264.0599976,0.2262067795,398.9200134,5.220345497,
375.0700073,6.83065033,359.8399963,6.918104172,345.0700073,5.628679276,245,-1.078858376,265,0.6513204575,399.8399963,6.665232658,
376,8.579965591,360.9200134,9.197753906,346,7.438545227,245.9299927,-0.5248508453,265.9299927,0.02299690247,400.9200134,9.030110359,
377.0700073,10.84409523,361.8399963,10.38477898,347.0700073,9.519810677,247.0299988,-0.6073946953,267.0299988,-0.1958270073,401.8399963,10.29316616,
378,13.40340042,362.9200134,12.67062569,348,10.84594059,247.9600067,-0.8302083015,267.9599915,-0.2852272987,402.9200134,12.16152477,
379.0700073,14.78975868,363.8399963,14.57728195,349.0700073,12.64574528,249.0599976,-0.7524628639,269.0599976,-0.7026691437,403.8399963,13.98231411,
380,17.43400955,364.9200134,16.70412445,350,15.25127316,250,-0.4208445549,270,-1.104971409,404.9200134,16.05623245,
381.0700073,20.43044281,365.8399963,19.34532166,351.0700073,16.84191895,250.9299927,-0.5458140373,271.0700073,-1.615767002,405.8399963,17.78186798,
382,22.54150772,366.9200134,21.24933434,352,19.3476181,252.0299988,-0.4698877335,272,-1.762216091,406.9200134,20.02666855,
383.0700073,24.5688858,367.8399963,26.07812309,353.0700073,21.42097092,252.9600067,-0.08382987976,273.0700073,-1.911828041,407.8399963,22.84395981,
384,27.63526154,368.9200134,28.54379082,354,24.00880432,254.0599976,-0.2656350136,274,-2.204267025,408.9200134,24.49459839,
385.0700073,30.54464722,369.8399963,30.76862526,355.0700073,26.32519531,255,0.0687122345,275.0700073,-2.394128799,409.8399963,27.09291458,
386,32.91685486,370.9200134,33.17690277,356,29.00457764,255.9299927,0.168923378,276,-2.441301346,410.8999939,28.87474823,
387.0700073,35.86073685,371.8399963,37.02581024,357.0700073,31.99827194,257.0299988,0.06388902664,277.0700073,-2.577399731,411.9599915,33.06943512,
388,39.81230164,372.9200134,41.49588013,358,34.63705063,257.9599915,0.4359006882,278,-2.538932323,412.8699951,35.62152863,
389.0700073,41.96588516,373.8399963,44.23167419,359.0700073,39.58988953,259.0599976,-0.171184063,279.0700073,-1.826946259,413.9299927,37.14651871,
390,45.68440247,374.9200134,46.94669342,360,40.73209763,260,0.1310310364,280,-2.146321297,414.8399963,38.78744888,
391.0700073,48.15968323,375.8399963,50.74414825,361.0700073,43.00053024,260.9299927,0.1581993103,280.9299927,-0.7764043808,415.8999939,42.63249588,
392,50.29614258,376.9200134,53.86154938,362,47.6462822,262.0299988,0.09570932388,282.0299988,0.8685894012,416.9599915,44.90334702,
393.0700073,54.88225174,377.8399963,56.73143768,363.0700073,51.20145035,262.9599915,-0.0217089653,282.9599915,3.071331978,417.8699951,48.07034683,
394,56.89368057,378.9200134,60.30451202,364,54.53977203,264.0599976,0.005834102631,284.0599976,6.500871658,418.9299927,50.38680649,
395.0700073,60.84774399,379.8399963,64.89939117,365.0700073,58.99130249,265,0.2247695923,285,8.478486061,419.8399963,54.28519821,
396,62.72340775,380.9200134,68.04309845,366,60.73810577,265.9299927,0.5906658173,285.9299927,11.08035946,420.9200134,56.21725845,
397.0700073,66.73117065,381.8399963,72.75904083,367.0700073,65.91589355,267.0299988,0.4928808212,287.0299988,14.53163815,421.8399963,58.28765488,
398,69.46054077,382.9200134,77.6424942,368,66.8859024,267.9599915,0.03396272659,287.9599915,15.97102642,422.9200134,62.34596634,
399.0700073,72.96179199,383.8399963,80.77697754,369.0700073,71.81578064,269.0599976,-0.04602050781,289.0599976,19.03525543,423.8399963,62.92316055,
400,75.85943604,384.9200134,83.43878174,370,76.59445953,270,-0.8374381065,290,20.33833313,424.9200134,66.79519653,
401.0700073,80.70394897,385.8399963,88.7674942,371.0700073,79.31673431,271.0700073,-0.5435752869,290.9299927,22.63463974,425.8399963,67.41130066,
402,81.86831665,386.9200134,92.46139526,372,83.72131348,272,-0.9217987061,292.0299988,25.46740723,426.9200134,70.81175995,
403.0700073,86.09521484,387.8399963,94.95209503,373.0700073,85.62255859,273.0700073,-1.060603142,292.9599915,27.3168602,427.8399963,72.70088196,
404,87.85704041,388.9200134,97.93212128,374,91.22006226,274,-1.331112862,294.0599976,30.25711823,428.9200134,74.62823486,
405.0700073,91.99198914,389.8399963,104.6188278,375.0700073,95.07016754,275.0700073,-1.490337372,295,32.07972336,429.8399963,75.17325592,
406,93.84533691,390.9200134,106.7176208,376,98.02883148,276,-1.547178268,295.9299927,34.23689651,430.8999939,78.15240479,
407.0700073,97.75775146,391.8399963,113.2882233,377.0700073,100.99366,277.0700073,-2.29483223,297.0299988,37.0937233,431.9599915,79.82248688,
408,100.1640015,392.9200134,113.9495087,378,103.2104416,278,-2.519310951,297.9599915,37.88364792,432.8699951,81.12214661,
409.0700073,101.7812653,393.8399963,113.7156677,379.0700073,108.1304398,279.0700073,-2.412645817,299.0599976,39.28042984,433.9299927,83.57670593,
410,103.5990448,394.9200134,119.1580353,380,109.3747559,280,-1.814199448,300,39.55177689,434.8399963,83.85958099,
411.0599976,106.3310394,395.8399963,122.2805786,381.0700073,113.5105667,280.9299927,-1.689855576,301.0700073,43.36639023,435.8999939,87.2279892,
411.9599915,108.4841614,396.9200134,125.5022125,382,116.7823181,282.0299988,-0.7676706314,302,44.72015762,436.9599915,87.88843536,
413.0299988,113.7852325,397.8399963,125.5053101,383.0700073,118.2030869,282.9599915,0.3788127899,303.0700073,49.01134109,437.8699951,89.20519257,
413.9299927,114.4997711,398.9200134,129.8217926,384,123.1208496,284.0599976,2.199875832,304,50.02296829,438.9299927,92.62379456,
415,117.5747375,399.8399963,131.8688965,385.0700073,122.7165222,285,3.610907555,305.0700073,51.67549515,439.8399963,90.61569977,
416.0599976,119.8723145,400.9200134,136.9687805,386,129.1977081,285.9299927,5.454621315,306,53.90497589,440.8999939,92.55477142,
416.9599915,121.5323944,401.8399963,141.297226,387.0700073,130.6281586,287.0299988,6.561199188,307.0700073,56.70070267,441.9599915,94.78824615,
418.0299988,124.7639771,402.9200134,142.3232727,388,131.5570831,287.9599915,8.997053146,308,58.790905,442.8699951,97.01399994,
418.9299927,126.6521606,403.8399963,143.9780884,389.0700073,131.9410095,289.0599976,11.33538246,309.0700073,59.36416245,443.9299927,95.45510101,
420,127.4720306,404.9200134,148.3453674,390,138.4242554,290,12.63873863,310,63.01653671,444.8399963,98.33883667,
421.0700073,127.4713745,405.8399963,150.0680389,391.0700073,140.4988556,290.9299927,14.70174599,311.0700073,64.30475616,445.8999939,98.77412415,
422,133.1159973,406.9200134,149.553833,392,140.9447021,292.0299988,16.65369797,312,66.12918091,446.9599915,100.501503,
423.0700073,132.7080841,407.8399963,151.6661987,393.0700073,145.3493805,292.9599915,17.76887131,313.0700073,67.13595581,447.8699951,100.7802658,
424,133.2204285,408.9200134,153.5932159,394,141.9977112,294.0599976,21.56632614,314,70.5346756,448.9299927,101.2276154,
425.0700073,133.9570465,409.8399963,155.6533051,395.0700073,146.3343353,295,24.28229141,315.0700073,72.72696686,449.8399963,102.0660248,
426,134.8191986,410.8999939,155.2341614,396,150.7783051,295.9299927,26.06084061,316,74.99798584,450.8999939,103.2352829,
427.0700073,136.7921906,411.9599915,159.3648682,397.0700073,151.0447235,297.0299988,28.94294739,317.0700073,76.78057098,451.9599915,104.51371,
428,136.6614838,412.8699951,158.3205261,398,150.2420654,297.9599915,30.14799881,318,79.18418884,452.8699951,104.4786758,
429.0700073,137.5505676,413.9299927,161.2039948,399.0700073,150.2837067,299.0599976,33.6605835,319.0700073,80.28469086,453.9299927,106.9929428,
430,138.451355,414.8399963,164.699707,400,150.0256042,300,35.8287735,320,82.34387207,454.8399963,105.1045151,
431.0599976,136.3501434,415.8999939,159.2183838,401.0700073,148.467926,301.0700073,38.84010315,320.9299927,86.34902191,455.8999939,105.3675919,
431.9599915,137.7160339,416.9599915,160.9315796,402,150.1911621,302,42.93463516,322.0299988,87.98703003,456.9599915,107.2183685,
433.0299988,139.7147064,417.8699951,166.5370331,403.0700073,154.6765594,303.0700073,45.3743248,322.9599915,90.1452179,457.8699951,106.5042953,
433.9299927,139.3828888,418.9299927,162.2319946,404,156.1273346,304,48.36254501,324.0599976,92.90306854,458.9299927,105.0778198,
435,138.7878113,419.8399963,163.4406281,405.0700073,154.878479,305.0700073,52.82688904,325,94.85440063,459.8399963,105.9410706,
436.0599976,138.7894897,420.9200134,163.278183,406,155.7756042,306,54.99028015,325.9299927,97.30799866,460.8999939,104.8707962,
436.9599915,138.130722,421.8399963,162.9245911,407.0700073,153.2885895,307.0700073,59.7369957,327.0299988,99.56746674,461.9599915,104.6575928,
438.0299988,139.4585724,422.9200134,165.7335968,408,155.7280884,308,62.95166397,327.9599915,99.3864212,462.8699951,104.9077225,
438.9299927,137.4169312,423.8399963,161.6554108,409.0700073,154.2128906,309.0700073,66.64117432,329.0599976,104.0168228,463.9299927,103.7737045,
440,137.2077637,424.9200134,161.5955811,410,151.4275818,310,71.56515503,330,107.5717621,464.8399963,103.1892624,
441.0599976,137.0139465,425.8399963,166.7063293,411.0599976,155.8323975,311.0700073,76.06980896,331.0700073,107.4716949,465.8999939,102.331459,
441.9599915,135.0028992,426.9200134,160.4796448,411.9599915,154.2556915,312,77.31236267,332,113.8889008,466.9599915,100.5862579,
443.0299988,136.7514954,427.8399963,158.5275879,413.0299988,152.8233185,313.0700073,80.76689148,333.0700073,114.7394104,467.8699951,99.91140747,
443.9299927,136.8628845,428.9200134,159.4483337,413.9299927,151.8636932,314,83.94044495,334,115.6688232,468.9299927,98.61083984,
445,136.7086945,429.8399963,156.6245728,415,152.5795746,315.0700073,86.44989014,335.0700073,119.4766922,469.8399963,98.73674774,
446.0599976,134.2935028,430.8999939,157.1618195,416.0599976,150.1664734,316,91.4785614,336,121.6770477,470.8999939,95.78800201,
446.9599915,134.8593292,431.9599915,155.6716003,416.9599915,148.1045532,317.0700073,97.16793823,337.0700073,126.5079651,471.9599915,97.44180298,
448.0299988,135.0229797,432.8699951,152.6835175,418.0299988,149.6900024,318,97.47155762,338,129.5317078,472.8699951,96.52144623,
448.9299927,135.0953979,433.9299927,151.9827118,418.9299927,145.0925598,319.0700073,101.9781647,339.0700073,130.0094147,473.9299927,93.89326477,
450,135.2132416,434.8399963,151.5307159,420,145.1730042,320,105.07164,340,132.5682831,474.8399963,92.16005707,
451.0599976,132.4248505,435.8999939,148.1333618,421.0700073,144.9895172,320.9299927,110.8748779,341.0700073,135.883316,475.8999939,93.447052,
451.9599915,131.7242737,436.9599915,150.9373627,422,145.9276581,322.0299988,116.6326294,342,137.3093567,476.9599915,91.04414368,
453.0299988,132.062149,437.8699951,149.2433777,423.0700073,140.2494812,322.9599915,118.9553986,343.0700073,137.6655579,477.8699951,91.15449524,
453.9299927,130.8444977,438.9299927,149.0240784,424,141.9484863,324.0599976,123.5776215,344,141.7810364,478.9299927,88.61040497,
455,132.2516785,439.8399963,145.2964935,425.0700073,140.6005249,325,125.9306335,345.0700073,147.5344391,479.8399963,89.14084625,
456.0599976,129.7789764,440.8999939,142.5034332,426,137.578186,325.9299927,131.4960785,346,148.5583191,480.8999939,87.865242,
456.9599915,128.3993378,441.9599915,141.9015961,427.0700073,135.6649017,327.0299988,135.1237488,347.0700073,150.1794586,481.9599915,87.47962189,
458.0299988,125.8429413,442.8699951,143.3019714,428,137.0577545,327.9599915,133.8376465,348,151.8224182,482.8699951,84.36177063,
458.9299927,127.4790192,443.9299927,139.5344849,429.0700073,131.7055664,329.0599976,142.1343079,349.0700073,150.7538452,483.9299927,86.46580505,
460,124.6234589,444.8399963,138.7814636,430,132.1257477,330,143.7435608,350,154.3228149,484.8399963,85.69464874,
461.0599976,121.8695068,445.8999939,136.0262451,431.0599976,129.3355713,331.0700073,148.1399536,351.0700073,156.7019196,485.8999939,86.47632599,
461.9599915,122.9302521,446.9599915,132.4537354,431.9599915,129.7053833,332,151.5516663,352,156.7260132,486.9599915,86.45944214,
463.0299988,120.9764709,447.8699951,134.4454803,433.0299988,121.358139,333.0700073,155.6697998,353.0700073,161.3226166,487.8699951,86.79549408,
463.9299927,119.2630157,448.9299927,135.4403992,433.9299927,121.9042969,334,157.7338104,354,158.6846619,488.9299927,87.07889557,
465,116.8234406,449.8399963,132.907959,435,123.4133148,335.0700073,157.9819641,355.0700073,162.8980255,489.8399963,88.35811615,
466.0599976,114.6753082,450.8999939,129.7134705,436.0599976,119.130806,336,162.4505768,356,166.0608368,490.8900146,88.41899109,
466.9599915,112.958313,451.9599915,131.7100983,436.9599915,115.7673569,337.0700073,162.8659821,357.0700073,166.4779205,491.9400024,90.00077057,
468.0299988,111.1556854,452.8699951,129.9983215,438.0299988,116.3128815,338,165.2189331,358,166.8251801,492.980011,91.32518768,
468.9299927,109.7356873,453.9299927,128.0209198,438.9299927,112.9661942,339.0700073,165.8509979,359.0700073,168.6654205,493.8800049,92.93239594,
470,108.9288025,454.8399963,126.3146515,440,111.562851,340,166.901886,360,169.9743347,494.9200134,95.85152435,
471.0599976,106.2900085,455.8999939,123.5409851,441.0599976,113.0404358,341.0700073,168.1929016,361.0700073,169.5014343,495.9700012,99.22117615,
471.9599915,104.1406403,456.9599915,121.3336487,441.9599915,109.7154694,342,168.5709076,362,169.6335602,496.8599854,101.4215317,
473.0299988,102.4760437,457.8699951,118.410141,443.0299988,106.9228821,343.0700073,170.4945984,363.0700073,171.4772644,497.9100037,105.3771973,
473.9299927,100.0655518,458.9299927,116.7182922,443.9299927,107.1659393,344,165.3925629,364,171.7927856,498.9500122,108.9469681,
475,98.78335571,459.8399963,116.3839722,445,106.8650055,345.0700073,166.6749115,365.0700073,170.8393555,499.8500061,112.3490982,
476.0599976,96.62484741,460.8999939,114.2918472,446.0599976,103.1891327,346,165.6796722,366,171.2276764,500.8900146,116.7904282,
476.9599915,96.2727356,461.9599915,114.8073349,446.9599915,103.109108,347.0700073,165.481369,367.0700073,173.5680389,501.9400024,122.0149307,
478.0299988,93.74853516,462.8699951,110.5310211,448.0299988,99.67100525,348,164.366806,368,173.7847595,502.980011,126.2956772,
478.9299927,93.37187195,463.9299927,108.5841827,448.9299927,98.77155304,349.0700073,161.108902,369.0700073,174.8341827,503.8800049,132.0795135,
480,90.43670654,464.8399963,106.8942871,450,100.4030685,350,159.211441,370,180.2897034,504.9200134,138.6061554,
481.0599976,88.49479675,465.8999939,106.2633514,451.0599976,98.7088623,351.0700073,157.2353363,371.0700073,181.4933777,505.9700012,142.9678345,
481.9599915,88.64276123,466.9599915,102.8408203,451.9599915,96.21391296,352,155.2986298,372,183.6051483,506.8599854,146.7223816,
483.0299988,87.94152832,467.8699951,99.38090515,453.0299988,96.3380661,353.0700073,152.4860535,373.0700073,182.4991455,507.9100037,151.3879395,
483.9299927,87.0224762,468.9299927,100.1145935,453.9299927,93.78509521,354,151.6700287,374,186.1798096,508.9500122,159.8008118,
485,84.87948608,469.8399963,96.22934723,455,91.00091553,355.0700073,147.9550323,375.0700073,185.1343384,509.8500061,163.8359222,
486.0599976,85.57995605,470.8999939,95.15434265,456.0599976,88.82263947,356,146.2137451,376,185.9002533,510.8999939,166.6965942,
486.9599915,83.33039856,471.9599915,92.54590607,456.9599915,87.21451569,357.0700073,145.0276184,377.0700073,188.1181335,511.9599915,170.8377533,
488.0299988,84.39134216,472.8699951,92.27991486,458.0299988,87.17166138,358,141.087677,378,185.1421814,512.8699951,174.6658325,
488.9299927,83.27235413,473.9299927,89.7806015,458.9299927,88.99499512,359.0700073,135.2598114,379.0700073,187.4900665,513.9299927,178.6183929,
490,83.06234741,474.8399963,86.78842163,460,84.01099396,360,133.3998413,380,183.3354797,514.8400269,178.744873,
491.0400085,85.47192383,475.8999939,85.11627197,461.0599976,83.90215302,361.0700073,129.2289581,381.0700073,183.9461212,515.9000244,184.0014648,
491.9400024,86.77842712,476.9599915,85.08443451,461.9599915,80.11659241,362,127.9046631,382,185.7150116,516.960022,183.108429,
492.980011,86.07133484,477.8699951,82.70094299,463.0299988,79.71440887,363.0700073,124.3747101,383.0700073,186.8822632,517.8699951,182.6038055,
494.019989,88.32513428,478.9299927,79.3807373,463.9299927,78.22756195,364,123.0486908,384,187.5790558,518.9299927,183.7449646,
495.0700073,90.33010864,479.8399963,81.754776,465,76.0725174,365.0700073,118.0119934,385.0700073,185.8136139,519.8400269,183.8425903,
495.9700012,91.66101074,480.8999939,78.09883881,466.0599976,74.34814453,366,113.9246674,386,186.377655,520.8900146,180.2847748,
497.0100098,93.3556366,481.9599915,76.07785034,466.9599915,72.95331573,367.0700073,110.2960968,387.0700073,185.2344055,521.9400024,180.2353668,
498.0499878,95.84692383,482.8699951,76.6258316,468.0299988,73.14326477,368,109.703598,388,185.6493225,522.9799805,175.3766937,
498.9500122,100.4111786,483.9299927,74.33639526,468.9299927,69.9389801,369.0700073,105.7215729,389.0700073,185.3172302,523.8800049,175.5492401,
500,104.3985138,484.8399963,75.46854401,470,68.27443695,370,104.9442749,390,186.5447998,524.9199829,171.3699493,
501.0400085,106.6345825,485.8999939,74.57155609,471.0599976,66.5983429,371.0700073,101.2299652,391.0599976,185.2129669,525.9699707,167.8368683,
501.9400024,112.0089417,486.9599915,74.20442963,471.9599915,66.4389801,372,99.00556946,391.9599915,184.2881012,526.8599854,162.5308838,
502.980011,114.5473022,487.8699951,72.71765137,473.0299988,65.9590683,373.0700073,96.3868103,393.0299988,183.5517731,527.9099731,161.2601471,
504.019989,121.2324371,488.9299927,72.52977753,473.9299927,62.72823334,374,92.86824036,393.9299927,184.5104065,528.9500122,157.8801575,
505.0700073,125.7581177,489.8399963,72.1138916,475,62.774086,375.0700073,89.8057251,395,181.911438,529.8499756,152.8478241,
505.9700012,127.701828,490.8900146,73.42298126,476.0599976,60.51702881,376,87.29075623,396.0599976,182.2478943,530.8900146,149.9876709,
507.0100098,136.3118134,491.9400024,73.19851685,476.9599915,58.61354065,377.0700073,83.89477539,396.9599915,182.222702,531.9400024,143.3727417,
508.0499878,137.519043,492.980011,73.78879547,478.0299988,58.09947586,378,81.52301025,398.0299988,180.7238007,532.9799805,139.4777374,
508.9500122,143.3439178,493.8800049,75.84407043,478.9299927,56.88635635,379.0700073,79.20648193,398.9299927,178.9967041,533.8800049,135.3952179,
510,148.5892029,494.9200134,75.30632019,480,55.96767426,380,75.47016907,400,178.7133484,534.9199829,133.0393524,
511.0599976,152.8467255,495.9700012,78.39292145,481.0599976,53.75881195,381.0700073,72.74073792,401.0700073,176.769516,535.9699707,128.3309937,
511.9599915,155.84375,496.8599854,82.5199585,481.9599915,53.37615585,382,70.60940552,402,175.0229034,536.8599854,123.6762924,
513.0300293,157.5838318,497.9100037,83.39044952,483.0299988,53.33227539,383.0700073,66.76127625,403.0700073,175.6704102,537.9099731,121.23629,
513.9299927,157.6871338,498.9500122,87.1047287,483.9299927,51.64278412,384,64.19509888,404,174.9678802,538.9500122,117.1362686,
515,164.5453796,499.8500061,89.15129089,485,51.46129227,385.0700073,60.78289413,405.0700073,174.5209961,539.8499756,115.7228775,
516.0599976,164.4451141,500.8900146,92.79361725,486.0599976,52.59091187,386,58.80784225,406,174.8770142,540.8800049,112.6110458,
516.960022,163.4808044,501.9400024,95.02072144,486.9599915,52.75884247,387.0700073,55.84751511,407.0700073,173.2147064,541.9099731,110.2611313,
518.0300293,167.2313538,502.980011,101.7454605,488.0299988,50.9480896,388,53.17504883,408,171.7448273,542.9400024,107.7291946,
518.9299927,163.6316528,503.8800049,102.864418,488.9299927,50.57053375,389.0700073,50.90421295,409.0700073,170.5747528,543.9699707,102.9581451,
520,164.8557434,504.9200134,109.8927155,490,52.90872192,390,47.98051453,410,168.4933167,544.8499756,101.3221893,
521.039978,164.0059052,505.9700012,113.4918823,491.0400085,51.59049606,391.0599976,45.6757431,411.0599976,167.65065,545.8800049,97.98928833,
521.9400024,159.9407959,506.8599854,118.2111511,491.9400024,52.8915062,391.9599915,43.98888779,411.9599915,167.236618,546.9099731,96.37775421,
522.9799805,159.5922089,507.9100037,120.2758636,492.980011,55.3256073,393.0299988,41.8662529,413.0299988,165.8204651,547.9400024,96.34007263,
524.0200195,154.509903,508.9500122,123.6253357,494.019989,54.05496979,393.9299927,39.77308273,413.9299927,164.6733704,548.9699707,92.36669159,
525.0700073,154.7935638,509.8500061,128.547226,495.0700073,55.81717682,395,36.90924072,415,164.6575165,549.8499756,90.20353699,
525.9699707,149.6911163,510.8999939,132.2793121,495.9700012,58.55732727,396.0599976,34.53367996,416.0599976,162.5924835,550.8900146,89.26301575,
527.0100098,147.4901123,511.9599915,132.9080658,497.0100098,59.44123077,396.9599915,32.31149292,416.9599915,164.9173737,551.9400024,86.72369385,
528.0499878,145.0963898,512.8699951,137.9354095,498.0499878,61.90958405,398.0299988,30.7895546,418.0299988,163.5198975,552.9799805,85.41716766,
528.9500122,139.2052765,513.9299927,139.3487701,498.9500122,62.00816345,398.9299927,29.24426651,418.9299927,163.6210632,553.8800049,83.43252563,
530,136.4683838,514.8400269,142.4437561,500,67.26615906,400,26.74200058,420,163.2549744,554.9199829,80.92617035,
531.039978,131.0055542,515.9000244,143.8540649,501.0400085,69.42539215,401.0700073,24.65686035,421.0700073,163.8154907,555.9699707,81.2190094,
531.9400024,131.2676239,516.960022,142.8787384,501.9400024,73.53765106,402,22.75444221,422,163.7211456,556.8599854,79.8440094,
532.9799805,126.0189819,517.8699951,143.484314,502.980011,76.40008545,403.0700073,21.42837906,423.0700073,162.7229462,557.9099731,78.07365417,
534.0200195,120.8203583,518.9299927,143.8741302,504.019989,77.92254639,404,19.26740074,424,162.0496979,558.9500122,76.16615295,
535.0700073,116.8603973,519.8400269,144.0830994,505.0700073,81.79753876,405.0700073,18.08054543,425.0700073,159.7741699,559.8499756,75.21960449,
535.9699707,115.6803894,520.8900146,142.6990814,505.9700012,86.45558929,406,16.73496628,426,160.3276825,560.8900146,74.09233856,
537.0100098,111.8122864,521.9400024,141.6881561,507.0100098,88.48760986,407.0700073,15.07966614,427.0700073,157.4568176,561.9400024,73.12138367,
538.0499878,108.0122528,522.9799805,138.7396698,508.0499878,91.61130524,408,14.28751945,428,157.0198669,562.9799805,71.35292053,
538.9500122,106.3559418,523.8800049,136.2293854,508.9500122,95.16690826,409.0700073,13.25408173,429.0700073,156.2492981,563.8800049,70.03734589,
540,104.8294373,524.9199829,134.2823334,510,100.7935333,410,12.59405708,430,154.9860077,564.9199829,69.15735626,
541.0200195,100.0712738,525.9699707,130.4772797,511.0599976,100.0311813,,,431.0599976,155.1987,565.9699707,67.50905609,
542.0499878,97.50538635,526.8599854,128.0611877,511.9599915,103.8704071,,,431.9599915,155.9583893,566.8599854,67.72159576,
542.9400024,95.17814636,527.9099731,125.3003387,513.0300293,106.7625351,,,433.0299988,155.0163727,567.9099731,64.50960541,
543.9699707,94.27726746,528.9500122,123.2441864,513.9299927,105.980278,,,433.9299927,154.5130005,568.9500122,64.20187378,
545,92.2293396,529.8499756,120.8047943,515,108.2814407,,,435,153.7614441,569.8499756,63.52682877,
546.0200195,87.90895081,530.8900146,114.3538818,516.0599976,110.0771484,,,436.0599976,153.4417572,570.8800049,62.74235916,
547.0499878,85.37001038,531.9400024,114.3040924,516.960022,110.041687,,,436.9599915,154.0723877,571.9099731,61.72069168,
547.9400024,84.02110291,532.9799805,108.3049164,518.0300293,111.9262466,,,438.0299988,153.2231293,572.9400024,60.50488663,
548.9699707,82.65016174,533.8800049,108.1488647,518.9299927,112.1364136,,,438.9299927,153.3790283,573.9699707,58.96345139,
550,82.5254364,534.9199829,100.8272247,520,109.6297989,,,440,152.8113861,574.8499756,60.2362709,
551.039978,80.94984436,535.9699707,100.0612106,521.039978,110.8212662,,,441.0599976,152.6355743,575.8800049,57.92903519,
551.9400024,77.57511902,536.8599854,97.66571045,521.9400024,108.0656586,,,441.9599915,152.3655548,576.9099731,55.66012192,
552.9799805,76.1072998,537.9099731,95.56203461,522.9799805,108.5966873,,,443.0299988,151.9598083,577.9400024,56.80399704,
554.0200195,76.17756653,538.9500122,93.28093719,524.0200195,104.2480011,,,443.9299927,151.1118774,578.9699707,54.72474289,
555.0700073,74.75289917,539.8499756,89.45055389,525.0700073,103.2708206,,,445,150.6471558,579.8499756,54.31285477,
555.9699707,71.38442993,540.8800049,87.08913422,525.9699707,99.66184235,,,446.0599976,151.0990295,580.8800049,54.78078079,
557.0100098,70.42320251,541.9099731,85.8502655,527.0100098,99.34934235,,,446.9599915,151.515976,581.9099731,53.24821091,
558.0499878,69.2288208,542.9400024,82.59773254,528.0499878,97.17932129,,,448.0299988,151.6296234,582.9400024,51.52179337,
558.9500122,69.36065674,543.9699707,80.79948425,528.9500122,92.09725952,,,448.9299927,148.8300781,583.9699707,52.22383499,
560,66.93899536,544.8499756,81.19565582,530,91.66040039,,,450,147.9244385,584.8499756,51.92142105,
561.039978,67.04931641,545.8800049,76.12059784,531.039978,90.16610718,,,451.0599976,147.1575317,585.8800049,50.88744736,
561.9400024,65.75506592,546.9099731,74.50345612,531.9400024,85.00333405,,,451.9599915,147.2382507,586.9099731,49.37026978,
562.9799805,65.15325928,547.9400024,73.09539032,532.9799805,82.21268463,,,453.0299988,147.3430786,587.9400024,48.79887009,
564.0200195,63.35336685,548.9699707,72.12783051,534.0200195,82.79102325,,,453.9299927,146.6410675,588.9699707,47.069767,
565.0700073,62.82070541,549.8499756,68.52281952,535.0700073,81.19582367,,,455,146.3231812,589.8499756,47.87841034,
565.9699707,62.6201973,550.8900146,68.39263153,535.9699707,76.96679688,,,456.0599976,146.2725525,590.8800049,46.75386047,
567.0100098,60.84086227,551.9400024,69.34405518,537.0100098,74.96642303,,,456.9599915,144.8130493,591.9099731,46.59715652,
568.0499878,58.67568588,552.9799805,68.77242279,538.0499878,72.93182373,,,458.0299988,145.4304962,592.9400024,44.28141785,
568.9500122,57.81427383,553.8800049,66.20571899,538.9500122,71.80784607,,,458.9299927,146.0870514,593.9699707,44.11205292,
570,56.7078743,554.9199829,63.03373718,540,70.42533875,,,460,144.6954651,594.8499756,44.34680939,
571.0200195,56.49379349,555.9699707,61.84017944,541.0200195,68.43477631,,,461.0599976,145.8709717,595.8800049,42.87414932,
572.0499878,55.74131393,556.8599854,62.50267792,542.0499878,65.81970215,,,461.9599915,144.7612152,596.9099731,43.26587677,
572.9400024,55.10789108,557.9099731,60.8757782,542.9400024,66.241539,,,463.0299988,143.812912,597.9400024,41.262043,
573.9699707,54.17837143,558.9500122,58.5279007,543.9699707,64.32305908,,,463.9299927,144.0247955,598.9699707,41.58110428,
575,52.73102188,559.8499756,57.60146332,545,63.72839355,,,465,145.6345062,599.8499756,40.79757309,
576.0200195,52.25386429,560.8900146,58.63256073,546.0200195,60.43862915,,,466.0599976,144.8182373,600.8800049,39.90309525,
577.0499878,52.05913162,561.9400024,57.44636536,547.0499878,58.07830811,,,466.9599915,144.3901215,601.9099731,40.55620193,
577.9400024,49.60283661,562.9799805,57.13594055,547.9400024,59.66183472,,,468.0299988,143.5661621,602.9400024,38.56893539,
578.9699707,50.67361832,563.8800049,56.82176971,548.9699707,57.52065277,,,468.9299927,143.9550323,603.9699707,39.90121078,
580,49.38534546,564.9199829,54.22837067,550,58.13534164,,,470,146.1014252,604.8499756,39.34547806,
581.0200195,48.00608444,565.9699707,54.79081726,551.039978,55.66381836,,,471.0599976,143.9827271,605.8800049,37.95534897,
582.0499878,46.38505554,566.8599854,53.9336319,551.9400024,54.34642029,,,471.9599915,145.3511963,606.9099731,37.71319199,
582.9400024,48.00854874,567.9099731,52.06100464,552.9799805,53.81925583,,,473.0299988,143.9664307,607.9400024,37.2397995,
583.9699707,45.85181046,568.9500122,51.94489288,554.0200195,51.8651123,,,473.9299927,144.7107697,608.9699707,36.76705551,
585,45.26434326,569.8499756,50.87247467,555.0700073,50.32102203,,,475,147.0436707,609.8499756,35.52315903,
586.0200195,45.22194672,570.8800049,50.16526031,555.9699707,49.11586761,,,476.0599976,146.7230835,610.8599854,35.15285492,
587.0499878,44.71291733,571.9099731,49.52751923,557.0100098,50.800354,,,476.9599915,145.8934174,611.8800049,34.2760582,
587.9400024,43.46285629,572.9400024,48.5371933,558.0499878,47.1566391,,,478.0299988,146.5287933,612.8900146,34.57191849,
588.9699707,43.92688751,573.9699707,47.86384583,558.9500122,47.70078659,,,478.9299927,147.0125275,613.9099731,33.71966171,
590,41.81614304,574.8499756,46.32499695,560,47.86953354,,,480,147.4277802,614.9199829,33.50411224,
591.0200195,42.77463913,575.8800049,46.54405975,561.039978,46.89876175,,,481.0400085,147.6085968,615.9400024,33.04994583,
592.0499878,40.68173981,576.9099731,44.92794037,561.9400024,45.98147202,,,481.9400024,151.6349335,616.9500122,31.6872139,
592.9400024,40.97389984,577.9400024,44.61580658,562.9799805,45.4657135,,,482.980011,152.5858154,617.9699707,31.35290146,
593.9699707,41.0942688,578.9699707,44.55554962,564.0200195,45.46036148,,,484.019989,152.1294861,618.9799805,30.73238754,
595,39.45856094,579.8499756,43.49612427,565.0700073,44.41693878,,,485.0700073,153.2953796,619.8499756,31.79294968,
596.0200195,38.96560669,580.8800049,41.79411316,565.9699707,42.65337753,,,485.9700012,153.7543182,620.8800049,30.37254715,
597.0499878,38.40923691,581.9099731,42.25344849,567.0100098,42.16460037,,,487.0100098,152.6032715,621.9099731,29.65034866,
597.9400024,38.52347565,582.9400024,40.48147583,568.0499878,43.03513336,,,488.0499878,153.061554,622.9400024,29.8815918,
598.9699707,37.53539276,583.9699707,39.90884399,568.9500122,40.70985794,,,488.9500122,155.1495056,623.9699707,29.9360466,
600,36.87463379,584.8499756,41.23093414,570,41.74725723,,,490,155.19664,624.8499756,28.90999985,
,,585.8800049,39.17485809,571.0200195,39.51802063,,,491.0599976,157.4081268,625.8800049,29.05604553,
,,586.9099731,40.03178406,572.0499878,40.1425209,,,491.9599915,156.9423981,626.9099731,27.40543365,
,,587.9400024,38.04460144,572.9400024,39.35860443,,,493.0299988,157.3060913,627.9400024,27.68117523,
,,588.9699707,38.97422791,573.9699707,40.1808815,,,493.9299927,158.3472748,628.9699707,27.3444519,
,,589.8499756,38.2011795,575,38.64310837,,,495,156.2946167,629.8499756,25.7808609,
,,590.8800049,37.06693268,576.0200195,38.32064819,,,496.0599976,157.6016846,630.8599854,25.98080063,
,,591.9099731,35.89369965,577.0499878,36.82217026,,,496.9599915,159.6446075,631.8800049,24.76850891,
,,592.9400024,36.70690918,577.9400024,35.80155945,,,498.0299988,160.0771027,632.8900146,25.05878067,
,,593.9699707,35.50489044,578.9699707,35.69841003,,,498.9299927,161.5007477,633.9099731,23.9580574,
,,594.8499756,34.93408203,580,35.2255249,,,500,157.8672943,634.9199829,24.62226868,
,,595.8800049,33.67952728,581.0200195,34.87562561,,,501.0400085,157.4487915,635.9400024,23.83617401,
,,596.9099731,33.91773987,582.0499878,34.88714981,,,501.9400024,155.1834106,636.9500122,22.5152092,
,,597.9400024,34.19940948,582.9400024,32.96836853,,,502.980011,156.3215027,637.9699707,24.10489273,
,,598.9699707,33.5799942,583.9699707,34.01900482,,,504.019989,151.7006683,638.9799805,23.26959229,
,,599.8499756,32.76538086,585,33.52047729,,,505.0700073,151.0890808,639.8499756,22.09180832,
,,600.8800049,34.22997284,586.0200195,33.98426819,,,,,640.8599854,21.10488892,
,,,,587.0499878,32.99647141,,,,,641.8800049,21.31475067,
,,,,587.9400024,31.85691452,,,,,642.8900146,20.97151184,
,,,,588.9699707,32.02700424,,,,,643.9099731,21.52194977,
,,,,590,31.29841995,,,,,644.9199829,20.35287094,
,,,,591.0200195,31.4319458,,,,,645.9400024,19.68944931,
,,,,592.0499878,31.32346344,,,,,646.9500122,20.26528931,
,,,,592.9400024,30.66323853,,,,,647.9699707,20.12974548,
,,,,593.9699707,31.04598618,,,,,648.9799805,18.95111465,
,,,,595,31.34257889,,,,,649.8499756,18.54813004,
,,,,596.0200195,29.08035278,,,,,650.8499756,18.44052887,
,,,,597.0499878,29.59672928,,,,,,,
,,,,597.9400024,28.4776001,,,,,,,
,,,,598.9699707,27.33377075,,,,,,,
,,,,600,27.98462296,,,,,,,

CdSe sonochem 90min ex360,
CdSe sonochem 90min ex360
Collection Time: 8/19/2022 12:47:25 PM
Operator Name  :
Scan Software Version: 1.1(132)
Parameter List :
Instrument                        Cary Eclipse
Instrument Serial Number          E08013467
Data mode                         Fluorescence
Scan mode                         Emission
X Mode                            Wavelength (nm)
Start (nm)                        370.00
Stop (nm)                         600.00
Ex. Wavelength (nm)               360.00
Ex. Slit (nm)                     5
Em. Slit (nm)                     5
Scan rate (nm/min)                600.00
Data interval (nm)                1.0000
Averaging Time (s)                0.1000
Excitation filter                 Auto
Emission filter                   Open
PMT voltage (V)                   Medium
Corrected spectra                 OFF
Method Log     :
Method Name    : Default
Date/Time stamp: 8/19/2022 12:23:21 PM
Method Modifications:
Excitation Wavelength Changed: 8/19/2022 12:28:50 PM, Old: 350.00, New: 300.00
Emission Wavelength Changed: 8/19/2022 12:28:50 PM, Old: 400.00, New: 310.00
Zero Mode Changed: 8/19/2022 12:28:52 PM, Old:OFF, New:Reading
Zero Mode Changed: 8/19/2022 12:28:52 PM, Old:Reading, New:ON
Scan mode: Changed: 8/19/2022 12:30:28 PM, Old:Emission, New:Excitation
Excitation Wavelength Changed: 8/19/2022 12:30:28 PM, Old: 300.00, New: 200.00
Emission Wavelength Changed: 8/19/2022 12:30:28 PM, Old: 310.00, New: 380.00
Stop Wavelength Changed: 8/19/2022 12:30:28 PM, Old: 600.00, New: 370.00
Zero Mode Changed: 8/19/2022 12:30:31 PM, Old:ON, New:Reading
Zero Mode Changed: 8/19/2022 12:30:31 PM, Old:Reading, New:ON
Overlayed Graphs Changed: 8/19/2022 12:31:25 PM, Old:OFF, New:ON
Zero Mode Changed: 8/19/2022 12:31:50 PM, Old:ON, New:Reading
Zero Mode Changed: 8/19/2022 12:31:50 PM, Old:Reading, New:ON
Scan mode: Changed: 8/19/2022 12:33:27 PM, Old:Excitation, New:Emission
Excitation Wavelength Changed: 8/19/2022 12:33:27 PM, Old: 200.00, New: 330.00
Emission Wavelength Changed: 8/19/2022 12:33:27 PM, Old: 380.00, New: 340.00
Stop Wavelength Changed: 8/19/2022 12:33:27 PM, Old: 370.00, New: 700.00
Zero Mode Changed: 8/19/2022 12:33:29 PM, Old:ON, New:Reading
Zero Mode Changed: 8/19/2022 12:33:29 PM, Old:Reading, New:ON
Scan mode: Changed: 8/19/2022 12:35:04 PM, Old:Emission, New:Excitation
Excitation Wavelength Changed: 8/19/2022 12:35:04 PM, Old: 330.00, New: 200.00
Emission Wavelength Changed: 8/19/2022 12:35:04 PM, Old: 340.00, New: 400.00
Stop Wavelength Changed: 8/19/2022 12:35:04 PM, Old: 700.00, New: 390.00
Zero Mode Changed: 8/19/2022 12:35:08 PM, Old:ON, New:Reading
Zero Mode Changed: 8/19/2022 12:35:08 PM, Old:Reading, New:ON
Y min Changed: 8/19/2022 12:38:08 PM, Old:     0.0000, New:   -55.0000
Zero Mode Changed: 8/19/2022 12:38:10 PM, Old:ON, New:Reading
Zero Mode Changed: 8/19/2022 12:38:10 PM, Old:Reading, New:ON
Scan mode: Changed: 8/19/2022 12:39:20 PM, Old:Excitation, New:Emission
Excitation Wavelength Changed: 8/19/2022 12:39:20 PM, Old: 200.00, New: 336.00
Emission Wavelength Changed: 8/19/2022 12:39:20 PM, Old: 400.00, New: 346.00
Stop Wavelength Changed: 8/19/2022 12:39:20 PM, Old: 390.00, New: 600.00
Zero Mode Changed: 8/19/2022 12:39:22 PM, Old:ON, New:Reading
Zero Mode Changed: 8/19/2022 12:39:22 PM, Old:Reading, New:ON
Stop Wavelength Changed: 8/19/2022 12:40:10 PM, Old: 600.00, New: 700.00
Zero Mode Changed: 8/19/2022 12:40:38 PM, Old:ON, New:Reading
Zero Mode Changed: 8/19/2022 12:40:38 PM, Old:Reading, New:ON
Y min Changed: 8/19/2022 12:42:47 PM, Old:   -55.0000, New:     0.0000
Scan mode: Changed: 8/19/2022 12:42:47 PM, Old:Emission, New:Excitation
Excitation Wavelength Changed: 8/19/2022 12:42:47 PM, Old: 336.00, New: 200.00
Emission Wavelength Changed: 8/19/2022 12:42:47 PM, Old: 346.00, New: 410.00
Stop Wavelength Changed: 8/19/2022 12:42:47 PM, Old: 700.00, New: 400.00
Zero Mode Changed: 8/19/2022 12:42:51 PM, Old:ON, New:Reading
Zero Mode Changed: 8/19/2022 12:42:51 PM, Old:Reading, New:ON
Scan mode: Changed: 8/19/2022 12:54:44 PM, Old:Excitation, New:Emission
Excitation Wavelength Changed: 8/19/2022 12:54:44 PM, Old: 200.00, New: 335.00
Emission Wavelength Changed: 8/19/2022 12:54:44 PM, Old: 410.00, New: 345.00
Stop Wavelength Changed: 8/19/2022 12:54:44 PM, Old: 400.00, New: 600.00
Zero Mode Changed: 8/19/2022 12:54:46 PM, Old:ON, New:Reading
Zero Mode Changed: 8/19/2022 12:54:46 PM, Old:Reading, New:ON
Scan mode: Changed: 8/19/2022 12:55:39 PM, Old:Emission, New:Excitation
Excitation Wavelength Changed: 8/19/2022 12:55:39 PM, Old: 335.00, New: 240.00
Emission Wavelength Changed: 8/19/2022 12:55:39 PM, Old: 345.00, New: 410.00
Stop Wavelength Changed: 8/19/2022 12:55:39 PM, Old: 600.00, New: 400.00
Zero Mode Changed: 8/19/2022 12:55:42 PM, Old:ON, New:Reading
Zero Mode Changed: 8/19/2022 12:55:42 PM, Old:Reading, New:ON
Scan mode: Changed: 8/19/2022 12:56:21 PM, Old:Excitation, New:Emission
Excitation Wavelength Changed: 8/19/2022 12:56:21 PM, Old: 240.00, New: 340.00
Emission Wavelength Changed: 8/19/2022 12:56:21 PM, Old: 410.00, New: 350.00
Stop Wavelength Changed: 8/19/2022 12:56:21 PM, Old: 400.00, New: 600.00
Zero Mode Changed: 8/19/2022 12:56:24 PM, Old:ON, New:Reading
Zero Mode Changed: 8/19/2022 12:56:24 PM, Old:Reading, New:ON
Scan mode: Changed: 8/19/2022 12:57:53 PM, Old:Emission, New:Excitation
User Delta Stop Changed: 8/19/2022 12:57:53 PM, Old: 450.00, New: 500.00
User Delta Increment Changed: 8/19/2022 12:57:53 PM, Old:  10.00, New:   0.15
Excitation Wavelength Changed: 8/19/2022 12:57:53 PM, Old: 340.00, New: 260.00
Emission Wavelength Changed: 8/19/2022 12:57:53 PM, Old: 350.00, New: 500.00
Stop Wavelength Changed: 8/19/2022 12:57:53 PM, Old: 600.00, New: 490.00
Zero Mode Changed: 8/19/2022 12:57:56 PM, Old:ON, New:Reading
Zero Mode Changed: 8/19/2022 12:57:56 PM, Old:Reading, New:ON
Scan mode: Changed: 8/19/2022 12:58:50 PM, Old:Excitation, New:Emission
Excitation Wavelength Changed: 8/19/2022 12:58:50 PM, Old: 260.00, New: 380.00
Emission Wavelength Changed: 8/19/2022 12:58:50 PM, Old: 500.00, New: 390.00
Stop Wavelength Changed: 8/19/2022 12:58:50 PM, Old: 490.00, New: 650.00
Zero Mode Changed: 8/19/2022 12:58:52 PM, Old:ON, New:Reading
Zero Mode Changed: 8/19/2022 12:58:52 PM, Old:Reading, New:ON
Scan mode: Changed: 8/19/2022 12:59:47 PM, Old:Emission, New:Excitation
Excitation Wavelength Changed: 8/19/2022 12:59:47 PM, Old: 380.00, New: 240.00
Emission Wavelength Changed: 8/19/2022 12:59:47 PM, Old: 390.00, New: 420.00
Stop Wavelength Changed: 8/19/2022 12:59:47 PM, Old: 650.00, New: 410.00
Zero Mode Changed: 8/19/2022 12:59:51 PM, Old:ON, New:Reading
Zero Mode Changed: 8/19/2022 12:59:51 PM, Old:Reading, New:ON
Scan mode: Changed: 8/19/2022 1:00:29 PM, Old:Excitation, New:Emission
Excitation Wavelength Changed: 8/19/2022 1:00:29 PM, Old: 240.00, New: 345.00
Emission Wavelength Changed: 8/19/2022 1:00:29 PM, Old: 420.00, New: 355.00
Stop Wavelength Changed: 8/19/2022 1:00:29 PM, Old: 410.00, New: 600.00
Zero Mode Changed: 8/19/2022 1:00:30 PM, Old:ON, New:Reading
Zero Mode Changed: 8/19/2022 1:00:31 PM, Old:Reading, New:ON
Excitation Wavelength Changed: 8/19/2022 1:01:14 PM, Old: 345.00, New: 350.00
Emission Wavelength Changed: 8/19/2022 1:01:14 PM, Old: 355.00, New: 360.00
Zero Mode Changed: 8/19/2022 1:01:16 PM, Old:ON, New:Reading
Zero Mode Changed: 8/19/2022 1:01:17 PM, Old:Reading, New:ON
Excitation Wavelength Changed: 8/19/2022 1:01:56 PM, Old: 350.00, New: 355.00
Emission Wavelength Changed: 8/19/2022 1:01:56 PM, Old: 360.00, New: 365.00
Zero Mode Changed: 8/19/2022 1:01:58 PM, Old:ON, New:Reading
Zero Mode Changed: 8/19/2022 1:01:59 PM, Old:Reading, New:ON
Excitation Wavelength Changed: 8/19/2022 1:02:40 PM, Old: 355.00, New: 360.00
Emission Wavelength Changed: 8/19/2022 1:02:40 PM, Old: 365.00, New: 370.00
Zero Mode Changed: 8/19/2022 1:02:42 PM, Old:ON, New:Reading
Zero Mode Changed: 8/19/2022 1:02:42 PM, Old:Reading, New:ON
Excitation Wavelength Changed: 8/19/2022 1:03:20 PM, Old: 360.00, New: 365.00
Emission Wavelength Changed: 8/19/2022 1:03:20 PM, Old: 370.00, New: 375.00
Zero Mode Changed: 8/19/2022 1:03:23 PM, Old:ON, New:Reading
Zero Mode Changed: 8/19/2022 1:03:23 PM, Old:Reading, New:ON
Scan mode: Changed: 8/19/2022 1:04:11 PM, Old:Emission, New:Excitation
Excitation Wavelength Changed: 8/19/2022 1:04:11 PM, Old: 365.00, New: 240.00
Emission Wavelength Changed: 8/19/2022 1:04:11 PM, Old: 375.00, New: 430.00
Stop Wavelength Changed: 8/19/2022 1:04:11 PM, Old: 600.00, New: 420.00
Zero Mode Changed: 8/19/2022 1:04:14 PM, Old:ON, New:Reading
Zero Mode Changed: 8/19/2022 1:04:14 PM, Old:Reading, New:ON
Emission Wavelength Changed: 8/19/2022 1:04:52 PM, Old: 430.00, New: 440.00
Stop Wavelength Changed: 8/19/2022 1:04:52 PM, Old: 420.00, New: 430.00
Zero Mode Changed: 8/19/2022 1:04:53 PM, Old:ON, New:Reading
Zero Mode Changed: 8/19/2022 1:04:53 PM, Old:Reading, New:ON
Emission Wavelength Changed: 8/19/2022 1:05:43 PM, Old: 440.00, New: 450.00
Stop Wavelength Changed: 8/19/2022 1:05:43 PM, Old: 430.00, New: 440.00
Zero Mode Changed: 8/19/2022 1:05:44 PM, Old:ON, New:Reading
Zero Mode Changed: 8/19/2022 1:05:44 PM, Old:Reading, New:ON
Scan mode: Changed: 8/19/2022 1:09:39 PM, Old:Excitation, New:Emission
Excitation Wavelength Changed: 8/19/2022 1:09:39 PM, Old: 240.00, New: 330.00
Emission Wavelength Changed: 8/19/2022 1:09:39 PM, Old: 450.00, New: 340.00
Stop Wavelength Changed: 8/19/2022 1:09:39 PM, Old: 440.00, New: 600.00
Zero Mode Changed: 8/19/2022 1:09:40 PM, Old:ON, New:Reading
Zero Mode Changed: 8/19/2022 1:09:40 PM, Old:Reading, New:ON
Scan mode: Changed: 8/19/2022 1:10:32 PM, Old:Emission, New:Excitation
Excitation Wavelength Changed: 8/19/2022 1:10:32 PM, Old: 330.00, New: 240.00
Emission Wavelength Changed: 8/19/2022 1:10:32 PM, Old: 340.00, New: 400.00
Stop Wavelength Changed: 8/19/2022 1:10:32 PM, Old: 600.00, New: 390.00
Zero Mode Changed: 8/19/2022 1:10:35 PM, Old:ON, New:Reading
Zero Mode Changed: 8/19/2022 1:10:35 PM, Old:Reading, New:ON
Scan mode: Changed: 8/19/2022 1:11:56 PM, Old:Excitation, New:Emission
3-D Mode Changed: 8/19/2022 1:11:56 PM, Old:OFF, New:ON
User Delta Stop Changed: 8/19/2022 1:11:56 PM, Old: 500.00, New: 380.00
User Delta Increment Changed: 8/19/2022 1:11:56 PM, Old:   0.15, New:   5.00
Excitation Wavelength Changed: 8/19/2022 1:11:56 PM, Old: 240.00, New: 335.00
Emission Wavelength Changed: 8/19/2022 1:11:56 PM, Old: 400.00, New: 390.00
Stop Wavelength Changed: 8/19/2022 1:11:56 PM, Old: 390.00, New: 600.00
Zero Mode Changed: 8/19/2022 1:11:58 PM, Old:ON, New:Reading
Zero Mode Changed: 8/19/2022 1:11:58 PM, Old:Reading, New:ON
Excitation Wavelength Changed: 8/19/2022 1:12:28 PM, Old: 335.00, New: 340.00
Excitation Wavelength Changed: 8/19/2022 1:12:50 PM, Old: 340.00, New: 345.00
Excitation Wavelength Changed: 8/19/2022 1:13:12 PM, Old: 345.00, New: 350.00
Excitation Wavelength Changed: 8/19/2022 1:13:34 PM, Old: 350.00, New: 355.00
Excitation Wavelength Changed: 8/19/2022 1:13:56 PM, Old: 355.00, New: 360.00
Excitation Wavelength Changed: 8/19/2022 1:14:17 PM, Old: 360.00, New: 365.00
Excitation Wavelength Changed: 8/19/2022 1:14:39 PM, Old: 365.00, New: 370.00
Excitation Wavelength Changed: 8/19/2022 1:15:02 PM, Old: 370.00, New: 375.00
Excitation Wavelength Changed: 8/19/2022 1:15:24 PM, Old: 375.00, New: 380.00
Excitation Wavelength Changed: 8/19/2022 1:15:46 PM, Old: 380.00, New: 335.00
Scan mode: Changed: 8/19/2022 1:16:01 PM, Old:Emission, New:Excitation
3-D Mode Changed: 8/19/2022 1:16:01 PM, Old:ON, New:OFF
User Delta Stop Changed: 8/19/2022 1:16:01 PM, Old: 380.00, New: 500.00
User Delta Increment Changed: 8/19/2022 1:16:01 PM, Old:   5.00, New:   0.15
Excitation Wavelength Changed: 8/19/2022 1:16:01 PM, Old: 335.00, New: 260.00
Emission Wavelength Changed: 8/19/2022 1:16:01 PM, Old: 390.00, New: 500.00
Stop Wavelength Changed: 8/19/2022 1:16:01 PM, Old: 600.00, New: 490.00
Zero Mode Changed: 8/19/2022 1:16:04 PM, Old:ON, New:Reading
Zero Mode Changed: 8/19/2022 1:16:05 PM, Old:Reading, New:ON
Excitation Wavelength Changed: 8/19/2022 1:16:58 PM, Old: 260.00, New: 240.00
Emission Wavelength Changed: 8/19/2022 1:16:58 PM, Old: 500.00, New: 420.00
Stop Wavelength Changed: 8/19/2022 1:16:58 PM, Old: 490.00, New: 410.00
Zero Mode Changed: 8/19/2022 1:16:59 PM, Old:ON, New:Reading
Zero Mode Changed: 8/19/2022 1:17:00 PM, Old:Reading, New:ON
Emission Wavelength Changed: 8/19/2022 1:17:50 PM, Old: 420.00, New: 380.00
Stop Wavelength Changed: 8/19/2022 1:17:50 PM, Old: 410.00, New: 370.00
Zero Mode Changed: 8/19/2022 1:17:51 PM, Old:ON, New:Reading
Zero Mode Changed: 8/19/2022 1:17:52 PM, Old:Reading, New:ON
Scan mode: Changed: 8/19/2022 1:18:25 PM, Old:Excitation, New:Emission
Excitation Wavelength Changed: 8/19/2022 1:18:25 PM, Old: 240.00, New: 340.00
Emission Wavelength Changed: 8/19/2022 1:18:25 PM, Old: 380.00, New: 350.00
Stop Wavelength Changed: 8/19/2022 1:18:25 PM, Old: 370.00, New: 600.00
Zero Mode Changed: 8/19/2022 1:18:26 PM, Old:ON, New:Reading
Zero Mode Changed: 8/19/2022 1:18:27 PM, Old:Reading, New:ON
Excitation Wavelength Changed: 8/19/2022 1:19:09 PM, Old: 340.00, New: 350.00
Emission Wavelength Changed: 8/19/2022 1:19:09 PM, Old: 350.00, New: 360.00
Zero Mode Changed: 8/19/2022 1:19:11 PM, Old:ON, New:Reading
Zero Mode Changed: 8/19/2022 1:19:12 PM, Old:Reading, New:ON
Excitation Wavelength Changed: 8/19/2022 1:19:57 PM, Old: 350.00, New: 320.00
Emission Wavelength Changed: 8/19/2022 1:19:57 PM, Old: 360.00, New: 310.00
Emission Wavelength Changed: 8/19/2022 1:20:01 PM, Old: 310.00, New: 330.00
Zero Mode Changed: 8/19/2022 1:20:03 PM, Old:ON, New:Reading
Zero Mode Changed: 8/19/2022 1:20:03 PM, Old:Reading, New:ON
3-D Mode Changed: 8/19/2022 12:24:35 PM, Old:OFF, New:ON
User Delta Stop Changed: 8/19/2022 12:24:35 PM, Old: 500.00, New: 340.00
User Delta Increment Changed: 8/19/2022 12:24:35 PM, Old:   0.15, New:   5.00
Emission Wavelength Changed: 8/19/2022 12:24:35 PM, Old: 330.00, New: 350.00
Zero Mode Changed: 8/19/2022 12:24:37 PM, Old:ON, New:Reading
Zero Mode Changed: 8/19/2022 12:24:37 PM, Old:Reading, New:ON
Excitation Wavelength Changed: 8/19/2022 12:25:22 PM, Old: 320.00, New: 325.00
Excitation Wavelength Changed: 8/19/2022 12:25:48 PM, Old: 325.00, New: 330.00
Excitation Wavelength Changed: 8/19/2022 12:26:14 PM, Old: 330.00, New: 335.00
Excitation Wavelength Changed: 8/19/2022 12:26:39 PM, Old: 335.00, New: 340.00
Excitation Wavelength Changed: 8/19/2022 12:27:06 PM, Old: 340.00, New: 320.00
3-D Mode Changed: 8/19/2022 12:27:42 PM, Old:ON, New:OFF
User Delta Stop Changed: 8/19/2022 12:27:42 PM, Old: 340.00, New: 345.00
User Delta Increment Changed: 8/19/2022 12:27:42 PM, Old:   5.00, New:   0.15
Excitation Wavelength Changed: 8/19/2022 12:27:42 PM, Old: 320.00, New: 345.00
Emission Wavelength Changed: 8/19/2022 12:27:42 PM, Old: 350.00, New: 355.00
Ex. Slit Width (nm): Changed: 8/19/2022 12:28:29 PM, Old:5, New:10
Zero Mode Changed: 8/19/2022 12:28:29 PM, Old:ON, New:OFF
Zero Mode Changed: 8/19/2022 12:28:31 PM, Old:OFF, New:Reading
Zero Mode Changed: 8/19/2022 12:28:32 PM, Old:Reading, New:ON
3-D Mode Changed: 8/19/2022 12:29:37 PM, Old:OFF, New:ON
User Delta Stop Changed: 8/19/2022 12:29:37 PM, Old: 345.00, New: 360.00
User Delta Increment Changed: 8/19/2022 12:29:37 PM, Old:   0.15, New:  10.00
Excitation Wavelength Changed: 8/19/2022 12:29:37 PM, Old: 345.00, New: 320.00
Emission Wavelength Changed: 8/19/2022 12:29:37 PM, Old: 355.00, New: 370.00
Zero Mode Changed: 8/19/2022 12:29:38 PM, Old:ON, New:Reading
Zero Mode Changed: 8/19/2022 12:29:38 PM, Old:Reading, New:ON
Excitation Wavelength Changed: 8/19/2022 12:30:11 PM, Old: 320.00, New: 330.00
Excitation Wavelength Changed: 8/19/2022 12:30:35 PM, Old: 330.00, New: 340.00
Excitation Wavelength Changed: 8/19/2022 12:30:59 PM, Old: 340.00, New: 350.00
Excitation Wavelength Changed: 8/19/2022 12:31:23 PM, Old: 350.00, New: 360.00
Excitation Wavelength Changed: 8/19/2022 12:31:47 PM, Old: 360.00, New: 320.00
User Delta Stop Changed: 8/19/2022 12:32:10 PM, Old: 360.00, New: 400.00
User Delta Increment Changed: 8/19/2022 12:32:10 PM, Old:  10.00, New:   0.15
Excitation Wavelength Changed: 8/19/2022 12:32:10 PM, Old: 320.00, New: 360.00
Emission Wavelength Changed: 8/19/2022 12:32:10 PM, Old: 370.00, New: 410.00
Zero Mode Changed: 8/19/2022 12:32:12 PM, Old:ON, New:Reading
Zero Mode Changed: 8/19/2022 12:32:12 PM, Old:Reading, New:ON
Excitation Wavelength Changed: 8/19/2022 12:32:43 PM, Old: 360.00, New: 360.15
Excitation Wavelength Changed: 8/19/2022 12:32:52 PM, Old: 360.15, New: 360.30
Scan mode: Changed: 8/19/2022 12:33:47 PM, Old:Emission, New:Excitation
3-D Mode Changed: 8/19/2022 12:33:47 PM, Old:ON, New:OFF
User Delta Stop Changed: 8/19/2022 12:33:47 PM, Old: 400.00, New: 420.00
Excitation Wavelength Changed: 8/19/2022 12:33:47 PM, Old: 360.30, New: 240.00
Emission Wavelength Changed: 8/19/2022 12:33:47 PM, Old: 410.00, New: 420.00
Stop Wavelength Changed: 8/19/2022 12:33:47 PM, Old: 600.00, New: 410.00
Zero Mode Changed: 8/19/2022 12:33:50 PM, Old:ON, New:Reading
Zero Mode Changed: 8/19/2022 12:33:51 PM, Old:Reading, New:ON
Scan mode: Changed: 8/19/2022 12:35:05 PM, Old:Excitation, New:Emission
Excitation Wavelength Changed: 8/19/2022 12:35:05 PM, Old: 240.00, New: 345.00
Emission Wavelength Changed: 8/19/2022 12:35:05 PM, Old: 420.00, New: 355.00
Stop Wavelength Changed: 8/19/2022 12:35:05 PM, Old: 410.00, New: 600.00
Zero Mode Changed: 8/19/2022 12:35:07 PM, Old:ON, New:Reading
Zero Mode Changed: 8/19/2022 12:35:07 PM, Old:Reading, New:ON
Scan mode: Changed: 8/19/2022 12:36:01 PM, Old:Emission, New:Excitation
Ex. Slit Width (nm): Changed: 8/19/2022 12:36:01 PM, Old:10, New:5
Excitation Wavelength Changed: 8/19/2022 12:36:01 PM, Old: 345.00, New: 240.00
Emission Wavelength Changed: 8/19/2022 12:36:01 PM, Old: 355.00, New: 420.00
Stop Wavelength Changed: 8/19/2022 12:36:01 PM, Old: 600.00, New: 410.00
Zero Mode Changed: 8/19/2022 12:36:01 PM, Old:ON, New:OFF
Zero Mode Changed: 8/19/2022 12:36:04 PM, Old:OFF, New:Reading
Zero Mode Changed: 8/19/2022 12:36:05 PM, Old:Reading, New:ON
Scan mode: Changed: 8/19/2022 12:37:05 PM, Old:Excitation, New:Emission
Excitation Wavelength Changed: 8/19/2022 12:37:05 PM, Old: 240.00, New: 345.00
Emission Wavelength Changed: 8/19/2022 12:37:05 PM, Old: 420.00, New: 355.00
Stop Wavelength Changed: 8/19/2022 12:37:05 PM, Old: 410.00, New: 600.00
Zero Mode Changed: 8/19/2022 12:37:06 PM, Old:ON, New:Reading
Zero Mode Changed: 8/19/2022 12:37:07 PM, Old:Reading, New:ON
Scan mode: Changed: 8/19/2022 12:37:59 PM, Old:Emission, New:Excitation
User Delta Stop Changed: 8/19/2022 12:37:59 PM, Old: 420.00, New: 500.00
Excitation Wavelength Changed: 8/19/2022 12:37:59 PM, Old: 345.00, New: 260.00
Emission Wavelength Changed: 8/19/2022 12:37:59 PM, Old: 355.00, New: 500.00
Stop Wavelength Changed: 8/19/2022 12:37:59 PM, Old: 600.00, New: 490.00
Zero Mode Changed: 8/19/2022 12:38:02 PM, Old:ON, New:Reading
Zero Mode Changed: 8/19/2022 12:38:02 PM, Old:Reading, New:ON
Scan mode: Changed: 8/19/2022 12:39:01 PM, Old:Excitation, New:Emission
Excitation Wavelength Changed: 8/19/2022 12:39:01 PM, Old: 260.00, New: 380.00
Emission Wavelength Changed: 8/19/2022 12:39:01 PM, Old: 500.00, New: 390.00
Stop Wavelength Changed: 8/19/2022 12:39:01 PM, Old: 490.00, New: 600.00
Zero Mode Changed: 8/19/2022 12:39:04 PM, Old:ON, New:Reading
Zero Mode Changed: 8/19/2022 12:39:04 PM, Old:Reading, New:ON
Zero Mode Changed: 8/19/2022 12:44:08 PM, Old:ON, New:Reading
Zero Mode Changed: 8/19/2022 12:44:08 PM, Old:Reading, New:ON
Scan mode: Changed: 8/19/2022 12:44:55 PM, Old:Emission, New:Excitation
User Delta Stop Changed: 8/19/2022 12:44:55 PM, Old: 500.00, New: 520.00
Excitation Wavelength Changed: 8/19/2022 12:44:55 PM, Old: 380.00, New: 270.00
Emission Wavelength Changed: 8/19/2022 12:44:55 PM, Old: 390.00, New: 520.00
Stop Wavelength Changed: 8/19/2022 12:44:55 PM, Old: 600.00, New: 510.00
Zero Mode Changed: 8/19/2022 12:44:59 PM, Old:ON, New:Reading
Zero Mode Changed: 8/19/2022 12:44:59 PM, Old:Reading, New:ON
Scan mode: Changed: 8/19/2022 12:45:55 PM, Old:Excitation, New:Emission
Excitation Wavelength Changed: 8/19/2022 12:45:55 PM, Old: 270.00, New: 400.00
Emission Wavelength Changed: 8/19/2022 12:45:55 PM, Old: 520.00, New: 410.00
Stop Wavelength Changed: 8/19/2022 12:45:55 PM, Old: 510.00, New: 650.00
Zero Mode Changed: 8/19/2022 12:45:58 PM, Old:ON, New:Reading
Zero Mode Changed: 8/19/2022 12:45:58 PM, Old:Reading, New:ON
Scan mode: Changed: 8/19/2022 12:46:40 PM, Old:Emission, New:Excitation
Excitation Wavelength Changed: 8/19/2022 12:46:40 PM, Old: 400.00, New: 240.00
Emission Wavelength Changed: 8/19/2022 12:46:40 PM, Old: 410.00, New: 455.00
Stop Wavelength Changed: 8/19/2022 12:46:40 PM, Old: 650.00, New: 445.00
Zero Mode Changed: 8/19/2022 12:46:43 PM, Old:ON, New:Reading
Zero Mode Changed: 8/19/2022 12:46:44 PM, Old:Reading, New:ON
Scan mode: Changed: 8/19/2022 12:47:34 PM, Old:Excitation, New:Emission
Excitation Wavelength Changed: 8/19/2022 12:47:34 PM, Old: 240.00, New: 375.00
Emission Wavelength Changed: 8/19/2022 12:47:34 PM, Old: 455.00, New: 385.00
Stop Wavelength Changed: 8/19/2022 12:47:34 PM, Old: 445.00, New: 600.00
Zero Mode Changed: 8/19/2022 12:47:36 PM, Old:ON, New:Reading
Zero Mode Changed: 8/19/2022 12:47:36 PM, Old:Reading, New:ON
Excitation Wavelength Changed: 8/19/2022 12:48:20 PM, Old: 375.00, New: 330.00
Emission Wavelength Changed: 8/19/2022 12:48:20 PM, Old: 385.00, New: 340.00
Zero Mode Changed: 8/19/2022 12:48:23 PM, Old:ON, New:Reading
Zero Mode Changed: 8/19/2022 12:48:23 PM, Old:Reading, New:ON
Scan mode: Changed: 8/19/2022 12:49:11 PM, Old:Emission, New:Excitation
Excitation Wavelength Changed: 8/19/2022 12:49:11 PM, Old: 330.00, New: 240.00
Emission Wavelength Changed: 8/19/2022 12:49:11 PM, Old: 340.00, New: 510.00
Stop Wavelength Changed: 8/19/2022 12:49:11 PM, Old: 600.00, New: 400.00
Zero Mode Changed: 8/19/2022 12:49:14 PM, Old:ON, New:Reading
Zero Mode Changed: 8/19/2022 12:49:14 PM, Old:Reading, New:ON
Emission Wavelength Changed: 8/19/2022 12:49:54 PM, Old: 510.00, New: 410.00
Zero Mode Changed: 8/19/2022 12:49:55 PM, Old:ON, New:Reading
Zero Mode Changed: 8/19/2022 12:49:56 PM, Old:Reading, New:ON
Scan mode: Changed: 8/19/2022 12:50:44 PM, Old:Excitation, New:Emission
Excitation Wavelength Changed: 8/19/2022 12:50:44 PM, Old: 240.00, New: 340.00
Emission Wavelength Changed: 8/19/2022 12:50:44 PM, Old: 410.00, New: 350.00
Stop Wavelength Changed: 8/19/2022 12:50:44 PM, Old: 400.00, New: 600.00
Zero Mode Changed: 8/19/2022 12:50:46 PM, Old:ON, New:Reading
Zero Mode Changed: 8/19/2022 12:50:46 PM, Old:Reading, New:ON
Scan mode: Changed: 8/19/2022 12:51:44 PM, Old:Emission, New:Excitation
Excitation Wavelength Changed: 8/19/2022 12:51:44 PM, Old: 340.00, New: 240.00
Emission Wavelength Changed: 8/19/2022 12:51:44 PM, Old: 350.00, New: 425.00
Stop Wavelength Changed: 8/19/2022 12:51:44 PM, Old: 600.00, New: 415.00
Zero Mode Changed: 8/19/2022 12:51:47 PM, Old:ON, New:Reading
Zero Mode Changed: 8/19/2022 12:51:47 PM, Old:Reading, New:ON
Scan mode: Changed: 8/19/2022 12:52:54 PM, Old:Excitation, New:Emission
Excitation Wavelength Changed: 8/19/2022 12:52:54 PM, Old: 240.00, New: 350.00
Emission Wavelength Changed: 8/19/2022 12:52:54 PM, Old: 425.00, New: 360.00
Stop Wavelength Changed: 8/19/2022 12:52:54 PM, Old: 415.00, New: 600.00
Zero Mode Changed: 8/19/2022 12:52:55 PM, Old:ON, New:Reading
Zero Mode Changed: 8/19/2022 12:52:56 PM, Old:Reading, New:ON
Scan mode: Changed: 8/19/2022 12:54:53 PM, Old:Emission, New:Excitation
Excitation Wavelength Changed: 8/19/2022 12:54:53 PM, Old: 350.00, New: 240.00
Emission Wavelength Changed: 8/19/2022 12:54:53 PM, Old: 360.00, New: 455.00
Stop Wavelength Changed: 8/19/2022 12:54:53 PM, Old: 600.00, New: 445.00
Zero Mode Changed: 8/19/2022 12:54:56 PM, Old:ON, New:Reading
Zero Mode Changed: 8/19/2022 12:54:56 PM, Old:Reading, New:ON
Emission Wavelength Changed: 8/19/2022 1:03:51 PM, Old: 455.00, New: 420.00
Stop Wavelength Changed: 8/19/2022 1:03:51 PM, Old: 445.00, New: 410.00
Zero Mode Changed: 8/19/2022 1:03:52 PM, Old:ON, New:Reading
Zero Mode Changed: 8/19/2022 1:03:53 PM, Old:Reading, New:ON
Scan mode: Changed: 8/19/2022 1:05:10 PM, Old:Excitation, New:Emission
Excitation Wavelength Changed: 8/19/2022 1:05:10 PM, Old: 240.00, New: 330.00
Emission Wavelength Changed: 8/19/2022 1:05:10 PM, Old: 420.00, New: 340.00
Stop Wavelength Changed: 8/19/2022 1:05:10 PM, Old: 410.00, New: 600.00
Zero Mode Changed: 8/19/2022 1:05:12 PM, Old:ON, New:Reading
Zero Mode Changed: 8/19/2022 1:05:13 PM, Old:Reading, New:ON
Scan mode: Changed: 8/19/2022 1:06:04 PM, Old:Emission, New:Excitation
Excitation Wavelength Changed: 8/19/2022 1:06:04 PM, Old: 330.00, New: 240.00
Emission Wavelength Changed: 8/19/2022 1:06:04 PM, Old: 340.00, New: 410.00
Stop Wavelength Changed: 8/19/2022 1:06:04 PM, Old: 600.00, New: 400.00
Zero Mode Changed: 8/19/2022 1:06:06 PM, Old:ON, New:Reading
Zero Mode Changed: 8/19/2022 1:06:07 PM, Old:Reading, New:ON
Scan mode: Changed: 8/19/2022 1:06:48 PM, Old:Excitation, New:Emission
Excitation Wavelength Changed: 8/19/2022 1:06:48 PM, Old: 240.00, New: 270.00
Emission Wavelength Changed: 8/19/2022 1:06:48 PM, Old: 410.00, New: 280.00
Stop Wavelength Changed: 8/19/2022 1:06:48 PM, Old: 400.00, New: 550.00
Zero Mode Changed: 8/19/2022 1:06:50 PM, Old:ON, New:Reading
Zero Mode Changed: 8/19/2022 1:06:50 PM, Old:Reading, New:ON
Scan mode: Changed: 8/19/2022 1:08:11 PM, Old:Emission, New:Excitation
Excitation Wavelength Changed: 8/19/2022 1:08:11 PM, Old: 270.00, New: 250.00
Emission Wavelength Changed: 8/19/2022 1:08:11 PM, Old: 280.00, New: 380.00
Stop Wavelength Changed: 8/19/2022 1:08:11 PM, Old: 550.00, New: 370.00
Zero Mode Changed: 8/19/2022 1:08:12 PM, Old:ON, New:Reading
Zero Mode Changed: 8/19/2022 1:08:13 PM, Old:Reading, New:ON
Excitation Wavelength Changed: 8/19/2022 1:08:45 PM, Old: 250.00, New: 240.00
Zero Mode Changed: 8/19/2022 1:08:47 PM, Old:ON, New:Reading
Zero Mode Changed: 8/19/2022 1:08:48 PM, Old:Reading, New:ON
Zero Mode Changed: 8/19/2022 1:09:22 PM, Old:ON, New:Reading
Zero Mode Changed: 8/19/2022 1:09:23 PM, Old:Reading, New:ON
Zero Mode Changed: 8/19/2022 1:09:57 PM, Old:ON, New:Reading
Zero Mode Changed: 8/19/2022 1:09:57 PM, Old:Reading, New:ON
Emission Wavelength Changed: 8/19/2022 1:11:16 PM, Old: 380.00, New: 420.00
Stop Wavelength Changed: 8/19/2022 1:11:16 PM, Old: 370.00, New: 410.00
Zero Mode Changed: 8/19/2022 1:11:17 PM, Old:ON, New:Reading
Zero Mode Changed: 8/19/2022 1:11:17 PM, Old:Reading, New:ON
Zero Mode Changed: 8/19/2022 1:12:21 PM, Old:ON, New:Reading
Zero Mode Changed: 8/19/2022 1:12:21 PM, Old:Reading, New:ON
Emission Wavelength Changed: 8/19/2022 1:12:57 PM, Old: 420.00, New: 410.00
Stop Wavelength Changed: 8/19/2022 1:12:57 PM, Old: 410.00, New: 400.00
Zero Mode Changed: 8/19/2022 1:12:59 PM, Old:ON, New:Reading
Zero Mode Changed: 8/19/2022 1:12:59 PM, Old:Reading, New:ON
Scan mode: Changed: 8/19/2022 1:14:24 PM, Old:Excitation, New:Emission
Excitation Wavelength Changed: 8/19/2022 1:14:24 PM, Old: 240.00, New: 345.00
Emission Wavelength Changed: 8/19/2022 1:14:24 PM, Old: 410.00, New: 355.00
Stop Wavelength Changed: 8/19/2022 1:14:24 PM, Old: 400.00, New: 600.00
Zero Mode Changed: 8/19/2022 1:14:26 PM, Old:ON, New:Reading
Zero Mode Changed: 8/19/2022 1:14:26 PM, Old:Reading, New:ON
Scan mode: Changed: 8/19/2022 1:15:20 PM, Old:Emission, New:Excitation
Excitation Wavelength Changed: 8/19/2022 1:15:20 PM, Old: 345.00, New: 240.00
Emission Wavelength Changed: 8/19/2022 1:15:20 PM, Old: 355.00, New: 425.00
Stop Wavelength Changed: 8/19/2022 1:15:20 PM, Old: 600.00, New: 405.00
Zero Mode Changed: 8/19/2022 1:15:23 PM, Old:ON, New:Reading
Zero Mode Changed: 8/19/2022 1:15:23 PM, Old:Reading, New:ON
Emission Wavelength Changed: 8/19/2022 1:16:07 PM, Old: 425.00, New: 435.00
Stop Wavelength Changed: 8/19/2022 1:16:07 PM, Old: 405.00, New: 415.00
Zero Mode Changed: 8/19/2022 1:16:10 PM, Old:ON, New:Reading
Zero Mode Changed: 8/19/2022 1:16:10 PM, Old:Reading, New:ON
Emission Wavelength Changed: 8/19/2022 1:16:52 PM, Old: 435.00, New: 445.00
Stop Wavelength Changed: 8/19/2022 1:16:52 PM, Old: 415.00, New: 425.00
Zero Mode Changed: 8/19/2022 1:16:53 PM, Old:ON, New:Reading
Zero Mode Changed: 8/19/2022 1:16:54 PM, Old:Reading, New:ON
Emission Wavelength Changed: 8/19/2022 1:17:31 PM, Old: 445.00, New: 455.00
Stop Wavelength Changed: 8/19/2022 1:17:31 PM, Old: 425.00, New: 435.00
Zero Mode Changed: 8/19/2022 1:17:33 PM, Old:ON, New:Reading
Zero Mode Changed: 8/19/2022 1:17:33 PM, Old:Reading, New:ON
Emission Wavelength Changed: 8/19/2022 1:18:09 PM, Old: 455.00, New: 465.00
Stop Wavelength Changed: 8/19/2022 1:18:09 PM, Old: 435.00, New: 455.00
Zero Mode Changed: 8/19/2022 1:18:11 PM, Old:ON, New:Reading
Zero Mode Changed: 8/19/2022 1:18:12 PM, Old:Reading, New:ON
Scan mode: Changed: 8/19/2022 1:18:57 PM, Old:Excitation, New:Emission
Excitation Wavelength Changed: 8/19/2022 1:18:57 PM, Old: 240.00, New: 365.00
Emission Wavelength Changed: 8/19/2022 1:18:57 PM, Old: 465.00, New: 375.00
Stop Wavelength Changed: 8/19/2022 1:18:57 PM, Old: 455.00, New: 600.00
Zero Mode Changed: 8/19/2022 1:18:59 PM, Old:ON, New:Reading
Zero Mode Changed: 8/19/2022 1:18:59 PM, Old:Reading, New:ON
Excitation Wavelength Changed: 8/19/2022 1:19:42 PM, Old: 365.00, New: 355.00
Emission Wavelength Changed: 8/19/2022 1:19:42 PM, Old: 375.00, New: 365.00
Zero Mode Changed: 8/19/2022 1:19:44 PM, Old:ON, New:Reading
Zero Mode Changed: 8/19/2022 1:19:44 PM, Old:Reading, New:ON
Excitation Wavelength Changed: 8/19/2022 1:20:22 PM, Old: 355.00, New: 335.00
Emission Wavelength Changed: 8/19/2022 1:20:22 PM, Old: 365.00, New: 345.00
Zero Mode Changed: 8/19/2022 1:20:23 PM, Old:ON, New:Reading
Zero Mode Changed: 8/19/2022 1:20:23 PM, Old:Reading, New:ON
Excitation Wavelength Changed: 8/19/2022 1:21:04 PM, Old: 335.00, New: 375.00
Emission Wavelength Changed: 8/19/2022 1:21:04 PM, Old: 345.00, New: 385.00
Zero Mode Changed: 8/19/2022 1:21:06 PM, Old:ON, New:Reading
Zero Mode Changed: 8/19/2022 1:21:06 PM, Old:Reading, New:ON
Scan mode: Changed: 8/19/2022 12:21:45 PM, Old:Emission, New:Excitation
Excitation Wavelength Changed: 8/19/2022 12:21:45 PM, Old: 375.00, New: 260.00
Emission Wavelength Changed: 8/19/2022 12:21:45 PM, Old: 385.00, New: 500.00
Stop Wavelength Changed: 8/19/2022 12:21:45 PM, Old: 600.00, New: 490.00
Zero Mode Changed: 8/19/2022 12:21:48 PM, Old:ON, New:Reading
Zero Mode Changed: 8/19/2022 12:21:49 PM, Old:Reading, New:ON
Scan mode: Changed: 8/19/2022 12:22:47 PM, Old:Excitation, New:Emission
Excitation Wavelength Changed: 8/19/2022 12:22:47 PM, Old: 260.00, New: 385.00
Emission Wavelength Changed: 8/19/2022 12:22:47 PM, Old: 500.00, New: 395.00
Stop Wavelength Changed: 8/19/2022 12:22:47 PM, Old: 490.00, New: 600.00
Zero Mode Changed: 8/19/2022 12:22:49 PM, Old:ON, New:Reading
Zero Mode Changed: 8/19/2022 12:22:49 PM, Old:Reading, New:ON
Scan mode: Changed: 8/19/2022 12:28:28 PM, Old:Emission, New:Excitation
Excitation Wavelength Changed: 8/19/2022 12:28:28 PM, Old: 385.00, New: 240.00
Emission Wavelength Changed: 8/19/2022 12:28:28 PM, Old: 395.00, New: 420.00
Stop Wavelength Changed: 8/19/2022 12:28:28 PM, Old: 600.00, New: 410.00
Zero Mode Changed: 8/19/2022 12:28:47 PM, Old:ON, New:Reading
Zero Mode Changed: 8/19/2022 12:28:47 PM, Old:Reading, New:ON
Scan mode: Changed: 8/19/2022 12:29:49 PM, Old:Excitation, New:Emission
Excitation Wavelength Changed: 8/19/2022 12:29:49 PM, Old: 240.00, New: 345.00
Emission Wavelength Changed: 8/19/2022 12:29:49 PM, Old: 420.00, New: 355.00
Stop Wavelength Changed: 8/19/2022 12:29:49 PM, Old: 410.00, New: 600.00
Zero Mode Changed: 8/19/2022 12:29:51 PM, Old:ON, New:Reading
Zero Mode Changed: 8/19/2022 12:29:51 PM, Old:Reading, New:ON
Scan mode: Changed: 8/19/2022 12:30:36 PM, Old:Emission, New:Excitation
Excitation Wavelength Changed: 8/19/2022 12:30:36 PM, Old: 345.00, New: 260.00
Emission Wavelength Changed: 8/19/2022 12:30:36 PM, Old: 355.00, New: 510.00
Stop Wavelength Changed: 8/19/2022 12:30:36 PM, Old: 600.00, New: 500.00
Zero Mode Changed: 8/19/2022 12:30:38 PM, Old:ON, New:Reading
Zero Mode Changed: 8/19/2022 12:30:39 PM, Old:Reading, New:ON
Scan mode: Changed: 8/19/2022 12:31:29 PM, Old:Excitation, New:Emission
Excitation Wavelength Changed: 8/19/2022 12:31:29 PM, Old: 260.00, New: 380.00
Emission Wavelength Changed: 8/19/2022 12:31:29 PM, Old: 510.00, New: 390.00
Stop Wavelength Changed: 8/19/2022 12:31:29 PM, Old: 500.00, New: 600.00
Zero Mode Changed: 8/19/2022 12:31:31 PM, Old:ON, New:Reading
Zero Mode Changed: 8/19/2022 12:31:32 PM, Old:Reading, New:ON
Excitation Wavelength Changed: 8/19/2022 12:33:05 PM, Old: 380.00, New: 330.00
Emission Wavelength Changed: 8/19/2022 12:33:05 PM, Old: 390.00, New: 340.00
Zero Mode Changed: 8/19/2022 12:33:08 PM, Old:ON, New:Reading
Zero Mode Changed: 8/19/2022 12:33:09 PM, Old:Reading, New:ON
Excitation Wavelength Changed: 8/19/2022 12:34:00 PM, Old: 330.00, New: 360.00
Emission Wavelength Changed: 8/19/2022 12:34:00 PM, Old: 340.00, New: 370.00
Zero Mode Changed: 8/19/2022 12:34:01 PM, Old:ON, New:Reading
Zero Mode Changed: 8/19/2022 12:34:02 PM, Old:Reading, New:ON
Scan mode: Changed: 8/19/2022 12:39:27 PM, Old:Emission, New:Excitation
Excitation Wavelength Changed: 8/19/2022 12:39:27 PM, Old: 360.00, New: 240.00
Emission Wavelength Changed: 8/19/2022 12:39:27 PM, Old: 370.00, New: 420.00
Stop Wavelength Changed: 8/19/2022 12:39:27 PM, Old: 600.00, New: 410.00
Zero Mode Changed: 8/19/2022 12:39:30 PM, Old:ON, New:Reading
Zero Mode Changed: 8/19/2022 12:39:30 PM, Old:Reading, New:ON
Scan mode: Changed: 8/19/2022 12:40:19 PM, Old:Excitation, New:Emission
Excitation Wavelength Changed: 8/19/2022 12:40:19 PM, Old: 240.00, New: 345.00
Emission Wavelength Changed: 8/19/2022 12:40:19 PM, Old: 420.00, New: 355.00
Stop Wavelength Changed: 8/19/2022 12:40:19 PM, Old: 410.00, New: 600.00
Zero Mode Changed: 8/19/2022 12:40:20 PM, Old:ON, New:Reading
Zero Mode Changed: 8/19/2022 12:40:21 PM, Old:Reading, New:ON
Scan mode: Changed: 8/19/2022 12:41:07 PM, Old:Emission, New:Excitation
Excitation Wavelength Changed: 8/19/2022 12:41:07 PM, Old: 345.00, New: 260.00
Emission Wavelength Changed: 8/19/2022 12:41:07 PM, Old: 355.00, New: 510.00
Stop Wavelength Changed: 8/19/2022 12:41:07 PM, Old: 600.00, New: 500.00
Zero Mode Changed: 8/19/2022 12:41:10 PM, Old:ON, New:Reading
Zero Mode Changed: 8/19/2022 12:41:10 PM, Old:Reading, New:ON
Scan mode: Changed: 8/19/2022 12:41:58 PM, Old:Excitation, New:Emission
Excitation Wavelength Changed: 8/19/2022 12:41:58 PM, Old: 260.00, New: 385.00
Emission Wavelength Changed: 8/19/2022 12:41:58 PM, Old: 510.00, New: 395.00
Stop Wavelength Changed: 8/19/2022 12:41:58 PM, Old: 500.00, New: 650.00
Zero Mode Changed: 8/19/2022 12:42:00 PM, Old:ON, New:Reading
Zero Mode Changed: 8/19/2022 12:42:01 PM, Old:Reading, New:ON
Excitation Wavelength Changed: 8/19/2022 12:42:46 PM, Old: 385.00, New: 330.00
Emission Wavelength Changed: 8/19/2022 12:42:46 PM, Old: 395.00, New: 340.00
Stop Wavelength Changed: 8/19/2022 12:42:46 PM, Old: 650.00, New: 600.00
Zero Mode Changed: 8/19/2022 12:42:49 PM, Old:ON, New:Reading
Zero Mode Changed: 8/19/2022 12:42:49 PM, Old:Reading, New:ON
Excitation Wavelength Changed: 8/19/2022 12:43:35 PM, Old: 330.00, New: 360.00
Emission Wavelength Changed: 8/19/2022 12:43:35 PM, Old: 340.00, New: 370.00
Zero Mode Changed: 8/19/2022 12:43:38 PM, Old:ON, New:Reading
Zero Mode Changed: 8/19/2022 12:43:38 PM, Old:Reading, New:ON
Zero Mode Changed: 8/19/2022 12:47:16 PM, Old:ON, New:Reading
Zero Mode Changed: 8/19/2022 12:47:17 PM, Old:Reading, New:ON
End Method Modifications

CdSe sonochem 90min ex345,
CdSe sonochem 90min ex345
Collection Time: 8/19/2022 12:48:11 PM
Operator Name  :
Scan Software Version: 1.1(132)
Parameter List :
Instrument                        Cary Eclipse
Instrument Serial Number          E08013467
Data mode                         Fluorescence
Scan mode                         Emission
X Mode                            Wavelength (nm)
Start (nm)                        355.00
Stop (nm)                         600.00
Ex. Wavelength (nm)               345.00
Ex. Slit (nm)                     5
Em. Slit (nm)                     5
Scan rate (nm/min)                600.00
Data interval (nm)                1.0000
Averaging Time (s)                0.1000
Excitation filter                 Auto
Emission filter                   Open
PMT voltage (V)                   Medium
Corrected spectra                 OFF
Method Log     :
Method Name    : Default
Date/Time stamp: 8/19/2022 12:23:21 PM
Method Modifications:
Excitation Wavelength Changed: 8/19/2022 12:28:50 PM, Old: 350.00, New: 300.00
Emission Wavelength Changed: 8/19/2022 12:28:50 PM, Old: 400.00, New: 310.00
Zero Mode Changed: 8/19/2022 12:28:52 PM, Old:OFF, New:Reading
Zero Mode Changed: 8/19/2022 12:28:52 PM, Old:Reading, New:ON
Scan mode: Changed: 8/19/2022 12:30:28 PM, Old:Emission, New:Excitation
Excitation Wavelength Changed: 8/19/2022 12:30:28 PM, Old: 300.00, New: 200.00
Emission Wavelength Changed: 8/19/2022 12:30:28 PM, Old: 310.00, New: 380.00
Stop Wavelength Changed: 8/19/2022 12:30:28 PM, Old: 600.00, New: 370.00
Zero Mode Changed: 8/19/2022 12:30:31 PM, Old:ON, New:Reading
Zero Mode Changed: 8/19/2022 12:30:31 PM, Old:Reading, New:ON
Overlayed Graphs Changed: 8/19/2022 12:31:25 PM, Old:OFF, New:ON
Zero Mode Changed: 8/19/2022 12:31:50 PM, Old:ON, New:Reading
Zero Mode Changed: 8/19/2022 12:31:50 PM, Old:Reading, New:ON
Scan mode: Changed: 8/19/2022 12:33:27 PM, Old:Excitation, New:Emission
Excitation Wavelength Changed: 8/19/2022 12:33:27 PM, Old: 200.00, New: 330.00
Emission Wavelength Changed: 8/19/2022 12:33:27 PM, Old: 380.00, New: 340.00
Stop Wavelength Changed: 8/19/2022 12:33:27 PM, Old: 370.00, New: 700.00
Zero Mode Changed: 8/19/2022 12:33:29 PM, Old:ON, New:Reading
Zero Mode Changed: 8/19/2022 12:33:29 PM, Old:Reading, New:ON
Scan mode: Changed: 8/19/2022 12:35:04 PM, Old:Emission, New:Excitation
Excitation Wavelength Changed: 8/19/2022 12:35:04 PM, Old: 330.00, New: 200.00
Emission Wavelength Changed: 8/19/2022 12:35:04 PM, Old: 340.00, New: 400.00
Stop Wavelength Changed: 8/19/2022 12:35:04 PM, Old: 700.00, New: 390.00
Zero Mode Changed: 8/19/2022 12:35:08 PM, Old:ON, New:Reading
Zero Mode Changed: 8/19/2022 12:35:08 PM, Old:Reading, New:ON
Y min Changed: 8/19/2022 12:38:08 PM, Old:     0.0000, New:   -55.0000
Zero Mode Changed: 8/19/2022 12:38:10 PM, Old:ON, New:Reading
Zero Mode Changed: 8/19/2022 12:38:10 PM, Old:Reading, New:ON
Scan mode: Changed: 8/19/2022 12:39:20 PM, Old:Excitation, New:Emission
Excitation Wavelength Changed: 8/19/2022 12:39:20 PM, Old: 200.00, New: 336.00
Emission Wavelength Changed: 8/19/2022 12:39:20 PM, Old: 400.00, New: 346.00
Stop Wavelength Changed: 8/19/2022 12:39:20 PM, Old: 390.00, New: 600.00
Zero Mode Changed: 8/19/2022 12:39:22 PM, Old:ON, New:Reading
Zero Mode Changed: 8/19/2022 12:39:22 PM, Old:Reading, New:ON
Stop Wavelength Changed: 8/19/2022 12:40:10 PM, Old: 600.00, New: 700.00
Zero Mode Changed: 8/19/2022 12:40:38 PM, Old:ON, New:Reading
Zero Mode Changed: 8/19/2022 12:40:38 PM, Old:Reading, New:ON
Y min Changed: 8/19/2022 12:42:47 PM, Old:   -55.0000, New:     0.0000
Scan mode: Changed: 8/19/2022 12:42:47 PM, Old:Emission, New:Excitation
Excitation Wavelength Changed: 8/19/2022 12:42:47 PM, Old: 336.00, New: 200.00
Emission Wavelength Changed: 8/19/2022 12:42:47 PM, Old: 346.00, New: 410.00
Stop Wavelength Changed: 8/19/2022 12:42:47 PM, Old: 700.00, New: 400.00
Zero Mode Changed: 8/19/2022 12:42:51 PM, Old:ON, New:Reading
Zero Mode Changed: 8/19/2022 12:42:51 PM, Old:Reading, New:ON
Scan mode: Changed: 8/19/2022 12:54:44 PM, Old:Excitation, New:Emission
Excitation Wavelength Changed: 8/19/2022 12:54:44 PM, Old: 200.00, New: 335.00
Emission Wavelength Changed: 8/19/2022 12:54:44 PM, Old: 410.00, New: 345.00
Stop Wavelength Changed: 8/19/2022 12:54:44 PM, Old: 400.00, New: 600.00
Zero Mode Changed: 8/19/2022 12:54:46 PM, Old:ON, New:Reading
Zero Mode Changed: 8/19/2022 12:54:46 PM, Old:Reading, New:ON
Scan mode: Changed: 8/19/2022 12:55:39 PM, Old:Emission, New:Excitation
Excitation Wavelength Changed: 8/19/2022 12:55:39 PM, Old: 335.00, New: 240.00
Emission Wavelength Changed: 8/19/2022 12:55:39 PM, Old: 345.00, New: 410.00
Stop Wavelength Changed: 8/19/2022 12:55:39 PM, Old: 600.00, New: 400.00
Zero Mode Changed: 8/19/2022 12:55:42 PM, Old:ON, New:Reading
Zero Mode Changed: 8/19/2022 12:55:42 PM, Old:Reading, New:ON
Scan mode: Changed: 8/19/2022 12:56:21 PM, Old:Excitation, New:Emission
Excitation Wavelength Changed: 8/19/2022 12:56:21 PM, Old: 240.00, New: 340.00
Emission Wavelength Changed: 8/19/2022 12:56:21 PM, Old: 410.00, New: 350.00
Stop Wavelength Changed: 8/19/2022 12:56:21 PM, Old: 400.00, New: 600.00
Zero Mode Changed: 8/19/2022 12:56:24 PM, Old:ON, New:Reading
Zero Mode Changed: 8/19/2022 12:56:24 PM, Old:Reading, New:ON
Scan mode: Changed: 8/19/2022 12:57:53 PM, Old:Emission, New:Excitation
User Delta Stop Changed: 8/19/2022 12:57:53 PM, Old: 450.00, New: 500.00
User Delta Increment Changed: 8/19/2022 12:57:53 PM, Old:  10.00, New:   0.15
Excitation Wavelength Changed: 8/19/2022 12:57:53 PM, Old: 340.00, New: 260.00
Emission Wavelength Changed: 8/19/2022 12:57:53 PM, Old: 350.00, New: 500.00
Stop Wavelength Changed: 8/19/2022 12:57:53 PM, Old: 600.00, New: 490.00
Zero Mode Changed: 8/19/2022 12:57:56 PM, Old:ON, New:Reading
Zero Mode Changed: 8/19/2022 12:57:56 PM, Old:Reading, New:ON
Scan mode: Changed: 8/19/2022 12:58:50 PM, Old:Excitation, New:Emission
Excitation Wavelength Changed: 8/19/2022 12:58:50 PM, Old: 260.00, New: 380.00
Emission Wavelength Changed: 8/19/2022 12:58:50 PM, Old: 500.00, New: 390.00
Stop Wavelength Changed: 8/19/2022 12:58:50 PM, Old: 490.00, New: 650.00
Zero Mode Changed: 8/19/2022 12:58:52 PM, Old:ON, New:Reading
Zero Mode Changed: 8/19/2022 12:58:52 PM, Old:Reading, New:ON
Scan mode: Changed: 8/19/2022 12:59:47 PM, Old:Emission, New:Excitation
Excitation Wavelength Changed: 8/19/2022 12:59:47 PM, Old: 380.00, New: 240.00
Emission Wavelength Changed: 8/19/2022 12:59:47 PM, Old: 390.00, New: 420.00
Stop Wavelength Changed: 8/19/2022 12:59:47 PM, Old: 650.00, New: 410.00
Zero Mode Changed: 8/19/2022 12:59:51 PM, Old:ON, New:Reading
Zero Mode Changed: 8/19/2022 12:59:51 PM, Old:Reading, New:ON
Scan mode: Changed: 8/19/2022 1:00:29 PM, Old:Excitation, New:Emission
Excitation Wavelength Changed: 8/19/2022 1:00:29 PM, Old: 240.00, New: 345.00
Emission Wavelength Changed: 8/19/2022 1:00:29 PM, Old: 420.00, New: 355.00
Stop Wavelength Changed: 8/19/2022 1:00:29 PM, Old: 410.00, New: 600.00
Zero Mode Changed: 8/19/2022 1:00:30 PM, Old:ON, New:Reading
Zero Mode Changed: 8/19/2022 1:00:31 PM, Old:Reading, New:ON
Excitation Wavelength Changed: 8/19/2022 1:01:14 PM, Old: 345.00, New: 350.00
Emission Wavelength Changed: 8/19/2022 1:01:14 PM, Old: 355.00, New: 360.00
Zero Mode Changed: 8/19/2022 1:01:16 PM, Old:ON, New:Reading
Zero Mode Changed: 8/19/2022 1:01:17 PM, Old:Reading, New:ON
Excitation Wavelength Changed: 8/19/2022 1:01:56 PM, Old: 350.00, New: 355.00
Emission Wavelength Changed: 8/19/2022 1:01:56 PM, Old: 360.00, New: 365.00
Zero Mode Changed: 8/19/2022 1:01:58 PM, Old:ON, New:Reading
Zero Mode Changed: 8/19/2022 1:01:59 PM, Old:Reading, New:ON
Excitation Wavelength Changed: 8/19/2022 1:02:40 PM, Old: 355.00, New: 360.00
Emission Wavelength Changed: 8/19/2022 1:02:40 PM, Old: 365.00, New: 370.00
Zero Mode Changed: 8/19/2022 1:02:42 PM, Old:ON, New:Reading
Zero Mode Changed: 8/19/2022 1:02:42 PM, Old:Reading, New:ON
Excitation Wavelength Changed: 8/19/2022 1:03:20 PM, Old: 360.00, New: 365.00
Emission Wavelength Changed: 8/19/2022 1:03:20 PM, Old: 370.00, New: 375.00
Zero Mode Changed: 8/19/2022 1:03:23 PM, Old:ON, New:Reading
Zero Mode Changed: 8/19/2022 1:03:23 PM, Old:Reading, New:ON
Scan mode: Changed: 8/19/2022 1:04:11 PM, Old:Emission, New:Excitation
Excitation Wavelength Changed: 8/19/2022 1:04:11 PM, Old: 365.00, New: 240.00
Emission Wavelength Changed: 8/19/2022 1:04:11 PM, Old: 375.00, New: 430.00
Stop Wavelength Changed: 8/19/2022 1:04:11 PM, Old: 600.00, New: 420.00
Zero Mode Changed: 8/19/2022 1:04:14 PM, Old:ON, New:Reading
Zero Mode Changed: 8/19/2022 1:04:14 PM, Old:Reading, New:ON
Emission Wavelength Changed: 8/19/2022 1:04:52 PM, Old: 430.00, New: 440.00
Stop Wavelength Changed: 8/19/2022 1:04:52 PM, Old: 420.00, New: 430.00
Zero Mode Changed: 8/19/2022 1:04:53 PM, Old:ON, New:Reading
Zero Mode Changed: 8/19/2022 1:04:53 PM, Old:Reading, New:ON
Emission Wavelength Changed: 8/19/2022 1:05:43 PM, Old: 440.00, New: 450.00
Stop Wavelength Changed: 8/19/2022 1:05:43 PM, Old: 430.00, New: 440.00
Zero Mode Changed: 8/19/2022 1:05:44 PM, Old:ON, New:Reading
Zero Mode Changed: 8/19/2022 1:05:44 PM, Old:Reading, New:ON
Scan mode: Changed: 8/19/2022 1:09:39 PM, Old:Excitation, New:Emission
Excitation Wavelength Changed: 8/19/2022 1:09:39 PM, Old: 240.00, New: 330.00
Emission Wavelength Changed: 8/19/2022 1:09:39 PM, Old: 450.00, New: 340.00
Stop Wavelength Changed: 8/19/2022 1:09:39 PM, Old: 440.00, New: 600.00
Zero Mode Changed: 8/19/2022 1:09:40 PM, Old:ON, New:Reading
Zero Mode Changed: 8/19/2022 1:09:40 PM, Old:Reading, New:ON
Scan mode: Changed: 8/19/2022 1:10:32 PM, Old:Emission, New:Excitation
Excitation Wavelength Changed: 8/19/2022 1:10:32 PM, Old: 330.00, New: 240.00
Emission Wavelength Changed: 8/19/2022 1:10:32 PM, Old: 340.00, New: 400.00
Stop Wavelength Changed: 8/19/2022 1:10:32 PM, Old: 600.00, New: 390.00
Zero Mode Changed: 8/19/2022 1:10:35 PM, Old:ON, New:Reading
Zero Mode Changed: 8/19/2022 1:10:35 PM, Old:Reading, New:ON
Scan mode: Changed: 8/19/2022 1:11:56 PM, Old:Excitation, New:Emission
3-D Mode Changed: 8/19/2022 1:11:56 PM, Old:OFF, New:ON
User Delta Stop Changed: 8/19/2022 1:11:56 PM, Old: 500.00, New: 380.00
User Delta Increment Changed: 8/19/2022 1:11:56 PM, Old:   0.15, New:   5.00
Excitation Wavelength Changed: 8/19/2022 1:11:56 PM, Old: 240.00, New: 335.00
Emission Wavelength Changed: 8/19/2022 1:11:56 PM, Old: 400.00, New: 390.00
Stop Wavelength Changed: 8/19/2022 1:11:56 PM, Old: 390.00, New: 600.00
Zero Mode Changed: 8/19/2022 1:11:58 PM, Old:ON, New:Reading
Zero Mode Changed: 8/19/2022 1:11:58 PM, Old:Reading, New:ON
Excitation Wavelength Changed: 8/19/2022 1:12:28 PM, Old: 335.00, New: 340.00
Excitation Wavelength Changed: 8/19/2022 1:12:50 PM, Old: 340.00, New: 345.00
Excitation Wavelength Changed: 8/19/2022 1:13:12 PM, Old: 345.00, New: 350.00
Excitation Wavelength Changed: 8/19/2022 1:13:34 PM, Old: 350.00, New: 355.00
Excitation Wavelength Changed: 8/19/2022 1:13:56 PM, Old: 355.00, New: 360.00
Excitation Wavelength Changed: 8/19/2022 1:14:17 PM, Old: 360.00, New: 365.00
Excitation Wavelength Changed: 8/19/2022 1:14:39 PM, Old: 365.00, New: 370.00
Excitation Wavelength Changed: 8/19/2022 1:15:02 PM, Old: 370.00, New: 375.00
Excitation Wavelength Changed: 8/19/2022 1:15:24 PM, Old: 375.00, New: 380.00
Excitation Wavelength Changed: 8/19/2022 1:15:46 PM, Old: 380.00, New: 335.00
Scan mode: Changed: 8/19/2022 1:16:01 PM, Old:Emission, New:Excitation
3-D Mode Changed: 8/19/2022 1:16:01 PM, Old:ON, New:OFF
User Delta Stop Changed: 8/19/2022 1:16:01 PM, Old: 380.00, New: 500.00
User Delta Increment Changed: 8/19/2022 1:16:01 PM, Old:   5.00, New:   0.15
Excitation Wavelength Changed: 8/19/2022 1:16:01 PM, Old: 335.00, New: 260.00
Emission Wavelength Changed: 8/19/2022 1:16:01 PM, Old: 390.00, New: 500.00
Stop Wavelength Changed: 8/19/2022 1:16:01 PM, Old: 600.00, New: 490.00
Zero Mode Changed: 8/19/2022 1:16:04 PM, Old:ON, New:Reading
Zero Mode Changed: 8/19/2022 1:16:05 PM, Old:Reading, New:ON
Excitation Wavelength Changed: 8/19/2022 1:16:58 PM, Old: 260.00, New: 240.00
Emission Wavelength Changed: 8/19/2022 1:16:58 PM, Old: 500.00, New: 420.00
Stop Wavelength Changed: 8/19/2022 1:16:58 PM, Old: 490.00, New: 410.00
Zero Mode Changed: 8/19/2022 1:16:59 PM, Old:ON, New:Reading
Zero Mode Changed: 8/19/2022 1:17:00 PM, Old:Reading, New:ON
Emission Wavelength Changed: 8/19/2022 1:17:50 PM, Old: 420.00, New: 380.00
Stop Wavelength Changed: 8/19/2022 1:17:50 PM, Old: 410.00, New: 370.00
Zero Mode Changed: 8/19/2022 1:17:51 PM, Old:ON, New:Reading
Zero Mode Changed: 8/19/2022 1:17:52 PM, Old:Reading, New:ON
Scan mode: Changed: 8/19/2022 1:18:25 PM, Old:Excitation, New:Emission
Excitation Wavelength Changed: 8/19/2022 1:18:25 PM, Old: 240.00, New: 340.00
Emission Wavelength Changed: 8/19/2022 1:18:25 PM, Old: 380.00, New: 350.00
Stop Wavelength Changed: 8/19/2022 1:18:25 PM, Old: 370.00, New: 600.00
Zero Mode Changed: 8/19/2022 1:18:26 PM, Old:ON, New:Reading
Zero Mode Changed: 8/19/2022 1:18:27 PM, Old:Reading, New:ON
Excitation Wavelength Changed: 8/19/2022 1:19:09 PM, Old: 340.00, New: 350.00
Emission Wavelength Changed: 8/19/2022 1:19:09 PM, Old: 350.00, New: 360.00
Zero Mode Changed: 8/19/2022 1:19:11 PM, Old:ON, New:Reading
Zero Mode Changed: 8/19/2022 1:19:12 PM, Old:Reading, New:ON
Excitation Wavelength Changed: 8/19/2022 1:19:57 PM, Old: 350.00, New: 320.00
Emission Wavelength Changed: 8/19/2022 1:19:57 PM, Old: 360.00, New: 310.00
Emission Wavelength Changed: 8/19/2022 1:20:01 PM, Old: 310.00, New: 330.00
Zero Mode Changed: 8/19/2022 1:20:03 PM, Old:ON, New:Reading
Zero Mode Changed: 8/19/2022 1:20:03 PM, Old:Reading, New:ON
3-D Mode Changed: 8/19/2022 12:24:35 PM, Old:OFF, New:ON
User Delta Stop Changed: 8/19/2022 12:24:35 PM, Old: 500.00, New: 340.00
User Delta Increment Changed: 8/19/2022 12:24:35 PM, Old:   0.15, New:   5.00
Emission Wavelength Changed: 8/19/2022 12:24:35 PM, Old: 330.00, New: 350.00
Zero Mode Changed: 8/19/2022 12:24:37 PM, Old:ON, New:Reading
Zero Mode Changed: 8/19/2022 12:24:37 PM, Old:Reading, New:ON
Excitation Wavelength Changed: 8/19/2022 12:25:22 PM, Old: 320.00, New: 325.00
Excitation Wavelength Changed: 8/19/2022 12:25:48 PM, Old: 325.00, New: 330.00
Excitation Wavelength Changed: 8/19/2022 12:26:14 PM, Old: 330.00, New: 335.00
Excitation Wavelength Changed: 8/19/2022 12:26:39 PM, Old: 335.00, New: 340.00
Excitation Wavelength Changed: 8/19/2022 12:27:06 PM, Old: 340.00, New: 320.00
3-D Mode Changed: 8/19/2022 12:27:42 PM, Old:ON, New:OFF
User Delta Stop Changed: 8/19/2022 12:27:42 PM, Old: 340.00, New: 345.00
User Delta Increment Changed: 8/19/2022 12:27:42 PM, Old:   5.00, New:   0.15
Excitation Wavelength Changed: 8/19/2022 12:27:42 PM, Old: 320.00, New: 345.00
Emission Wavelength Changed: 8/19/2022 12:27:42 PM, Old: 350.00, New: 355.00
Ex. Slit Width (nm): Changed: 8/19/2022 12:28:29 PM, Old:5, New:10
Zero Mode Changed: 8/19/2022 12:28:29 PM, Old:ON, New:OFF
Zero Mode Changed: 8/19/2022 12:28:31 PM, Old:OFF, New:Reading
Zero Mode Changed: 8/19/2022 12:28:32 PM, Old:Reading, New:ON
3-D Mode Changed: 8/19/2022 12:29:37 PM, Old:OFF, New:ON
User Delta Stop Changed: 8/19/2022 12:29:37 PM, Old: 345.00, New: 360.00
User Delta Increment Changed: 8/19/2022 12:29:37 PM, Old:   0.15, New:  10.00
Excitation Wavelength Changed: 8/19/2022 12:29:37 PM, Old: 345.00, New: 320.00
Emission Wavelength Changed: 8/19/2022 12:29:37 PM, Old: 355.00, New: 370.00
Zero Mode Changed: 8/19/2022 12:29:38 PM, Old:ON, New:Reading
Zero Mode Changed: 8/19/2022 12:29:38 PM, Old:Reading, New:ON
Excitation Wavelength Changed: 8/19/2022 12:30:11 PM, Old: 320.00, New: 330.00
Excitation Wavelength Changed: 8/19/2022 12:30:35 PM, Old: 330.00, New: 340.00
Excitation Wavelength Changed: 8/19/2022 12:30:59 PM, Old: 340.00, New: 350.00
Excitation Wavelength Changed: 8/19/2022 12:31:23 PM, Old: 350.00, New: 360.00
Excitation Wavelength Changed: 8/19/2022 12:31:47 PM, Old: 360.00, New: 320.00
User Delta Stop Changed: 8/19/2022 12:32:10 PM, Old: 360.00, New: 400.00
User Delta Increment Changed: 8/19/2022 12:32:10 PM, Old:  10.00, New:   0.15
Excitation Wavelength Changed: 8/19/2022 12:32:10 PM, Old: 320.00, New: 360.00
Emission Wavelength Changed: 8/19/2022 12:32:10 PM, Old: 370.00, New: 410.00
Zero Mode Changed: 8/19/2022 12:32:12 PM, Old:ON, New:Reading
Zero Mode Changed: 8/19/2022 12:32:12 PM, Old:Reading, New:ON
Excitation Wavelength Changed: 8/19/2022 12:32:43 PM, Old: 360.00, New: 360.15
Excitation Wavelength Changed: 8/19/2022 12:32:52 PM, Old: 360.15, New: 360.30
Scan mode: Changed: 8/19/2022 12:33:47 PM, Old:Emission, New:Excitation
3-D Mode Changed: 8/19/2022 12:33:47 PM, Old:ON, New:OFF
User Delta Stop Changed: 8/19/2022 12:33:47 PM, Old: 400.00, New: 420.00
Excitation Wavelength Changed: 8/19/2022 12:33:47 PM, Old: 360.30, New: 240.00
Emission Wavelength Changed: 8/19/2022 12:33:47 PM, Old: 410.00, New: 420.00
Stop Wavelength Changed: 8/19/2022 12:33:47 PM, Old: 600.00, New: 410.00
Zero Mode Changed: 8/19/2022 12:33:50 PM, Old:ON, New:Reading
Zero Mode Changed: 8/19/2022 12:33:51 PM, Old:Reading, New:ON
Scan mode: Changed: 8/19/2022 12:35:05 PM, Old:Excitation, New:Emission
Excitation Wavelength Changed: 8/19/2022 12:35:05 PM, Old: 240.00, New: 345.00
Emission Wavelength Changed: 8/19/2022 12:35:05 PM, Old: 420.00, New: 355.00
Stop Wavelength Changed: 8/19/2022 12:35:05 PM, Old: 410.00, New: 600.00
Zero Mode Changed: 8/19/2022 12:35:07 PM, Old:ON, New:Reading
Zero Mode Changed: 8/19/2022 12:35:07 PM, Old:Reading, New:ON
Scan mode: Changed: 8/19/2022 12:36:01 PM, Old:Emission, New:Excitation
Ex. Slit Width (nm): Changed: 8/19/2022 12:36:01 PM, Old:10, New:5
Excitation Wavelength Changed: 8/19/2022 12:36:01 PM, Old: 345.00, New: 240.00
Emission Wavelength Changed: 8/19/2022 12:36:01 PM, Old: 355.00, New: 420.00
Stop Wavelength Changed: 8/19/2022 12:36:01 PM, Old: 600.00, New: 410.00
Zero Mode Changed: 8/19/2022 12:36:01 PM, Old:ON, New:OFF
Zero Mode Changed: 8/19/2022 12:36:04 PM, Old:OFF, New:Reading
Zero Mode Changed: 8/19/2022 12:36:05 PM, Old:Reading, New:ON
Scan mode: Changed: 8/19/2022 12:37:05 PM, Old:Excitation, New:Emission
Excitation Wavelength Changed: 8/19/2022 12:37:05 PM, Old: 240.00, New: 345.00
Emission Wavelength Changed: 8/19/2022 12:37:05 PM, Old: 420.00, New: 355.00
Stop Wavelength Changed: 8/19/2022 12:37:05 PM, Old: 410.00, New: 600.00
Zero Mode Changed: 8/19/2022 12:37:06 PM, Old:ON, New:Reading
Zero Mode Changed: 8/19/2022 12:37:07 PM, Old:Reading, New:ON
Scan mode: Changed: 8/19/2022 12:37:59 PM, Old:Emission, New:Excitation
User Delta Stop Changed: 8/19/2022 12:37:59 PM, Old: 420.00, New: 500.00
Excitation Wavelength Changed: 8/19/2022 12:37:59 PM, Old: 345.00, New: 260.00
Emission Wavelength Changed: 8/19/2022 12:37:59 PM, Old: 355.00, New: 500.00
Stop Wavelength Changed: 8/19/2022 12:37:59 PM, Old: 600.00, New: 490.00
Zero Mode Changed: 8/19/2022 12:38:02 PM, Old:ON, New:Reading
Zero Mode Changed: 8/19/2022 12:38:02 PM, Old:Reading, New:ON
Scan mode: Changed: 8/19/2022 12:39:01 PM, Old:Excitation, New:Emission
Excitation Wavelength Changed: 8/19/2022 12:39:01 PM, Old: 260.00, New: 380.00
Emission Wavelength Changed: 8/19/2022 12:39:01 PM, Old: 500.00, New: 390.00
Stop Wavelength Changed: 8/19/2022 12:39:01 PM, Old: 490.00, New: 600.00
Zero Mode Changed: 8/19/2022 12:39:04 PM, Old:ON, New:Reading
Zero Mode Changed: 8/19/2022 12:39:04 PM, Old:Reading, New:ON
Zero Mode Changed: 8/19/2022 12:44:08 PM, Old:ON, New:Reading
Zero Mode Changed: 8/19/2022 12:44:08 PM, Old:Reading, New:ON
Scan mode: Changed: 8/19/2022 12:44:55 PM, Old:Emission, New:Excitation
User Delta Stop Changed: 8/19/2022 12:44:55 PM, Old: 500.00, New: 520.00
Excitation Wavelength Changed: 8/19/2022 12:44:55 PM, Old: 380.00, New: 270.00
Emission Wavelength Changed: 8/19/2022 12:44:55 PM, Old: 390.00, New: 520.00
Stop Wavelength Changed: 8/19/2022 12:44:55 PM, Old: 600.00, New: 510.00
Zero Mode Changed: 8/19/2022 12:44:59 PM, Old:ON, New:Reading
Zero Mode Changed: 8/19/2022 12:44:59 PM, Old:Reading, New:ON
Scan mode: Changed: 8/19/2022 12:45:55 PM, Old:Excitation, New:Emission
Excitation Wavelength Changed: 8/19/2022 12:45:55 PM, Old: 270.00, New: 400.00
Emission Wavelength Changed: 8/19/2022 12:45:55 PM, Old: 520.00, New: 410.00
Stop Wavelength Changed: 8/19/2022 12:45:55 PM, Old: 510.00, New: 650.00
Zero Mode Changed: 8/19/2022 12:45:58 PM, Old:ON, New:Reading
Zero Mode Changed: 8/19/2022 12:45:58 PM, Old:Reading, New:ON
Scan mode: Changed: 8/19/2022 12:46:40 PM, Old:Emission, New:Excitation
Excitation Wavelength Changed: 8/19/2022 12:46:40 PM, Old: 400.00, New: 240.00
Emission Wavelength Changed: 8/19/2022 12:46:40 PM, Old: 410.00, New: 455.00
Stop Wavelength Changed: 8/19/2022 12:46:40 PM, Old: 650.00, New: 445.00
Zero Mode Changed: 8/19/2022 12:46:43 PM, Old:ON, New:Reading
Zero Mode Changed: 8/19/2022 12:46:44 PM, Old:Reading, New:ON
Scan mode: Changed: 8/19/2022 12:47:34 PM, Old:Excitation, New:Emission
Excitation Wavelength Changed: 8/19/2022 12:47:34 PM, Old: 240.00, New: 375.00
Emission Wavelength Changed: 8/19/2022 12:47:34 PM, Old: 455.00, New: 385.00
Stop Wavelength Changed: 8/19/2022 12:47:34 PM, Old: 445.00, New: 600.00
Zero Mode Changed: 8/19/2022 12:47:36 PM, Old:ON, New:Reading
Zero Mode Changed: 8/19/2022 12:47:36 PM, Old:Reading, New:ON
Excitation Wavelength Changed: 8/19/2022 12:48:20 PM, Old: 375.00, New: 330.00
Emission Wavelength Changed: 8/19/2022 12:48:20 PM, Old: 385.00, New: 340.00
Zero Mode Changed: 8/19/2022 12:48:23 PM, Old:ON, New:Reading
Zero Mode Changed: 8/19/2022 12:48:23 PM, Old:Reading, New:ON
Scan mode: Changed: 8/19/2022 12:49:11 PM, Old:Emission, New:Excitation
Excitation Wavelength Changed: 8/19/2022 12:49:11 PM, Old: 330.00, New: 240.00
Emission Wavelength Changed: 8/19/2022 12:49:11 PM, Old: 340.00, New: 510.00
Stop Wavelength Changed: 8/19/2022 12:49:11 PM, Old: 600.00, New: 400.00
Zero Mode Changed: 8/19/2022 12:49:14 PM, Old:ON, New:Reading
Zero Mode Changed: 8/19/2022 12:49:14 PM, Old:Reading, New:ON
Emission Wavelength Changed: 8/19/2022 12:49:54 PM, Old: 510.00, New: 410.00
Zero Mode Changed: 8/19/2022 12:49:55 PM, Old:ON, New:Reading
Zero Mode Changed: 8/19/2022 12:49:56 PM, Old:Reading, New:ON
Scan mode: Changed: 8/19/2022 12:50:44 PM, Old:Excitation, New:Emission
Excitation Wavelength Changed: 8/19/2022 12:50:44 PM, Old: 240.00, New: 340.00
Emission Wavelength Changed: 8/19/2022 12:50:44 PM, Old: 410.00, New: 350.00
Stop Wavelength Changed: 8/19/2022 12:50:44 PM, Old: 400.00, New: 600.00
Zero Mode Changed: 8/19/2022 12:50:46 PM, Old:ON, New:Reading
Zero Mode Changed: 8/19/2022 12:50:46 PM, Old:Reading, New:ON
Scan mode: Changed: 8/19/2022 12:51:44 PM, Old:Emission, New:Excitation
Excitation Wavelength Changed: 8/19/2022 12:51:44 PM, Old: 340.00, New: 240.00
Emission Wavelength Changed: 8/19/2022 12:51:44 PM, Old: 350.00, New: 425.00
Stop Wavelength Changed: 8/19/2022 12:51:44 PM, Old: 600.00, New: 415.00
Zero Mode Changed: 8/19/2022 12:51:47 PM, Old:ON, New:Reading
Zero Mode Changed: 8/19/2022 12:51:47 PM, Old:Reading, New:ON
Scan mode: Changed: 8/19/2022 12:52:54 PM, Old:Excitation, New:Emission
Excitation Wavelength Changed: 8/19/2022 12:52:54 PM, Old: 240.00, New: 350.00
Emission Wavelength Changed: 8/19/2022 12:52:54 PM, Old: 425.00, New: 360.00
Stop Wavelength Changed: 8/19/2022 12:52:54 PM, Old: 415.00, New: 600.00
Zero Mode Changed: 8/19/2022 12:52:55 PM, Old:ON, New:Reading
Zero Mode Changed: 8/19/2022 12:52:56 PM, Old:Reading, New:ON
Scan mode: Changed: 8/19/2022 12:54:53 PM, Old:Emission, New:Excitation
Excitation Wavelength Changed: 8/19/2022 12:54:53 PM, Old: 350.00, New: 240.00
Emission Wavelength Changed: 8/19/2022 12:54:53 PM, Old: 360.00, New: 455.00
Stop Wavelength Changed: 8/19/2022 12:54:53 PM, Old: 600.00, New: 445.00
Zero Mode Changed: 8/19/2022 12:54:56 PM, Old:ON, New:Reading
Zero Mode Changed: 8/19/2022 12:54:56 PM, Old:Reading, New:ON
Emission Wavelength Changed: 8/19/2022 1:03:51 PM, Old: 455.00, New: 420.00
Stop Wavelength Changed: 8/19/2022 1:03:51 PM, Old: 445.00, New: 410.00
Zero Mode Changed: 8/19/2022 1:03:52 PM, Old:ON, New:Reading
Zero Mode Changed: 8/19/2022 1:03:53 PM, Old:Reading, New:ON
Scan mode: Changed: 8/19/2022 1:05:10 PM, Old:Excitation, New:Emission
Excitation Wavelength Changed: 8/19/2022 1:05:10 PM, Old: 240.00, New: 330.00
Emission Wavelength Changed: 8/19/2022 1:05:10 PM, Old: 420.00, New: 340.00
Stop Wavelength Changed: 8/19/2022 1:05:10 PM, Old: 410.00, New: 600.00
Zero Mode Changed: 8/19/2022 1:05:12 PM, Old:ON, New:Reading
Zero Mode Changed: 8/19/2022 1:05:13 PM, Old:Reading, New:ON
Scan mode: Changed: 8/19/2022 1:06:04 PM, Old:Emission, New:Excitation
Excitation Wavelength Changed: 8/19/2022 1:06:04 PM, Old: 330.00, New: 240.00
Emission Wavelength Changed: 8/19/2022 1:06:04 PM, Old: 340.00, New: 410.00
Stop Wavelength Changed: 8/19/2022 1:06:04 PM, Old: 600.00, New: 400.00
Zero Mode Changed: 8/19/2022 1:06:06 PM, Old:ON, New:Reading
Zero Mode Changed: 8/19/2022 1:06:07 PM, Old:Reading, New:ON
Scan mode: Changed: 8/19/2022 1:06:48 PM, Old:Excitation, New:Emission
Excitation Wavelength Changed: 8/19/2022 1:06:48 PM, Old: 240.00, New: 270.00
Emission Wavelength Changed: 8/19/2022 1:06:48 PM, Old: 410.00, New: 280.00
Stop Wavelength Changed: 8/19/2022 1:06:48 PM, Old: 400.00, New: 550.00
Zero Mode Changed: 8/19/2022 1:06:50 PM, Old:ON, New:Reading
Zero Mode Changed: 8/19/2022 1:06:50 PM, Old:Reading, New:ON
Scan mode: Changed: 8/19/2022 1:08:11 PM, Old:Emission, New:Excitation
Excitation Wavelength Changed: 8/19/2022 1:08:11 PM, Old: 270.00, New: 250.00
Emission Wavelength Changed: 8/19/2022 1:08:11 PM, Old: 280.00, New: 380.00
Stop Wavelength Changed: 8/19/2022 1:08:11 PM, Old: 550.00, New: 370.00
Zero Mode Changed: 8/19/2022 1:08:12 PM, Old:ON, New:Reading
Zero Mode Changed: 8/19/2022 1:08:13 PM, Old:Reading, New:ON
Excitation Wavelength Changed: 8/19/2022 1:08:45 PM, Old: 250.00, New: 240.00
Zero Mode Changed: 8/19/2022 1:08:47 PM, Old:ON, New:Reading
Zero Mode Changed: 8/19/2022 1:08:48 PM, Old:Reading, New:ON
Zero Mode Changed: 8/19/2022 1:09:22 PM, Old:ON, New:Reading
Zero Mode Changed: 8/19/2022 1:09:23 PM, Old:Reading, New:ON
Zero Mode Changed: 8/19/2022 1:09:57 PM, Old:ON, New:Reading
Zero Mode Changed: 8/19/2022 1:09:57 PM, Old:Reading, New:ON
Emission Wavelength Changed: 8/19/2022 1:11:16 PM, Old: 380.00, New: 420.00
Stop Wavelength Changed: 8/19/2022 1:11:16 PM, Old: 370.00, New: 410.00
Zero Mode Changed: 8/19/2022 1:11:17 PM, Old:ON, New:Reading
Zero Mode Changed: 8/19/2022 1:11:17 PM, Old:Reading, New:ON
Zero Mode Changed: 8/19/2022 1:12:21 PM, Old:ON, New:Reading
Zero Mode Changed: 8/19/2022 1:12:21 PM, Old:Reading, New:ON
Emission Wavelength Changed: 8/19/2022 1:12:57 PM, Old: 420.00, New: 410.00
Stop Wavelength Changed: 8/19/2022 1:12:57 PM, Old: 410.00, New: 400.00
Zero Mode Changed: 8/19/2022 1:12:59 PM, Old:ON, New:Reading
Zero Mode Changed: 8/19/2022 1:12:59 PM, Old:Reading, New:ON
Scan mode: Changed: 8/19/2022 1:14:24 PM, Old:Excitation, New:Emission
Excitation Wavelength Changed: 8/19/2022 1:14:24 PM, Old: 240.00, New: 345.00
Emission Wavelength Changed: 8/19/2022 1:14:24 PM, Old: 410.00, New: 355.00
Stop Wavelength Changed: 8/19/2022 1:14:24 PM, Old: 400.00, New: 600.00
Zero Mode Changed: 8/19/2022 1:14:26 PM, Old:ON, New:Reading
Zero Mode Changed: 8/19/2022 1:14:26 PM, Old:Reading, New:ON
Scan mode: Changed: 8/19/2022 1:15:20 PM, Old:Emission, New:Excitation
Excitation Wavelength Changed: 8/19/2022 1:15:20 PM, Old: 345.00, New: 240.00
Emission Wavelength Changed: 8/19/2022 1:15:20 PM, Old: 355.00, New: 425.00
Stop Wavelength Changed: 8/19/2022 1:15:20 PM, Old: 600.00, New: 405.00
Zero Mode Changed: 8/19/2022 1:15:23 PM, Old:ON, New:Reading
Zero Mode Changed: 8/19/2022 1:15:23 PM, Old:Reading, New:ON
Emission Wavelength Changed: 8/19/2022 1:16:07 PM, Old: 425.00, New: 435.00
Stop Wavelength Changed: 8/19/2022 1:16:07 PM, Old: 405.00, New: 415.00
Zero Mode Changed: 8/19/2022 1:16:10 PM, Old:ON, New:Reading
Zero Mode Changed: 8/19/2022 1:16:10 PM, Old:Reading, New:ON
Emission Wavelength Changed: 8/19/2022 1:16:52 PM, Old: 435.00, New: 445.00
Stop Wavelength Changed: 8/19/2022 1:16:52 PM, Old: 415.00, New: 425.00
Zero Mode Changed: 8/19/2022 1:16:53 PM, Old:ON, New:Reading
Zero Mode Changed: 8/19/2022 1:16:54 PM, Old:Reading, New:ON
Emission Wavelength Changed: 8/19/2022 1:17:31 PM, Old: 445.00, New: 455.00
Stop Wavelength Changed: 8/19/2022 1:17:31 PM, Old: 425.00, New: 435.00
Zero Mode Changed: 8/19/2022 1:17:33 PM, Old:ON, New:Reading
Zero Mode Changed: 8/19/2022 1:17:33 PM, Old:Reading, New:ON
Emission Wavelength Changed: 8/19/2022 1:18:09 PM, Old: 455.00, New: 465.00
Stop Wavelength Changed: 8/19/2022 1:18:09 PM, Old: 435.00, New: 455.00
Zero Mode Changed: 8/19/2022 1:18:11 PM, Old:ON, New:Reading
Zero Mode Changed: 8/19/2022 1:18:12 PM, Old:Reading, New:ON
Scan mode: Changed: 8/19/2022 1:18:57 PM, Old:Excitation, New:Emission
Excitation Wavelength Changed: 8/19/2022 1:18:57 PM, Old: 240.00, New: 365.00
Emission Wavelength Changed: 8/19/2022 1:18:57 PM, Old: 465.00, New: 375.00
Stop Wavelength Changed: 8/19/2022 1:18:57 PM, Old: 455.00, New: 600.00
Zero Mode Changed: 8/19/2022 1:18:59 PM, Old:ON, New:Reading
Zero Mode Changed: 8/19/2022 1:18:59 PM, Old:Reading, New:ON
Excitation Wavelength Changed: 8/19/2022 1:19:42 PM, Old: 365.00, New: 355.00
Emission Wavelength Changed: 8/19/2022 1:19:42 PM, Old: 375.00, New: 365.00
Zero Mode Changed: 8/19/2022 1:19:44 PM, Old:ON, New:Reading
Zero Mode Changed: 8/19/2022 1:19:44 PM, Old:Reading, New:ON
Excitation Wavelength Changed: 8/19/2022 1:20:22 PM, Old: 355.00, New: 335.00
Emission Wavelength Changed: 8/19/2022 1:20:22 PM, Old: 365.00, New: 345.00
Zero Mode Changed: 8/19/2022 1:20:23 PM, Old:ON, New:Reading
Zero Mode Changed: 8/19/2022 1:20:23 PM, Old:Reading, New:ON
Excitation Wavelength Changed: 8/19/2022 1:21:04 PM, Old: 335.00, New: 375.00
Emission Wavelength Changed: 8/19/2022 1:21:04 PM, Old: 345.00, New: 385.00
Zero Mode Changed: 8/19/2022 1:21:06 PM, Old:ON, New:Reading
Zero Mode Changed: 8/19/2022 1:21:06 PM, Old:Reading, New:ON
Scan mode: Changed: 8/19/2022 12:21:45 PM, Old:Emission, New:Excitation
Excitation Wavelength Changed: 8/19/2022 12:21:45 PM, Old: 375.00, New: 260.00
Emission Wavelength Changed: 8/19/2022 12:21:45 PM, Old: 385.00, New: 500.00
Stop Wavelength Changed: 8/19/2022 12:21:45 PM, Old: 600.00, New: 490.00
Zero Mode Changed: 8/19/2022 12:21:48 PM, Old:ON, New:Reading
Zero Mode Changed: 8/19/2022 12:21:49 PM, Old:Reading, New:ON
Scan mode: Changed: 8/19/2022 12:22:47 PM, Old:Excitation, New:Emission
Excitation Wavelength Changed: 8/19/2022 12:22:47 PM, Old: 260.00, New: 385.00
Emission Wavelength Changed: 8/19/2022 12:22:47 PM, Old: 500.00, New: 395.00
Stop Wavelength Changed: 8/19/2022 12:22:47 PM, Old: 490.00, New: 600.00
Zero Mode Changed: 8/19/2022 12:22:49 PM, Old:ON, New:Reading
Zero Mode Changed: 8/19/2022 12:22:49 PM, Old:Reading, New:ON
Scan mode: Changed: 8/19/2022 12:28:28 PM, Old:Emission, New:Excitation
Excitation Wavelength Changed: 8/19/2022 12:28:28 PM, Old: 385.00, New: 240.00
Emission Wavelength Changed: 8/19/2022 12:28:28 PM, Old: 395.00, New: 420.00
Stop Wavelength Changed: 8/19/2022 12:28:28 PM, Old: 600.00, New: 410.00
Zero Mode Changed: 8/19/2022 12:28:47 PM, Old:ON, New:Reading
Zero Mode Changed: 8/19/2022 12:28:47 PM, Old:Reading, New:ON
Scan mode: Changed: 8/19/2022 12:29:49 PM, Old:Excitation, New:Emission
Excitation Wavelength Changed: 8/19/2022 12:29:49 PM, Old: 240.00, New: 345.00
Emission Wavelength Changed: 8/19/2022 12:29:49 PM, Old: 420.00, New: 355.00
Stop Wavelength Changed: 8/19/2022 12:29:49 PM, Old: 410.00, New: 600.00
Zero Mode Changed: 8/19/2022 12:29:51 PM, Old:ON, New:Reading
Zero Mode Changed: 8/19/2022 12:29:51 PM, Old:Reading, New:ON
Scan mode: Changed: 8/19/2022 12:30:36 PM, Old:Emission, New:Excitation
Excitation Wavelength Changed: 8/19/2022 12:30:36 PM, Old: 345.00, New: 260.00
Emission Wavelength Changed: 8/19/2022 12:30:36 PM, Old: 355.00, New: 510.00
Stop Wavelength Changed: 8/19/2022 12:30:36 PM, Old: 600.00, New: 500.00
Zero Mode Changed: 8/19/2022 12:30:38 PM, Old:ON, New:Reading
Zero Mode Changed: 8/19/2022 12:30:39 PM, Old:Reading, New:ON
Scan mode: Changed: 8/19/2022 12:31:29 PM, Old:Excitation, New:Emission
Excitation Wavelength Changed: 8/19/2022 12:31:29 PM, Old: 260.00, New: 380.00
Emission Wavelength Changed: 8/19/2022 12:31:29 PM, Old: 510.00, New: 390.00
Stop Wavelength Changed: 8/19/2022 12:31:29 PM, Old: 500.00, New: 600.00
Zero Mode Changed: 8/19/2022 12:31:31 PM, Old:ON, New:Reading
Zero Mode Changed: 8/19/2022 12:31:32 PM, Old:Reading, New:ON
Excitation Wavelength Changed: 8/19/2022 12:33:05 PM, Old: 380.00, New: 330.00
Emission Wavelength Changed: 8/19/2022 12:33:05 PM, Old: 390.00, New: 340.00
Zero Mode Changed: 8/19/2022 12:33:08 PM, Old:ON, New:Reading
Zero Mode Changed: 8/19/2022 12:33:09 PM, Old:Reading, New:ON
Excitation Wavelength Changed: 8/19/2022 12:34:00 PM, Old: 330.00, New: 360.00
Emission Wavelength Changed: 8/19/2022 12:34:00 PM, Old: 340.00, New: 370.00
Zero Mode Changed: 8/19/2022 12:34:01 PM, Old:ON, New:Reading
Zero Mode Changed: 8/19/2022 12:34:02 PM, Old:Reading, New:ON
Scan mode: Changed: 8/19/2022 12:39:27 PM, Old:Emission, New:Excitation
Excitation Wavelength Changed: 8/19/2022 12:39:27 PM, Old: 360.00, New: 240.00
Emission Wavelength Changed: 8/19/2022 12:39:27 PM, Old: 370.00, New: 420.00
Stop Wavelength Changed: 8/19/2022 12:39:27 PM, Old: 600.00, New: 410.00
Zero Mode Changed: 8/19/2022 12:39:30 PM, Old:ON, New:Reading
Zero Mode Changed: 8/19/2022 12:39:30 PM, Old:Reading, New:ON
Scan mode: Changed: 8/19/2022 12:40:19 PM, Old:Excitation, New:Emission
Excitation Wavelength Changed: 8/19/2022 12:40:19 PM, Old: 240.00, New: 345.00
Emission Wavelength Changed: 8/19/2022 12:40:19 PM, Old: 420.00, New: 355.00
Stop Wavelength Changed: 8/19/2022 12:40:19 PM, Old: 410.00, New: 600.00
Zero Mode Changed: 8/19/2022 12:40:20 PM, Old:ON, New:Reading
Zero Mode Changed: 8/19/2022 12:40:21 PM, Old:Reading, New:ON
Scan mode: Changed: 8/19/2022 12:41:07 PM, Old:Emission, New:Excitation
Excitation Wavelength Changed: 8/19/2022 12:41:07 PM, Old: 345.00, New: 260.00
Emission Wavelength Changed: 8/19/2022 12:41:07 PM, Old: 355.00, New: 510.00
Stop Wavelength Changed: 8/19/2022 12:41:07 PM, Old: 600.00, New: 500.00
Zero Mode Changed: 8/19/2022 12:41:10 PM, Old:ON, New:Reading
Zero Mode Changed: 8/19/2022 12:41:10 PM, Old:Reading, New:ON
Scan mode: Changed: 8/19/2022 12:41:58 PM, Old:Excitation, New:Emission
Excitation Wavelength Changed: 8/19/2022 12:41:58 PM, Old: 260.00, New: 385.00
Emission Wavelength Changed: 8/19/2022 12:41:58 PM, Old: 510.00, New: 395.00
Stop Wavelength Changed: 8/19/2022 12:41:58 PM, Old: 500.00, New: 650.00
Zero Mode Changed: 8/19/2022 12:42:00 PM, Old:ON, New:Reading
Zero Mode Changed: 8/19/2022 12:42:01 PM, Old:Reading, New:ON
Excitation Wavelength Changed: 8/19/2022 12:42:46 PM, Old: 385.00, New: 330.00
Emission Wavelength Changed: 8/19/2022 12:42:46 PM, Old: 395.00, New: 340.00
Stop Wavelength Changed: 8/19/2022 12:42:46 PM, Old: 650.00, New: 600.00
Zero Mode Changed: 8/19/2022 12:42:49 PM, Old:ON, New:Reading
Zero Mode Changed: 8/19/2022 12:42:49 PM, Old:Reading, New:ON
Excitation Wavelength Changed: 8/19/2022 12:43:35 PM, Old: 330.00, New: 360.00
Emission Wavelength Changed: 8/19/2022 12:43:35 PM, Old: 340.00, New: 370.00
Zero Mode Changed: 8/19/2022 12:43:38 PM, Old:ON, New:Reading
Zero Mode Changed: 8/19/2022 12:43:38 PM, Old:Reading, New:ON
Zero Mode Changed: 8/19/2022 12:47:16 PM, Old:ON, New:Reading
Zero Mode Changed: 8/19/2022 12:47:17 PM, Old:Reading, New:ON
Excitation Wavelength Changed: 8/19/2022 12:48:05 PM, Old: 360.00, New: 345.00
Emission Wavelength Changed: 8/19/2022 12:48:05 PM, Old: 370.00, New: 355.00
Zero Mode Changed: 8/19/2022 12:48:06 PM, Old:ON, New:Reading
Zero Mode Changed: 8/19/2022 12:48:07 PM, Old:Reading, New:ON
End Method Modifications

CdSe sonochem 90min ex330,
CdSe sonochem 90min ex330
Collection Time: 8/19/2022 12:49:12 PM
Operator Name  :
Scan Software Version: 1.1(132)
Parameter List :
Instrument                        Cary Eclipse
Instrument Serial Number          E08013467
Data mode                         Fluorescence
Scan mode                         Emission
X Mode                            Wavelength (nm)
Start (nm)                        340.00
Stop (nm)                         600.00
Ex. Wavelength (nm)               330.00
Ex. Slit (nm)                     5
Em. Slit (nm)                     5
Scan rate (nm/min)                600.00
Data interval (nm)                1.0000
Averaging Time (s)                0.1000
Excitation filter                 Auto
Emission filter                   Open
PMT voltage (V)                   Medium
Corrected spectra                 OFF
Method Log     :
Method Name    : Default
Date/Time stamp: 8/19/2022 12:23:21 PM
Method Modifications:
Excitation Wavelength Changed: 8/19/2022 12:28:50 PM, Old: 350.00, New: 300.00
Emission Wavelength Changed: 8/19/2022 12:28:50 PM, Old: 400.00, New: 310.00
Zero Mode Changed: 8/19/2022 12:28:52 PM, Old:OFF, New:Reading
Zero Mode Changed: 8/19/2022 12:28:52 PM, Old:Reading, New:ON
Scan mode: Changed: 8/19/2022 12:30:28 PM, Old:Emission, New:Excitation
Excitation Wavelength Changed: 8/19/2022 12:30:28 PM, Old: 300.00, New: 200.00
Emission Wavelength Changed: 8/19/2022 12:30:28 PM, Old: 310.00, New: 380.00
Stop Wavelength Changed: 8/19/2022 12:30:28 PM, Old: 600.00, New: 370.00
Zero Mode Changed: 8/19/2022 12:30:31 PM, Old:ON, New:Reading
Zero Mode Changed: 8/19/2022 12:30:31 PM, Old:Reading, New:ON
Overlayed Graphs Changed: 8/19/2022 12:31:25 PM, Old:OFF, New:ON
Zero Mode Changed: 8/19/2022 12:31:50 PM, Old:ON, New:Reading
Zero Mode Changed: 8/19/2022 12:31:50 PM, Old:Reading, New:ON
Scan mode: Changed: 8/19/2022 12:33:27 PM, Old:Excitation, New:Emission
Excitation Wavelength Changed: 8/19/2022 12:33:27 PM, Old: 200.00, New: 330.00
Emission Wavelength Changed: 8/19/2022 12:33:27 PM, Old: 380.00, New: 340.00
Stop Wavelength Changed: 8/19/2022 12:33:27 PM, Old: 370.00, New: 700.00
Zero Mode Changed: 8/19/2022 12:33:29 PM, Old:ON, New:Reading
Zero Mode Changed: 8/19/2022 12:33:29 PM, Old:Reading, New:ON
Scan mode: Changed: 8/19/2022 12:35:04 PM, Old:Emission, New:Excitation
Excitation Wavelength Changed: 8/19/2022 12:35:04 PM, Old: 330.00, New: 200.00
Emission Wavelength Changed: 8/19/2022 12:35:04 PM, Old: 340.00, New: 400.00
Stop Wavelength Changed: 8/19/2022 12:35:04 PM, Old: 700.00, New: 390.00
Zero Mode Changed: 8/19/2022 12:35:08 PM, Old:ON, New:Reading
Zero Mode Changed: 8/19/2022 12:35:08 PM, Old:Reading, New:ON
Y min Changed: 8/19/2022 12:38:08 PM, Old:     0.0000, New:   -55.0000
Zero Mode Changed: 8/19/2022 12:38:10 PM, Old:ON, New:Reading
Zero Mode Changed: 8/19/2022 12:38:10 PM, Old:Reading, New:ON
Scan mode: Changed: 8/19/2022 12:39:20 PM, Old:Excitation, New:Emission
Excitation Wavelength Changed: 8/19/2022 12:39:20 PM, Old: 200.00, New: 336.00
Emission Wavelength Changed: 8/19/2022 12:39:20 PM, Old: 400.00, New: 346.00
Stop Wavelength Changed: 8/19/2022 12:39:20 PM, Old: 390.00, New: 600.00
Zero Mode Changed: 8/19/2022 12:39:22 PM, Old:ON, New:Reading
Zero Mode Changed: 8/19/2022 12:39:22 PM, Old:Reading, New:ON
Stop Wavelength Changed: 8/19/2022 12:40:10 PM, Old: 600.00, New: 700.00
Zero Mode Changed: 8/19/2022 12:40:38 PM, Old:ON, New:Reading
Zero Mode Changed: 8/19/2022 12:40:38 PM, Old:Reading, New:ON
Y min Changed: 8/19/2022 12:42:47 PM, Old:   -55.0000, New:     0.0000
Scan mode: Changed: 8/19/2022 12:42:47 PM, Old:Emission, New:Excitation
Excitation Wavelength Changed: 8/19/2022 12:42:47 PM, Old: 336.00, New: 200.00
Emission Wavelength Changed: 8/19/2022 12:42:47 PM, Old: 346.00, New: 410.00
Stop Wavelength Changed: 8/19/2022 12:42:47 PM, Old: 700.00, New: 400.00
Zero Mode Changed: 8/19/2022 12:42:51 PM, Old:ON, New:Reading
Zero Mode Changed: 8/19/2022 12:42:51 PM, Old:Reading, New:ON
Scan mode: Changed: 8/19/2022 12:54:44 PM, Old:Excitation, New:Emission
Excitation Wavelength Changed: 8/19/2022 12:54:44 PM, Old: 200.00, New: 335.00
Emission Wavelength Changed: 8/19/2022 12:54:44 PM, Old: 410.00, New: 345.00
Stop Wavelength Changed: 8/19/2022 12:54:44 PM, Old: 400.00, New: 600.00
Zero Mode Changed: 8/19/2022 12:54:46 PM, Old:ON, New:Reading
Zero Mode Changed: 8/19/2022 12:54:46 PM, Old:Reading, New:ON
Scan mode: Changed: 8/19/2022 12:55:39 PM, Old:Emission, New:Excitation
Excitation Wavelength Changed: 8/19/2022 12:55:39 PM, Old: 335.00, New: 240.00
Emission Wavelength Changed: 8/19/2022 12:55:39 PM, Old: 345.00, New: 410.00
Stop Wavelength Changed: 8/19/2022 12:55:39 PM, Old: 600.00, New: 400.00
Zero Mode Changed: 8/19/2022 12:55:42 PM, Old:ON, New:Reading
Zero Mode Changed: 8/19/2022 12:55:42 PM, Old:Reading, New:ON
Scan mode: Changed: 8/19/2022 12:56:21 PM, Old:Excitation, New:Emission
Excitation Wavelength Changed: 8/19/2022 12:56:21 PM, Old: 240.00, New: 340.00
Emission Wavelength Changed: 8/19/2022 12:56:21 PM, Old: 410.00, New: 350.00
Stop Wavelength Changed: 8/19/2022 12:56:21 PM, Old: 400.00, New: 600.00
Zero Mode Changed: 8/19/2022 12:56:24 PM, Old:ON, New:Reading
Zero Mode Changed: 8/19/2022 12:56:24 PM, Old:Reading, New:ON
Scan mode: Changed: 8/19/2022 12:57:53 PM, Old:Emission, New:Excitation
User Delta Stop Changed: 8/19/2022 12:57:53 PM, Old: 450.00, New: 500.00
User Delta Increment Changed: 8/19/2022 12:57:53 PM, Old:  10.00, New:   0.15
Excitation Wavelength Changed: 8/19/2022 12:57:53 PM, Old: 340.00, New: 260.00
Emission Wavelength Changed: 8/19/2022 12:57:53 PM, Old: 350.00, New: 500.00
Stop Wavelength Changed: 8/19/2022 12:57:53 PM, Old: 600.00, New: 490.00
Zero Mode Changed: 8/19/2022 12:57:56 PM, Old:ON, New:Reading
Zero Mode Changed: 8/19/2022 12:57:56 PM, Old:Reading, New:ON
Scan mode: Changed: 8/19/2022 12:58:50 PM, Old:Excitation, New:Emission
Excitation Wavelength Changed: 8/19/2022 12:58:50 PM, Old: 260.00, New: 380.00
Emission Wavelength Changed: 8/19/2022 12:58:50 PM, Old: 500.00, New: 390.00
Stop Wavelength Changed: 8/19/2022 12:58:50 PM, Old: 490.00, New: 650.00
Zero Mode Changed: 8/19/2022 12:58:52 PM, Old:ON, New:Reading
Zero Mode Changed: 8/19/2022 12:58:52 PM, Old:Reading, New:ON
Scan mode: Changed: 8/19/2022 12:59:47 PM, Old:Emission, New:Excitation
Excitation Wavelength Changed: 8/19/2022 12:59:47 PM, Old: 380.00, New: 240.00
Emission Wavelength Changed: 8/19/2022 12:59:47 PM, Old: 390.00, New: 420.00
Stop Wavelength Changed: 8/19/2022 12:59:47 PM, Old: 650.00, New: 410.00
Zero Mode Changed: 8/19/2022 12:59:51 PM, Old:ON, New:Reading
Zero Mode Changed: 8/19/2022 12:59:51 PM, Old:Reading, New:ON
Scan mode: Changed: 8/19/2022 1:00:29 PM, Old:Excitation, New:Emission
Excitation Wavelength Changed: 8/19/2022 1:00:29 PM, Old: 240.00, New: 345.00
Emission Wavelength Changed: 8/19/2022 1:00:29 PM, Old: 420.00, New: 355.00
Stop Wavelength Changed: 8/19/2022 1:00:29 PM, Old: 410.00, New: 600.00
Zero Mode Changed: 8/19/2022 1:00:30 PM, Old:ON, New:Reading
Zero Mode Changed: 8/19/2022 1:00:31 PM, Old:Reading, New:ON
Excitation Wavelength Changed: 8/19/2022 1:01:14 PM, Old: 345.00, New: 350.00
Emission Wavelength Changed: 8/19/2022 1:01:14 PM, Old: 355.00, New: 360.00
Zero Mode Changed: 8/19/2022 1:01:16 PM, Old:ON, New:Reading
Zero Mode Changed: 8/19/2022 1:01:17 PM, Old:Reading, New:ON
Excitation Wavelength Changed: 8/19/2022 1:01:56 PM, Old: 350.00, New: 355.00
Emission Wavelength Changed: 8/19/2022 1:01:56 PM, Old: 360.00, New: 365.00
Zero Mode Changed: 8/19/2022 1:01:58 PM, Old:ON, New:Reading
Zero Mode Changed: 8/19/2022 1:01:59 PM, Old:Reading, New:ON
Excitation Wavelength Changed: 8/19/2022 1:02:40 PM, Old: 355.00, New: 360.00
Emission Wavelength Changed: 8/19/2022 1:02:40 PM, Old: 365.00, New: 370.00
Zero Mode Changed: 8/19/2022 1:02:42 PM, Old:ON, New:Reading
Zero Mode Changed: 8/19/2022 1:02:42 PM, Old:Reading, New:ON
Excitation Wavelength Changed: 8/19/2022 1:03:20 PM, Old: 360.00, New: 365.00
Emission Wavelength Changed: 8/19/2022 1:03:20 PM, Old: 370.00, New: 375.00
Zero Mode Changed: 8/19/2022 1:03:23 PM, Old:ON, New:Reading
Zero Mode Changed: 8/19/2022 1:03:23 PM, Old:Reading, New:ON
Scan mode: Changed: 8/19/2022 1:04:11 PM, Old:Emission, New:Excitation
Excitation Wavelength Changed: 8/19/2022 1:04:11 PM, Old: 365.00, New: 240.00
Emission Wavelength Changed: 8/19/2022 1:04:11 PM, Old: 375.00, New: 430.00
Stop Wavelength Changed: 8/19/2022 1:04:11 PM, Old: 600.00, New: 420.00
Zero Mode Changed: 8/19/2022 1:04:14 PM, Old:ON, New:Reading
Zero Mode Changed: 8/19/2022 1:04:14 PM, Old:Reading, New:ON
Emission Wavelength Changed: 8/19/2022 1:04:52 PM, Old: 430.00, New: 440.00
Stop Wavelength Changed: 8/19/2022 1:04:52 PM, Old: 420.00, New: 430.00
Zero Mode Changed: 8/19/2022 1:04:53 PM, Old:ON, New:Reading
Zero Mode Changed: 8/19/2022 1:04:53 PM, Old:Reading, New:ON
Emission Wavelength Changed: 8/19/2022 1:05:43 PM, Old: 440.00, New: 450.00
Stop Wavelength Changed: 8/19/2022 1:05:43 PM, Old: 430.00, New: 440.00
Zero Mode Changed: 8/19/2022 1:05:44 PM, Old:ON, New:Reading
Zero Mode Changed: 8/19/2022 1:05:44 PM, Old:Reading, New:ON
Scan mode: Changed: 8/19/2022 1:09:39 PM, Old:Excitation, New:Emission
Excitation Wavelength Changed: 8/19/2022 1:09:39 PM, Old: 240.00, New: 330.00
Emission Wavelength Changed: 8/19/2022 1:09:39 PM, Old: 450.00, New: 340.00
Stop Wavelength Changed: 8/19/2022 1:09:39 PM, Old: 440.00, New: 600.00
Zero Mode Changed: 8/19/2022 1:09:40 PM, Old:ON, New:Reading
Zero Mode Changed: 8/19/2022 1:09:40 PM, Old:Reading, New:ON
Scan mode: Changed: 8/19/2022 1:10:32 PM, Old:Emission, New:Excitation
Excitation Wavelength Changed: 8/19/2022 1:10:32 PM, Old: 330.00, New: 240.00
Emission Wavelength Changed: 8/19/2022 1:10:32 PM, Old: 340.00, New: 400.00
Stop Wavelength Changed: 8/19/2022 1:10:32 PM, Old: 600.00, New: 390.00
Zero Mode Changed: 8/19/2022 1:10:35 PM, Old:ON, New:Reading
Zero Mode Changed: 8/19/2022 1:10:35 PM, Old:Reading, New:ON
Scan mode: Changed: 8/19/2022 1:11:56 PM, Old:Excitation, New:Emission
3-D Mode Changed: 8/19/2022 1:11:56 PM, Old:OFF, New:ON
User Delta Stop Changed: 8/19/2022 1:11:56 PM, Old: 500.00, New: 380.00
User Delta Increment Changed: 8/19/2022 1:11:56 PM, Old:   0.15, New:   5.00
Excitation Wavelength Changed: 8/19/2022 1:11:56 PM, Old: 240.00, New: 335.00
Emission Wavelength Changed: 8/19/2022 1:11:56 PM, Old: 400.00, New: 390.00
Stop Wavelength Changed: 8/19/2022 1:11:56 PM, Old: 390.00, New: 600.00
Zero Mode Changed: 8/19/2022 1:11:58 PM, Old:ON, New:Reading
Zero Mode Changed: 8/19/2022 1:11:58 PM, Old:Reading, New:ON
Excitation Wavelength Changed: 8/19/2022 1:12:28 PM, Old: 335.00, New: 340.00
Excitation Wavelength Changed: 8/19/2022 1:12:50 PM, Old: 340.00, New: 345.00
Excitation Wavelength Changed: 8/19/2022 1:13:12 PM, Old: 345.00, New: 350.00
Excitation Wavelength Changed: 8/19/2022 1:13:34 PM, Old: 350.00, New: 355.00
Excitation Wavelength Changed: 8/19/2022 1:13:56 PM, Old: 355.00, New: 360.00
Excitation Wavelength Changed: 8/19/2022 1:14:17 PM, Old: 360.00, New: 365.00
Excitation Wavelength Changed: 8/19/2022 1:14:39 PM, Old: 365.00, New: 370.00
Excitation Wavelength Changed: 8/19/2022 1:15:02 PM, Old: 370.00, New: 375.00
Excitation Wavelength Changed: 8/19/2022 1:15:24 PM, Old: 375.00, New: 380.00
Excitation Wavelength Changed: 8/19/2022 1:15:46 PM, Old: 380.00, New: 335.00
Scan mode: Changed: 8/19/2022 1:16:01 PM, Old:Emission, New:Excitation
3-D Mode Changed: 8/19/2022 1:16:01 PM, Old:ON, New:OFF
User Delta Stop Changed: 8/19/2022 1:16:01 PM, Old: 380.00, New: 500.00
User Delta Increment Changed: 8/19/2022 1:16:01 PM, Old:   5.00, New:   0.15
Excitation Wavelength Changed: 8/19/2022 1:16:01 PM, Old: 335.00, New: 260.00
Emission Wavelength Changed: 8/19/2022 1:16:01 PM, Old: 390.00, New: 500.00
Stop Wavelength Changed: 8/19/2022 1:16:01 PM, Old: 600.00, New: 490.00
Zero Mode Changed: 8/19/2022 1:16:04 PM, Old:ON, New:Reading
Zero Mode Changed: 8/19/2022 1:16:05 PM, Old:Reading, New:ON
Excitation Wavelength Changed: 8/19/2022 1:16:58 PM, Old: 260.00, New: 240.00
Emission Wavelength Changed: 8/19/2022 1:16:58 PM, Old: 500.00, New: 420.00
Stop Wavelength Changed: 8/19/2022 1:16:58 PM, Old: 490.00, New: 410.00
Zero Mode Changed: 8/19/2022 1:16:59 PM, Old:ON, New:Reading
Zero Mode Changed: 8/19/2022 1:17:00 PM, Old:Reading, New:ON
Emission Wavelength Changed: 8/19/2022 1:17:50 PM, Old: 420.00, New: 380.00
Stop Wavelength Changed: 8/19/2022 1:17:50 PM, Old: 410.00, New: 370.00
Zero Mode Changed: 8/19/2022 1:17:51 PM, Old:ON, New:Reading
Zero Mode Changed: 8/19/2022 1:17:52 PM, Old:Reading, New:ON
Scan mode: Changed: 8/19/2022 1:18:25 PM, Old:Excitation, New:Emission
Excitation Wavelength Changed: 8/19/2022 1:18:25 PM, Old: 240.00, New: 340.00
Emission Wavelength Changed: 8/19/2022 1:18:25 PM, Old: 380.00, New: 350.00
Stop Wavelength Changed: 8/19/2022 1:18:25 PM, Old: 370.00, New: 600.00
Zero Mode Changed: 8/19/2022 1:18:26 PM, Old:ON, New:Reading
Zero Mode Changed: 8/19/2022 1:18:27 PM, Old:Reading, New:ON
Excitation Wavelength Changed: 8/19/2022 1:19:09 PM, Old: 340.00, New: 350.00
Emission Wavelength Changed: 8/19/2022 1:19:09 PM, Old: 350.00, New: 360.00
Zero Mode Changed: 8/19/2022 1:19:11 PM, Old:ON, New:Reading
Zero Mode Changed: 8/19/2022 1:19:12 PM, Old:Reading, New:ON
Excitation Wavelength Changed: 8/19/2022 1:19:57 PM, Old: 350.00, New: 320.00
Emission Wavelength Changed: 8/19/2022 1:19:57 PM, Old: 360.00, New: 310.00
Emission Wavelength Changed: 8/19/2022 1:20:01 PM, Old: 310.00, New: 330.00
Zero Mode Changed: 8/19/2022 1:20:03 PM, Old:ON, New:Reading
Zero Mode Changed: 8/19/2022 1:20:03 PM, Old:Reading, New:ON
3-D Mode Changed: 8/19/2022 12:24:35 PM, Old:OFF, New:ON
User Delta Stop Changed: 8/19/2022 12:24:35 PM, Old: 500.00, New: 340.00
User Delta Increment Changed: 8/19/2022 12:24:35 PM, Old:   0.15, New:   5.00
Emission Wavelength Changed: 8/19/2022 12:24:35 PM, Old: 330.00, New: 350.00
Zero Mode Changed: 8/19/2022 12:24:37 PM, Old:ON, New:Reading
Zero Mode Changed: 8/19/2022 12:24:37 PM, Old:Reading, New:ON
Excitation Wavelength Changed: 8/19/2022 12:25:22 PM, Old: 320.00, New: 325.00
Excitation Wavelength Changed: 8/19/2022 12:25:48 PM, Old: 325.00, New: 330.00
Excitation Wavelength Changed: 8/19/2022 12:26:14 PM, Old: 330.00, New: 335.00
Excitation Wavelength Changed: 8/19/2022 12:26:39 PM, Old: 335.00, New: 340.00
Excitation Wavelength Changed: 8/19/2022 12:27:06 PM, Old: 340.00, New: 320.00
3-D Mode Changed: 8/19/2022 12:27:42 PM, Old:ON, New:OFF
User Delta Stop Changed: 8/19/2022 12:27:42 PM, Old: 340.00, New: 345.00
User Delta Increment Changed: 8/19/2022 12:27:42 PM, Old:   5.00, New:   0.15
Excitation Wavelength Changed: 8/19/2022 12:27:42 PM, Old: 320.00, New: 345.00
Emission Wavelength Changed: 8/19/2022 12:27:42 PM, Old: 350.00, New: 355.00
Ex. Slit Width (nm): Changed: 8/19/2022 12:28:29 PM, Old:5, New:10
Zero Mode Changed: 8/19/2022 12:28:29 PM, Old:ON, New:OFF
Zero Mode Changed: 8/19/2022 12:28:31 PM, Old:OFF, New:Reading
Zero Mode Changed: 8/19/2022 12:28:32 PM, Old:Reading, New:ON
3-D Mode Changed: 8/19/2022 12:29:37 PM, Old:OFF, New:ON
User Delta Stop Changed: 8/19/2022 12:29:37 PM, Old: 345.00, New: 360.00
User Delta Increment Changed: 8/19/2022 12:29:37 PM, Old:   0.15, New:  10.00
Excitation Wavelength Changed: 8/19/2022 12:29:37 PM, Old: 345.00, New: 320.00
Emission Wavelength Changed: 8/19/2022 12:29:37 PM, Old: 355.00, New: 370.00
Zero Mode Changed: 8/19/2022 12:29:38 PM, Old:ON, New:Reading
Zero Mode Changed: 8/19/2022 12:29:38 PM, Old:Reading, New:ON
Excitation Wavelength Changed: 8/19/2022 12:30:11 PM, Old: 320.00, New: 330.00
Excitation Wavelength Changed: 8/19/2022 12:30:35 PM, Old: 330.00, New: 340.00
Excitation Wavelength Changed: 8/19/2022 12:30:59 PM, Old: 340.00, New: 350.00
Excitation Wavelength Changed: 8/19/2022 12:31:23 PM, Old: 350.00, New: 360.00
Excitation Wavelength Changed: 8/19/2022 12:31:47 PM, Old: 360.00, New: 320.00
User Delta Stop Changed: 8/19/2022 12:32:10 PM, Old: 360.00, New: 400.00
User Delta Increment Changed: 8/19/2022 12:32:10 PM, Old:  10.00, New:   0.15
Excitation Wavelength Changed: 8/19/2022 12:32:10 PM, Old: 320.00, New: 360.00
Emission Wavelength Changed: 8/19/2022 12:32:10 PM, Old: 370.00, New: 410.00
Zero Mode Changed: 8/19/2022 12:32:12 PM, Old:ON, New:Reading
Zero Mode Changed: 8/19/2022 12:32:12 PM, Old:Reading, New:ON
Excitation Wavelength Changed: 8/19/2022 12:32:43 PM, Old: 360.00, New: 360.15
Excitation Wavelength Changed: 8/19/2022 12:32:52 PM, Old: 360.15, New: 360.30
Scan mode: Changed: 8/19/2022 12:33:47 PM, Old:Emission, New:Excitation
3-D Mode Changed: 8/19/2022 12:33:47 PM, Old:ON, New:OFF
User Delta Stop Changed: 8/19/2022 12:33:47 PM, Old: 400.00, New: 420.00
Excitation Wavelength Changed: 8/19/2022 12:33:47 PM, Old: 360.30, New: 240.00
Emission Wavelength Changed: 8/19/2022 12:33:47 PM, Old: 410.00, New: 420.00
Stop Wavelength Changed: 8/19/2022 12:33:47 PM, Old: 600.00, New: 410.00
Zero Mode Changed: 8/19/2022 12:33:50 PM, Old:ON, New:Reading
Zero Mode Changed: 8/19/2022 12:33:51 PM, Old:Reading, New:ON
Scan mode: Changed: 8/19/2022 12:35:05 PM, Old:Excitation, New:Emission
Excitation Wavelength Changed: 8/19/2022 12:35:05 PM, Old: 240.00, New: 345.00
Emission Wavelength Changed: 8/19/2022 12:35:05 PM, Old: 420.00, New: 355.00
Stop Wavelength Changed: 8/19/2022 12:35:05 PM, Old: 410.00, New: 600.00
Zero Mode Changed: 8/19/2022 12:35:07 PM, Old:ON, New:Reading
Zero Mode Changed: 8/19/2022 12:35:07 PM, Old:Reading, New:ON
Scan mode: Changed: 8/19/2022 12:36:01 PM, Old:Emission, New:Excitation
Ex. Slit Width (nm): Changed: 8/19/2022 12:36:01 PM, Old:10, New:5
Excitation Wavelength Changed: 8/19/2022 12:36:01 PM, Old: 345.00, New: 240.00
Emission Wavelength Changed: 8/19/2022 12:36:01 PM, Old: 355.00, New: 420.00
Stop Wavelength Changed: 8/19/2022 12:36:01 PM, Old: 600.00, New: 410.00
Zero Mode Changed: 8/19/2022 12:36:01 PM, Old:ON, New:OFF
Zero Mode Changed: 8/19/2022 12:36:04 PM, Old:OFF, New:Reading
Zero Mode Changed: 8/19/2022 12:36:05 PM, Old:Reading, New:ON
Scan mode: Changed: 8/19/2022 12:37:05 PM, Old:Excitation, New:Emission
Excitation Wavelength Changed: 8/19/2022 12:37:05 PM, Old: 240.00, New: 345.00
Emission Wavelength Changed: 8/19/2022 12:37:05 PM, Old: 420.00, New: 355.00
Stop Wavelength Changed: 8/19/2022 12:37:05 PM, Old: 410.00, New: 600.00
Zero Mode Changed: 8/19/2022 12:37:06 PM, Old:ON, New:Reading
Zero Mode Changed: 8/19/2022 12:37:07 PM, Old:Reading, New:ON
Scan mode: Changed: 8/19/2022 12:37:59 PM, Old:Emission, New:Excitation
User Delta Stop Changed: 8/19/2022 12:37:59 PM, Old: 420.00, New: 500.00
Excitation Wavelength Changed: 8/19/2022 12:37:59 PM, Old: 345.00, New: 260.00
Emission Wavelength Changed: 8/19/2022 12:37:59 PM, Old: 355.00, New: 500.00
Stop Wavelength Changed: 8/19/2022 12:37:59 PM, Old: 600.00, New: 490.00
Zero Mode Changed: 8/19/2022 12:38:02 PM, Old:ON, New:Reading
Zero Mode Changed: 8/19/2022 12:38:02 PM, Old:Reading, New:ON
Scan mode: Changed: 8/19/2022 12:39:01 PM, Old:Excitation, New:Emission
Excitation Wavelength Changed: 8/19/2022 12:39:01 PM, Old: 260.00, New: 380.00
Emission Wavelength Changed: 8/19/2022 12:39:01 PM, Old: 500.00, New: 390.00
Stop Wavelength Changed: 8/19/2022 12:39:01 PM, Old: 490.00, New: 600.00
Zero Mode Changed: 8/19/2022 12:39:04 PM, Old:ON, New:Reading
Zero Mode Changed: 8/19/2022 12:39:04 PM, Old:Reading, New:ON
Zero Mode Changed: 8/19/2022 12:44:08 PM, Old:ON, New:Reading
Zero Mode Changed: 8/19/2022 12:44:08 PM, Old:Reading, New:ON
Scan mode: Changed: 8/19/2022 12:44:55 PM, Old:Emission, New:Excitation
User Delta Stop Changed: 8/19/2022 12:44:55 PM, Old: 500.00, New: 520.00
Excitation Wavelength Changed: 8/19/2022 12:44:55 PM, Old: 380.00, New: 270.00
Emission Wavelength Changed: 8/19/2022 12:44:55 PM, Old: 390.00, New: 520.00
Stop Wavelength Changed: 8/19/2022 12:44:55 PM, Old: 600.00, New: 510.00
Zero Mode Changed: 8/19/2022 12:44:59 PM, Old:ON, New:Reading
Zero Mode Changed: 8/19/2022 12:44:59 PM, Old:Reading, New:ON
Scan mode: Changed: 8/19/2022 12:45:55 PM, Old:Excitation, New:Emission
Excitation Wavelength Changed: 8/19/2022 12:45:55 PM, Old: 270.00, New: 400.00
Emission Wavelength Changed: 8/19/2022 12:45:55 PM, Old: 520.00, New: 410.00
Stop Wavelength Changed: 8/19/2022 12:45:55 PM, Old: 510.00, New: 650.00
Zero Mode Changed: 8/19/2022 12:45:58 PM, Old:ON, New:Reading
Zero Mode Changed: 8/19/2022 12:45:58 PM, Old:Reading, New:ON
Scan mode: Changed: 8/19/2022 12:46:40 PM, Old:Emission, New:Excitation
Excitation Wavelength Changed: 8/19/2022 12:46:40 PM, Old: 400.00, New: 240.00
Emission Wavelength Changed: 8/19/2022 12:46:40 PM, Old: 410.00, New: 455.00
Stop Wavelength Changed: 8/19/2022 12:46:40 PM, Old: 650.00, New: 445.00
Zero Mode Changed: 8/19/2022 12:46:43 PM, Old:ON, New:Reading
Zero Mode Changed: 8/19/2022 12:46:44 PM, Old:Reading, New:ON
Scan mode: Changed: 8/19/2022 12:47:34 PM, Old:Excitation, New:Emission
Excitation Wavelength Changed: 8/19/2022 12:47:34 PM, Old: 240.00, New: 375.00
Emission Wavelength Changed: 8/19/2022 12:47:34 PM, Old: 455.00, New: 385.00
Stop Wavelength Changed: 8/19/2022 12:47:34 PM, Old: 445.00, New: 600.00
Zero Mode Changed: 8/19/2022 12:47:36 PM, Old:ON, New:Reading
Zero Mode Changed: 8/19/2022 12:47:36 PM, Old:Reading, New:ON
Excitation Wavelength Changed: 8/19/2022 12:48:20 PM, Old: 375.00, New: 330.00
Emission Wavelength Changed: 8/19/2022 12:48:20 PM, Old: 385.00, New: 340.00
Zero Mode Changed: 8/19/2022 12:48:23 PM, Old:ON, New:Reading
Zero Mode Changed: 8/19/2022 12:48:23 PM, Old:Reading, New:ON
Scan mode: Changed: 8/19/2022 12:49:11 PM, Old:Emission, New:Excitation
Excitation Wavelength Changed: 8/19/2022 12:49:11 PM, Old: 330.00, New: 240.00
Emission Wavelength Changed: 8/19/2022 12:49:11 PM, Old: 340.00, New: 510.00
Stop Wavelength Changed: 8/19/2022 12:49:11 PM, Old: 600.00, New: 400.00
Zero Mode Changed: 8/19/2022 12:49:14 PM, Old:ON, New:Reading
Zero Mode Changed: 8/19/2022 12:49:14 PM, Old:Reading, New:ON
Emission Wavelength Changed: 8/19/2022 12:49:54 PM, Old: 510.00, New: 410.00
Zero Mode Changed: 8/19/2022 12:49:55 PM, Old:ON, New:Reading
Zero Mode Changed: 8/19/2022 12:49:56 PM, Old:Reading, New:ON
Scan mode: Changed: 8/19/2022 12:50:44 PM, Old:Excitation, New:Emission
Excitation Wavelength Changed: 8/19/2022 12:50:44 PM, Old: 240.00, New: 340.00
Emission Wavelength Changed: 8/19/2022 12:50:44 PM, Old: 410.00, New: 350.00
Stop Wavelength Changed: 8/19/2022 12:50:44 PM, Old: 400.00, New: 600.00
Zero Mode Changed: 8/19/2022 12:50:46 PM, Old:ON, New:Reading
Zero Mode Changed: 8/19/2022 12:50:46 PM, Old:Reading, New:ON
Scan mode: Changed: 8/19/2022 12:51:44 PM, Old:Emission, New:Excitation
Excitation Wavelength Changed: 8/19/2022 12:51:44 PM, Old: 340.00, New: 240.00
Emission Wavelength Changed: 8/19/2022 12:51:44 PM, Old: 350.00, New: 425.00
Stop Wavelength Changed: 8/19/2022 12:51:44 PM, Old: 600.00, New: 415.00
Zero Mode Changed: 8/19/2022 12:51:47 PM, Old:ON, New:Reading
Zero Mode Changed: 8/19/2022 12:51:47 PM, Old:Reading, New:ON
Scan mode: Changed: 8/19/2022 12:52:54 PM, Old:Excitation, New:Emission
Excitation Wavelength Changed: 8/19/2022 12:52:54 PM, Old: 240.00, New: 350.00
Emission Wavelength Changed: 8/19/2022 12:52:54 PM, Old: 425.00, New: 360.00
Stop Wavelength Changed: 8/19/2022 12:52:54 PM, Old: 415.00, New: 600.00
Zero Mode Changed: 8/19/2022 12:52:55 PM, Old:ON, New:Reading
Zero Mode Changed: 8/19/2022 12:52:56 PM, Old:Reading, New:ON
Scan mode: Changed: 8/19/2022 12:54:53 PM, Old:Emission, New:Excitation
Excitation Wavelength Changed: 8/19/2022 12:54:53 PM, Old: 350.00, New: 240.00
Emission Wavelength Changed: 8/19/2022 12:54:53 PM, Old: 360.00, New: 455.00
Stop Wavelength Changed: 8/19/2022 12:54:53 PM, Old: 600.00, New: 445.00
Zero Mode Changed: 8/19/2022 12:54:56 PM, Old:ON, New:Reading
Zero Mode Changed: 8/19/2022 12:54:56 PM, Old:Reading, New:ON
Emission Wavelength Changed: 8/19/2022 1:03:51 PM, Old: 455.00, New: 420.00
Stop Wavelength Changed: 8/19/2022 1:03:51 PM, Old: 445.00, New: 410.00
Zero Mode Changed: 8/19/2022 1:03:52 PM, Old:ON, New:Reading
Zero Mode Changed: 8/19/2022 1:03:53 PM, Old:Reading, New:ON
Scan mode: Changed: 8/19/2022 1:05:10 PM, Old:Excitation, New:Emission
Excitation Wavelength Changed: 8/19/2022 1:05:10 PM, Old: 240.00, New: 330.00
Emission Wavelength Changed: 8/19/2022 1:05:10 PM, Old: 420.00, New: 340.00
Stop Wavelength Changed: 8/19/2022 1:05:10 PM, Old: 410.00, New: 600.00
Zero Mode Changed: 8/19/2022 1:05:12 PM, Old:ON, New:Reading
Zero Mode Changed: 8/19/2022 1:05:13 PM, Old:Reading, New:ON
Scan mode: Changed: 8/19/2022 1:06:04 PM, Old:Emission, New:Excitation
Excitation Wavelength Changed: 8/19/2022 1:06:04 PM, Old: 330.00, New: 240.00
Emission Wavelength Changed: 8/19/2022 1:06:04 PM, Old: 340.00, New: 410.00
Stop Wavelength Changed: 8/19/2022 1:06:04 PM, Old: 600.00, New: 400.00
Zero Mode Changed: 8/19/2022 1:06:06 PM, Old:ON, New:Reading
Zero Mode Changed: 8/19/2022 1:06:07 PM, Old:Reading, New:ON
Scan mode: Changed: 8/19/2022 1:06:48 PM, Old:Excitation, New:Emission
Excitation Wavelength Changed: 8/19/2022 1:06:48 PM, Old: 240.00, New: 270.00
Emission Wavelength Changed: 8/19/2022 1:06:48 PM, Old: 410.00, New: 280.00
Stop Wavelength Changed: 8/19/2022 1:06:48 PM, Old: 400.00, New: 550.00
Zero Mode Changed: 8/19/2022 1:06:50 PM, Old:ON, New:Reading
Zero Mode Changed: 8/19/2022 1:06:50 PM, Old:Reading, New:ON
Scan mode: Changed: 8/19/2022 1:08:11 PM, Old:Emission, New:Excitation
Excitation Wavelength Changed: 8/19/2022 1:08:11 PM, Old: 270.00, New: 250.00
Emission Wavelength Changed: 8/19/2022 1:08:11 PM, Old: 280.00, New: 380.00
Stop Wavelength Changed: 8/19/2022 1:08:11 PM, Old: 550.00, New: 370.00
Zero Mode Changed: 8/19/2022 1:08:12 PM, Old:ON, New:Reading
Zero Mode Changed: 8/19/2022 1:08:13 PM, Old:Reading, New:ON
Excitation Wavelength Changed: 8/19/2022 1:08:45 PM, Old: 250.00, New: 240.00
Zero Mode Changed: 8/19/2022 1:08:47 PM, Old:ON, New:Reading
Zero Mode Changed: 8/19/2022 1:08:48 PM, Old:Reading, New:ON
Zero Mode Changed: 8/19/2022 1:09:22 PM, Old:ON, New:Reading
Zero Mode Changed: 8/19/2022 1:09:23 PM, Old:Reading, New:ON
Zero Mode Changed: 8/19/2022 1:09:57 PM, Old:ON, New:Reading
Zero Mode Changed: 8/19/2022 1:09:57 PM, Old:Reading, New:ON
Emission Wavelength Changed: 8/19/2022 1:11:16 PM, Old: 380.00, New: 420.00
Stop Wavelength Changed: 8/19/2022 1:11:16 PM, Old: 370.00, New: 410.00
Zero Mode Changed: 8/19/2022 1:11:17 PM, Old:ON, New:Reading
Zero Mode Changed: 8/19/2022 1:11:17 PM, Old:Reading, New:ON
Zero Mode Changed: 8/19/2022 1:12:21 PM, Old:ON, New:Reading
Zero Mode Changed: 8/19/2022 1:12:21 PM, Old:Reading, New:ON
Emission Wavelength Changed: 8/19/2022 1:12:57 PM, Old: 420.00, New: 410.00
Stop Wavelength Changed: 8/19/2022 1:12:57 PM, Old: 410.00, New: 400.00
Zero Mode Changed: 8/19/2022 1:12:59 PM, Old:ON, New:Reading
Zero Mode Changed: 8/19/2022 1:12:59 PM, Old:Reading, New:ON
Scan mode: Changed: 8/19/2022 1:14:24 PM, Old:Excitation, New:Emission
Excitation Wavelength Changed: 8/19/2022 1:14:24 PM, Old: 240.00, New: 345.00
Emission Wavelength Changed: 8/19/2022 1:14:24 PM, Old: 410.00, New: 355.00
Stop Wavelength Changed: 8/19/2022 1:14:24 PM, Old: 400.00, New: 600.00
Zero Mode Changed: 8/19/2022 1:14:26 PM, Old:ON, New:Reading
Zero Mode Changed: 8/19/2022 1:14:26 PM, Old:Reading, New:ON
Scan mode: Changed: 8/19/2022 1:15:20 PM, Old:Emission, New:Excitation
Excitation Wavelength Changed: 8/19/2022 1:15:20 PM, Old: 345.00, New: 240.00
Emission Wavelength Changed: 8/19/2022 1:15:20 PM, Old: 355.00, New: 425.00
Stop Wavelength Changed: 8/19/2022 1:15:20 PM, Old: 600.00, New: 405.00
Zero Mode Changed: 8/19/2022 1:15:23 PM, Old:ON, New:Reading
Zero Mode Changed: 8/19/2022 1:15:23 PM, Old:Reading, New:ON
Emission Wavelength Changed: 8/19/2022 1:16:07 PM, Old: 425.00, New: 435.00
Stop Wavelength Changed: 8/19/2022 1:16:07 PM, Old: 405.00, New: 415.00
Zero Mode Changed: 8/19/2022 1:16:10 PM, Old:ON, New:Reading
Zero Mode Changed: 8/19/2022 1:16:10 PM, Old:Reading, New:ON
Emission Wavelength Changed: 8/19/2022 1:16:52 PM, Old: 435.00, New: 445.00
Stop Wavelength Changed: 8/19/2022 1:16:52 PM, Old: 415.00, New: 425.00
Zero Mode Changed: 8/19/2022 1:16:53 PM, Old:ON, New:Reading
Zero Mode Changed: 8/19/2022 1:16:54 PM, Old:Reading, New:ON
Emission Wavelength Changed: 8/19/2022 1:17:31 PM, Old: 445.00, New: 455.00
Stop Wavelength Changed: 8/19/2022 1:17:31 PM, Old: 425.00, New: 435.00
Zero Mode Changed: 8/19/2022 1:17:33 PM, Old:ON, New:Reading
Zero Mode Changed: 8/19/2022 1:17:33 PM, Old:Reading, New:ON
Emission Wavelength Changed: 8/19/2022 1:18:09 PM, Old: 455.00, New: 465.00
Stop Wavelength Changed: 8/19/2022 1:18:09 PM, Old: 435.00, New: 455.00
Zero Mode Changed: 8/19/2022 1:18:11 PM, Old:ON, New:Reading
Zero Mode Changed: 8/19/2022 1:18:12 PM, Old:Reading, New:ON
Scan mode: Changed: 8/19/2022 1:18:57 PM, Old:Excitation, New:Emission
Excitation Wavelength Changed: 8/19/2022 1:18:57 PM, Old: 240.00, New: 365.00
Emission Wavelength Changed: 8/19/2022 1:18:57 PM, Old: 465.00, New: 375.00
Stop Wavelength Changed: 8/19/2022 1:18:57 PM, Old: 455.00, New: 600.00
Zero Mode Changed: 8/19/2022 1:18:59 PM, Old:ON, New:Reading
Zero Mode Changed: 8/19/2022 1:18:59 PM, Old:Reading, New:ON
Excitation Wavelength Changed: 8/19/2022 1:19:42 PM, Old: 365.00, New: 355.00
Emission Wavelength Changed: 8/19/2022 1:19:42 PM, Old: 375.00, New: 365.00
Zero Mode Changed: 8/19/2022 1:19:44 PM, Old:ON, New:Reading
Zero Mode Changed: 8/19/2022 1:19:44 PM, Old:Reading, New:ON
Excitation Wavelength Changed: 8/19/2022 1:20:22 PM, Old: 355.00, New: 335.00
Emission Wavelength Changed: 8/19/2022 1:20:22 PM, Old: 365.00, New: 345.00
Zero Mode Changed: 8/19/2022 1:20:23 PM, Old:ON, New:Reading
Zero Mode Changed: 8/19/2022 1:20:23 PM, Old:Reading, New:ON
Excitation Wavelength Changed: 8/19/2022 1:21:04 PM, Old: 335.00, New: 375.00
Emission Wavelength Changed: 8/19/2022 1:21:04 PM, Old: 345.00, New: 385.00
Zero Mode Changed: 8/19/2022 1:21:06 PM, Old:ON, New:Reading
Zero Mode Changed: 8/19/2022 1:21:06 PM, Old:Reading, New:ON
Scan mode: Changed: 8/19/2022 12:21:45 PM, Old:Emission, New:Excitation
Excitation Wavelength Changed: 8/19/2022 12:21:45 PM, Old: 375.00, New: 260.00
Emission Wavelength Changed: 8/19/2022 12:21:45 PM, Old: 385.00, New: 500.00
Stop Wavelength Changed: 8/19/2022 12:21:45 PM, Old: 600.00, New: 490.00
Zero Mode Changed: 8/19/2022 12:21:48 PM, Old:ON, New:Reading
Zero Mode Changed: 8/19/2022 12:21:49 PM, Old:Reading, New:ON
Scan mode: Changed: 8/19/2022 12:22:47 PM, Old:Excitation, New:Emission
Excitation Wavelength Changed: 8/19/2022 12:22:47 PM, Old: 260.00, New: 385.00
Emission Wavelength Changed: 8/19/2022 12:22:47 PM, Old: 500.00, New: 395.00
Stop Wavelength Changed: 8/19/2022 12:22:47 PM, Old: 490.00, New: 600.00
Zero Mode Changed: 8/19/2022 12:22:49 PM, Old:ON, New:Reading
Zero Mode Changed: 8/19/2022 12:22:49 PM, Old:Reading, New:ON
Scan mode: Changed: 8/19/2022 12:28:28 PM, Old:Emission, New:Excitation
Excitation Wavelength Changed: 8/19/2022 12:28:28 PM, Old: 385.00, New: 240.00
Emission Wavelength Changed: 8/19/2022 12:28:28 PM, Old: 395.00, New: 420.00
Stop Wavelength Changed: 8/19/2022 12:28:28 PM, Old: 600.00, New: 410.00
Zero Mode Changed: 8/19/2022 12:28:47 PM, Old:ON, New:Reading
Zero Mode Changed: 8/19/2022 12:28:47 PM, Old:Reading, New:ON
Scan mode: Changed: 8/19/2022 12:29:49 PM, Old:Excitation, New:Emission
Excitation Wavelength Changed: 8/19/2022 12:29:49 PM, Old: 240.00, New: 345.00
Emission Wavelength Changed: 8/19/2022 12:29:49 PM, Old: 420.00, New: 355.00
Stop Wavelength Changed: 8/19/2022 12:29:49 PM, Old: 410.00, New: 600.00
Zero Mode Changed: 8/19/2022 12:29:51 PM, Old:ON, New:Reading
Zero Mode Changed: 8/19/2022 12:29:51 PM, Old:Reading, New:ON
Scan mode: Changed: 8/19/2022 12:30:36 PM, Old:Emission, New:Excitation
Excitation Wavelength Changed: 8/19/2022 12:30:36 PM, Old: 345.00, New: 260.00
Emission Wavelength Changed: 8/19/2022 12:30:36 PM, Old: 355.00, New: 510.00
Stop Wavelength Changed: 8/19/2022 12:30:36 PM, Old: 600.00, New: 500.00
Zero Mode Changed: 8/19/2022 12:30:38 PM, Old:ON, New:Reading
Zero Mode Changed: 8/19/2022 12:30:39 PM, Old:Reading, New:ON
Scan mode: Changed: 8/19/2022 12:31:29 PM, Old:Excitation, New:Emission
Excitation Wavelength Changed: 8/19/2022 12:31:29 PM, Old: 260.00, New: 380.00
Emission Wavelength Changed: 8/19/2022 12:31:29 PM, Old: 510.00, New: 390.00
Stop Wavelength Changed: 8/19/2022 12:31:29 PM, Old: 500.00, New: 600.00
Zero Mode Changed: 8/19/2022 12:31:31 PM, Old:ON, New:Reading
Zero Mode Changed: 8/19/2022 12:31:32 PM, Old:Reading, New:ON
Excitation Wavelength Changed: 8/19/2022 12:33:05 PM, Old: 380.00, New: 330.00
Emission Wavelength Changed: 8/19/2022 12:33:05 PM, Old: 390.00, New: 340.00
Zero Mode Changed: 8/19/2022 12:33:08 PM, Old:ON, New:Reading
Zero Mode Changed: 8/19/2022 12:33:09 PM, Old:Reading, New:ON
Excitation Wavelength Changed: 8/19/2022 12:34:00 PM, Old: 330.00, New: 360.00
Emission Wavelength Changed: 8/19/2022 12:34:00 PM, Old: 340.00, New: 370.00
Zero Mode Changed: 8/19/2022 12:34:01 PM, Old:ON, New:Reading
Zero Mode Changed: 8/19/2022 12:34:02 PM, Old:Reading, New:ON
Scan mode: Changed: 8/19/2022 12:39:27 PM, Old:Emission, New:Excitation
Excitation Wavelength Changed: 8/19/2022 12:39:27 PM, Old: 360.00, New: 240.00
Emission Wavelength Changed: 8/19/2022 12:39:27 PM, Old: 370.00, New: 420.00
Stop Wavelength Changed: 8/19/2022 12:39:27 PM, Old: 600.00, New: 410.00
Zero Mode Changed: 8/19/2022 12:39:30 PM, Old:ON, New:Reading
Zero Mode Changed: 8/19/2022 12:39:30 PM, Old:Reading, New:ON
Scan mode: Changed: 8/19/2022 12:40:19 PM, Old:Excitation, New:Emission
Excitation Wavelength Changed: 8/19/2022 12:40:19 PM, Old: 240.00, New: 345.00
Emission Wavelength Changed: 8/19/2022 12:40:19 PM, Old: 420.00, New: 355.00
Stop Wavelength Changed: 8/19/2022 12:40:19 PM, Old: 410.00, New: 600.00
Zero Mode Changed: 8/19/2022 12:40:20 PM, Old:ON, New:Reading
Zero Mode Changed: 8/19/2022 12:40:21 PM, Old:Reading, New:ON
Scan mode: Changed: 8/19/2022 12:41:07 PM, Old:Emission, New:Excitation
Excitation Wavelength Changed: 8/19/2022 12:41:07 PM, Old: 345.00, New: 260.00
Emission Wavelength Changed: 8/19/2022 12:41:07 PM, Old: 355.00, New: 510.00
Stop Wavelength Changed: 8/19/2022 12:41:07 PM, Old: 600.00, New: 500.00
Zero Mode Changed: 8/19/2022 12:41:10 PM, Old:ON, New:Reading
Zero Mode Changed: 8/19/2022 12:41:10 PM, Old:Reading, New:ON
Scan mode: Changed: 8/19/2022 12:41:58 PM, Old:Excitation, New:Emission
Excitation Wavelength Changed: 8/19/2022 12:41:58 PM, Old: 260.00, New: 385.00
Emission Wavelength Changed: 8/19/2022 12:41:58 PM, Old: 510.00, New: 395.00
Stop Wavelength Changed: 8/19/2022 12:41:58 PM, Old: 500.00, New: 650.00
Zero Mode Changed: 8/19/2022 12:42:00 PM, Old:ON, New:Reading
Zero Mode Changed: 8/19/2022 12:42:01 PM, Old:Reading, New:ON
Excitation Wavelength Changed: 8/19/2022 12:42:46 PM, Old: 385.00, New: 330.00
Emission Wavelength Changed: 8/19/2022 12:42:46 PM, Old: 395.00, New: 340.00
Stop Wavelength Changed: 8/19/2022 12:42:46 PM, Old: 650.00, New: 600.00
Zero Mode Changed: 8/19/2022 12:42:49 PM, Old:ON, New:Reading
Zero Mode Changed: 8/19/2022 12:42:49 PM, Old:Reading, New:ON
Excitation Wavelength Changed: 8/19/2022 12:43:35 PM, Old: 330.00, New: 360.00
Emission Wavelength Changed: 8/19/2022 12:43:35 PM, Old: 340.00, New: 370.00
Zero Mode Changed: 8/19/2022 12:43:38 PM, Old:ON, New:Reading
Zero Mode Changed: 8/19/2022 12:43:38 PM, Old:Reading, New:ON
Zero Mode Changed: 8/19/2022 12:47:16 PM, Old:ON, New:Reading
Zero Mode Changed: 8/19/2022 12:47:17 PM, Old:Reading, New:ON
Excitation Wavelength Changed: 8/19/2022 12:48:05 PM, Old: 360.00, New: 345.00
Emission Wavelength Changed: 8/19/2022 12:48:05 PM, Old: 370.00, New: 355.00
Zero Mode Changed: 8/19/2022 12:48:06 PM, Old:ON, New:Reading
Zero Mode Changed: 8/19/2022 12:48:07 PM, Old:Reading, New:ON
Excitation Wavelength Changed: 8/19/2022 12:49:06 PM, Old: 345.00, New: 330.00
Emission Wavelength Changed: 8/19/2022 12:49:06 PM, Old: 355.00, New: 340.00
Zero Mode Changed: 8/19/2022 12:49:08 PM, Old:ON, New:Reading
Zero Mode Changed: 8/19/2022 12:49:09 PM, Old:Reading, New:ON
End Method Modifications

CdSe sonochem 90min em420,
CdSe sonochem 90min em420
Collection Time: 8/19/2022 12:50:03 PM
Operator Name  :
Scan Software Version: 1.1(132)
Parameter List :
Instrument                        Cary Eclipse
Instrument Serial Number          E08013467
Data mode                         Fluorescence
Scan mode                         Excitation
X Mode                            Wavelength (nm)
Start (nm)                        240.00
Stop (nm)                         410.00
Em. Wavelength (nm)               420.00
Ex. Slit (nm)                     5
Em. Slit (nm)                     5
Scan rate (nm/min)                600.00
Data interval (nm)                1.0000
Averaging Time (s)                0.1000
Excitation filter                 Auto
Emission filter                   Open
PMT voltage (V)                   Medium
Corrected spectra                 OFF
Method Log     :
Method Name    : Default
Date/Time stamp: 8/19/2022 12:23:21 PM
Method Modifications:
Excitation Wavelength Changed: 8/19/2022 12:28:50 PM, Old: 350.00, New: 300.00
Emission Wavelength Changed: 8/19/2022 12:28:50 PM, Old: 400.00, New: 310.00
Zero Mode Changed: 8/19/2022 12:28:52 PM, Old:OFF, New:Reading
Zero Mode Changed: 8/19/2022 12:28:52 PM, Old:Reading, New:ON
Scan mode: Changed: 8/19/2022 12:30:28 PM, Old:Emission, New:Excitation
Excitation Wavelength Changed: 8/19/2022 12:30:28 PM, Old: 300.00, New: 200.00
Emission Wavelength Changed: 8/19/2022 12:30:28 PM, Old: 310.00, New: 380.00
Stop Wavelength Changed: 8/19/2022 12:30:28 PM, Old: 600.00, New: 370.00
Zero Mode Changed: 8/19/2022 12:30:31 PM, Old:ON, New:Reading
Zero Mode Changed: 8/19/2022 12:30:31 PM, Old:Reading, New:ON
Overlayed Graphs Changed: 8/19/2022 12:31:25 PM, Old:OFF, New:ON
Zero Mode Changed: 8/19/2022 12:31:50 PM, Old:ON, New:Reading
Zero Mode Changed: 8/19/2022 12:31:50 PM, Old:Reading, New:ON
Scan mode: Changed: 8/19/2022 12:33:27 PM, Old:Excitation, New:Emission
Excitation Wavelength Changed: 8/19/2022 12:33:27 PM, Old: 200.00, New: 330.00
Emission Wavelength Changed: 8/19/2022 12:33:27 PM, Old: 380.00, New: 340.00
Stop Wavelength Changed: 8/19/2022 12:33:27 PM, Old: 370.00, New: 700.00
Zero Mode Changed: 8/19/2022 12:33:29 PM, Old:ON, New:Reading
Zero Mode Changed: 8/19/2022 12:33:29 PM, Old:Reading, New:ON
Scan mode: Changed: 8/19/2022 12:35:04 PM, Old:Emission, New:Excitation
Excitation Wavelength Changed: 8/19/2022 12:35:04 PM, Old: 330.00, New: 200.00
Emission Wavelength Changed: 8/19/2022 12:35:04 PM, Old: 340.00, New: 400.00
Stop Wavelength Changed: 8/19/2022 12:35:04 PM, Old: 700.00, New: 390.00
Zero Mode Changed: 8/19/2022 12:35:08 PM, Old:ON, New:Reading
Zero Mode Changed: 8/19/2022 12:35:08 PM, Old:Reading, New:ON
Y min Changed: 8/19/2022 12:38:08 PM, Old:     0.0000, New:   -55.0000
Zero Mode Changed: 8/19/2022 12:38:10 PM, Old:ON, New:Reading
Zero Mode Changed: 8/19/2022 12:38:10 PM, Old:Reading, New:ON
Scan mode: Changed: 8/19/2022 12:39:20 PM, Old:Excitation, New:Emission
Excitation Wavelength Changed: 8/19/2022 12:39:20 PM, Old: 200.00, New: 336.00
Emission Wavelength Changed: 8/19/2022 12:39:20 PM, Old: 400.00, New: 346.00
Stop Wavelength Changed: 8/19/2022 12:39:20 PM, Old: 390.00, New: 600.00
Zero Mode Changed: 8/19/2022 12:39:22 PM, Old:ON, New:Reading
Zero Mode Changed: 8/19/2022 12:39:22 PM, Old:Reading, New:ON
Stop Wavelength Changed: 8/19/2022 12:40:10 PM, Old: 600.00, New: 700.00
Zero Mode Changed: 8/19/2022 12:40:38 PM, Old:ON, New:Reading
Zero Mode Changed: 8/19/2022 12:40:38 PM, Old:Reading, New:ON
Y min Changed: 8/19/2022 12:42:47 PM, Old:   -55.0000, New:     0.0000
Scan mode: Changed: 8/19/2022 12:42:47 PM, Old:Emission, New:Excitation
Excitation Wavelength Changed: 8/19/2022 12:42:47 PM, Old: 336.00, New: 200.00
Emission Wavelength Changed: 8/19/2022 12:42:47 PM, Old: 346.00, New: 410.00
Stop Wavelength Changed: 8/19/2022 12:42:47 PM, Old: 700.00, New: 400.00
Zero Mode Changed: 8/19/2022 12:42:51 PM, Old:ON, New:Reading
Zero Mode Changed: 8/19/2022 12:42:51 PM, Old:Reading, New:ON
Scan mode: Changed: 8/19/2022 12:54:44 PM, Old:Excitation, New:Emission
Excitation Wavelength Changed: 8/19/2022 12:54:44 PM, Old: 200.00, New: 335.00
Emission Wavelength Changed: 8/19/2022 12:54:44 PM, Old: 410.00, New: 345.00
Stop Wavelength Changed: 8/19/2022 12:54:44 PM, Old: 400.00, New: 600.00
Zero Mode Changed: 8/19/2022 12:54:46 PM, Old:ON, New:Reading
Zero Mode Changed: 8/19/2022 12:54:46 PM, Old:Reading, New:ON
Scan mode: Changed: 8/19/2022 12:55:39 PM, Old:Emission, New:Excitation
Excitation Wavelength Changed: 8/19/2022 12:55:39 PM, Old: 335.00, New: 240.00
Emission Wavelength Changed: 8/19/2022 12:55:39 PM, Old: 345.00, New: 410.00
Stop Wavelength Changed: 8/19/2022 12:55:39 PM, Old: 600.00, New: 400.00
Zero Mode Changed: 8/19/2022 12:55:42 PM, Old:ON, New:Reading
Zero Mode Changed: 8/19/2022 12:55:42 PM, Old:Reading, New:ON
Scan mode: Changed: 8/19/2022 12:56:21 PM, Old:Excitation, New:Emission
Excitation Wavelength Changed: 8/19/2022 12:56:21 PM, Old: 240.00, New: 340.00
Emission Wavelength Changed: 8/19/2022 12:56:21 PM, Old: 410.00, New: 350.00
Stop Wavelength Changed: 8/19/2022 12:56:21 PM, Old: 400.00, New: 600.00
Zero Mode Changed: 8/19/2022 12:56:24 PM, Old:ON, New:Reading
Zero Mode Changed: 8/19/2022 12:56:24 PM, Old:Reading, New:ON
Scan mode: Changed: 8/19/2022 12:57:53 PM, Old:Emission, New:Excitation
User Delta Stop Changed: 8/19/2022 12:57:53 PM, Old: 450.00, New: 500.00
User Delta Increment Changed: 8/19/2022 12:57:53 PM, Old:  10.00, New:   0.15
Excitation Wavelength Changed: 8/19/2022 12:57:53 PM, Old: 340.00, New: 260.00
Emission Wavelength Changed: 8/19/2022 12:57:53 PM, Old: 350.00, New: 500.00
Stop Wavelength Changed: 8/19/2022 12:57:53 PM, Old: 600.00, New: 490.00
Zero Mode Changed: 8/19/2022 12:57:56 PM, Old:ON, New:Reading
Zero Mode Changed: 8/19/2022 12:57:56 PM, Old:Reading, New:ON
Scan mode: Changed: 8/19/2022 12:58:50 PM, Old:Excitation, New:Emission
Excitation Wavelength Changed: 8/19/2022 12:58:50 PM, Old: 260.00, New: 380.00
Emission Wavelength Changed: 8/19/2022 12:58:50 PM, Old: 500.00, New: 390.00
Stop Wavelength Changed: 8/19/2022 12:58:50 PM, Old: 490.00, New: 650.00
Zero Mode Changed: 8/19/2022 12:58:52 PM, Old:ON, New:Reading
Zero Mode Changed: 8/19/2022 12:58:52 PM, Old:Reading, New:ON
Scan mode: Changed: 8/19/2022 12:59:47 PM, Old:Emission, New:Excitation
Excitation Wavelength Changed: 8/19/2022 12:59:47 PM, Old: 380.00, New: 240.00
Emission Wavelength Changed: 8/19/2022 12:59:47 PM, Old: 390.00, New: 420.00
Stop Wavelength Changed: 8/19/2022 12:59:47 PM, Old: 650.00, New: 410.00
Zero Mode Changed: 8/19/2022 12:59:51 PM, Old:ON, New:Reading
Zero Mode Changed: 8/19/2022 12:59:51 PM, Old:Reading, New:ON
Scan mode: Changed: 8/19/2022 1:00:29 PM, Old:Excitation, New:Emission
Excitation Wavelength Changed: 8/19/2022 1:00:29 PM, Old: 240.00, New: 345.00
Emission Wavelength Changed: 8/19/2022 1:00:29 PM, Old: 420.00, New: 355.00
Stop Wavelength Changed: 8/19/2022 1:00:29 PM, Old: 410.00, New: 600.00
Zero Mode Changed: 8/19/2022 1:00:30 PM, Old:ON, New:Reading
Zero Mode Changed: 8/19/2022 1:00:31 PM, Old:Reading, New:ON
Excitation Wavelength Changed: 8/19/2022 1:01:14 PM, Old: 345.00, New: 350.00
Emission Wavelength Changed: 8/19/2022 1:01:14 PM, Old: 355.00, New: 360.00
Zero Mode Changed: 8/19/2022 1:01:16 PM, Old:ON, New:Reading
Zero Mode Changed: 8/19/2022 1:01:17 PM, Old:Reading, New:ON
Excitation Wavelength Changed: 8/19/2022 1:01:56 PM, Old: 350.00, New: 355.00
Emission Wavelength Changed: 8/19/2022 1:01:56 PM, Old: 360.00, New: 365.00
Zero Mode Changed: 8/19/2022 1:01:58 PM, Old:ON, New:Reading
Zero Mode Changed: 8/19/2022 1:01:59 PM, Old:Reading, New:ON
Excitation Wavelength Changed: 8/19/2022 1:02:40 PM, Old: 355.00, New: 360.00
Emission Wavelength Changed: 8/19/2022 1:02:40 PM, Old: 365.00, New: 370.00
Zero Mode Changed: 8/19/2022 1:02:42 PM, Old:ON, New:Reading
Zero Mode Changed: 8/19/2022 1:02:42 PM, Old:Reading, New:ON
Excitation Wavelength Changed: 8/19/2022 1:03:20 PM, Old: 360.00, New: 365.00
Emission Wavelength Changed: 8/19/2022 1:03:20 PM, Old: 370.00, New: 375.00
Zero Mode Changed: 8/19/2022 1:03:23 PM, Old:ON, New:Reading
Zero Mode Changed: 8/19/2022 1:03:23 PM, Old:Reading, New:ON
Scan mode: Changed: 8/19/2022 1:04:11 PM, Old:Emission, New:Excitation
Excitation Wavelength Changed: 8/19/2022 1:04:11 PM, Old: 365.00, New: 240.00
Emission Wavelength Changed: 8/19/2022 1:04:11 PM, Old: 375.00, New: 430.00
Stop Wavelength Changed: 8/19/2022 1:04:11 PM, Old: 600.00, New: 420.00
Zero Mode Changed: 8/19/2022 1:04:14 PM, Old:ON, New:Reading
Zero Mode Changed: 8/19/2022 1:04:14 PM, Old:Reading, New:ON
Emission Wavelength Changed: 8/19/2022 1:04:52 PM, Old: 430.00, New: 440.00
Stop Wavelength Changed: 8/19/2022 1:04:52 PM, Old: 420.00, New: 430.00
Zero Mode Changed: 8/19/2022 1:04:53 PM, Old:ON, New:Reading
Zero Mode Changed: 8/19/2022 1:04:53 PM, Old:Reading, New:ON
Emission Wavelength Changed: 8/19/2022 1:05:43 PM, Old: 440.00, New: 450.00
Stop Wavelength Changed: 8/19/2022 1:05:43 PM, Old: 430.00, New: 440.00
Zero Mode Changed: 8/19/2022 1:05:44 PM, Old:ON, New:Reading
Zero Mode Changed: 8/19/2022 1:05:44 PM, Old:Reading, New:ON
Scan mode: Changed: 8/19/2022 1:09:39 PM, Old:Excitation, New:Emission
Excitation Wavelength Changed: 8/19/2022 1:09:39 PM, Old: 240.00, New: 330.00
Emission Wavelength Changed: 8/19/2022 1:09:39 PM, Old: 450.00, New: 340.00
Stop Wavelength Changed: 8/19/2022 1:09:39 PM, Old: 440.00, New: 600.00
Zero Mode Changed: 8/19/2022 1:09:40 PM, Old:ON, New:Reading
Zero Mode Changed: 8/19/2022 1:09:40 PM, Old:Reading, New:ON
Scan mode: Changed: 8/19/2022 1:10:32 PM, Old:Emission, New:Excitation
Excitation Wavelength Changed: 8/19/2022 1:10:32 PM, Old: 330.00, New: 240.00
Emission Wavelength Changed: 8/19/2022 1:10:32 PM, Old: 340.00, New: 400.00
Stop Wavelength Changed: 8/19/2022 1:10:32 PM, Old: 600.00, New: 390.00
Zero Mode Changed: 8/19/2022 1:10:35 PM, Old:ON, New:Reading
Zero Mode Changed: 8/19/2022 1:10:35 PM, Old:Reading, New:ON
Scan mode: Changed: 8/19/2022 1:11:56 PM, Old:Excitation, New:Emission
3-D Mode Changed: 8/19/2022 1:11:56 PM, Old:OFF, New:ON
User Delta Stop Changed: 8/19/2022 1:11:56 PM, Old: 500.00, New: 380.00
User Delta Increment Changed: 8/19/2022 1:11:56 PM, Old:   0.15, New:   5.00
Excitation Wavelength Changed: 8/19/2022 1:11:56 PM, Old: 240.00, New: 335.00
Emission Wavelength Changed: 8/19/2022 1:11:56 PM, Old: 400.00, New: 390.00
Stop Wavelength Changed: 8/19/2022 1:11:56 PM, Old: 390.00, New: 600.00
Zero Mode Changed: 8/19/2022 1:11:58 PM, Old:ON, New:Reading
Zero Mode Changed: 8/19/2022 1:11:58 PM, Old:Reading, New:ON
Excitation Wavelength Changed: 8/19/2022 1:12:28 PM, Old: 335.00, New: 340.00
Excitation Wavelength Changed: 8/19/2022 1:12:50 PM, Old: 340.00, New: 345.00
Excitation Wavelength Changed: 8/19/2022 1:13:12 PM, Old: 345.00, New: 350.00
Excitation Wavelength Changed: 8/19/2022 1:13:34 PM, Old: 350.00, New: 355.00
Excitation Wavelength Changed: 8/19/2022 1:13:56 PM, Old: 355.00, New: 360.00
Excitation Wavelength Changed: 8/19/2022 1:14:17 PM, Old: 360.00, New: 365.00
Excitation Wavelength Changed: 8/19/2022 1:14:39 PM, Old: 365.00, New: 370.00
Excitation Wavelength Changed: 8/19/2022 1:15:02 PM, Old: 370.00, New: 375.00
Excitation Wavelength Changed: 8/19/2022 1:15:24 PM, Old: 375.00, New: 380.00
Excitation Wavelength Changed: 8/19/2022 1:15:46 PM, Old: 380.00, New: 335.00
Scan mode: Changed: 8/19/2022 1:16:01 PM, Old:Emission, New:Excitation
3-D Mode Changed: 8/19/2022 1:16:01 PM, Old:ON, New:OFF
User Delta Stop Changed: 8/19/2022 1:16:01 PM, Old: 380.00, New: 500.00
User Delta Increment Changed: 8/19/2022 1:16:01 PM, Old:   5.00, New:   0.15
Excitation Wavelength Changed: 8/19/2022 1:16:01 PM, Old: 335.00, New: 260.00
Emission Wavelength Changed: 8/19/2022 1:16:01 PM, Old: 390.00, New: 500.00
Stop Wavelength Changed: 8/19/2022 1:16:01 PM, Old: 600.00, New: 490.00
Zero Mode Changed: 8/19/2022 1:16:04 PM, Old:ON, New:Reading
Zero Mode Changed: 8/19/2022 1:16:05 PM, Old:Reading, New:ON
Excitation Wavelength Changed: 8/19/2022 1:16:58 PM, Old: 260.00, New: 240.00
Emission Wavelength Changed: 8/19/2022 1:16:58 PM, Old: 500.00, New: 420.00
Stop Wavelength Changed: 8/19/2022 1:16:58 PM, Old: 490.00, New: 410.00
Zero Mode Changed: 8/19/2022 1:16:59 PM, Old:ON, New:Reading
Zero Mode Changed: 8/19/2022 1:17:00 PM, Old:Reading, New:ON
Emission Wavelength Changed: 8/19/2022 1:17:50 PM, Old: 420.00, New: 380.00
Stop Wavelength Changed: 8/19/2022 1:17:50 PM, Old: 410.00, New: 370.00
Zero Mode Changed: 8/19/2022 1:17:51 PM, Old:ON, New:Reading
Zero Mode Changed: 8/19/2022 1:17:52 PM, Old:Reading, New:ON
Scan mode: Changed: 8/19/2022 1:18:25 PM, Old:Excitation, New:Emission
Excitation Wavelength Changed: 8/19/2022 1:18:25 PM, Old: 240.00, New: 340.00
Emission Wavelength Changed: 8/19/2022 1:18:25 PM, Old: 380.00, New: 350.00
Stop Wavelength Changed: 8/19/2022 1:18:25 PM, Old: 370.00, New: 600.00
Zero Mode Changed: 8/19/2022 1:18:26 PM, Old:ON, New:Reading
Zero Mode Changed: 8/19/2022 1:18:27 PM, Old:Reading, New:ON
Excitation Wavelength Changed: 8/19/2022 1:19:09 PM, Old: 340.00, New: 350.00
Emission Wavelength Changed: 8/19/2022 1:19:09 PM, Old: 350.00, New: 360.00
Zero Mode Changed: 8/19/2022 1:19:11 PM, Old:ON, New:Reading
Zero Mode Changed: 8/19/2022 1:19:12 PM, Old:Reading, New:ON
Excitation Wavelength Changed: 8/19/2022 1:19:57 PM, Old: 350.00, New: 320.00
Emission Wavelength Changed: 8/19/2022 1:19:57 PM, Old: 360.00, New: 310.00
Emission Wavelength Changed: 8/19/2022 1:20:01 PM, Old: 310.00, New: 330.00
Zero Mode Changed: 8/19/2022 1:20:03 PM, Old:ON, New:Reading
Zero Mode Changed: 8/19/2022 1:20:03 PM, Old:Reading, New:ON
3-D Mode Changed: 8/19/2022 12:24:35 PM, Old:OFF, New:ON
User Delta Stop Changed: 8/19/2022 12:24:35 PM, Old: 500.00, New: 340.00
User Delta Increment Changed: 8/19/2022 12:24:35 PM, Old:   0.15, New:   5.00
Emission Wavelength Changed: 8/19/2022 12:24:35 PM, Old: 330.00, New: 350.00
Zero Mode Changed: 8/19/2022 12:24:37 PM, Old:ON, New:Reading
Zero Mode Changed: 8/19/2022 12:24:37 PM, Old:Reading, New:ON
Excitation Wavelength Changed: 8/19/2022 12:25:22 PM, Old: 320.00, New: 325.00
Excitation Wavelength Changed: 8/19/2022 12:25:48 PM, Old: 325.00, New: 330.00
Excitation Wavelength Changed: 8/19/2022 12:26:14 PM, Old: 330.00, New: 335.00
Excitation Wavelength Changed: 8/19/2022 12:26:39 PM, Old: 335.00, New: 340.00
Excitation Wavelength Changed: 8/19/2022 12:27:06 PM, Old: 340.00, New: 320.00
3-D Mode Changed: 8/19/2022 12:27:42 PM, Old:ON, New:OFF
User Delta Stop Changed: 8/19/2022 12:27:42 PM, Old: 340.00, New: 345.00
User Delta Increment Changed: 8/19/2022 12:27:42 PM, Old:   5.00, New:   0.15
Excitation Wavelength Changed: 8/19/2022 12:27:42 PM, Old: 320.00, New: 345.00
Emission Wavelength Changed: 8/19/2022 12:27:42 PM, Old: 350.00, New: 355.00
Ex. Slit Width (nm): Changed: 8/19/2022 12:28:29 PM, Old:5, New:10
Zero Mode Changed: 8/19/2022 12:28:29 PM, Old:ON, New:OFF
Zero Mode Changed: 8/19/2022 12:28:31 PM, Old:OFF, New:Reading
Zero Mode Changed: 8/19/2022 12:28:32 PM, Old:Reading, New:ON
3-D Mode Changed: 8/19/2022 12:29:37 PM, Old:OFF, New:ON
User Delta Stop Changed: 8/19/2022 12:29:37 PM, Old: 345.00, New: 360.00
User Delta Increment Changed: 8/19/2022 12:29:37 PM, Old:   0.15, New:  10.00
Excitation Wavelength Changed: 8/19/2022 12:29:37 PM, Old: 345.00, New: 320.00
Emission Wavelength Changed: 8/19/2022 12:29:37 PM, Old: 355.00, New: 370.00
Zero Mode Changed: 8/19/2022 12:29:38 PM, Old:ON, New:Reading
Zero Mode Changed: 8/19/2022 12:29:38 PM, Old:Reading, New:ON
Excitation Wavelength Changed: 8/19/2022 12:30:11 PM, Old: 320.00, New: 330.00
Excitation Wavelength Changed: 8/19/2022 12:30:35 PM, Old: 330.00, New: 340.00
Excitation Wavelength Changed: 8/19/2022 12:30:59 PM, Old: 340.00, New: 350.00
Excitation Wavelength Changed: 8/19/2022 12:31:23 PM, Old: 350.00, New: 360.00
Excitation Wavelength Changed: 8/19/2022 12:31:47 PM, Old: 360.00, New: 320.00
User Delta Stop Changed: 8/19/2022 12:32:10 PM, Old: 360.00, New: 400.00
User Delta Increment Changed: 8/19/2022 12:32:10 PM, Old:  10.00, New:   0.15
Excitation Wavelength Changed: 8/19/2022 12:32:10 PM, Old: 320.00, New: 360.00
Emission Wavelength Changed: 8/19/2022 12:32:10 PM, Old: 370.00, New: 410.00
Zero Mode Changed: 8/19/2022 12:32:12 PM, Old:ON, New:Reading
Zero Mode Changed: 8/19/2022 12:32:12 PM, Old:Reading, New:ON
Excitation Wavelength Changed: 8/19/2022 12:32:43 PM, Old: 360.00, New: 360.15
Excitation Wavelength Changed: 8/19/2022 12:32:52 PM, Old: 360.15, New: 360.30
Scan mode: Changed: 8/19/2022 12:33:47 PM, Old:Emission, New:Excitation
3-D Mode Changed: 8/19/2022 12:33:47 PM, Old:ON, New:OFF
User Delta Stop Changed: 8/19/2022 12:33:47 PM, Old: 400.00, New: 420.00
Excitation Wavelength Changed: 8/19/2022 12:33:47 PM, Old: 360.30, New: 240.00
Emission Wavelength Changed: 8/19/2022 12:33:47 PM, Old: 410.00, New: 420.00
Stop Wavelength Changed: 8/19/2022 12:33:47 PM, Old: 600.00, New: 410.00
Zero Mode Changed: 8/19/2022 12:33:50 PM, Old:ON, New:Reading
Zero Mode Changed: 8/19/2022 12:33:51 PM, Old:Reading, New:ON
Scan mode: Changed: 8/19/2022 12:35:05 PM, Old:Excitation, New:Emission
Excitation Wavelength Changed: 8/19/2022 12:35:05 PM, Old: 240.00, New: 345.00
Emission Wavelength Changed: 8/19/2022 12:35:05 PM, Old: 420.00, New: 355.00
Stop Wavelength Changed: 8/19/2022 12:35:05 PM, Old: 410.00, New: 600.00
Zero Mode Changed: 8/19/2022 12:35:07 PM, Old:ON, New:Reading
Zero Mode Changed: 8/19/2022 12:35:07 PM, Old:Reading, New:ON
Scan mode: Changed: 8/19/2022 12:36:01 PM, Old:Emission, New:Excitation
Ex. Slit Width (nm): Changed: 8/19/2022 12:36:01 PM, Old:10, New:5
Excitation Wavelength Changed: 8/19/2022 12:36:01 PM, Old: 345.00, New: 240.00
Emission Wavelength Changed: 8/19/2022 12:36:01 PM, Old: 355.00, New: 420.00
Stop Wavelength Changed: 8/19/2022 12:36:01 PM, Old: 600.00, New: 410.00
Zero Mode Changed: 8/19/2022 12:36:01 PM, Old:ON, New:OFF
Zero Mode Changed: 8/19/2022 12:36:04 PM, Old:OFF, New:Reading
Zero Mode Changed: 8/19/2022 12:36:05 PM, Old:Reading, New:ON
Scan mode: Changed: 8/19/2022 12:37:05 PM, Old:Excitation, New:Emission
Excitation Wavelength Changed: 8/19/2022 12:37:05 PM, Old: 240.00, New: 345.00
Emission Wavelength Changed: 8/19/2022 12:37:05 PM, Old: 420.00, New: 355.00
Stop Wavelength Changed: 8/19/2022 12:37:05 PM, Old: 410.00, New: 600.00
Zero Mode Changed: 8/19/2022 12:37:06 PM, Old:ON, New:Reading
Zero Mode Changed: 8/19/2022 12:37:07 PM, Old:Reading, New:ON
Scan mode: Changed: 8/19/2022 12:37:59 PM, Old:Emission, New:Excitation
User Delta Stop Changed: 8/19/2022 12:37:59 PM, Old: 420.00, New: 500.00
Excitation Wavelength Changed: 8/19/2022 12:37:59 PM, Old: 345.00, New: 260.00
Emission Wavelength Changed: 8/19/2022 12:37:59 PM, Old: 355.00, New: 500.00
Stop Wavelength Changed: 8/19/2022 12:37:59 PM, Old: 600.00, New: 490.00
Zero Mode Changed: 8/19/2022 12:38:02 PM, Old:ON, New:Reading
Zero Mode Changed: 8/19/2022 12:38:02 PM, Old:Reading, New:ON
Scan mode: Changed: 8/19/2022 12:39:01 PM, Old:Excitation, New:Emission
Excitation Wavelength Changed: 8/19/2022 12:39:01 PM, Old: 260.00, New: 380.00
Emission Wavelength Changed: 8/19/2022 12:39:01 PM, Old: 500.00, New: 390.00
Stop Wavelength Changed: 8/19/2022 12:39:01 PM, Old: 490.00, New: 600.00
Zero Mode Changed: 8/19/2022 12:39:04 PM, Old:ON, New:Reading
Zero Mode Changed: 8/19/2022 12:39:04 PM, Old:Reading, New:ON
Zero Mode Changed: 8/19/2022 12:44:08 PM, Old:ON, New:Reading
Zero Mode Changed: 8/19/2022 12:44:08 PM, Old:Reading, New:ON
Scan mode: Changed: 8/19/2022 12:44:55 PM, Old:Emission, New:Excitation
User Delta Stop Changed: 8/19/2022 12:44:55 PM, Old: 500.00, New: 520.00
Excitation Wavelength Changed: 8/19/2022 12:44:55 PM, Old: 380.00, New: 270.00
Emission Wavelength Changed: 8/19/2022 12:44:55 PM, Old: 390.00, New: 520.00
Stop Wavelength Changed: 8/19/2022 12:44:55 PM, Old: 600.00, New: 510.00
Zero Mode Changed: 8/19/2022 12:44:59 PM, Old:ON, New:Reading
Zero Mode Changed: 8/19/2022 12:44:59 PM, Old:Reading, New:ON
Scan mode: Changed: 8/19/2022 12:45:55 PM, Old:Excitation, New:Emission
Excitation Wavelength Changed: 8/19/2022 12:45:55 PM, Old: 270.00, New: 400.00
Emission Wavelength Changed: 8/19/2022 12:45:55 PM, Old: 520.00, New: 410.00
Stop Wavelength Changed: 8/19/2022 12:45:55 PM, Old: 510.00, New: 650.00
Zero Mode Changed: 8/19/2022 12:45:58 PM, Old:ON, New:Reading
Zero Mode Changed: 8/19/2022 12:45:58 PM, Old:Reading, New:ON
Scan mode: Changed: 8/19/2022 12:46:40 PM, Old:Emission, New:Excitation
Excitation Wavelength Changed: 8/19/2022 12:46:40 PM, Old: 400.00, New: 240.00
Emission Wavelength Changed: 8/19/2022 12:46:40 PM, Old: 410.00, New: 455.00
Stop Wavelength Changed: 8/19/2022 12:46:40 PM, Old: 650.00, New: 445.00
Zero Mode Changed: 8/19/2022 12:46:43 PM, Old:ON, New:Reading
Zero Mode Changed: 8/19/2022 12:46:44 PM, Old:Reading, New:ON
Scan mode: Changed: 8/19/2022 12:47:34 PM, Old:Excitation, New:Emission
Excitation Wavelength Changed: 8/19/2022 12:47:34 PM, Old: 240.00, New: 375.00
Emission Wavelength Changed: 8/19/2022 12:47:34 PM, Old: 455.00, New: 385.00
Stop Wavelength Changed: 8/19/2022 12:47:34 PM, Old: 445.00, New: 600.00
Zero Mode Changed: 8/19/2022 12:47:36 PM, Old:ON, New:Reading
Zero Mode Changed: 8/19/2022 12:47:36 PM, Old:Reading, New:ON
Excitation Wavelength Changed: 8/19/2022 12:48:20 PM, Old: 375.00, New: 330.00
Emission Wavelength Changed: 8/19/2022 12:48:20 PM, Old: 385.00, New: 340.00
Zero Mode Changed: 8/19/2022 12:48:23 PM, Old:ON, New:Reading
Zero Mode Changed: 8/19/2022 12:48:23 PM, Old:Reading, New:ON
Scan mode: Changed: 8/19/2022 12:49:11 PM, Old:Emission, New:Excitation
Excitation Wavelength Changed: 8/19/2022 12:49:11 PM, Old: 330.00, New: 240.00
Emission Wavelength Changed: 8/19/2022 12:49:11 PM, Old: 340.00, New: 510.00
Stop Wavelength Changed: 8/19/2022 12:49:11 PM, Old: 600.00, New: 400.00
Zero Mode Changed: 8/19/2022 12:49:14 PM, Old:ON, New:Reading
Zero Mode Changed: 8/19/2022 12:49:14 PM, Old:Reading, New:ON
Emission Wavelength Changed: 8/19/2022 12:49:54 PM, Old: 510.00, New: 410.00
Zero Mode Changed: 8/19/2022 12:49:55 PM, Old:ON, New:Reading
Zero Mode Changed: 8/19/2022 12:49:56 PM, Old:Reading, New:ON
Scan mode: Changed: 8/19/2022 12:50:44 PM, Old:Excitation, New:Emission
Excitation Wavelength Changed: 8/19/2022 12:50:44 PM, Old: 240.00, New: 340.00
Emission Wavelength Changed: 8/19/2022 12:50:44 PM, Old: 410.00, New: 350.00
Stop Wavelength Changed: 8/19/2022 12:50:44 PM, Old: 400.00, New: 600.00
Zero Mode Changed: 8/19/2022 12:50:46 PM, Old:ON, New:Reading
Zero Mode Changed: 8/19/2022 12:50:46 PM, Old:Reading, New:ON
Scan mode: Changed: 8/19/2022 12:51:44 PM, Old:Emission, New:Excitation
Excitation Wavelength Changed: 8/19/2022 12:51:44 PM, Old: 340.00, New: 240.00
Emission Wavelength Changed: 8/19/2022 12:51:44 PM, Old: 350.00, New: 425.00
Stop Wavelength Changed: 8/19/2022 12:51:44 PM, Old: 600.00, New: 415.00
Zero Mode Changed: 8/19/2022 12:51:47 PM, Old:ON, New:Reading
Zero Mode Changed: 8/19/2022 12:51:47 PM, Old:Reading, New:ON
Scan mode: Changed: 8/19/2022 12:52:54 PM, Old:Excitation, New:Emission
Excitation Wavelength Changed: 8/19/2022 12:52:54 PM, Old: 240.00, New: 350.00
Emission Wavelength Changed: 8/19/2022 12:52:54 PM, Old: 425.00, New: 360.00
Stop Wavelength Changed: 8/19/2022 12:52:54 PM, Old: 415.00, New: 600.00
Zero Mode Changed: 8/19/2022 12:52:55 PM, Old:ON, New:Reading
Zero Mode Changed: 8/19/2022 12:52:56 PM, Old:Reading, New:ON
Scan mode: Changed: 8/19/2022 12:54:53 PM, Old:Emission, New:Excitation
Excitation Wavelength Changed: 8/19/2022 12:54:53 PM, Old: 350.00, New: 240.00
Emission Wavelength Changed: 8/19/2022 12:54:53 PM, Old: 360.00, New: 455.00
Stop Wavelength Changed: 8/19/2022 12:54:53 PM, Old: 600.00, New: 445.00
Zero Mode Changed: 8/19/2022 12:54:56 PM, Old:ON, New:Reading
Zero Mode Changed: 8/19/2022 12:54:56 PM, Old:Reading, New:ON
Emission Wavelength Changed: 8/19/2022 1:03:51 PM, Old: 455.00, New: 420.00
Stop Wavelength Changed: 8/19/2022 1:03:51 PM, Old: 445.00, New: 410.00
Zero Mode Changed: 8/19/2022 1:03:52 PM, Old:ON, New:Reading
Zero Mode Changed: 8/19/2022 1:03:53 PM, Old:Reading, New:ON
Scan mode: Changed: 8/19/2022 1:05:10 PM, Old:Excitation, New:Emission
Excitation Wavelength Changed: 8/19/2022 1:05:10 PM, Old: 240.00, New: 330.00
Emission Wavelength Changed: 8/19/2022 1:05:10 PM, Old: 420.00, New: 340.00
Stop Wavelength Changed: 8/19/2022 1:05:10 PM, Old: 410.00, New: 600.00
Zero Mode Changed: 8/19/2022 1:05:12 PM, Old:ON, New:Reading
Zero Mode Changed: 8/19/2022 1:05:13 PM, Old:Reading, New:ON
Scan mode: Changed: 8/19/2022 1:06:04 PM, Old:Emission, New:Excitation
Excitation Wavelength Changed: 8/19/2022 1:06:04 PM, Old: 330.00, New: 240.00
Emission Wavelength Changed: 8/19/2022 1:06:04 PM, Old: 340.00, New: 410.00
Stop Wavelength Changed: 8/19/2022 1:06:04 PM, Old: 600.00, New: 400.00
Zero Mode Changed: 8/19/2022 1:06:06 PM, Old:ON, New:Reading
Zero Mode Changed: 8/19/2022 1:06:07 PM, Old:Reading, New:ON
Scan mode: Changed: 8/19/2022 1:06:48 PM, Old:Excitation, New:Emission
Excitation Wavelength Changed: 8/19/2022 1:06:48 PM, Old: 240.00, New: 270.00
Emission Wavelength Changed: 8/19/2022 1:06:48 PM, Old: 410.00, New: 280.00
Stop Wavelength Changed: 8/19/2022 1:06:48 PM, Old: 400.00, New: 550.00
Zero Mode Changed: 8/19/2022 1:06:50 PM, Old:ON, New:Reading
Zero Mode Changed: 8/19/2022 1:06:50 PM, Old:Reading, New:ON
Scan mode: Changed: 8/19/2022 1:08:11 PM, Old:Emission, New:Excitation
Excitation Wavelength Changed: 8/19/2022 1:08:11 PM, Old: 270.00, New: 250.00
Emission Wavelength Changed: 8/19/2022 1:08:11 PM, Old: 280.00, New: 380.00
Stop Wavelength Changed: 8/19/2022 1:08:11 PM, Old: 550.00, New: 370.00
Zero Mode Changed: 8/19/2022 1:08:12 PM, Old:ON, New:Reading
Zero Mode Changed: 8/19/2022 1:08:13 PM, Old:Reading, New:ON
Excitation Wavelength Changed: 8/19/2022 1:08:45 PM, Old: 250.00, New: 240.00
Zero Mode Changed: 8/19/2022 1:08:47 PM, Old:ON, New:Reading
Zero Mode Changed: 8/19/2022 1:08:48 PM, Old:Reading, New:ON
Zero Mode Changed: 8/19/2022 1:09:22 PM, Old:ON, New:Reading
Zero Mode Changed: 8/19/2022 1:09:23 PM, Old:Reading, New:ON
Zero Mode Changed: 8/19/2022 1:09:57 PM, Old:ON, New:Reading
Zero Mode Changed: 8/19/2022 1:09:57 PM, Old:Reading, New:ON
Emission Wavelength Changed: 8/19/2022 1:11:16 PM, Old: 380.00, New: 420.00
Stop Wavelength Changed: 8/19/2022 1:11:16 PM, Old: 370.00, New: 410.00
Zero Mode Changed: 8/19/2022 1:11:17 PM, Old:ON, New:Reading
Zero Mode Changed: 8/19/2022 1:11:17 PM, Old:Reading, New:ON
Zero Mode Changed: 8/19/2022 1:12:21 PM, Old:ON, New:Reading
Zero Mode Changed: 8/19/2022 1:12:21 PM, Old:Reading, New:ON
Emission Wavelength Changed: 8/19/2022 1:12:57 PM, Old: 420.00, New: 410.00
Stop Wavelength Changed: 8/19/2022 1:12:57 PM, Old: 410.00, New: 400.00
Zero Mode Changed: 8/19/2022 1:12:59 PM, Old:ON, New:Reading
Zero Mode Changed: 8/19/2022 1:12:59 PM, Old:Reading, New:ON
Scan mode: Changed: 8/19/2022 1:14:24 PM, Old:Excitation, New:Emission
Excitation Wavelength Changed: 8/19/2022 1:14:24 PM, Old: 240.00, New: 345.00
Emission Wavelength Changed: 8/19/2022 1:14:24 PM, Old: 410.00, New: 355.00
Stop Wavelength Changed: 8/19/2022 1:14:24 PM, Old: 400.00, New: 600.00
Zero Mode Changed: 8/19/2022 1:14:26 PM, Old:ON, New:Reading
Zero Mode Changed: 8/19/2022 1:14:26 PM, Old:Reading, New:ON
Scan mode: Changed: 8/19/2022 1:15:20 PM, Old:Emission, New:Excitation
Excitation Wavelength Changed: 8/19/2022 1:15:20 PM, Old: 345.00, New: 240.00
Emission Wavelength Changed: 8/19/2022 1:15:20 PM, Old: 355.00, New: 425.00
Stop Wavelength Changed: 8/19/2022 1:15:20 PM, Old: 600.00, New: 405.00
Zero Mode Changed: 8/19/2022 1:15:23 PM, Old:ON, New:Reading
Zero Mode Changed: 8/19/2022 1:15:23 PM, Old:Reading, New:ON
Emission Wavelength Changed: 8/19/2022 1:16:07 PM, Old: 425.00, New: 435.00
Stop Wavelength Changed: 8/19/2022 1:16:07 PM, Old: 405.00, New: 415.00
Zero Mode Changed: 8/19/2022 1:16:10 PM, Old:ON, New:Reading
Zero Mode Changed: 8/19/2022 1:16:10 PM, Old:Reading, New:ON
Emission Wavelength Changed: 8/19/2022 1:16:52 PM, Old: 435.00, New: 445.00
Stop Wavelength Changed: 8/19/2022 1:16:52 PM, Old: 415.00, New: 425.00
Zero Mode Changed: 8/19/2022 1:16:53 PM, Old:ON, New:Reading
Zero Mode Changed: 8/19/2022 1:16:54 PM, Old:Reading, New:ON
Emission Wavelength Changed: 8/19/2022 1:17:31 PM, Old: 445.00, New: 455.00
Stop Wavelength Changed: 8/19/2022 1:17:31 PM, Old: 425.00, New: 435.00
Zero Mode Changed: 8/19/2022 1:17:33 PM, Old:ON, New:Reading
Zero Mode Changed: 8/19/2022 1:17:33 PM, Old:Reading, New:ON
Emission Wavelength Changed: 8/19/2022 1:18:09 PM, Old: 455.00, New: 465.00
Stop Wavelength Changed: 8/19/2022 1:18:09 PM, Old: 435.00, New: 455.00
Zero Mode Changed: 8/19/2022 1:18:11 PM, Old:ON, New:Reading
Zero Mode Changed: 8/19/2022 1:18:12 PM, Old:Reading, New:ON
Scan mode: Changed: 8/19/2022 1:18:57 PM, Old:Excitation, New:Emission
Excitation Wavelength Changed: 8/19/2022 1:18:57 PM, Old: 240.00, New: 365.00
Emission Wavelength Changed: 8/19/2022 1:18:57 PM, Old: 465.00, New: 375.00
Stop Wavelength Changed: 8/19/2022 1:18:57 PM, Old: 455.00, New: 600.00
Zero Mode Changed: 8/19/2022 1:18:59 PM, Old:ON, New:Reading
Zero Mode Changed: 8/19/2022 1:18:59 PM, Old:Reading, New:ON
Excitation Wavelength Changed: 8/19/2022 1:19:42 PM, Old: 365.00, New: 355.00
Emission Wavelength Changed: 8/19/2022 1:19:42 PM, Old: 375.00, New: 365.00
Zero Mode Changed: 8/19/2022 1:19:44 PM, Old:ON, New:Reading
Zero Mode Changed: 8/19/2022 1:19:44 PM, Old:Reading, New:ON
Excitation Wavelength Changed: 8/19/2022 1:20:22 PM, Old: 355.00, New: 335.00
Emission Wavelength Changed: 8/19/2022 1:20:22 PM, Old: 365.00, New: 345.00
Zero Mode Changed: 8/19/2022 1:20:23 PM, Old:ON, New:Reading
Zero Mode Changed: 8/19/2022 1:20:23 PM, Old:Reading, New:ON
Excitation Wavelength Changed: 8/19/2022 1:21:04 PM, Old: 335.00, New: 375.00
Emission Wavelength Changed: 8/19/2022 1:21:04 PM, Old: 345.00, New: 385.00
Zero Mode Changed: 8/19/2022 1:21:06 PM, Old:ON, New:Reading
Zero Mode Changed: 8/19/2022 1:21:06 PM, Old:Reading, New:ON
Scan mode: Changed: 8/19/2022 12:21:45 PM, Old:Emission, New:Excitation
Excitation Wavelength Changed: 8/19/2022 12:21:45 PM, Old: 375.00, New: 260.00
Emission Wavelength Changed: 8/19/2022 12:21:45 PM, Old: 385.00, New: 500.00
Stop Wavelength Changed: 8/19/2022 12:21:45 PM, Old: 600.00, New: 490.00
Zero Mode Changed: 8/19/2022 12:21:48 PM, Old:ON, New:Reading
Zero Mode Changed: 8/19/2022 12:21:49 PM, Old:Reading, New:ON
Scan mode: Changed: 8/19/2022 12:22:47 PM, Old:Excitation, New:Emission
Excitation Wavelength Changed: 8/19/2022 12:22:47 PM, Old: 260.00, New: 385.00
Emission Wavelength Changed: 8/19/2022 12:22:47 PM, Old: 500.00, New: 395.00
Stop Wavelength Changed: 8/19/2022 12:22:47 PM, Old: 490.00, New: 600.00
Zero Mode Changed: 8/19/2022 12:22:49 PM, Old:ON, New:Reading
Zero Mode Changed: 8/19/2022 12:22:49 PM, Old:Reading, New:ON
Scan mode: Changed: 8/19/2022 12:28:28 PM, Old:Emission, New:Excitation
Excitation Wavelength Changed: 8/19/2022 12:28:28 PM, Old: 385.00, New: 240.00
Emission Wavelength Changed: 8/19/2022 12:28:28 PM, Old: 395.00, New: 420.00
Stop Wavelength Changed: 8/19/2022 12:28:28 PM, Old: 600.00, New: 410.00
Zero Mode Changed: 8/19/2022 12:28:47 PM, Old:ON, New:Reading
Zero Mode Changed: 8/19/2022 12:28:47 PM, Old:Reading, New:ON
Scan mode: Changed: 8/19/2022 12:29:49 PM, Old:Excitation, New:Emission
Excitation Wavelength Changed: 8/19/2022 12:29:49 PM, Old: 240.00, New: 345.00
Emission Wavelength Changed: 8/19/2022 12:29:49 PM, Old: 420.00, New: 355.00
Stop Wavelength Changed: 8/19/2022 12:29:49 PM, Old: 410.00, New: 600.00
Zero Mode Changed: 8/19/2022 12:29:51 PM, Old:ON, New:Reading
Zero Mode Changed: 8/19/2022 12:29:51 PM, Old:Reading, New:ON
Scan mode: Changed: 8/19/2022 12:30:36 PM, Old:Emission, New:Excitation
Excitation Wavelength Changed: 8/19/2022 12:30:36 PM, Old: 345.00, New: 260.00
Emission Wavelength Changed: 8/19/2022 12:30:36 PM, Old: 355.00, New: 510.00
Stop Wavelength Changed: 8/19/2022 12:30:36 PM, Old: 600.00, New: 500.00
Zero Mode Changed: 8/19/2022 12:30:38 PM, Old:ON, New:Reading
Zero Mode Changed: 8/19/2022 12:30:39 PM, Old:Reading, New:ON
Scan mode: Changed: 8/19/2022 12:31:29 PM, Old:Excitation, New:Emission
Excitation Wavelength Changed: 8/19/2022 12:31:29 PM, Old: 260.00, New: 380.00
Emission Wavelength Changed: 8/19/2022 12:31:29 PM, Old: 510.00, New: 390.00
Stop Wavelength Changed: 8/19/2022 12:31:29 PM, Old: 500.00, New: 600.00
Zero Mode Changed: 8/19/2022 12:31:31 PM, Old:ON, New:Reading
Zero Mode Changed: 8/19/2022 12:31:32 PM, Old:Reading, New:ON
Excitation Wavelength Changed: 8/19/2022 12:33:05 PM, Old: 380.00, New: 330.00
Emission Wavelength Changed: 8/19/2022 12:33:05 PM, Old: 390.00, New: 340.00
Zero Mode Changed: 8/19/2022 12:33:08 PM, Old:ON, New:Reading
Zero Mode Changed: 8/19/2022 12:33:09 PM, Old:Reading, New:ON
Excitation Wavelength Changed: 8/19/2022 12:34:00 PM, Old: 330.00, New: 360.00
Emission Wavelength Changed: 8/19/2022 12:34:00 PM, Old: 340.00, New: 370.00
Zero Mode Changed: 8/19/2022 12:34:01 PM, Old:ON, New:Reading
Zero Mode Changed: 8/19/2022 12:34:02 PM, Old:Reading, New:ON
Scan mode: Changed: 8/19/2022 12:39:27 PM, Old:Emission, New:Excitation
Excitation Wavelength Changed: 8/19/2022 12:39:27 PM, Old: 360.00, New: 240.00
Emission Wavelength Changed: 8/19/2022 12:39:27 PM, Old: 370.00, New: 420.00
Stop Wavelength Changed: 8/19/2022 12:39:27 PM, Old: 600.00, New: 410.00
Zero Mode Changed: 8/19/2022 12:39:30 PM, Old:ON, New:Reading
Zero Mode Changed: 8/19/2022 12:39:30 PM, Old:Reading, New:ON
Scan mode: Changed: 8/19/2022 12:40:19 PM, Old:Excitation, New:Emission
Excitation Wavelength Changed: 8/19/2022 12:40:19 PM, Old: 240.00, New: 345.00
Emission Wavelength Changed: 8/19/2022 12:40:19 PM, Old: 420.00, New: 355.00
Stop Wavelength Changed: 8/19/2022 12:40:19 PM, Old: 410.00, New: 600.00
Zero Mode Changed: 8/19/2022 12:40:20 PM, Old:ON, New:Reading
Zero Mode Changed: 8/19/2022 12:40:21 PM, Old:Reading, New:ON
Scan mode: Changed: 8/19/2022 12:41:07 PM, Old:Emission, New:Excitation
Excitation Wavelength Changed: 8/19/2022 12:41:07 PM, Old: 345.00, New: 260.00
Emission Wavelength Changed: 8/19/2022 12:41:07 PM, Old: 355.00, New: 510.00
Stop Wavelength Changed: 8/19/2022 12:41:07 PM, Old: 600.00, New: 500.00
Zero Mode Changed: 8/19/2022 12:41:10 PM, Old:ON, New:Reading
Zero Mode Changed: 8/19/2022 12:41:10 PM, Old:Reading, New:ON
Scan mode: Changed: 8/19/2022 12:41:58 PM, Old:Excitation, New:Emission
Excitation Wavelength Changed: 8/19/2022 12:41:58 PM, Old: 260.00, New: 385.00
Emission Wavelength Changed: 8/19/2022 12:41:58 PM, Old: 510.00, New: 395.00
Stop Wavelength Changed: 8/19/2022 12:41:58 PM, Old: 500.00, New: 650.00
Zero Mode Changed: 8/19/2022 12:42:00 PM, Old:ON, New:Reading
Zero Mode Changed: 8/19/2022 12:42:01 PM, Old:Reading, New:ON
Excitation Wavelength Changed: 8/19/2022 12:42:46 PM, Old: 385.00, New: 330.00
Emission Wavelength Changed: 8/19/2022 12:42:46 PM, Old: 395.00, New: 340.00
Stop Wavelength Changed: 8/19/2022 12:42:46 PM, Old: 650.00, New: 600.00
Zero Mode Changed: 8/19/2022 12:42:49 PM, Old:ON, New:Reading
Zero Mode Changed: 8/19/2022 12:42:49 PM, Old:Reading, New:ON
Excitation Wavelength Changed: 8/19/2022 12:43:35 PM, Old: 330.00, New: 360.00
Emission Wavelength Changed: 8/19/2022 12:43:35 PM, Old: 340.00, New: 370.00
Zero Mode Changed: 8/19/2022 12:43:38 PM, Old:ON, New:Reading
Zero Mode Changed: 8/19/2022 12:43:38 PM, Old:Reading, New:ON
Zero Mode Changed: 8/19/2022 12:47:16 PM, Old:ON, New:Reading
Zero Mode Changed: 8/19/2022 12:47:17 PM, Old:Reading, New:ON
Excitation Wavelength Changed: 8/19/2022 12:48:05 PM, Old: 360.00, New: 345.00
Emission Wavelength Changed: 8/19/2022 12:48:05 PM, Old: 370.00, New: 355.00
Zero Mode Changed: 8/19/2022 12:48:06 PM, Old:ON, New:Reading
Zero Mode Changed: 8/19/2022 12:48:07 PM, Old:Reading, New:ON
Excitation Wavelength Changed: 8/19/2022 12:49:06 PM, Old: 345.00, New: 330.00
Emission Wavelength Changed: 8/19/2022 12:49:06 PM, Old: 355.00, New: 340.00
Zero Mode Changed: 8/19/2022 12:49:08 PM, Old:ON, New:Reading
Zero Mode Changed: 8/19/2022 12:49:09 PM, Old:Reading, New:ON
Scan mode: Changed: 8/19/2022 12:49:53 PM, Old:Emission, New:Excitation
Excitation Wavelength Changed: 8/19/2022 12:49:53 PM, Old: 330.00, New: 240.00
Emission Wavelength Changed: 8/19/2022 12:49:53 PM, Old: 340.00, New: 420.00
Stop Wavelength Changed: 8/19/2022 12:49:53 PM, Old: 600.00, New: 410.00
Zero Mode Changed: 8/19/2022 12:49:57 PM, Old:ON, New:Reading
Zero Mode Changed: 8/19/2022 12:49:57 PM, Old:Reading, New:ON
End Method Modifications

CdSe sonochem 90min em515,
CdSe sonochem 90min em515
Collection Time: 8/19/2022 12:51:21 PM
Operator Name  :
Scan Software Version: 1.1(132)
Parameter List :
Instrument                        Cary Eclipse
Instrument Serial Number          E08013467
Data mode                         Fluorescence
Scan mode                         Excitation
X Mode                            Wavelength (nm)
Start (nm)                        260.00
Stop (nm)                         505.00
Em. Wavelength (nm)               515.00
Ex. Slit (nm)                     5
Em. Slit (nm)                     5
Scan rate (nm/min)                600.00
Data interval (nm)                1.0000
Averaging Time (s)                0.1000
Excitation filter                 Auto
Emission filter                   Open
PMT voltage (V)                   Medium
Corrected spectra                 OFF
Method Log     :
Method Name    : Default
Date/Time stamp: 8/19/2022 12:23:21 PM
Method Modifications:
Excitation Wavelength Changed: 8/19/2022 12:28:50 PM, Old: 350.00, New: 300.00
Emission Wavelength Changed: 8/19/2022 12:28:50 PM, Old: 400.00, New: 310.00
Zero Mode Changed: 8/19/2022 12:28:52 PM, Old:OFF, New:Reading
Zero Mode Changed: 8/19/2022 12:28:52 PM, Old:Reading, New:ON
Scan mode: Changed: 8/19/2022 12:30:28 PM, Old:Emission, New:Excitation
Excitation Wavelength Changed: 8/19/2022 12:30:28 PM, Old: 300.00, New: 200.00
Emission Wavelength Changed: 8/19/2022 12:30:28 PM, Old: 310.00, New: 380.00
Stop Wavelength Changed: 8/19/2022 12:30:28 PM, Old: 600.00, New: 370.00
Zero Mode Changed: 8/19/2022 12:30:31 PM, Old:ON, New:Reading
Zero Mode Changed: 8/19/2022 12:30:31 PM, Old:Reading, New:ON
Overlayed Graphs Changed: 8/19/2022 12:31:25 PM, Old:OFF, New:ON
Zero Mode Changed: 8/19/2022 12:31:50 PM, Old:ON, New:Reading
Zero Mode Changed: 8/19/2022 12:31:50 PM, Old:Reading, New:ON
Scan mode: Changed: 8/19/2022 12:33:27 PM, Old:Excitation, New:Emission
Excitation Wavelength Changed: 8/19/2022 12:33:27 PM, Old: 200.00, New: 330.00
Emission Wavelength Changed: 8/19/2022 12:33:27 PM, Old: 380.00, New: 340.00
Stop Wavelength Changed: 8/19/2022 12:33:27 PM, Old: 370.00, New: 700.00
Zero Mode Changed: 8/19/2022 12:33:29 PM, Old:ON, New:Reading
Zero Mode Changed: 8/19/2022 12:33:29 PM, Old:Reading, New:ON
Scan mode: Changed: 8/19/2022 12:35:04 PM, Old:Emission, New:Excitation
Excitation Wavelength Changed: 8/19/2022 12:35:04 PM, Old: 330.00, New: 200.00
Emission Wavelength Changed: 8/19/2022 12:35:04 PM, Old: 340.00, New: 400.00
Stop Wavelength Changed: 8/19/2022 12:35:04 PM, Old: 700.00, New: 390.00
Zero Mode Changed: 8/19/2022 12:35:08 PM, Old:ON, New:Reading
Zero Mode Changed: 8/19/2022 12:35:08 PM, Old:Reading, New:ON
Y min Changed: 8/19/2022 12:38:08 PM, Old:     0.0000, New:   -55.0000
Zero Mode Changed: 8/19/2022 12:38:10 PM, Old:ON, New:Reading
Zero Mode Changed: 8/19/2022 12:38:10 PM, Old:Reading, New:ON
Scan mode: Changed: 8/19/2022 12:39:20 PM, Old:Excitation, New:Emission
Excitation Wavelength Changed: 8/19/2022 12:39:20 PM, Old: 200.00, New: 336.00
Emission Wavelength Changed: 8/19/2022 12:39:20 PM, Old: 400.00, New: 346.00
Stop Wavelength Changed: 8/19/2022 12:39:20 PM, Old: 390.00, New: 600.00
Zero Mode Changed: 8/19/2022 12:39:22 PM, Old:ON, New:Reading
Zero Mode Changed: 8/19/2022 12:39:22 PM, Old:Reading, New:ON
Stop Wavelength Changed: 8/19/2022 12:40:10 PM, Old: 600.00, New: 700.00
Zero Mode Changed: 8/19/2022 12:40:38 PM, Old:ON, New:Reading
Zero Mode Changed: 8/19/2022 12:40:38 PM, Old:Reading, New:ON
Y min Changed: 8/19/2022 12:42:47 PM, Old:   -55.0000, New:     0.0000
Scan mode: Changed: 8/19/2022 12:42:47 PM, Old:Emission, New:Excitation
Excitation Wavelength Changed: 8/19/2022 12:42:47 PM, Old: 336.00, New: 200.00
Emission Wavelength Changed: 8/19/2022 12:42:47 PM, Old: 346.00, New: 410.00
Stop Wavelength Changed: 8/19/2022 12:42:47 PM, Old: 700.00, New: 400.00
Zero Mode Changed: 8/19/2022 12:42:51 PM, Old:ON, New:Reading
Zero Mode Changed: 8/19/2022 12:42:51 PM, Old:Reading, New:ON
Scan mode: Changed: 8/19/2022 12:54:44 PM, Old:Excitation, New:Emission
Excitation Wavelength Changed: 8/19/2022 12:54:44 PM, Old: 200.00, New: 335.00
Emission Wavelength Changed: 8/19/2022 12:54:44 PM, Old: 410.00, New: 345.00
Stop Wavelength Changed: 8/19/2022 12:54:44 PM, Old: 400.00, New: 600.00
Zero Mode Changed: 8/19/2022 12:54:46 PM, Old:ON, New:Reading
Zero Mode Changed: 8/19/2022 12:54:46 PM, Old:Reading, New:ON
Scan mode: Changed: 8/19/2022 12:55:39 PM, Old:Emission, New:Excitation
Excitation Wavelength Changed: 8/19/2022 12:55:39 PM, Old: 335.00, New: 240.00
Emission Wavelength Changed: 8/19/2022 12:55:39 PM, Old: 345.00, New: 410.00
Stop Wavelength Changed: 8/19/2022 12:55:39 PM, Old: 600.00, New: 400.00
Zero Mode Changed: 8/19/2022 12:55:42 PM, Old:ON, New:Reading
Zero Mode Changed: 8/19/2022 12:55:42 PM, Old:Reading, New:ON
Scan mode: Changed: 8/19/2022 12:56:21 PM, Old:Excitation, New:Emission
Excitation Wavelength Changed: 8/19/2022 12:56:21 PM, Old: 240.00, New: 340.00
Emission Wavelength Changed: 8/19/2022 12:56:21 PM, Old: 410.00, New: 350.00
Stop Wavelength Changed: 8/19/2022 12:56:21 PM, Old: 400.00, New: 600.00
Zero Mode Changed: 8/19/2022 12:56:24 PM, Old:ON, New:Reading
Zero Mode Changed: 8/19/2022 12:56:24 PM, Old:Reading, New:ON
Scan mode: Changed: 8/19/2022 12:57:53 PM, Old:Emission, New:Excitation
User Delta Stop Changed: 8/19/2022 12:57:53 PM, Old: 450.00, New: 500.00
User Delta Increment Changed: 8/19/2022 12:57:53 PM, Old:  10.00, New:   0.15
Excitation Wavelength Changed: 8/19/2022 12:57:53 PM, Old: 340.00, New: 260.00
Emission Wavelength Changed: 8/19/2022 12:57:53 PM, Old: 350.00, New: 500.00
Stop Wavelength Changed: 8/19/2022 12:57:53 PM, Old: 600.00, New: 490.00
Zero Mode Changed: 8/19/2022 12:57:56 PM, Old:ON, New:Reading
Zero Mode Changed: 8/19/2022 12:57:56 PM, Old:Reading, New:ON
Scan mode: Changed: 8/19/2022 12:58:50 PM, Old:Excitation, New:Emission
Excitation Wavelength Changed: 8/19/2022 12:58:50 PM, Old: 260.00, New: 380.00
Emission Wavelength Changed: 8/19/2022 12:58:50 PM, Old: 500.00, New: 390.00
Stop Wavelength Changed: 8/19/2022 12:58:50 PM, Old: 490.00, New: 650.00
Zero Mode Changed: 8/19/2022 12:58:52 PM, Old:ON, New:Reading
Zero Mode Changed: 8/19/2022 12:58:52 PM, Old:Reading, New:ON
Scan mode: Changed: 8/19/2022 12:59:47 PM, Old:Emission, New:Excitation
Excitation Wavelength Changed: 8/19/2022 12:59:47 PM, Old: 380.00, New: 240.00
Emission Wavelength Changed: 8/19/2022 12:59:47 PM, Old: 390.00, New: 420.00
Stop Wavelength Changed: 8/19/2022 12:59:47 PM, Old: 650.00, New: 410.00
Zero Mode Changed: 8/19/2022 12:59:51 PM, Old:ON, New:Reading
Zero Mode Changed: 8/19/2022 12:59:51 PM, Old:Reading, New:ON
Scan mode: Changed: 8/19/2022 1:00:29 PM, Old:Excitation, New:Emission
Excitation Wavelength Changed: 8/19/2022 1:00:29 PM, Old: 240.00, New: 345.00
Emission Wavelength Changed: 8/19/2022 1:00:29 PM, Old: 420.00, New: 355.00
Stop Wavelength Changed: 8/19/2022 1:00:29 PM, Old: 410.00, New: 600.00
Zero Mode Changed: 8/19/2022 1:00:30 PM, Old:ON, New:Reading
Zero Mode Changed: 8/19/2022 1:00:31 PM, Old:Reading, New:ON
Excitation Wavelength Changed: 8/19/2022 1:01:14 PM, Old: 345.00, New: 350.00
Emission Wavelength Changed: 8/19/2022 1:01:14 PM, Old: 355.00, New: 360.00
Zero Mode Changed: 8/19/2022 1:01:16 PM, Old:ON, New:Reading
Zero Mode Changed: 8/19/2022 1:01:17 PM, Old:Reading, New:ON
Excitation Wavelength Changed: 8/19/2022 1:01:56 PM, Old: 350.00, New: 355.00
Emission Wavelength Changed: 8/19/2022 1:01:56 PM, Old: 360.00, New: 365.00
Zero Mode Changed: 8/19/2022 1:01:58 PM, Old:ON, New:Reading
Zero Mode Changed: 8/19/2022 1:01:59 PM, Old:Reading, New:ON
Excitation Wavelength Changed: 8/19/2022 1:02:40 PM, Old: 355.00, New: 360.00
Emission Wavelength Changed: 8/19/2022 1:02:40 PM, Old: 365.00, New: 370.00
Zero Mode Changed: 8/19/2022 1:02:42 PM, Old:ON, New:Reading
Zero Mode Changed: 8/19/2022 1:02:42 PM, Old:Reading, New:ON
Excitation Wavelength Changed: 8/19/2022 1:03:20 PM, Old: 360.00, New: 365.00
Emission Wavelength Changed: 8/19/2022 1:03:20 PM, Old: 370.00, New: 375.00
Zero Mode Changed: 8/19/2022 1:03:23 PM, Old:ON, New:Reading
Zero Mode Changed: 8/19/2022 1:03:23 PM, Old:Reading, New:ON
Scan mode: Changed: 8/19/2022 1:04:11 PM, Old:Emission, New:Excitation
Excitation Wavelength Changed: 8/19/2022 1:04:11 PM, Old: 365.00, New: 240.00
Emission Wavelength Changed: 8/19/2022 1:04:11 PM, Old: 375.00, New: 430.00
Stop Wavelength Changed: 8/19/2022 1:04:11 PM, Old: 600.00, New: 420.00
Zero Mode Changed: 8/19/2022 1:04:14 PM, Old:ON, New:Reading
Zero Mode Changed: 8/19/2022 1:04:14 PM, Old:Reading, New:ON
Emission Wavelength Changed: 8/19/2022 1:04:52 PM, Old: 430.00, New: 440.00
Stop Wavelength Changed: 8/19/2022 1:04:52 PM, Old: 420.00, New: 430.00
Zero Mode Changed: 8/19/2022 1:04:53 PM, Old:ON, New:Reading
Zero Mode Changed: 8/19/2022 1:04:53 PM, Old:Reading, New:ON
Emission Wavelength Changed: 8/19/2022 1:05:43 PM, Old: 440.00, New: 450.00
Stop Wavelength Changed: 8/19/2022 1:05:43 PM, Old: 430.00, New: 440.00
Zero Mode Changed: 8/19/2022 1:05:44 PM, Old:ON, New:Reading
Zero Mode Changed: 8/19/2022 1:05:44 PM, Old:Reading, New:ON
Scan mode: Changed: 8/19/2022 1:09:39 PM, Old:Excitation, New:Emission
Excitation Wavelength Changed: 8/19/2022 1:09:39 PM, Old: 240.00, New: 330.00
Emission Wavelength Changed: 8/19/2022 1:09:39 PM, Old: 450.00, New: 340.00
Stop Wavelength Changed: 8/19/2022 1:09:39 PM, Old: 440.00, New: 600.00
Zero Mode Changed: 8/19/2022 1:09:40 PM, Old:ON, New:Reading
Zero Mode Changed: 8/19/2022 1:09:40 PM, Old:Reading, New:ON
Scan mode: Changed: 8/19/2022 1:10:32 PM, Old:Emission, New:Excitation
Excitation Wavelength Changed: 8/19/2022 1:10:32 PM, Old: 330.00, New: 240.00
Emission Wavelength Changed: 8/19/2022 1:10:32 PM, Old: 340.00, New: 400.00
Stop Wavelength Changed: 8/19/2022 1:10:32 PM, Old: 600.00, New: 390.00
Zero Mode Changed: 8/19/2022 1:10:35 PM, Old:ON, New:Reading
Zero Mode Changed: 8/19/2022 1:10:35 PM, Old:Reading, New:ON
Scan mode: Changed: 8/19/2022 1:11:56 PM, Old:Excitation, New:Emission
3-D Mode Changed: 8/19/2022 1:11:56 PM, Old:OFF, New:ON
User Delta Stop Changed: 8/19/2022 1:11:56 PM, Old: 500.00, New: 380.00
User Delta Increment Changed: 8/19/2022 1:11:56 PM, Old:   0.15, New:   5.00
Excitation Wavelength Changed: 8/19/2022 1:11:56 PM, Old: 240.00, New: 335.00
Emission Wavelength Changed: 8/19/2022 1:11:56 PM, Old: 400.00, New: 390.00
Stop Wavelength Changed: 8/19/2022 1:11:56 PM, Old: 390.00, New: 600.00
Zero Mode Changed: 8/19/2022 1:11:58 PM, Old:ON, New:Reading
Zero Mode Changed: 8/19/2022 1:11:58 PM, Old:Reading, New:ON
Excitation Wavelength Changed: 8/19/2022 1:12:28 PM, Old: 335.00, New: 340.00
Excitation Wavelength Changed: 8/19/2022 1:12:50 PM, Old: 340.00, New: 345.00
Excitation Wavelength Changed: 8/19/2022 1:13:12 PM, Old: 345.00, New: 350.00
Excitation Wavelength Changed: 8/19/2022 1:13:34 PM, Old: 350.00, New: 355.00
Excitation Wavelength Changed: 8/19/2022 1:13:56 PM, Old: 355.00, New: 360.00
Excitation Wavelength Changed: 8/19/2022 1:14:17 PM, Old: 360.00, New: 365.00
Excitation Wavelength Changed: 8/19/2022 1:14:39 PM, Old: 365.00, New: 370.00
Excitation Wavelength Changed: 8/19/2022 1:15:02 PM, Old: 370.00, New: 375.00
Excitation Wavelength Changed: 8/19/2022 1:15:24 PM, Old: 375.00, New: 380.00
Excitation Wavelength Changed: 8/19/2022 1:15:46 PM, Old: 380.00, New: 335.00
Scan mode: Changed: 8/19/2022 1:16:01 PM, Old:Emission, New:Excitation
3-D Mode Changed: 8/19/2022 1:16:01 PM, Old:ON, New:OFF
User Delta Stop Changed: 8/19/2022 1:16:01 PM, Old: 380.00, New: 500.00
User Delta Increment Changed: 8/19/2022 1:16:01 PM, Old:   5.00, New:   0.15
Excitation Wavelength Changed: 8/19/2022 1:16:01 PM, Old: 335.00, New: 260.00
Emission Wavelength Changed: 8/19/2022 1:16:01 PM, Old: 390.00, New: 500.00
Stop Wavelength Changed: 8/19/2022 1:16:01 PM, Old: 600.00, New: 490.00
Zero Mode Changed: 8/19/2022 1:16:04 PM, Old:ON, New:Reading
Zero Mode Changed: 8/19/2022 1:16:05 PM, Old:Reading, New:ON
Excitation Wavelength Changed: 8/19/2022 1:16:58 PM, Old: 260.00, New: 240.00
Emission Wavelength Changed: 8/19/2022 1:16:58 PM, Old: 500.00, New: 420.00
Stop Wavelength Changed: 8/19/2022 1:16:58 PM, Old: 490.00, New: 410.00
Zero Mode Changed: 8/19/2022 1:16:59 PM, Old:ON, New:Reading
Zero Mode Changed: 8/19/2022 1:17:00 PM, Old:Reading, New:ON
Emission Wavelength Changed: 8/19/2022 1:17:50 PM, Old: 420.00, New: 380.00
Stop Wavelength Changed: 8/19/2022 1:17:50 PM, Old: 410.00, New: 370.00
Zero Mode Changed: 8/19/2022 1:17:51 PM, Old:ON, New:Reading
Zero Mode Changed: 8/19/2022 1:17:52 PM, Old:Reading, New:ON
Scan mode: Changed: 8/19/2022 1:18:25 PM, Old:Excitation, New:Emission
Excitation Wavelength Changed: 8/19/2022 1:18:25 PM, Old: 240.00, New: 340.00
Emission Wavelength Changed: 8/19/2022 1:18:25 PM, Old: 380.00, New: 350.00
Stop Wavelength Changed: 8/19/2022 1:18:25 PM, Old: 370.00, New: 600.00
Zero Mode Changed: 8/19/2022 1:18:26 PM, Old:ON, New:Reading
Zero Mode Changed: 8/19/2022 1:18:27 PM, Old:Reading, New:ON
Excitation Wavelength Changed: 8/19/2022 1:19:09 PM, Old: 340.00, New: 350.00
Emission Wavelength Changed: 8/19/2022 1:19:09 PM, Old: 350.00, New: 360.00
Zero Mode Changed: 8/19/2022 1:19:11 PM, Old:ON, New:Reading
Zero Mode Changed: 8/19/2022 1:19:12 PM, Old:Reading, New:ON
Excitation Wavelength Changed: 8/19/2022 1:19:57 PM, Old: 350.00, New: 320.00
Emission Wavelength Changed: 8/19/2022 1:19:57 PM, Old: 360.00, New: 310.00
Emission Wavelength Changed: 8/19/2022 1:20:01 PM, Old: 310.00, New: 330.00
Zero Mode Changed: 8/19/2022 1:20:03 PM, Old:ON, New:Reading
Zero Mode Changed: 8/19/2022 1:20:03 PM, Old:Reading, New:ON
3-D Mode Changed: 8/19/2022 12:24:35 PM, Old:OFF, New:ON
User Delta Stop Changed: 8/19/2022 12:24:35 PM, Old: 500.00, New: 340.00
User Delta Increment Changed: 8/19/2022 12:24:35 PM, Old:   0.15, New:   5.00
Emission Wavelength Changed: 8/19/2022 12:24:35 PM, Old: 330.00, New: 350.00
Zero Mode Changed: 8/19/2022 12:24:37 PM, Old:ON, New:Reading
Zero Mode Changed: 8/19/2022 12:24:37 PM, Old:Reading, New:ON
Excitation Wavelength Changed: 8/19/2022 12:25:22 PM, Old: 320.00, New: 325.00
Excitation Wavelength Changed: 8/19/2022 12:25:48 PM, Old: 325.00, New: 330.00
Excitation Wavelength Changed: 8/19/2022 12:26:14 PM, Old: 330.00, New: 335.00
Excitation Wavelength Changed: 8/19/2022 12:26:39 PM, Old: 335.00, New: 340.00
Excitation Wavelength Changed: 8/19/2022 12:27:06 PM, Old: 340.00, New: 320.00
3-D Mode Changed: 8/19/2022 12:27:42 PM, Old:ON, New:OFF
User Delta Stop Changed: 8/19/2022 12:27:42 PM, Old: 340.00, New: 345.00
User Delta Increment Changed: 8/19/2022 12:27:42 PM, Old:   5.00, New:   0.15
Excitation Wavelength Changed: 8/19/2022 12:27:42 PM, Old: 320.00, New: 345.00
Emission Wavelength Changed: 8/19/2022 12:27:42 PM, Old: 350.00, New: 355.00
Ex. Slit Width (nm): Changed: 8/19/2022 12:28:29 PM, Old:5, New:10
Zero Mode Changed: 8/19/2022 12:28:29 PM, Old:ON, New:OFF
Zero Mode Changed: 8/19/2022 12:28:31 PM, Old:OFF, New:Reading
Zero Mode Changed: 8/19/2022 12:28:32 PM, Old:Reading, New:ON
3-D Mode Changed: 8/19/2022 12:29:37 PM, Old:OFF, New:ON
User Delta Stop Changed: 8/19/2022 12:29:37 PM, Old: 345.00, New: 360.00
User Delta Increment Changed: 8/19/2022 12:29:37 PM, Old:   0.15, New:  10.00
Excitation Wavelength Changed: 8/19/2022 12:29:37 PM, Old: 345.00, New: 320.00
Emission Wavelength Changed: 8/19/2022 12:29:37 PM, Old: 355.00, New: 370.00
Zero Mode Changed: 8/19/2022 12:29:38 PM, Old:ON, New:Reading
Zero Mode Changed: 8/19/2022 12:29:38 PM, Old:Reading, New:ON
Excitation Wavelength Changed: 8/19/2022 12:30:11 PM, Old: 320.00, New: 330.00
Excitation Wavelength Changed: 8/19/2022 12:30:35 PM, Old: 330.00, New: 340.00
Excitation Wavelength Changed: 8/19/2022 12:30:59 PM, Old: 340.00, New: 350.00
Excitation Wavelength Changed: 8/19/2022 12:31:23 PM, Old: 350.00, New: 360.00
Excitation Wavelength Changed: 8/19/2022 12:31:47 PM, Old: 360.00, New: 320.00
User Delta Stop Changed: 8/19/2022 12:32:10 PM, Old: 360.00, New: 400.00
User Delta Increment Changed: 8/19/2022 12:32:10 PM, Old:  10.00, New:   0.15
Excitation Wavelength Changed: 8/19/2022 12:32:10 PM, Old: 320.00, New: 360.00
Emission Wavelength Changed: 8/19/2022 12:32:10 PM, Old: 370.00, New: 410.00
Zero Mode Changed: 8/19/2022 12:32:12 PM, Old:ON, New:Reading
Zero Mode Changed: 8/19/2022 12:32:12 PM, Old:Reading, New:ON
Excitation Wavelength Changed: 8/19/2022 12:32:43 PM, Old: 360.00, New: 360.15
Excitation Wavelength Changed: 8/19/2022 12:32:52 PM, Old: 360.15, New: 360.30
Scan mode: Changed: 8/19/2022 12:33:47 PM, Old:Emission, New:Excitation
3-D Mode Changed: 8/19/2022 12:33:47 PM, Old:ON, New:OFF
User Delta Stop Changed: 8/19/2022 12:33:47 PM, Old: 400.00, New: 420.00
Excitation Wavelength Changed: 8/19/2022 12:33:47 PM, Old: 360.30, New: 240.00
Emission Wavelength Changed: 8/19/2022 12:33:47 PM, Old: 410.00, New: 420.00
Stop Wavelength Changed: 8/19/2022 12:33:47 PM, Old: 600.00, New: 410.00
Zero Mode Changed: 8/19/2022 12:33:50 PM, Old:ON, New:Reading
Zero Mode Changed: 8/19/2022 12:33:51 PM, Old:Reading, New:ON
Scan mode: Changed: 8/19/2022 12:35:05 PM, Old:Excitation, New:Emission
Excitation Wavelength Changed: 8/19/2022 12:35:05 PM, Old: 240.00, New: 345.00
Emission Wavelength Changed: 8/19/2022 12:35:05 PM, Old: 420.00, New: 355.00
Stop Wavelength Changed: 8/19/2022 12:35:05 PM, Old: 410.00, New: 600.00
Zero Mode Changed: 8/19/2022 12:35:07 PM, Old:ON, New:Reading
Zero Mode Changed: 8/19/2022 12:35:07 PM, Old:Reading, New:ON
Scan mode: Changed: 8/19/2022 12:36:01 PM, Old:Emission, New:Excitation
Ex. Slit Width (nm): Changed: 8/19/2022 12:36:01 PM, Old:10, New:5
Excitation Wavelength Changed: 8/19/2022 12:36:01 PM, Old: 345.00, New: 240.00
Emission Wavelength Changed: 8/19/2022 12:36:01 PM, Old: 355.00, New: 420.00
Stop Wavelength Changed: 8/19/2022 12:36:01 PM, Old: 600.00, New: 410.00
Zero Mode Changed: 8/19/2022 12:36:01 PM, Old:ON, New:OFF
Zero Mode Changed: 8/19/2022 12:36:04 PM, Old:OFF, New:Reading
Zero Mode Changed: 8/19/2022 12:36:05 PM, Old:Reading, New:ON
Scan mode: Changed: 8/19/2022 12:37:05 PM, Old:Excitation, New:Emission
Excitation Wavelength Changed: 8/19/2022 12:37:05 PM, Old: 240.00, New: 345.00
Emission Wavelength Changed: 8/19/2022 12:37:05 PM, Old: 420.00, New: 355.00
Stop Wavelength Changed: 8/19/2022 12:37:05 PM, Old: 410.00, New: 600.00
Zero Mode Changed: 8/19/2022 12:37:06 PM, Old:ON, New:Reading
Zero Mode Changed: 8/19/2022 12:37:07 PM, Old:Reading, New:ON
Scan mode: Changed: 8/19/2022 12:37:59 PM, Old:Emission, New:Excitation
User Delta Stop Changed: 8/19/2022 12:37:59 PM, Old: 420.00, New: 500.00
Excitation Wavelength Changed: 8/19/2022 12:37:59 PM, Old: 345.00, New: 260.00
Emission Wavelength Changed: 8/19/2022 12:37:59 PM, Old: 355.00, New: 500.00
Stop Wavelength Changed: 8/19/2022 12:37:59 PM, Old: 600.00, New: 490.00
Zero Mode Changed: 8/19/2022 12:38:02 PM, Old:ON, New:Reading
Zero Mode Changed: 8/19/2022 12:38:02 PM, Old:Reading, New:ON
Scan mode: Changed: 8/19/2022 12:39:01 PM, Old:Excitation, New:Emission
Excitation Wavelength Changed: 8/19/2022 12:39:01 PM, Old: 260.00, New: 380.00
Emission Wavelength Changed: 8/19/2022 12:39:01 PM, Old: 500.00, New: 390.00
Stop Wavelength Changed: 8/19/2022 12:39:01 PM, Old: 490.00, New: 600.00
Zero Mode Changed: 8/19/2022 12:39:04 PM, Old:ON, New:Reading
Zero Mode Changed: 8/19/2022 12:39:04 PM, Old:Reading, New:ON
Zero Mode Changed: 8/19/2022 12:44:08 PM, Old:ON, New:Reading
Zero Mode Changed: 8/19/2022 12:44:08 PM, Old:Reading, New:ON
Scan mode: Changed: 8/19/2022 12:44:55 PM, Old:Emission, New:Excitation
User Delta Stop Changed: 8/19/2022 12:44:55 PM, Old: 500.00, New: 520.00
Excitation Wavelength Changed: 8/19/2022 12:44:55 PM, Old: 380.00, New: 270.00
Emission Wavelength Changed: 8/19/2022 12:44:55 PM, Old: 390.00, New: 520.00
Stop Wavelength Changed: 8/19/2022 12:44:55 PM, Old: 600.00, New: 510.00
Zero Mode Changed: 8/19/2022 12:44:59 PM, Old:ON, New:Reading
Zero Mode Changed: 8/19/2022 12:44:59 PM, Old:Reading, New:ON
Scan mode: Changed: 8/19/2022 12:45:55 PM, Old:Excitation, New:Emission
Excitation Wavelength Changed: 8/19/2022 12:45:55 PM, Old: 270.00, New: 400.00
Emission Wavelength Changed: 8/19/2022 12:45:55 PM, Old: 520.00, New: 410.00
Stop Wavelength Changed: 8/19/2022 12:45:55 PM, Old: 510.00, New: 650.00
Zero Mode Changed: 8/19/2022 12:45:58 PM, Old:ON, New:Reading
Zero Mode Changed: 8/19/2022 12:45:58 PM, Old:Reading, New:ON
Scan mode: Changed: 8/19/2022 12:46:40 PM, Old:Emission, New:Excitation
Excitation Wavelength Changed: 8/19/2022 12:46:40 PM, Old: 400.00, New: 240.00
Emission Wavelength Changed: 8/19/2022 12:46:40 PM, Old: 410.00, New: 455.00
Stop Wavelength Changed: 8/19/2022 12:46:40 PM, Old: 650.00, New: 445.00
Zero Mode Changed: 8/19/2022 12:46:43 PM, Old:ON, New:Reading
Zero Mode Changed: 8/19/2022 12:46:44 PM, Old:Reading, New:ON
Scan mode: Changed: 8/19/2022 12:47:34 PM, Old:Excitation, New:Emission
Excitation Wavelength Changed: 8/19/2022 12:47:34 PM, Old: 240.00, New: 375.00
Emission Wavelength Changed: 8/19/2022 12:47:34 PM, Old: 455.00, New: 385.00
Stop Wavelength Changed: 8/19/2022 12:47:34 PM, Old: 445.00, New: 600.00
Zero Mode Changed: 8/19/2022 12:47:36 PM, Old:ON, New:Reading
Zero Mode Changed: 8/19/2022 12:47:36 PM, Old:Reading, New:ON
Excitation Wavelength Changed: 8/19/2022 12:48:20 PM, Old: 375.00, New: 330.00
Emission Wavelength Changed: 8/19/2022 12:48:20 PM, Old: 385.00, New: 340.00
Zero Mode Changed: 8/19/2022 12:48:23 PM, Old:ON, New:Reading
Zero Mode Changed: 8/19/2022 12:48:23 PM, Old:Reading, New:ON
Scan mode: Changed: 8/19/2022 12:49:11 PM, Old:Emission, New:Excitation
Excitation Wavelength Changed: 8/19/2022 12:49:11 PM, Old: 330.00, New: 240.00
Emission Wavelength Changed: 8/19/2022 12:49:11 PM, Old: 340.00, New: 510.00
Stop Wavelength Changed: 8/19/2022 12:49:11 PM, Old: 600.00, New: 400.00
Zero Mode Changed: 8/19/2022 12:49:14 PM, Old:ON, New:Reading
Zero Mode Changed: 8/19/2022 12:49:14 PM, Old:Reading, New:ON
Emission Wavelength Changed: 8/19/2022 12:49:54 PM, Old: 510.00, New: 410.00
Zero Mode Changed: 8/19/2022 12:49:55 PM, Old:ON, New:Reading
Zero Mode Changed: 8/19/2022 12:49:56 PM, Old:Reading, New:ON
Scan mode: Changed: 8/19/2022 12:50:44 PM, Old:Excitation, New:Emission
Excitation Wavelength Changed: 8/19/2022 12:50:44 PM, Old: 240.00, New: 340.00
Emission Wavelength Changed: 8/19/2022 12:50:44 PM, Old: 410.00, New: 350.00
Stop Wavelength Changed: 8/19/2022 12:50:44 PM, Old: 400.00, New: 600.00
Zero Mode Changed: 8/19/2022 12:50:46 PM, Old:ON, New:Reading
Zero Mode Changed: 8/19/2022 12:50:46 PM, Old:Reading, New:ON
Scan mode: Changed: 8/19/2022 12:51:44 PM, Old:Emission, New:Excitation
Excitation Wavelength Changed: 8/19/2022 12:51:44 PM, Old: 340.00, New: 240.00
Emission Wavelength Changed: 8/19/2022 12:51:44 PM, Old: 350.00, New: 425.00
Stop Wavelength Changed: 8/19/2022 12:51:44 PM, Old: 600.00, New: 415.00
Zero Mode Changed: 8/19/2022 12:51:47 PM, Old:ON, New:Reading
Zero Mode Changed: 8/19/2022 12:51:47 PM, Old:Reading, New:ON
Scan mode: Changed: 8/19/2022 12:52:54 PM, Old:Excitation, New:Emission
Excitation Wavelength Changed: 8/19/2022 12:52:54 PM, Old: 240.00, New: 350.00
Emission Wavelength Changed: 8/19/2022 12:52:54 PM, Old: 425.00, New: 360.00
Stop Wavelength Changed: 8/19/2022 12:52:54 PM, Old: 415.00, New: 600.00
Zero Mode Changed: 8/19/2022 12:52:55 PM, Old:ON, New:Reading
Zero Mode Changed: 8/19/2022 12:52:56 PM, Old:Reading, New:ON
Scan mode: Changed: 8/19/2022 12:54:53 PM, Old:Emission, New:Excitation
Excitation Wavelength Changed: 8/19/2022 12:54:53 PM, Old: 350.00, New: 240.00
Emission Wavelength Changed: 8/19/2022 12:54:53 PM, Old: 360.00, New: 455.00
Stop Wavelength Changed: 8/19/2022 12:54:53 PM, Old: 600.00, New: 445.00
Zero Mode Changed: 8/19/2022 12:54:56 PM, Old:ON, New:Reading
Zero Mode Changed: 8/19/2022 12:54:56 PM, Old:Reading, New:ON
Emission Wavelength Changed: 8/19/2022 1:03:51 PM, Old: 455.00, New: 420.00
Stop Wavelength Changed: 8/19/2022 1:03:51 PM, Old: 445.00, New: 410.00
Zero Mode Changed: 8/19/2022 1:03:52 PM, Old:ON, New:Reading
Zero Mode Changed: 8/19/2022 1:03:53 PM, Old:Reading, New:ON
Scan mode: Changed: 8/19/2022 1:05:10 PM, Old:Excitation, New:Emission
Excitation Wavelength Changed: 8/19/2022 1:05:10 PM, Old: 240.00, New: 330.00
Emission Wavelength Changed: 8/19/2022 1:05:10 PM, Old: 420.00, New: 340.00
Stop Wavelength Changed: 8/19/2022 1:05:10 PM, Old: 410.00, New: 600.00
Zero Mode Changed: 8/19/2022 1:05:12 PM, Old:ON, New:Reading
Zero Mode Changed: 8/19/2022 1:05:13 PM, Old:Reading, New:ON
Scan mode: Changed: 8/19/2022 1:06:04 PM, Old:Emission, New:Excitation
Excitation Wavelength Changed: 8/19/2022 1:06:04 PM, Old: 330.00, New: 240.00
Emission Wavelength Changed: 8/19/2022 1:06:04 PM, Old: 340.00, New: 410.00
Stop Wavelength Changed: 8/19/2022 1:06:04 PM, Old: 600.00, New: 400.00
Zero Mode Changed: 8/19/2022 1:06:06 PM, Old:ON, New:Reading
Zero Mode Changed: 8/19/2022 1:06:07 PM, Old:Reading, New:ON
Scan mode: Changed: 8/19/2022 1:06:48 PM, Old:Excitation, New:Emission
Excitation Wavelength Changed: 8/19/2022 1:06:48 PM, Old: 240.00, New: 270.00
Emission Wavelength Changed: 8/19/2022 1:06:48 PM, Old: 410.00, New: 280.00
Stop Wavelength Changed: 8/19/2022 1:06:48 PM, Old: 400.00, New: 550.00
Zero Mode Changed: 8/19/2022 1:06:50 PM, Old:ON, New:Reading
Zero Mode Changed: 8/19/2022 1:06:50 PM, Old:Reading, New:ON
Scan mode: Changed: 8/19/2022 1:08:11 PM, Old:Emission, New:Excitation
Excitation Wavelength Changed: 8/19/2022 1:08:11 PM, Old: 270.00, New: 250.00
Emission Wavelength Changed: 8/19/2022 1:08:11 PM, Old: 280.00, New: 380.00
Stop Wavelength Changed: 8/19/2022 1:08:11 PM, Old: 550.00, New: 370.00
Zero Mode Changed: 8/19/2022 1:08:12 PM, Old:ON, New:Reading
Zero Mode Changed: 8/19/2022 1:08:13 PM, Old:Reading, New:ON
Excitation Wavelength Changed: 8/19/2022 1:08:45 PM, Old: 250.00, New: 240.00
Zero Mode Changed: 8/19/2022 1:08:47 PM, Old:ON, New:Reading
Zero Mode Changed: 8/19/2022 1:08:48 PM, Old:Reading, New:ON
Zero Mode Changed: 8/19/2022 1:09:22 PM, Old:ON, New:Reading
Zero Mode Changed: 8/19/2022 1:09:23 PM, Old:Reading, New:ON
Zero Mode Changed: 8/19/2022 1:09:57 PM, Old:ON, New:Reading
Zero Mode Changed: 8/19/2022 1:09:57 PM, Old:Reading, New:ON
Emission Wavelength Changed: 8/19/2022 1:11:16 PM, Old: 380.00, New: 420.00
Stop Wavelength Changed: 8/19/2022 1:11:16 PM, Old: 370.00, New: 410.00
Zero Mode Changed: 8/19/2022 1:11:17 PM, Old:ON, New:Reading
Zero Mode Changed: 8/19/2022 1:11:17 PM, Old:Reading, New:ON
Zero Mode Changed: 8/19/2022 1:12:21 PM, Old:ON, New:Reading
Zero Mode Changed: 8/19/2022 1:12:21 PM, Old:Reading, New:ON
Emission Wavelength Changed: 8/19/2022 1:12:57 PM, Old: 420.00, New: 410.00
Stop Wavelength Changed: 8/19/2022 1:12:57 PM, Old: 410.00, New: 400.00
Zero Mode Changed: 8/19/2022 1:12:59 PM, Old:ON, New:Reading
Zero Mode Changed: 8/19/2022 1:12:59 PM, Old:Reading, New:ON
Scan mode: Changed: 8/19/2022 1:14:24 PM, Old:Excitation, New:Emission
Excitation Wavelength Changed: 8/19/2022 1:14:24 PM, Old: 240.00, New: 345.00
Emission Wavelength Changed: 8/19/2022 1:14:24 PM, Old: 410.00, New: 355.00
Stop Wavelength Changed: 8/19/2022 1:14:24 PM, Old: 400.00, New: 600.00
Zero Mode Changed: 8/19/2022 1:14:26 PM, Old:ON, New:Reading
Zero Mode Changed: 8/19/2022 1:14:26 PM, Old:Reading, New:ON
Scan mode: Changed: 8/19/2022 1:15:20 PM, Old:Emission, New:Excitation
Excitation Wavelength Changed: 8/19/2022 1:15:20 PM, Old: 345.00, New: 240.00
Emission Wavelength Changed: 8/19/2022 1:15:20 PM, Old: 355.00, New: 425.00
Stop Wavelength Changed: 8/19/2022 1:15:20 PM, Old: 600.00, New: 405.00
Zero Mode Changed: 8/19/2022 1:15:23 PM, Old:ON, New:Reading
Zero Mode Changed: 8/19/2022 1:15:23 PM, Old:Reading, New:ON
Emission Wavelength Changed: 8/19/2022 1:16:07 PM, Old: 425.00, New: 435.00
Stop Wavelength Changed: 8/19/2022 1:16:07 PM, Old: 405.00, New: 415.00
Zero Mode Changed: 8/19/2022 1:16:10 PM, Old:ON, New:Reading
Zero Mode Changed: 8/19/2022 1:16:10 PM, Old:Reading, New:ON
Emission Wavelength Changed: 8/19/2022 1:16:52 PM, Old: 435.00, New: 445.00
Stop Wavelength Changed: 8/19/2022 1:16:52 PM, Old: 415.00, New: 425.00
Zero Mode Changed: 8/19/2022 1:16:53 PM, Old:ON, New:Reading
Zero Mode Changed: 8/19/2022 1:16:54 PM, Old:Reading, New:ON
Emission Wavelength Changed: 8/19/2022 1:17:31 PM, Old: 445.00, New: 455.00
Stop Wavelength Changed: 8/19/2022 1:17:31 PM, Old: 425.00, New: 435.00
Zero Mode Changed: 8/19/2022 1:17:33 PM, Old:ON, New:Reading
Zero Mode Changed: 8/19/2022 1:17:33 PM, Old:Reading, New:ON
Emission Wavelength Changed: 8/19/2022 1:18:09 PM, Old: 455.00, New: 465.00
Stop Wavelength Changed: 8/19/2022 1:18:09 PM, Old: 435.00, New: 455.00
Zero Mode Changed: 8/19/2022 1:18:11 PM, Old:ON, New:Reading
Zero Mode Changed: 8/19/2022 1:18:12 PM, Old:Reading, New:ON
Scan mode: Changed: 8/19/2022 1:18:57 PM, Old:Excitation, New:Emission
Excitation Wavelength Changed: 8/19/2022 1:18:57 PM, Old: 240.00, New: 365.00
Emission Wavelength Changed: 8/19/2022 1:18:57 PM, Old: 465.00, New: 375.00
Stop Wavelength Changed: 8/19/2022 1:18:57 PM, Old: 455.00, New: 600.00
Zero Mode Changed: 8/19/2022 1:18:59 PM, Old:ON, New:Reading
Zero Mode Changed: 8/19/2022 1:18:59 PM, Old:Reading, New:ON
Excitation Wavelength Changed: 8/19/2022 1:19:42 PM, Old: 365.00, New: 355.00
Emission Wavelength Changed: 8/19/2022 1:19:42 PM, Old: 375.00, New: 365.00
Zero Mode Changed: 8/19/2022 1:19:44 PM, Old:ON, New:Reading
Zero Mode Changed: 8/19/2022 1:19:44 PM, Old:Reading, New:ON
Excitation Wavelength Changed: 8/19/2022 1:20:22 PM, Old: 355.00, New: 335.00
Emission Wavelength Changed: 8/19/2022 1:20:22 PM, Old: 365.00, New: 345.00
Zero Mode Changed: 8/19/2022 1:20:23 PM, Old:ON, New:Reading
Zero Mode Changed: 8/19/2022 1:20:23 PM, Old:Reading, New:ON
Excitation Wavelength Changed: 8/19/2022 1:21:04 PM, Old: 335.00, New: 375.00
Emission Wavelength Changed: 8/19/2022 1:21:04 PM, Old: 345.00, New: 385.00
Zero Mode Changed: 8/19/2022 1:21:06 PM, Old:ON, New:Reading
Zero Mode Changed: 8/19/2022 1:21:06 PM, Old:Reading, New:ON
Scan mode: Changed: 8/19/2022 12:21:45 PM, Old:Emission, New:Excitation
Excitation Wavelength Changed: 8/19/2022 12:21:45 PM, Old: 375.00, New: 260.00
Emission Wavelength Changed: 8/19/2022 12:21:45 PM, Old: 385.00, New: 500.00
Stop Wavelength Changed: 8/19/2022 12:21:45 PM, Old: 600.00, New: 490.00
Zero Mode Changed: 8/19/2022 12:21:48 PM, Old:ON, New:Reading
Zero Mode Changed: 8/19/2022 12:21:49 PM, Old:Reading, New:ON
Scan mode: Changed: 8/19/2022 12:22:47 PM, Old:Excitation, New:Emission
Excitation Wavelength Changed: 8/19/2022 12:22:47 PM, Old: 260.00, New: 385.00
Emission Wavelength Changed: 8/19/2022 12:22:47 PM, Old: 500.00, New: 395.00
Stop Wavelength Changed: 8/19/2022 12:22:47 PM, Old: 490.00, New: 600.00
Zero Mode Changed: 8/19/2022 12:22:49 PM, Old:ON, New:Reading
Zero Mode Changed: 8/19/2022 12:22:49 PM, Old:Reading, New:ON
Scan mode: Changed: 8/19/2022 12:28:28 PM, Old:Emission, New:Excitation
Excitation Wavelength Changed: 8/19/2022 12:28:28 PM, Old: 385.00, New: 240.00
Emission Wavelength Changed: 8/19/2022 12:28:28 PM, Old: 395.00, New: 420.00
Stop Wavelength Changed: 8/19/2022 12:28:28 PM, Old: 600.00, New: 410.00
Zero Mode Changed: 8/19/2022 12:28:47 PM, Old:ON, New:Reading
Zero Mode Changed: 8/19/2022 12:28:47 PM, Old:Reading, New:ON
Scan mode: Changed: 8/19/2022 12:29:49 PM, Old:Excitation, New:Emission
Excitation Wavelength Changed: 8/19/2022 12:29:49 PM, Old: 240.00, New: 345.00
Emission Wavelength Changed: 8/19/2022 12:29:49 PM, Old: 420.00, New: 355.00
Stop Wavelength Changed: 8/19/2022 12:29:49 PM, Old: 410.00, New: 600.00
Zero Mode Changed: 8/19/2022 12:29:51 PM, Old:ON, New:Reading
Zero Mode Changed: 8/19/2022 12:29:51 PM, Old:Reading, New:ON
Scan mode: Changed: 8/19/2022 12:30:36 PM, Old:Emission, New:Excitation
Excitation Wavelength Changed: 8/19/2022 12:30:36 PM, Old: 345.00, New: 260.00
Emission Wavelength Changed: 8/19/2022 12:30:36 PM, Old: 355.00, New: 510.00
Stop Wavelength Changed: 8/19/2022 12:30:36 PM, Old: 600.00, New: 500.00
Zero Mode Changed: 8/19/2022 12:30:38 PM, Old:ON, New:Reading
Zero Mode Changed: 8/19/2022 12:30:39 PM, Old:Reading, New:ON
Scan mode: Changed: 8/19/2022 12:31:29 PM, Old:Excitation, New:Emission
Excitation Wavelength Changed: 8/19/2022 12:31:29 PM, Old: 260.00, New: 380.00
Emission Wavelength Changed: 8/19/2022 12:31:29 PM, Old: 510.00, New: 390.00
Stop Wavelength Changed: 8/19/2022 12:31:29 PM, Old: 500.00, New: 600.00
Zero Mode Changed: 8/19/2022 12:31:31 PM, Old:ON, New:Reading
Zero Mode Changed: 8/19/2022 12:31:32 PM, Old:Reading, New:ON
Excitation Wavelength Changed: 8/19/2022 12:33:05 PM, Old: 380.00, New: 330.00
Emission Wavelength Changed: 8/19/2022 12:33:05 PM, Old: 390.00, New: 340.00
Zero Mode Changed: 8/19/2022 12:33:08 PM, Old:ON, New:Reading
Zero Mode Changed: 8/19/2022 12:33:09 PM, Old:Reading, New:ON
Excitation Wavelength Changed: 8/19/2022 12:34:00 PM, Old: 330.00, New: 360.00
Emission Wavelength Changed: 8/19/2022 12:34:00 PM, Old: 340.00, New: 370.00
Zero Mode Changed: 8/19/2022 12:34:01 PM, Old:ON, New:Reading
Zero Mode Changed: 8/19/2022 12:34:02 PM, Old:Reading, New:ON
Scan mode: Changed: 8/19/2022 12:39:27 PM, Old:Emission, New:Excitation
Excitation Wavelength Changed: 8/19/2022 12:39:27 PM, Old: 360.00, New: 240.00
Emission Wavelength Changed: 8/19/2022 12:39:27 PM, Old: 370.00, New: 420.00
Stop Wavelength Changed: 8/19/2022 12:39:27 PM, Old: 600.00, New: 410.00
Zero Mode Changed: 8/19/2022 12:39:30 PM, Old:ON, New:Reading
Zero Mode Changed: 8/19/2022 12:39:30 PM, Old:Reading, New:ON
Scan mode: Changed: 8/19/2022 12:40:19 PM, Old:Excitation, New:Emission
Excitation Wavelength Changed: 8/19/2022 12:40:19 PM, Old: 240.00, New: 345.00
Emission Wavelength Changed: 8/19/2022 12:40:19 PM, Old: 420.00, New: 355.00
Stop Wavelength Changed: 8/19/2022 12:40:19 PM, Old: 410.00, New: 600.00
Zero Mode Changed: 8/19/2022 12:40:20 PM, Old:ON, New:Reading
Zero Mode Changed: 8/19/2022 12:40:21 PM, Old:Reading, New:ON
Scan mode: Changed: 8/19/2022 12:41:07 PM, Old:Emission, New:Excitation
Excitation Wavelength Changed: 8/19/2022 12:41:07 PM, Old: 345.00, New: 260.00
Emission Wavelength Changed: 8/19/2022 12:41:07 PM, Old: 355.00, New: 510.00
Stop Wavelength Changed: 8/19/2022 12:41:07 PM, Old: 600.00, New: 500.00
Zero Mode Changed: 8/19/2022 12:41:10 PM, Old:ON, New:Reading
Zero Mode Changed: 8/19/2022 12:41:10 PM, Old:Reading, New:ON
Scan mode: Changed: 8/19/2022 12:41:58 PM, Old:Excitation, New:Emission
Excitation Wavelength Changed: 8/19/2022 12:41:58 PM, Old: 260.00, New: 385.00
Emission Wavelength Changed: 8/19/2022 12:41:58 PM, Old: 510.00, New: 395.00
Stop Wavelength Changed: 8/19/2022 12:41:58 PM, Old: 500.00, New: 650.00
Zero Mode Changed: 8/19/2022 12:42:00 PM, Old:ON, New:Reading
Zero Mode Changed: 8/19/2022 12:42:01 PM, Old:Reading, New:ON
Excitation Wavelength Changed: 8/19/2022 12:42:46 PM, Old: 385.00, New: 330.00
Emission Wavelength Changed: 8/19/2022 12:42:46 PM, Old: 395.00, New: 340.00
Stop Wavelength Changed: 8/19/2022 12:42:46 PM, Old: 650.00, New: 600.00
Zero Mode Changed: 8/19/2022 12:42:49 PM, Old:ON, New:Reading
Zero Mode Changed: 8/19/2022 12:42:49 PM, Old:Reading, New:ON
Excitation Wavelength Changed: 8/19/2022 12:43:35 PM, Old: 330.00, New: 360.00
Emission Wavelength Changed: 8/19/2022 12:43:35 PM, Old: 340.00, New: 370.00
Zero Mode Changed: 8/19/2022 12:43:38 PM, Old:ON, New:Reading
Zero Mode Changed: 8/19/2022 12:43:38 PM, Old:Reading, New:ON
Zero Mode Changed: 8/19/2022 12:47:16 PM, Old:ON, New:Reading
Zero Mode Changed: 8/19/2022 12:47:17 PM, Old:Reading, New:ON
Excitation Wavelength Changed: 8/19/2022 12:48:05 PM, Old: 360.00, New: 345.00
Emission Wavelength Changed: 8/19/2022 12:48:05 PM, Old: 370.00, New: 355.00
Zero Mode Changed: 8/19/2022 12:48:06 PM, Old:ON, New:Reading
Zero Mode Changed: 8/19/2022 12:48:07 PM, Old:Reading, New:ON
Excitation Wavelength Changed: 8/19/2022 12:49:06 PM, Old: 345.00, New: 330.00
Emission Wavelength Changed: 8/19/2022 12:49:06 PM, Old: 355.00, New: 340.00
Zero Mode Changed: 8/19/2022 12:49:08 PM, Old:ON, New:Reading
Zero Mode Changed: 8/19/2022 12:49:09 PM, Old:Reading, New:ON
Scan mode: Changed: 8/19/2022 12:49:53 PM, Old:Emission, New:Excitation
Excitation Wavelength Changed: 8/19/2022 12:49:53 PM, Old: 330.00, New: 240.00
Emission Wavelength Changed: 8/19/2022 12:49:53 PM, Old: 340.00, New: 420.00
Stop Wavelength Changed: 8/19/2022 12:49:53 PM, Old: 600.00, New: 410.00
Zero Mode Changed: 8/19/2022 12:49:57 PM, Old:ON, New:Reading
Zero Mode Changed: 8/19/2022 12:49:57 PM, Old:Reading, New:ON
Excitation Wavelength Changed: 8/19/2022 12:51:14 PM, Old: 240.00, New: 260.00
Emission Wavelength Changed: 8/19/2022 12:51:14 PM, Old: 420.00, New: 515.00
Stop Wavelength Changed: 8/19/2022 12:51:14 PM, Old: 410.00, New: 505.00
Zero Mode Changed: 8/19/2022 12:51:16 PM, Old:ON, New:Reading
Zero Mode Changed: 8/19/2022 12:51:16 PM, Old:Reading, New:ON
End Method Modifications

CdSe sonochem 90min ex385,
CdSe sonochem 90min ex385
Collection Time: 8/19/2022 12:52:15 PM
Operator Name  :
Scan Software Version: 1.1(132)
Parameter List :
Instrument                        Cary Eclipse
Instrument Serial Number          E08013467
Data mode                         Fluorescence
Scan mode                         Emission
X Mode                            Wavelength (nm)
Start (nm)                        395.00
Stop (nm)                         650.00
Ex. Wavelength (nm)               385.00
Ex. Slit (nm)                     5
Em. Slit (nm)                     5
Scan rate (nm/min)                600.00
Data interval (nm)                1.0000
Averaging Time (s)                0.1000
Excitation filter                 Auto
Emission filter                   Open
PMT voltage (V)                   Medium
Corrected spectra                 OFF
Method Log     :
Method Name    : Default
Date/Time stamp: 8/19/2022 12:23:21 PM
Method Modifications:
Excitation Wavelength Changed: 8/19/2022 12:28:50 PM, Old: 350.00, New: 300.00
Emission Wavelength Changed: 8/19/2022 12:28:50 PM, Old: 400.00, New: 310.00
Zero Mode Changed: 8/19/2022 12:28:52 PM, Old:OFF, New:Reading
Zero Mode Changed: 8/19/2022 12:28:52 PM, Old:Reading, New:ON
Scan mode: Changed: 8/19/2022 12:30:28 PM, Old:Emission, New:Excitation
Excitation Wavelength Changed: 8/19/2022 12:30:28 PM, Old: 300.00, New: 200.00
Emission Wavelength Changed: 8/19/2022 12:30:28 PM, Old: 310.00, New: 380.00
Stop Wavelength Changed: 8/19/2022 12:30:28 PM, Old: 600.00, New: 370.00
Zero Mode Changed: 8/19/2022 12:30:31 PM, Old:ON, New:Reading
Zero Mode Changed: 8/19/2022 12:30:31 PM, Old:Reading, New:ON
Overlayed Graphs Changed: 8/19/2022 12:31:25 PM, Old:OFF, New:ON
Zero Mode Changed: 8/19/2022 12:31:50 PM, Old:ON, New:Reading
Zero Mode Changed: 8/19/2022 12:31:50 PM, Old:Reading, New:ON
Scan mode: Changed: 8/19/2022 12:33:27 PM, Old:Excitation, New:Emission
Excitation Wavelength Changed: 8/19/2022 12:33:27 PM, Old: 200.00, New: 330.00
Emission Wavelength Changed: 8/19/2022 12:33:27 PM, Old: 380.00, New: 340.00
Stop Wavelength Changed: 8/19/2022 12:33:27 PM, Old: 370.00, New: 700.00
Zero Mode Changed: 8/19/2022 12:33:29 PM, Old:ON, New:Reading
Zero Mode Changed: 8/19/2022 12:33:29 PM, Old:Reading, New:ON
Scan mode: Changed: 8/19/2022 12:35:04 PM, Old:Emission, New:Excitation
Excitation Wavelength Changed: 8/19/2022 12:35:04 PM, Old: 330.00, New: 200.00
Emission Wavelength Changed: 8/19/2022 12:35:04 PM, Old: 340.00, New: 400.00
Stop Wavelength Changed: 8/19/2022 12:35:04 PM, Old: 700.00, New: 390.00
Zero Mode Changed: 8/19/2022 12:35:08 PM, Old:ON, New:Reading
Zero Mode Changed: 8/19/2022 12:35:08 PM, Old:Reading, New:ON
Y min Changed: 8/19/2022 12:38:08 PM, Old:     0.0000, New:   -55.0000
Zero Mode Changed: 8/19/2022 12:38:10 PM, Old:ON, New:Reading
Zero Mode Changed: 8/19/2022 12:38:10 PM, Old:Reading, New:ON
Scan mode: Changed: 8/19/2022 12:39:20 PM, Old:Excitation, New:Emission
Excitation Wavelength Changed: 8/19/2022 12:39:20 PM, Old: 200.00, New: 336.00
Emission Wavelength Changed: 8/19/2022 12:39:20 PM, Old: 400.00, New: 346.00
Stop Wavelength Changed: 8/19/2022 12:39:20 PM, Old: 390.00, New: 600.00
Zero Mode Changed: 8/19/2022 12:39:22 PM, Old:ON, New:Reading
Zero Mode Changed: 8/19/2022 12:39:22 PM, Old:Reading, New:ON
Stop Wavelength Changed: 8/19/2022 12:40:10 PM, Old: 600.00, New: 700.00
Zero Mode Changed: 8/19/2022 12:40:38 PM, Old:ON, New:Reading
Zero Mode Changed: 8/19/2022 12:40:38 PM, Old:Reading, New:ON
Y min Changed: 8/19/2022 12:42:47 PM, Old:   -55.0000, New:     0.0000
Scan mode: Changed: 8/19/2022 12:42:47 PM, Old:Emission, New:Excitation
Excitation Wavelength Changed: 8/19/2022 12:42:47 PM, Old: 336.00, New: 200.00
Emission Wavelength Changed: 8/19/2022 12:42:47 PM, Old: 346.00, New: 410.00
Stop Wavelength Changed: 8/19/2022 12:42:47 PM, Old: 700.00, New: 400.00
Zero Mode Changed: 8/19/2022 12:42:51 PM, Old:ON, New:Reading
Zero Mode Changed: 8/19/2022 12:42:51 PM, Old:Reading, New:ON
Scan mode: Changed: 8/19/2022 12:54:44 PM, Old:Excitation, New:Emission
Excitation Wavelength Changed: 8/19/2022 12:54:44 PM, Old: 200.00, New: 335.00
Emission Wavelength Changed: 8/19/2022 12:54:44 PM, Old: 410.00, New: 345.00
Stop Wavelength Changed: 8/19/2022 12:54:44 PM, Old: 400.00, New: 600.00
Zero Mode Changed: 8/19/2022 12:54:46 PM, Old:ON, New:Reading
Zero Mode Changed: 8/19/2022 12:54:46 PM, Old:Reading, New:ON
Scan mode: Changed: 8/19/2022 12:55:39 PM, Old:Emission, New:Excitation
Excitation Wavelength Changed: 8/19/2022 12:55:39 PM, Old: 335.00, New: 240.00
Emission Wavelength Changed: 8/19/2022 12:55:39 PM, Old: 345.00, New: 410.00
Stop Wavelength Changed: 8/19/2022 12:55:39 PM, Old: 600.00, New: 400.00
Zero Mode Changed: 8/19/2022 12:55:42 PM, Old:ON, New:Reading
Zero Mode Changed: 8/19/2022 12:55:42 PM, Old:Reading, New:ON
Scan mode: Changed: 8/19/2022 12:56:21 PM, Old:Excitation, New:Emission
Excitation Wavelength Changed: 8/19/2022 12:56:21 PM, Old: 240.00, New: 340.00
Emission Wavelength Changed: 8/19/2022 12:56:21 PM, Old: 410.00, New: 350.00
Stop Wavelength Changed: 8/19/2022 12:56:21 PM, Old: 400.00, New: 600.00
Zero Mode Changed: 8/19/2022 12:56:24 PM, Old:ON, New:Reading
Zero Mode Changed: 8/19/2022 12:56:24 PM, Old:Reading, New:ON
Scan mode: Changed: 8/19/2022 12:57:53 PM, Old:Emission, New:Excitation
User Delta Stop Changed: 8/19/2022 12:57:53 PM, Old: 450.00, New: 500.00
User Delta Increment Changed: 8/19/2022 12:57:53 PM, Old:  10.00, New:   0.15
Excitation Wavelength Changed: 8/19/2022 12:57:53 PM, Old: 340.00, New: 260.00
Emission Wavelength Changed: 8/19/2022 12:57:53 PM, Old: 350.00, New: 500.00
Stop Wavelength Changed: 8/19/2022 12:57:53 PM, Old: 600.00, New: 490.00
Zero Mode Changed: 8/19/2022 12:57:56 PM, Old:ON, New:Reading
Zero Mode Changed: 8/19/2022 12:57:56 PM, Old:Reading, New:ON
Scan mode: Changed: 8/19/2022 12:58:50 PM, Old:Excitation, New:Emission
Excitation Wavelength Changed: 8/19/2022 12:58:50 PM, Old: 260.00, New: 380.00
Emission Wavelength Changed: 8/19/2022 12:58:50 PM, Old: 500.00, New: 390.00
Stop Wavelength Changed: 8/19/2022 12:58:50 PM, Old: 490.00, New: 650.00
Zero Mode Changed: 8/19/2022 12:58:52 PM, Old:ON, New:Reading
Zero Mode Changed: 8/19/2022 12:58:52 PM, Old:Reading, New:ON
Scan mode: Changed: 8/19/2022 12:59:47 PM, Old:Emission, New:Excitation
Excitation Wavelength Changed: 8/19/2022 12:59:47 PM, Old: 380.00, New: 240.00
Emission Wavelength Changed: 8/19/2022 12:59:47 PM, Old: 390.00, New: 420.00
Stop Wavelength Changed: 8/19/2022 12:59:47 PM, Old: 650.00, New: 410.00
Zero Mode Changed: 8/19/2022 12:59:51 PM, Old:ON, New:Reading
Zero Mode Changed: 8/19/2022 12:59:51 PM, Old:Reading, New:ON
Scan mode: Changed: 8/19/2022 1:00:29 PM, Old:Excitation, New:Emission
Excitation Wavelength Changed: 8/19/2022 1:00:29 PM, Old: 240.00, New: 345.00
Emission Wavelength Changed: 8/19/2022 1:00:29 PM, Old: 420.00, New: 355.00
Stop Wavelength Changed: 8/19/2022 1:00:29 PM, Old: 410.00, New: 600.00
Zero Mode Changed: 8/19/2022 1:00:30 PM, Old:ON, New:Reading
Zero Mode Changed: 8/19/2022 1:00:31 PM, Old:Reading, New:ON
Excitation Wavelength Changed: 8/19/2022 1:01:14 PM, Old: 345.00, New: 350.00
Emission Wavelength Changed: 8/19/2022 1:01:14 PM, Old: 355.00, New: 360.00
Zero Mode Changed: 8/19/2022 1:01:16 PM, Old:ON, New:Reading
Zero Mode Changed: 8/19/2022 1:01:17 PM, Old:Reading, New:ON
Excitation Wavelength Changed: 8/19/2022 1:01:56 PM, Old: 350.00, New: 355.00
Emission Wavelength Changed: 8/19/2022 1:01:56 PM, Old: 360.00, New: 365.00
Zero Mode Changed: 8/19/2022 1:01:58 PM, Old:ON, New:Reading
Zero Mode Changed: 8/19/2022 1:01:59 PM, Old:Reading, New:ON
Excitation Wavelength Changed: 8/19/2022 1:02:40 PM, Old: 355.00, New: 360.00
Emission Wavelength Changed: 8/19/2022 1:02:40 PM, Old: 365.00, New: 370.00
Zero Mode Changed: 8/19/2022 1:02:42 PM, Old:ON, New:Reading
Zero Mode Changed: 8/19/2022 1:02:42 PM, Old:Reading, New:ON
Excitation Wavelength Changed: 8/19/2022 1:03:20 PM, Old: 360.00, New: 365.00
Emission Wavelength Changed: 8/19/2022 1:03:20 PM, Old: 370.00, New: 375.00
Zero Mode Changed: 8/19/2022 1:03:23 PM, Old:ON, New:Reading
Zero Mode Changed: 8/19/2022 1:03:23 PM, Old:Reading, New:ON
Scan mode: Changed: 8/19/2022 1:04:11 PM, Old:Emission, New:Excitation
Excitation Wavelength Changed: 8/19/2022 1:04:11 PM, Old: 365.00, New: 240.00
Emission Wavelength Changed: 8/19/2022 1:04:11 PM, Old: 375.00, New: 430.00
Stop Wavelength Changed: 8/19/2022 1:04:11 PM, Old: 600.00, New: 420.00
Zero Mode Changed: 8/19/2022 1:04:14 PM, Old:ON, New:Reading
Zero Mode Changed: 8/19/2022 1:04:14 PM, Old:Reading, New:ON
Emission Wavelength Changed: 8/19/2022 1:04:52 PM, Old: 430.00, New: 440.00
Stop Wavelength Changed: 8/19/2022 1:04:52 PM, Old: 420.00, New: 430.00
Zero Mode Changed: 8/19/2022 1:04:53 PM, Old:ON, New:Reading
Zero Mode Changed: 8/19/2022 1:04:53 PM, Old:Reading, New:ON
Emission Wavelength Changed: 8/19/2022 1:05:43 PM, Old: 440.00, New: 450.00
Stop Wavelength Changed: 8/19/2022 1:05:43 PM, Old: 430.00, New: 440.00
Zero Mode Changed: 8/19/2022 1:05:44 PM, Old:ON, New:Reading
Zero Mode Changed: 8/19/2022 1:05:44 PM, Old:Reading, New:ON
Scan mode: Changed: 8/19/2022 1:09:39 PM, Old:Excitation, New:Emission
Excitation Wavelength Changed: 8/19/2022 1:09:39 PM, Old: 240.00, New: 330.00
Emission Wavelength Changed: 8/19/2022 1:09:39 PM, Old: 450.00, New: 340.00
Stop Wavelength Changed: 8/19/2022 1:09:39 PM, Old: 440.00, New: 600.00
Zero Mode Changed: 8/19/2022 1:09:40 PM, Old:ON, New:Reading
Zero Mode Changed: 8/19/2022 1:09:40 PM, Old:Reading, New:ON
Scan mode: Changed: 8/19/2022 1:10:32 PM, Old:Emission, New:Excitation
Excitation Wavelength Changed: 8/19/2022 1:10:32 PM, Old: 330.00, New: 240.00
Emission Wavelength Changed: 8/19/2022 1:10:32 PM, Old: 340.00, New: 400.00
Stop Wavelength Changed: 8/19/2022 1:10:32 PM, Old: 600.00, New: 390.00
Zero Mode Changed: 8/19/2022 1:10:35 PM, Old:ON, New:Reading
Zero Mode Changed: 8/19/2022 1:10:35 PM, Old:Reading, New:ON
Scan mode: Changed: 8/19/2022 1:11:56 PM, Old:Excitation, New:Emission
3-D Mode Changed: 8/19/2022 1:11:56 PM, Old:OFF, New:ON
User Delta Stop Changed: 8/19/2022 1:11:56 PM, Old: 500.00, New: 380.00
User Delta Increment Changed: 8/19/2022 1:11:56 PM, Old:   0.15, New:   5.00
Excitation Wavelength Changed: 8/19/2022 1:11:56 PM, Old: 240.00, New: 335.00
Emission Wavelength Changed: 8/19/2022 1:11:56 PM, Old: 400.00, New: 390.00
Stop Wavelength Changed: 8/19/2022 1:11:56 PM, Old: 390.00, New: 600.00
Zero Mode Changed: 8/19/2022 1:11:58 PM, Old:ON, New:Reading
Zero Mode Changed: 8/19/2022 1:11:58 PM, Old:Reading, New:ON
Excitation Wavelength Changed: 8/19/2022 1:12:28 PM, Old: 335.00, New: 340.00
Excitation Wavelength Changed: 8/19/2022 1:12:50 PM, Old: 340.00, New: 345.00
Excitation Wavelength Changed: 8/19/2022 1:13:12 PM, Old: 345.00, New: 350.00
Excitation Wavelength Changed: 8/19/2022 1:13:34 PM, Old: 350.00, New: 355.00
Excitation Wavelength Changed: 8/19/2022 1:13:56 PM, Old: 355.00, New: 360.00
Excitation Wavelength Changed: 8/19/2022 1:14:17 PM, Old: 360.00, New: 365.00
Excitation Wavelength Changed: 8/19/2022 1:14:39 PM, Old: 365.00, New: 370.00
Excitation Wavelength Changed: 8/19/2022 1:15:02 PM, Old: 370.00, New: 375.00
Excitation Wavelength Changed: 8/19/2022 1:15:24 PM, Old: 375.00, New: 380.00
Excitation Wavelength Changed: 8/19/2022 1:15:46 PM, Old: 380.00, New: 335.00
Scan mode: Changed: 8/19/2022 1:16:01 PM, Old:Emission, New:Excitation
3-D Mode Changed: 8/19/2022 1:16:01 PM, Old:ON, New:OFF
User Delta Stop Changed: 8/19/2022 1:16:01 PM, Old: 380.00, New: 500.00
User Delta Increment Changed: 8/19/2022 1:16:01 PM, Old:   5.00, New:   0.15
Excitation Wavelength Changed: 8/19/2022 1:16:01 PM, Old: 335.00, New: 260.00
Emission Wavelength Changed: 8/19/2022 1:16:01 PM, Old: 390.00, New: 500.00
Stop Wavelength Changed: 8/19/2022 1:16:01 PM, Old: 600.00, New: 490.00
Zero Mode Changed: 8/19/2022 1:16:04 PM, Old:ON, New:Reading
Zero Mode Changed: 8/19/2022 1:16:05 PM, Old:Reading, New:ON
Excitation Wavelength Changed: 8/19/2022 1:16:58 PM, Old: 260.00, New: 240.00
Emission Wavelength Changed: 8/19/2022 1:16:58 PM, Old: 500.00, New: 420.00
Stop Wavelength Changed: 8/19/2022 1:16:58 PM, Old: 490.00, New: 410.00
Zero Mode Changed: 8/19/2022 1:16:59 PM, Old:ON, New:Reading
Zero Mode Changed: 8/19/2022 1:17:00 PM, Old:Reading, New:ON
Emission Wavelength Changed: 8/19/2022 1:17:50 PM, Old: 420.00, New: 380.00
Stop Wavelength Changed: 8/19/2022 1:17:50 PM, Old: 410.00, New: 370.00
Zero Mode Changed: 8/19/2022 1:17:51 PM, Old:ON, New:Reading
Zero Mode Changed: 8/19/2022 1:17:52 PM, Old:Reading, New:ON
Scan mode: Changed: 8/19/2022 1:18:25 PM, Old:Excitation, New:Emission
Excitation Wavelength Changed: 8/19/2022 1:18:25 PM, Old: 240.00, New: 340.00
Emission Wavelength Changed: 8/19/2022 1:18:25 PM, Old: 380.00, New: 350.00
Stop Wavelength Changed: 8/19/2022 1:18:25 PM, Old: 370.00, New: 600.00
Zero Mode Changed: 8/19/2022 1:18:26 PM, Old:ON, New:Reading
Zero Mode Changed: 8/19/2022 1:18:27 PM, Old:Reading, New:ON
Excitation Wavelength Changed: 8/19/2022 1:19:09 PM, Old: 340.00, New: 350.00
Emission Wavelength Changed: 8/19/2022 1:19:09 PM, Old: 350.00, New: 360.00
Zero Mode Changed: 8/19/2022 1:19:11 PM, Old:ON, New:Reading
Zero Mode Changed: 8/19/2022 1:19:12 PM, Old:Reading, New:ON
Excitation Wavelength Changed: 8/19/2022 1:19:57 PM, Old: 350.00, New: 320.00
Emission Wavelength Changed: 8/19/2022 1:19:57 PM, Old: 360.00, New: 310.00
Emission Wavelength Changed: 8/19/2022 1:20:01 PM, Old: 310.00, New: 330.00
Zero Mode Changed: 8/19/2022 1:20:03 PM, Old:ON, New:Reading
Zero Mode Changed: 8/19/2022 1:20:03 PM, Old:Reading, New:ON
3-D Mode Changed: 8/19/2022 12:24:35 PM, Old:OFF, New:ON
User Delta Stop Changed: 8/19/2022 12:24:35 PM, Old: 500.00, New: 340.00
User Delta Increment Changed: 8/19/2022 12:24:35 PM, Old:   0.15, New:   5.00
Emission Wavelength Changed: 8/19/2022 12:24:35 PM, Old: 330.00, New: 350.00
Zero Mode Changed: 8/19/2022 12:24:37 PM, Old:ON, New:Reading
Zero Mode Changed: 8/19/2022 12:24:37 PM, Old:Reading, New:ON
Excitation Wavelength Changed: 8/19/2022 12:25:22 PM, Old: 320.00, New: 325.00
Excitation Wavelength Changed: 8/19/2022 12:25:48 PM, Old: 325.00, New: 330.00
Excitation Wavelength Changed: 8/19/2022 12:26:14 PM, Old: 330.00, New: 335.00
Excitation Wavelength Changed: 8/19/2022 12:26:39 PM, Old: 335.00, New: 340.00
Excitation Wavelength Changed: 8/19/2022 12:27:06 PM, Old: 340.00, New: 320.00
3-D Mode Changed: 8/19/2022 12:27:42 PM, Old:ON, New:OFF
User Delta Stop Changed: 8/19/2022 12:27:42 PM, Old: 340.00, New: 345.00
User Delta Increment Changed: 8/19/2022 12:27:42 PM, Old:   5.00, New:   0.15
Excitation Wavelength Changed: 8/19/2022 12:27:42 PM, Old: 320.00, New: 345.00
Emission Wavelength Changed: 8/19/2022 12:27:42 PM, Old: 350.00, New: 355.00
Ex. Slit Width (nm): Changed: 8/19/2022 12:28:29 PM, Old:5, New:10
Zero Mode Changed: 8/19/2022 12:28:29 PM, Old:ON, New:OFF
Zero Mode Changed: 8/19/2022 12:28:31 PM, Old:OFF, New:Reading
Zero Mode Changed: 8/19/2022 12:28:32 PM, Old:Reading, New:ON
3-D Mode Changed: 8/19/2022 12:29:37 PM, Old:OFF, New:ON
User Delta Stop Changed: 8/19/2022 12:29:37 PM, Old: 345.00, New: 360.00
User Delta Increment Changed: 8/19/2022 12:29:37 PM, Old:   0.15, New:  10.00
Excitation Wavelength Changed: 8/19/2022 12:29:37 PM, Old: 345.00, New: 320.00
Emission Wavelength Changed: 8/19/2022 12:29:37 PM, Old: 355.00, New: 370.00
Zero Mode Changed: 8/19/2022 12:29:38 PM, Old:ON, New:Reading
Zero Mode Changed: 8/19/2022 12:29:38 PM, Old:Reading, New:ON
Excitation Wavelength Changed: 8/19/2022 12:30:11 PM, Old: 320.00, New: 330.00
Excitation Wavelength Changed: 8/19/2022 12:30:35 PM, Old: 330.00, New: 340.00
Excitation Wavelength Changed: 8/19/2022 12:30:59 PM, Old: 340.00, New: 350.00
Excitation Wavelength Changed: 8/19/2022 12:31:23 PM, Old: 350.00, New: 360.00
Excitation Wavelength Changed: 8/19/2022 12:31:47 PM, Old: 360.00, New: 320.00
User Delta Stop Changed: 8/19/2022 12:32:10 PM, Old: 360.00, New: 400.00
User Delta Increment Changed: 8/19/2022 12:32:10 PM, Old:  10.00, New:   0.15
Excitation Wavelength Changed: 8/19/2022 12:32:10 PM, Old: 320.00, New: 360.00
Emission Wavelength Changed: 8/19/2022 12:32:10 PM, Old: 370.00, New: 410.00
Zero Mode Changed: 8/19/2022 12:32:12 PM, Old:ON, New:Reading
Zero Mode Changed: 8/19/2022 12:32:12 PM, Old:Reading, New:ON
Excitation Wavelength Changed: 8/19/2022 12:32:43 PM, Old: 360.00, New: 360.15
Excitation Wavelength Changed: 8/19/2022 12:32:52 PM, Old: 360.15, New: 360.30
Scan mode: Changed: 8/19/2022 12:33:47 PM, Old:Emission, New:Excitation
3-D Mode Changed: 8/19/2022 12:33:47 PM, Old:ON, New:OFF
User Delta Stop Changed: 8/19/2022 12:33:47 PM, Old: 400.00, New: 420.00
Excitation Wavelength Changed: 8/19/2022 12:33:47 PM, Old: 360.30, New: 240.00
Emission Wavelength Changed: 8/19/2022 12:33:47 PM, Old: 410.00, New: 420.00
Stop Wavelength Changed: 8/19/2022 12:33:47 PM, Old: 600.00, New: 410.00
Zero Mode Changed: 8/19/2022 12:33:50 PM, Old:ON, New:Reading
Zero Mode Changed: 8/19/2022 12:33:51 PM, Old:Reading, New:ON
Scan mode: Changed: 8/19/2022 12:35:05 PM, Old:Excitation, New:Emission
Excitation Wavelength Changed: 8/19/2022 12:35:05 PM, Old: 240.00, New: 345.00
Emission Wavelength Changed: 8/19/2022 12:35:05 PM, Old: 420.00, New: 355.00
Stop Wavelength Changed: 8/19/2022 12:35:05 PM, Old: 410.00, New: 600.00
Zero Mode Changed: 8/19/2022 12:35:07 PM, Old:ON, New:Reading
Zero Mode Changed: 8/19/2022 12:35:07 PM, Old:Reading, New:ON
Scan mode: Changed: 8/19/2022 12:36:01 PM, Old:Emission, New:Excitation
Ex. Slit Width (nm): Changed: 8/19/2022 12:36:01 PM, Old:10, New:5
Excitation Wavelength Changed: 8/19/2022 12:36:01 PM, Old: 345.00, New: 240.00
Emission Wavelength Changed: 8/19/2022 12:36:01 PM, Old: 355.00, New: 420.00
Stop Wavelength Changed: 8/19/2022 12:36:01 PM, Old: 600.00, New: 410.00
Zero Mode Changed: 8/19/2022 12:36:01 PM, Old:ON, New:OFF
Zero Mode Changed: 8/19/2022 12:36:04 PM, Old:OFF, New:Reading
Zero Mode Changed: 8/19/2022 12:36:05 PM, Old:Reading, New:ON
Scan mode: Changed: 8/19/2022 12:37:05 PM, Old:Excitation, New:Emission
Excitation Wavelength Changed: 8/19/2022 12:37:05 PM, Old: 240.00, New: 345.00
Emission Wavelength Changed: 8/19/2022 12:37:05 PM, Old: 420.00, New: 355.00
Stop Wavelength Changed: 8/19/2022 12:37:05 PM, Old: 410.00, New: 600.00
Zero Mode Changed: 8/19/2022 12:37:06 PM, Old:ON, New:Reading
Zero Mode Changed: 8/19/2022 12:37:07 PM, Old:Reading, New:ON
Scan mode: Changed: 8/19/2022 12:37:59 PM, Old:Emission, New:Excitation
User Delta Stop Changed: 8/19/2022 12:37:59 PM, Old: 420.00, New: 500.00
Excitation Wavelength Changed: 8/19/2022 12:37:59 PM, Old: 345.00, New: 260.00
Emission Wavelength Changed: 8/19/2022 12:37:59 PM, Old: 355.00, New: 500.00
Stop Wavelength Changed: 8/19/2022 12:37:59 PM, Old: 600.00, New: 490.00
Zero Mode Changed: 8/19/2022 12:38:02 PM, Old:ON, New:Reading
Zero Mode Changed: 8/19/2022 12:38:02 PM, Old:Reading, New:ON
Scan mode: Changed: 8/19/2022 12:39:01 PM, Old:Excitation, New:Emission
Excitation Wavelength Changed: 8/19/2022 12:39:01 PM, Old: 260.00, New: 380.00
Emission Wavelength Changed: 8/19/2022 12:39:01 PM, Old: 500.00, New: 390.00
Stop Wavelength Changed: 8/19/2022 12:39:01 PM, Old: 490.00, New: 600.00
Zero Mode Changed: 8/19/2022 12:39:04 PM, Old:ON, New:Reading
Zero Mode Changed: 8/19/2022 12:39:04 PM, Old:Reading, New:ON
Zero Mode Changed: 8/19/2022 12:44:08 PM, Old:ON, New:Reading
Zero Mode Changed: 8/19/2022 12:44:08 PM, Old:Reading, New:ON
Scan mode: Changed: 8/19/2022 12:44:55 PM, Old:Emission, New:Excitation
User Delta Stop Changed: 8/19/2022 12:44:55 PM, Old: 500.00, New: 520.00
Excitation Wavelength Changed: 8/19/2022 12:44:55 PM, Old: 380.00, New: 270.00
Emission Wavelength Changed: 8/19/2022 12:44:55 PM, Old: 390.00, New: 520.00
Stop Wavelength Changed: 8/19/2022 12:44:55 PM, Old: 600.00, New: 510.00
Zero Mode Changed: 8/19/2022 12:44:59 PM, Old:ON, New:Reading
Zero Mode Changed: 8/19/2022 12:44:59 PM, Old:Reading, New:ON
Scan mode: Changed: 8/19/2022 12:45:55 PM, Old:Excitation, New:Emission
Excitation Wavelength Changed: 8/19/2022 12:45:55 PM, Old: 270.00, New: 400.00
Emission Wavelength Changed: 8/19/2022 12:45:55 PM, Old: 520.00, New: 410.00
Stop Wavelength Changed: 8/19/2022 12:45:55 PM, Old: 510.00, New: 650.00
Zero Mode Changed: 8/19/2022 12:45:58 PM, Old:ON, New:Reading
Zero Mode Changed: 8/19/2022 12:45:58 PM, Old:Reading, New:ON
Scan mode: Changed: 8/19/2022 12:46:40 PM, Old:Emission, New:Excitation
Excitation Wavelength Changed: 8/19/2022 12:46:40 PM, Old: 400.00, New: 240.00
Emission Wavelength Changed: 8/19/2022 12:46:40 PM, Old: 410.00, New: 455.00
Stop Wavelength Changed: 8/19/2022 12:46:40 PM, Old: 650.00, New: 445.00
Zero Mode Changed: 8/19/2022 12:46:43 PM, Old:ON, New:Reading
Zero Mode Changed: 8/19/2022 12:46:44 PM, Old:Reading, New:ON
Scan mode: Changed: 8/19/2022 12:47:34 PM, Old:Excitation, New:Emission
Excitation Wavelength Changed: 8/19/2022 12:47:34 PM, Old: 240.00, New: 375.00
Emission Wavelength Changed: 8/19/2022 12:47:34 PM, Old: 455.00, New: 385.00
Stop Wavelength Changed: 8/19/2022 12:47:34 PM, Old: 445.00, New: 600.00
Zero Mode Changed: 8/19/2022 12:47:36 PM, Old:ON, New:Reading
Zero Mode Changed: 8/19/2022 12:47:36 PM, Old:Reading, New:ON
Excitation Wavelength Changed: 8/19/2022 12:48:20 PM, Old: 375.00, New: 330.00
Emission Wavelength Changed: 8/19/2022 12:48:20 PM, Old: 385.00, New: 340.00
Zero Mode Changed: 8/19/2022 12:48:23 PM, Old:ON, New:Reading
Zero Mode Changed: 8/19/2022 12:48:23 PM, Old:Reading, New:ON
Scan mode: Changed: 8/19/2022 12:49:11 PM, Old:Emission, New:Excitation
Excitation Wavelength Changed: 8/19/2022 12:49:11 PM, Old: 330.00, New: 240.00
Emission Wavelength Changed: 8/19/2022 12:49:11 PM, Old: 340.00, New: 510.00
Stop Wavelength Changed: 8/19/2022 12:49:11 PM, Old: 600.00, New: 400.00
Zero Mode Changed: 8/19/2022 12:49:14 PM, Old:ON, New:Reading
Zero Mode Changed: 8/19/2022 12:49:14 PM, Old:Reading, New:ON
Emission Wavelength Changed: 8/19/2022 12:49:54 PM, Old: 510.00, New: 410.00
Zero Mode Changed: 8/19/2022 12:49:55 PM, Old:ON, New:Reading
Zero Mode Changed: 8/19/2022 12:49:56 PM, Old:Reading, New:ON
Scan mode: Changed: 8/19/2022 12:50:44 PM, Old:Excitation, New:Emission
Excitation Wavelength Changed: 8/19/2022 12:50:44 PM, Old: 240.00, New: 340.00
Emission Wavelength Changed: 8/19/2022 12:50:44 PM, Old: 410.00, New: 350.00
Stop Wavelength Changed: 8/19/2022 12:50:44 PM, Old: 400.00, New: 600.00
Zero Mode Changed: 8/19/2022 12:50:46 PM, Old:ON, New:Reading
Zero Mode Changed: 8/19/2022 12:50:46 PM, Old:Reading, New:ON
Scan mode: Changed: 8/19/2022 12:51:44 PM, Old:Emission, New:Excitation
Excitation Wavelength Changed: 8/19/2022 12:51:44 PM, Old: 340.00, New: 240.00
Emission Wavelength Changed: 8/19/2022 12:51:44 PM, Old: 350.00, New: 425.00
Stop Wavelength Changed: 8/19/2022 12:51:44 PM, Old: 600.00, New: 415.00
Zero Mode Changed: 8/19/2022 12:51:47 PM, Old:ON, New:Reading
Zero Mode Changed: 8/19/2022 12:51:47 PM, Old:Reading, New:ON
Scan mode: Changed: 8/19/2022 12:52:54 PM, Old:Excitation, New:Emission
Excitation Wavelength Changed: 8/19/2022 12:52:54 PM, Old: 240.00, New: 350.00
Emission Wavelength Changed: 8/19/2022 12:52:54 PM, Old: 425.00, New: 360.00
Stop Wavelength Changed: 8/19/2022 12:52:54 PM, Old: 415.00, New: 600.00
Zero Mode Changed: 8/19/2022 12:52:55 PM, Old:ON, New:Reading
Zero Mode Changed: 8/19/2022 12:52:56 PM, Old:Reading, New:ON
Scan mode: Changed: 8/19/2022 12:54:53 PM, Old:Emission, New:Excitation
Excitation Wavelength Changed: 8/19/2022 12:54:53 PM, Old: 350.00, New: 240.00
Emission Wavelength Changed: 8/19/2022 12:54:53 PM, Old: 360.00, New: 455.00
Stop Wavelength Changed: 8/19/2022 12:54:53 PM, Old: 600.00, New: 445.00
Zero Mode Changed: 8/19/2022 12:54:56 PM, Old:ON, New:Reading
Zero Mode Changed: 8/19/2022 12:54:56 PM, Old:Reading, New:ON
Emission Wavelength Changed: 8/19/2022 1:03:51 PM, Old: 455.00, New: 420.00
Stop Wavelength Changed: 8/19/2022 1:03:51 PM, Old: 445.00, New: 410.00
Zero Mode Changed: 8/19/2022 1:03:52 PM, Old:ON, New:Reading
Zero Mode Changed: 8/19/2022 1:03:53 PM, Old:Reading, New:ON
Scan mode: Changed: 8/19/2022 1:05:10 PM, Old:Excitation, New:Emission
Excitation Wavelength Changed: 8/19/2022 1:05:10 PM, Old: 240.00, New: 330.00
Emission Wavelength Changed: 8/19/2022 1:05:10 PM, Old: 420.00, New: 340.00
Stop Wavelength Changed: 8/19/2022 1:05:10 PM, Old: 410.00, New: 600.00
Zero Mode Changed: 8/19/2022 1:05:12 PM, Old:ON, New:Reading
Zero Mode Changed: 8/19/2022 1:05:13 PM, Old:Reading, New:ON
Scan mode: Changed: 8/19/2022 1:06:04 PM, Old:Emission, New:Excitation
Excitation Wavelength Changed: 8/19/2022 1:06:04 PM, Old: 330.00, New: 240.00
Emission Wavelength Changed: 8/19/2022 1:06:04 PM, Old: 340.00, New: 410.00
Stop Wavelength Changed: 8/19/2022 1:06:04 PM, Old: 600.00, New: 400.00
Zero Mode Changed: 8/19/2022 1:06:06 PM, Old:ON, New:Reading
Zero Mode Changed: 8/19/2022 1:06:07 PM, Old:Reading, New:ON
Scan mode: Changed: 8/19/2022 1:06:48 PM, Old:Excitation, New:Emission
Excitation Wavelength Changed: 8/19/2022 1:06:48 PM, Old: 240.00, New: 270.00
Emission Wavelength Changed: 8/19/2022 1:06:48 PM, Old: 410.00, New: 280.00
Stop Wavelength Changed: 8/19/2022 1:06:48 PM, Old: 400.00, New: 550.00
Zero Mode Changed: 8/19/2022 1:06:50 PM, Old:ON, New:Reading
Zero Mode Changed: 8/19/2022 1:06:50 PM, Old:Reading, New:ON
Scan mode: Changed: 8/19/2022 1:08:11 PM, Old:Emission, New:Excitation
Excitation Wavelength Changed: 8/19/2022 1:08:11 PM, Old: 270.00, New: 250.00
Emission Wavelength Changed: 8/19/2022 1:08:11 PM, Old: 280.00, New: 380.00
Stop Wavelength Changed: 8/19/2022 1:08:11 PM, Old: 550.00, New: 370.00
Zero Mode Changed: 8/19/2022 1:08:12 PM, Old:ON, New:Reading
Zero Mode Changed: 8/19/2022 1:08:13 PM, Old:Reading, New:ON
Excitation Wavelength Changed: 8/19/2022 1:08:45 PM, Old: 250.00, New: 240.00
Zero Mode Changed: 8/19/2022 1:08:47 PM, Old:ON, New:Reading
Zero Mode Changed: 8/19/2022 1:08:48 PM, Old:Reading, New:ON
Zero Mode Changed: 8/19/2022 1:09:22 PM, Old:ON, New:Reading
Zero Mode Changed: 8/19/2022 1:09:23 PM, Old:Reading, New:ON
Zero Mode Changed: 8/19/2022 1:09:57 PM, Old:ON, New:Reading
Zero Mode Changed: 8/19/2022 1:09:57 PM, Old:Reading, New:ON
Emission Wavelength Changed: 8/19/2022 1:11:16 PM, Old: 380.00, New: 420.00
Stop Wavelength Changed: 8/19/2022 1:11:16 PM, Old: 370.00, New: 410.00
Zero Mode Changed: 8/19/2022 1:11:17 PM, Old:ON, New:Reading
Zero Mode Changed: 8/19/2022 1:11:17 PM, Old:Reading, New:ON
Zero Mode Changed: 8/19/2022 1:12:21 PM, Old:ON, New:Reading
Zero Mode Changed: 8/19/2022 1:12:21 PM, Old:Reading, New:ON
Emission Wavelength Changed: 8/19/2022 1:12:57 PM, Old: 420.00, New: 410.00
Stop Wavelength Changed: 8/19/2022 1:12:57 PM, Old: 410.00, New: 400.00
Zero Mode Changed: 8/19/2022 1:12:59 PM, Old:ON, New:Reading
Zero Mode Changed: 8/19/2022 1:12:59 PM, Old:Reading, New:ON
Scan mode: Changed: 8/19/2022 1:14:24 PM, Old:Excitation, New:Emission
Excitation Wavelength Changed: 8/19/2022 1:14:24 PM, Old: 240.00, New: 345.00
Emission Wavelength Changed: 8/19/2022 1:14:24 PM, Old: 410.00, New: 355.00
Stop Wavelength Changed: 8/19/2022 1:14:24 PM, Old: 400.00, New: 600.00
Zero Mode Changed: 8/19/2022 1:14:26 PM, Old:ON, New:Reading
Zero Mode Changed: 8/19/2022 1:14:26 PM, Old:Reading, New:ON
Scan mode: Changed: 8/19/2022 1:15:20 PM, Old:Emission, New:Excitation
Excitation Wavelength Changed: 8/19/2022 1:15:20 PM, Old: 345.00, New: 240.00
Emission Wavelength Changed: 8/19/2022 1:15:20 PM, Old: 355.00, New: 425.00
Stop Wavelength Changed: 8/19/2022 1:15:20 PM, Old: 600.00, New: 405.00
Zero Mode Changed: 8/19/2022 1:15:23 PM, Old:ON, New:Reading
Zero Mode Changed: 8/19/2022 1:15:23 PM, Old:Reading, New:ON
Emission Wavelength Changed: 8/19/2022 1:16:07 PM, Old: 425.00, New: 435.00
Stop Wavelength Changed: 8/19/2022 1:16:07 PM, Old: 405.00, New: 415.00
Zero Mode Changed: 8/19/2022 1:16:10 PM, Old:ON, New:Reading
Zero Mode Changed: 8/19/2022 1:16:10 PM, Old:Reading, New:ON
Emission Wavelength Changed: 8/19/2022 1:16:52 PM, Old: 435.00, New: 445.00
Stop Wavelength Changed: 8/19/2022 1:16:52 PM, Old: 415.00, New: 425.00
Zero Mode Changed: 8/19/2022 1:16:53 PM, Old:ON, New:Reading
Zero Mode Changed: 8/19/2022 1:16:54 PM, Old:Reading, New:ON
Emission Wavelength Changed: 8/19/2022 1:17:31 PM, Old: 445.00, New: 455.00
Stop Wavelength Changed: 8/19/2022 1:17:31 PM, Old: 425.00, New: 435.00
Zero Mode Changed: 8/19/2022 1:17:33 PM, Old:ON, New:Reading
Zero Mode Changed: 8/19/2022 1:17:33 PM, Old:Reading, New:ON
Emission Wavelength Changed: 8/19/2022 1:18:09 PM, Old: 455.00, New: 465.00
Stop Wavelength Changed: 8/19/2022 1:18:09 PM, Old: 435.00, New: 455.00
Zero Mode Changed: 8/19/2022 1:18:11 PM, Old:ON, New:Reading
Zero Mode Changed: 8/19/2022 1:18:12 PM, Old:Reading, New:ON
Scan mode: Changed: 8/19/2022 1:18:57 PM, Old:Excitation, New:Emission
Excitation Wavelength Changed: 8/19/2022 1:18:57 PM, Old: 240.00, New: 365.00
Emission Wavelength Changed: 8/19/2022 1:18:57 PM, Old: 465.00, New: 375.00
Stop Wavelength Changed: 8/19/2022 1:18:57 PM, Old: 455.00, New: 600.00
Zero Mode Changed: 8/19/2022 1:18:59 PM, Old:ON, New:Reading
Zero Mode Changed: 8/19/2022 1:18:59 PM, Old:Reading, New:ON
Excitation Wavelength Changed: 8/19/2022 1:19:42 PM, Old: 365.00, New: 355.00
Emission Wavelength Changed: 8/19/2022 1:19:42 PM, Old: 375.00, New: 365.00
Zero Mode Changed: 8/19/2022 1:19:44 PM, Old:ON, New:Reading
Zero Mode Changed: 8/19/2022 1:19:44 PM, Old:Reading, New:ON
Excitation Wavelength Changed: 8/19/2022 1:20:22 PM, Old: 355.00, New: 335.00
Emission Wavelength Changed: 8/19/2022 1:20:22 PM, Old: 365.00, New: 345.00
Zero Mode Changed: 8/19/2022 1:20:23 PM, Old:ON, New:Reading
Zero Mode Changed: 8/19/2022 1:20:23 PM, Old:Reading, New:ON
Excitation Wavelength Changed: 8/19/2022 1:21:04 PM, Old: 335.00, New: 375.00
Emission Wavelength Changed: 8/19/2022 1:21:04 PM, Old: 345.00, New: 385.00
Zero Mode Changed: 8/19/2022 1:21:06 PM, Old:ON, New:Reading
Zero Mode Changed: 8/19/2022 1:21:06 PM, Old:Reading, New:ON
Scan mode: Changed: 8/19/2022 12:21:45 PM, Old:Emission, New:Excitation
Excitation Wavelength Changed: 8/19/2022 12:21:45 PM, Old: 375.00, New: 260.00
Emission Wavelength Changed: 8/19/2022 12:21:45 PM, Old: 385.00, New: 500.00
Stop Wavelength Changed: 8/19/2022 12:21:45 PM, Old: 600.00, New: 490.00
Zero Mode Changed: 8/19/2022 12:21:48 PM, Old:ON, New:Reading
Zero Mode Changed: 8/19/2022 12:21:49 PM, Old:Reading, New:ON
Scan mode: Changed: 8/19/2022 12:22:47 PM, Old:Excitation, New:Emission
Excitation Wavelength Changed: 8/19/2022 12:22:47 PM, Old: 260.00, New: 385.00
Emission Wavelength Changed: 8/19/2022 12:22:47 PM, Old: 500.00, New: 395.00
Stop Wavelength Changed: 8/19/2022 12:22:47 PM, Old: 490.00, New: 600.00
Zero Mode Changed: 8/19/2022 12:22:49 PM, Old:ON, New:Reading
Zero Mode Changed: 8/19/2022 12:22:49 PM, Old:Reading, New:ON
Scan mode: Changed: 8/19/2022 12:28:28 PM, Old:Emission, New:Excitation
Excitation Wavelength Changed: 8/19/2022 12:28:28 PM, Old: 385.00, New: 240.00
Emission Wavelength Changed: 8/19/2022 12:28:28 PM, Old: 395.00, New: 420.00
Stop Wavelength Changed: 8/19/2022 12:28:28 PM, Old: 600.00, New: 410.00
Zero Mode Changed: 8/19/2022 12:28:47 PM, Old:ON, New:Reading
Zero Mode Changed: 8/19/2022 12:28:47 PM, Old:Reading, New:ON
Scan mode: Changed: 8/19/2022 12:29:49 PM, Old:Excitation, New:Emission
Excitation Wavelength Changed: 8/19/2022 12:29:49 PM, Old: 240.00, New: 345.00
Emission Wavelength Changed: 8/19/2022 12:29:49 PM, Old: 420.00, New: 355.00
Stop Wavelength Changed: 8/19/2022 12:29:49 PM, Old: 410.00, New: 600.00
Zero Mode Changed: 8/19/2022 12:29:51 PM, Old:ON, New:Reading
Zero Mode Changed: 8/19/2022 12:29:51 PM, Old:Reading, New:ON
Scan mode: Changed: 8/19/2022 12:30:36 PM, Old:Emission, New:Excitation
Excitation Wavelength Changed: 8/19/2022 12:30:36 PM, Old: 345.00, New: 260.00
Emission Wavelength Changed: 8/19/2022 12:30:36 PM, Old: 355.00, New: 510.00
Stop Wavelength Changed: 8/19/2022 12:30:36 PM, Old: 600.00, New: 500.00
Zero Mode Changed: 8/19/2022 12:30:38 PM, Old:ON, New:Reading
Zero Mode Changed: 8/19/2022 12:30:39 PM, Old:Reading, New:ON
Scan mode: Changed: 8/19/2022 12:31:29 PM, Old:Excitation, New:Emission
Excitation Wavelength Changed: 8/19/2022 12:31:29 PM, Old: 260.00, New: 380.00
Emission Wavelength Changed: 8/19/2022 12:31:29 PM, Old: 510.00, New: 390.00
Stop Wavelength Changed: 8/19/2022 12:31:29 PM, Old: 500.00, New: 600.00
Zero Mode Changed: 8/19/2022 12:31:31 PM, Old:ON, New:Reading
Zero Mode Changed: 8/19/2022 12:31:32 PM, Old:Reading, New:ON
Excitation Wavelength Changed: 8/19/2022 12:33:05 PM, Old: 380.00, New: 330.00
Emission Wavelength Changed: 8/19/2022 12:33:05 PM, Old: 390.00, New: 340.00
Zero Mode Changed: 8/19/2022 12:33:08 PM, Old:ON, New:Reading
Zero Mode Changed: 8/19/2022 12:33:09 PM, Old:Reading, New:ON
Excitation Wavelength Changed: 8/19/2022 12:34:00 PM, Old: 330.00, New: 360.00
Emission Wavelength Changed: 8/19/2022 12:34:00 PM, Old: 340.00, New: 370.00
Zero Mode Changed: 8/19/2022 12:34:01 PM, Old:ON, New:Reading
Zero Mode Changed: 8/19/2022 12:34:02 PM, Old:Reading, New:ON
Scan mode: Changed: 8/19/2022 12:39:27 PM, Old:Emission, New:Excitation
Excitation Wavelength Changed: 8/19/2022 12:39:27 PM, Old: 360.00, New: 240.00
Emission Wavelength Changed: 8/19/2022 12:39:27 PM, Old: 370.00, New: 420.00
Stop Wavelength Changed: 8/19/2022 12:39:27 PM, Old: 600.00, New: 410.00
Zero Mode Changed: 8/19/2022 12:39:30 PM, Old:ON, New:Reading
Zero Mode Changed: 8/19/2022 12:39:30 PM, Old:Reading, New:ON
Scan mode: Changed: 8/19/2022 12:40:19 PM, Old:Excitation, New:Emission
Excitation Wavelength Changed: 8/19/2022 12:40:19 PM, Old: 240.00, New: 345.00
Emission Wavelength Changed: 8/19/2022 12:40:19 PM, Old: 420.00, New: 355.00
Stop Wavelength Changed: 8/19/2022 12:40:19 PM, Old: 410.00, New: 600.00
Zero Mode Changed: 8/19/2022 12:40:20 PM, Old:ON, New:Reading
Zero Mode Changed: 8/19/2022 12:40:21 PM, Old:Reading, New:ON
Scan mode: Changed: 8/19/2022 12:41:07 PM, Old:Emission, New:Excitation
Excitation Wavelength Changed: 8/19/2022 12:41:07 PM, Old: 345.00, New: 260.00
Emission Wavelength Changed: 8/19/2022 12:41:07 PM, Old: 355.00, New: 510.00
Stop Wavelength Changed: 8/19/2022 12:41:07 PM, Old: 600.00, New: 500.00
Zero Mode Changed: 8/19/2022 12:41:10 PM, Old:ON, New:Reading
Zero Mode Changed: 8/19/2022 12:41:10 PM, Old:Reading, New:ON
Scan mode: Changed: 8/19/2022 12:41:58 PM, Old:Excitation, New:Emission
Excitation Wavelength Changed: 8/19/2022 12:41:58 PM, Old: 260.00, New: 385.00
Emission Wavelength Changed: 8/19/2022 12:41:58 PM, Old: 510.00, New: 395.00
Stop Wavelength Changed: 8/19/2022 12:41:58 PM, Old: 500.00, New: 650.00
Zero Mode Changed: 8/19/2022 12:42:00 PM, Old:ON, New:Reading
Zero Mode Changed: 8/19/2022 12:42:01 PM, Old:Reading, New:ON
Excitation Wavelength Changed: 8/19/2022 12:42:46 PM, Old: 385.00, New: 330.00
Emission Wavelength Changed: 8/19/2022 12:42:46 PM, Old: 395.00, New: 340.00
Stop Wavelength Changed: 8/19/2022 12:42:46 PM, Old: 650.00, New: 600.00
Zero Mode Changed: 8/19/2022 12:42:49 PM, Old:ON, New:Reading
Zero Mode Changed: 8/19/2022 12:42:49 PM, Old:Reading, New:ON
Excitation Wavelength Changed: 8/19/2022 12:43:35 PM, Old: 330.00, New: 360.00
Emission Wavelength Changed: 8/19/2022 12:43:35 PM, Old: 340.00, New: 370.00
Zero Mode Changed: 8/19/2022 12:43:38 PM, Old:ON, New:Reading
Zero Mode Changed: 8/19/2022 12:43:38 PM, Old:Reading, New:ON
Zero Mode Changed: 8/19/2022 12:47:16 PM, Old:ON, New:Reading
Zero Mode Changed: 8/19/2022 12:47:17 PM, Old:Reading, New:ON
Excitation Wavelength Changed: 8/19/2022 12:48:05 PM, Old: 360.00, New: 345.00
Emission Wavelength Changed: 8/19/2022 12:48:05 PM, Old: 370.00, New: 355.00
Zero Mode Changed: 8/19/2022 12:48:06 PM, Old:ON, New:Reading
Zero Mode Changed: 8/19/2022 12:48:07 PM, Old:Reading, New:ON
Excitation Wavelength Changed: 8/19/2022 12:49:06 PM, Old: 345.00, New: 330.00
Emission Wavelength Changed: 8/19/2022 12:49:06 PM, Old: 355.00, New: 340.00
Zero Mode Changed: 8/19/2022 12:49:08 PM, Old:ON, New:Reading
Zero Mode Changed: 8/19/2022 12:49:09 PM, Old:Reading, New:ON
Scan mode: Changed: 8/19/2022 12:49:53 PM, Old:Emission, New:Excitation
Excitation Wavelength Changed: 8/19/2022 12:49:53 PM, Old: 330.00, New: 240.00
Emission Wavelength Changed: 8/19/2022 12:49:53 PM, Old: 340.00, New: 420.00
Stop Wavelength Changed: 8/19/2022 12:49:53 PM, Old: 600.00, New: 410.00
Zero Mode Changed: 8/19/2022 12:49:57 PM, Old:ON, New:Reading
Zero Mode Changed: 8/19/2022 12:49:57 PM, Old:Reading, New:ON
Excitation Wavelength Changed: 8/19/2022 12:51:14 PM, Old: 240.00, New: 260.00
Emission Wavelength Changed: 8/19/2022 12:51:14 PM, Old: 420.00, New: 515.00
Stop Wavelength Changed: 8/19/2022 12:51:14 PM, Old: 410.00, New: 505.00
Zero Mode Changed: 8/19/2022 12:51:16 PM, Old:ON, New:Reading
Zero Mode Changed: 8/19/2022 12:51:16 PM, Old:Reading, New:ON
Scan mode: Changed: 8/19/2022 12:52:06 PM, Old:Excitation, New:Emission
Excitation Wavelength Changed: 8/19/2022 12:52:06 PM, Old: 260.00, New: 385.00
Emission Wavelength Changed: 8/19/2022 12:52:06 PM, Old: 515.00, New: 395.00
Stop Wavelength Changed: 8/19/2022 12:52:06 PM, Old: 505.00, New: 650.00
Zero Mode Changed: 8/19/2022 12:52:08 PM, Old:ON, New:Reading
Zero Mode Changed: 8/19/2022 12:52:08 PM, Old:Reading, New:ON
End Method Modifications

