CdSe 30 sec ex335,,CdSe 30 sec em410,,CdSe 30 sec ex340,,CdSe 30 sec em500,,CdSe 30 sec ex380,,CdSe 30 sec em420,,CdSe 30 sec ex345,,CdSe 30 sec ex350,,CdSe 30 sec ex355,,CdSe 30 sec ex360,,CdSe 30 sec ex365,,CdSe 30 sec em430,,CdSe 30 sec em440,,CdSe 30 sec em450,,
Wavelength (nm),Intensity (a.u.),Wavelength (nm),Intensity (a.u.),Wavelength (nm),Intensity (a.u.),Wavelength (nm),Intensity (a.u.),Wavelength (nm),Intensity (a.u.),Wavelength (nm),Intensity (a.u.),Wavelength (nm),Intensity (a.u.),Wavelength (nm),Intensity (a.u.),Wavelength (nm),Intensity (a.u.),Wavelength (nm),Intensity (a.u.),Wavelength (nm),Intensity (a.u.),Wavelength (nm),Intensity (a.u.),Wavelength (nm),Intensity (a.u.),Wavelength (nm),Intensity (a.u.),
344.9200134,-0.687789917,240,-0.6344361305,350,-0.4624595642,260,-0.7630386353,390,-0.3053293228,240,0.3137068748,354.9200134,-0.4401211739,360,-0.335726738,364.9200134,-0.01727819443,370,0.2228627205,374.9200134,-0.157333374,240,0.3932161331,240,0.2978935242,240,-0.08708286285,
345.8399963,0.05828714371,240.9299927,0.2255020142,351.0700073,0.3217959404,260.9299927,-0.6587557793,391.0700073,0.5598988533,240.9299927,0.7129325867,355.8399963,0.5357141495,361.0700073,0.4353556633,365.8399963,0.3883948326,371.0700073,0.7284703255,375.8399963,-0.2000226974,240.9299927,-0.1313619614,240.9299927,-0.05656337738,240.9299927,-0.4191746712,
346.9200134,0.5553617477,242.0299988,-0.710129261,352,1.039844513,262.0299988,-0.3690829277,392,0.9841790199,242.0299988,0.1756548882,356.9200134,1.03734684,362,1.29758215,366.9200134,0.8126006126,372,1.23233223,376.9200134,0.7818307877,242.0299988,-0.264854908,242.0299988,-0.6361370087,242.0299988,-0.6230921745,
347.8399963,0.7070960999,242.9600067,-0.151237011,353.0700073,1.385247231,262.9599915,-1.002789021,393.0700073,1.861964703,242.9600067,-0.1751685143,357.8399963,1.407383919,363.0700073,2.367589951,367.8399963,1.899683952,373.0700073,2.162093163,377.8399963,1.685910225,242.9600067,-0.3686804771,242.9600067,-0.5998864174,242.9600067,-0.1569437981,
348.9200134,2.05950737,244.0599976,-0.5579648018,354,2.365682602,264.0599976,-0.7723402977,394,2.959372997,244.0599976,0.05291557312,358.9200134,2.227342606,364,3.201016903,368.9200134,3.09944582,374,2.438423157,378.9200134,2.887605667,244.0599976,-0.5573825836,244.0599976,-0.5914039612,244.0599976,-0.7575030327,
349.8399963,2.456785202,245,-0.3127012253,355.0700073,2.544904232,265,-0.8755011559,395.0700073,3.790329456,245,0.06021928787,359.8399963,2.747511387,365.0700073,3.319140911,369.8399963,4.133826733,375.0700073,3.315028191,379.8399963,3.096385956,245,0.1799607277,245,-0.4053573608,245,0.2330183983,
350.9200134,2.906386852,245.9299927,-0.5076608658,356,3.659448624,265.9299927,-0.5727591515,396,4.977994442,245.9299927,0.3573722839,360.9200134,3.750560284,366,4.342989445,370.9200134,4.623229504,376,4.186905861,380.9200134,4.584745407,245.9299927,-0.202755928,245.9299927,-0.1227445602,245.9299927,-0.004484176636,
351.8399963,3.824008942,247.0299988,-0.2056570053,357.0700073,4.098410606,267.0299988,-0.9596853256,397.0700073,5.817625523,247.0299988,0.2924990654,361.8399963,4.361216068,367.0700073,5.347900867,371.8399963,5.155396938,377.0700073,5.18088913,381.8399963,5.640272141,247.0299988,-0.3676357269,247.0299988,-0.5956001282,247.0299988,-0.3130965233,
352.9200134,4.564637184,247.9600067,-0.5923671722,358,5.620480537,267.9599915,-0.9042115211,398,6.723811626,247.9600067,0.2736101151,362.9200134,5.821516514,368,6.474664211,372.9200134,5.995641232,378,5.785305023,382.9200134,6.951435089,247.9600067,0.07265424728,247.9600067,-0.5193223953,247.9600067,-0.1389651299,
353.8399963,5.898090363,249.0599976,-0.4394903183,359.0700073,6.665867805,269.0599976,-1.484447002,399.0700073,8.281799316,249.0599976,0.4760065079,363.8399963,6.36880064,369.0700073,7.771307468,373.8399963,7.788855076,379.0700073,7.525736809,383.8399963,7.894519806,249.0599976,0.0270190239,249.0599976,-0.544567585,249.0599976,0.08630037308,
354.9200134,7.154919624,250,-0.1261019707,360,6.840272903,270,-1.85428381,400,8.942718506,250,0.2920165062,364.9200134,7.576415539,370,8.181386948,374.9200134,8.450775146,380,8.142658234,384.9200134,8.565412521,250,-0.2655911446,250,0.0001964569092,250,-0.1857624054,
355.8399963,8.017904282,250.9299927,0.08491134644,361.0700073,7.837021828,271.0700073,-1.915198565,401.0700073,9.967374802,250.9299927,0.9175767899,365.8399963,8.187921524,371.0700073,10.97117043,375.8399963,9.608137131,381.0700073,9.533605576,385.8399963,9.384694099,250.9299927,-0.09798526764,250.9299927,-0.5097784996,250.9299927,-0.2185955048,
356.9200134,9.691292763,252.0299988,-0.3349618912,362,9.838597298,272,-1.88240695,402,11.81694603,252.0299988,0.006582736969,366.9200134,9.22180748,372,11.58897972,376.9200134,10.59768295,382,10.50413513,386.9200134,10.94977665,252.0299988,0.1681480408,252.0299988,-0.7176985741,252.0299988,-0.2451305389,
357.8399963,9.344360352,252.9600067,0.7117877007,363.0700073,11.02958107,273.0700073,-2.437214851,403.0700073,12.50336075,252.9600067,0.6245484352,367.8399963,12.57655907,373.0700073,12.45752716,377.8399963,11.75432968,383.0700073,11.9995327,387.8399963,11.59632778,252.9600067,0.4201622009,252.9600067,0.2629127502,252.9600067,-0.162425518,
358.9200134,11.3659029,254.0599976,-0.2716236115,364,12.59916115,274,-2.755428553,404,14.35347939,254.0599976,0.6265425682,368.9200134,12.53249359,374,13.36642647,378.9200134,13.00621223,384,12.9240284,388.9200134,12.80661297,254.0599976,0.3703312874,254.0599976,-0.2368097305,254.0599976,-0.5144901276,
359.8399963,12.45562744,255,0.5042772293,365.0700073,13.27204514,275.0700073,-2.751907825,405.0700073,16.23836136,255,0.8399777412,369.8399963,14.51449394,375.0700073,15.11763573,379.8399963,14.76994896,385.0700073,15.19789124,389.8399963,14.8899107,255,0.859041214,255,0.1258335114,255,-0.157389164,
360.9200134,13.55361938,255.9299927,0.2289972305,366,14.35417557,276,-3.043064356,406,16.43176079,255.9299927,0.7389535904,370.9200134,15.20471382,376,15.8890152,380.9200134,16.22042656,386,16.06971741,390.9200134,15.9308424,255.9299927,0.3465867043,255.9299927,-0.1476206779,255.9299927,0.02857685089,
361.8399963,15.46579552,257.0299988,0.5162935257,367.0700073,17.19336319,277.0700073,-2.970270634,407.0700073,18.69471359,257.0299988,0.8586082458,371.8399963,17.46489906,377.0700073,17.97187424,381.8399963,17.26641464,387.0700073,18.01492882,391.8399963,17.16761017,257.0299988,0.9570446014,257.0299988,-0.4404482841,257.0299988,0.1646766663,
362.9200134,16.80042839,257.9599915,0.2282128334,368,16.79175377,278,-2.997256041,408,19.97348022,257.9599915,0.9682235718,372.9200134,18.02855301,378,18.77537155,382.9200134,18.63308716,388,18.42679214,392.9200134,18.98366165,257.9599915,0.8135089874,257.9599915,-0.3212304115,257.9599915,-0.3526473045,
363.8399963,17.89064026,259.0599976,0.4354662895,369.0700073,19.58182335,279.0700073,-2.786253691,409.0700073,21.91996574,259.0599976,1.127122879,373.8399963,18.52328682,379.0700073,19.5843792,383.8399963,19.01349831,389.0700073,20.08469391,393.8399963,20.00720978,259.0599976,0.07613182068,259.0599976,-0.1373524666,259.0599976,-0.26831007,
364.9200134,20.4569664,260,0.5277395248,370,20.61420822,280,-2.942020416,410,23.06437874,260,0.8626208305,374.9200134,22.46892929,380,21.96555519,384.9200134,20.53796387,390,21.20098877,394.9200134,21.00597382,260,0.4825663567,260,-0.3524208069,260,-0.4712696075,
365.8399963,21.96114731,260.9299927,0.3435506821,371.0700073,22.40556908,280.9299927,-2.718321323,411.0599976,25.1564064,260.9299927,1.075743675,375.8399963,22.14022827,381.0700073,23.24985123,385.8399963,22.74712563,391.0700073,23.62879562,395.8399963,23.61801529,260.9299927,0.1643633842,260.9299927,-0.3608241081,260.9299927,-0.1722011566,
366.9200134,22.73866844,262.0299988,0.1457190514,372,24.06101036,282.0299988,-2.381759882,411.9599915,26.15320969,262.0299988,0.6686611176,376.9200134,23.83841515,382,25.26465988,386.9200134,23.60495567,392,23.80379486,396.9200134,24.37277985,262.0299988,0.4849324226,262.0299988,-0.4206299782,262.0299988,-0.2574696541,
367.8399963,23.6947155,262.9599915,0.5168275833,373.0700073,25.97958374,282.9599915,-1.789195299,413.0299988,27.83927917,262.9599915,0.8694496155,377.8399963,24.62302971,383.0700073,26.06870079,387.8399963,25.36826515,393.0700073,25.45214653,397.8399963,26.47284317,262.9599915,0.1213703156,262.9599915,-0.4702792168,262.9599915,-0.5218081474,
368.9200134,27.03226662,264.0599976,0.5373950005,374,27.39698601,284.0599976,-1.51925993,413.9299927,29.98575592,264.0599976,0.7911992073,378.9200134,27.37997818,384,27.87677193,388.9200134,27.31080437,394,27.05846977,398.9200134,26.9376564,264.0599976,0.6534461975,264.0599976,-0.7432441711,264.0599976,-0.122402668,
369.8399963,27.38841629,265,0.5350818634,375.0700073,28.86498451,285,-1.026086807,415,31.29157257,265,0.9293961525,379.8399963,28.86683655,385.0700073,30.30045509,389.8399963,28.73432732,395.0700073,28.3590374,399.8399963,28.34315491,265,-0.1781849861,265,-0.8207616806,265,-0.6628866196,
370.9200134,29.95028305,265.9299927,0.2952561378,376,30.37274742,285.9299927,-0.7518911362,416.0599976,33.5839119,265.9299927,0.7797956467,380.9200134,29.85931396,386,31.92549706,390.9200134,29.78159523,396,30.33526421,400.9200134,30.82123947,265.9299927,0.03613185883,265.9299927,-0.5471796989,265.9299927,-0.6571702957,
371.8399963,31.45864105,267.0299988,0.6236972809,377.0700073,33.30821991,287.0299988,-0.1333427429,416.9599915,34.83854675,267.0299988,0.6446833611,381.8399963,31.22284698,387.0700073,32.18009186,391.8399963,31.52646446,397.0700073,31.94818687,401.8399963,32.1544838,267.0299988,0.315984726,267.0299988,-0.6057105064,267.0299988,-0.6056938171,
372.9200134,32.39552307,267.9599915,0.2495889664,378,33.47035217,287.9599915,0.7115430832,418.0299988,37.91772079,267.9599915,0.4402389526,382.9200134,34.56646347,388,32.78378296,392.9200134,32.55563354,398,34.0776825,402.9200134,33.92573929,267.9599915,0.1810045242,267.9599915,-0.9682660103,267.9599915,-1.195541859,
373.8399963,35.82679367,269.0599976,0.5766973495,379.0700073,34.92269897,289.0599976,0.5442638397,418.9299927,38.30895996,269.0599976,0.3032627106,383.8399963,35.84501266,389.0700073,35.21323395,393.8399963,35.63904953,399.0700073,35.12425232,403.8399963,35.54302979,269.0599976,-0.258992672,269.0599976,-0.9825410843,269.0599976,-0.9761013985,
374.9200134,37.86871338,270,-0.6092357635,380,37.48428345,290,0.9457540512,420,40.08170319,270,0.226085186,384.9200134,37.47093201,390,37.67467117,394.9200134,36.95622635,400,37.07395172,404.9200134,37.94327927,270,-0.3868627548,270,-1.414470673,270,-1.20002985,
375.8399963,37.99621964,271.0700073,-0.3903160095,381.0700073,38.01696014,290.9299927,1.627745628,421.0700073,43.51836777,271.0700073,0.1451125145,385.8399963,39.48348618,391.0700073,39.02440643,395.8399963,38.09311676,401.0700073,38.14864349,405.8399963,39.68470383,271.0700073,-0.7351551056,271.0700073,-1.656359673,271.0700073,-1.169998169,
376.9200134,39.28189468,272,-0.7617030144,382,38.86697388,292.0299988,1.898933411,422,43.55358505,272,-0.3628911972,386.9200134,41.20190811,392,40.46223068,396.9200134,39.49009323,402,39.90866852,406.9200134,39.82568741,272,-1.106407166,272,-1.869434834,272,-1.717161179,
377.8399963,41.37208939,273.0700073,-0.7227511406,383.0700073,41.5640564,292.9599915,2.330182552,423.0700073,45.71718597,273.0700073,-0.2828712463,387.8399963,41.70712662,393.0700073,42.28318024,397.8399963,40.7894783,403.0700073,41.77586365,407.8399963,41.72358704,273.0700073,-1.483034611,273.0700073,-2.050864697,273.0700073,-1.785524368,
378.9200134,41.99308395,274,-0.6438999176,384,42.4792099,294.0599976,3.073207855,424,47.15796661,274,-0.5372447968,388.9200134,42.72541428,394,43.14360809,398.9200134,42.80183411,404,43.61051178,408.9200134,43.36725235,274,-1.512834549,274,-2.16499424,274,-2.378288031,
379.8399963,43.45504379,275.0700073,-1.234913349,385.0700073,44.98363495,295,3.589532852,425.0700073,48.81050873,275.0700073,-1.153717041,389.8399963,44.93092346,395.0700073,45.64770126,399.8399963,43.64502716,405.0700073,45.2062149,409.8399963,44.69205093,275.0700073,-1.856265545,275.0700073,-2.501647472,275.0700073,-2.237368345,
380.9200134,44.86227417,276,-1.999966621,386,47.4217453,295.9299927,3.816843987,426,49.45492172,276,-1.4197402,390.9200134,48.2008667,396,46.69569397,400.9200134,46.1264534,406,47.19465637,410.8999939,47.68996048,276,-1.990124702,276,-2.92410326,276,-2.458370209,
381.8399963,45.79544067,277.0700073,-1.821904182,387.0700073,48.68766785,297.0299988,4.554403305,427.0700073,51.20214844,277.0700073,-1.34030056,391.8399963,47.37737656,397.0700073,48.23276901,401.8399963,47.61408997,407.0700073,48.58672333,411.9599915,48.43470001,277.0700073,-2.032607079,277.0700073,-2.780586004,277.0700073,-2.838484049,
382.9200134,47.79856873,278,-1.684782028,388,49.10419464,297.9599915,4.314464569,428,52.02560425,278,-1.535638809,392.9200134,49.93434906,398,50.28796768,402.9200134,49.43117905,408,50.28762054,412.8699951,50.44303894,278,-2.263487816,278,-3.088839054,278,-3.088043213,
383.8399963,47.85415649,279.0700073,-1.696268082,389.0700073,51.79819489,299.0599976,5.378554344,429.0700073,53.2552948,279.0700073,-1.455010414,393.8399963,51.0336113,399.0700073,51.04394531,403.8399963,49.20106125,409.0700073,52.28767395,413.9299927,51.99658966,279.0700073,-2.146919727,279.0700073,-2.863684654,279.0700073,-2.834559202,
384.9200134,50.40319824,280,-1.118279934,390,51.44801331,300,5.648424149,430,55.16848373,280,-0.9827184677,394.9200134,52.00188828,400,50.89207077,404.9200134,50.50976181,410,53.07226563,414.8399963,52.59169388,280,-2.019286156,280,-3.162664175,280,-2.464247942,
385.8399963,52.51813126,280.9299927,-1.12688446,391.0700073,54.26860809,301.0700073,6.480761528,431.0599976,54.3744545,280.9299927,-1.580407143,395.8399963,53.8745575,401.0700073,52.34775925,405.8399963,52.99866104,411.0599976,53.9034729,415.8999939,54.31583405,280.9299927,-1.911522865,280.9299927,-2.552965641,280.9299927,-2.498420238,
386.9200134,54.24675751,282.0299988,-0.8168096542,392,55.11478424,302,7.447491646,431.9599915,56.43688583,282.0299988,-0.8224568367,396.9200134,54.17349625,402,53.58167267,406.9200134,54.09824371,411.9599915,53.65977478,416.9599915,56.41650009,282.0299988,-1.469861984,282.0299988,-2.139408112,282.0299988,-2.072014809,
387.8399963,55.09514618,282.9599915,-0.02381229401,393.0700073,56.20943451,303.0700073,7.810580254,433.0299988,56.30186081,282.9599915,-0.4327101707,397.8399963,57.1912117,403.0700073,54.43146896,407.8399963,55.18066788,413.0299988,57.25033569,417.8699951,57.60216904,282.9599915,-0.9385633469,282.9599915,-1.768837929,282.9599915,-1.904913902,
388.9200134,56.99111938,284.0599976,0.5463004112,394,56.58157349,304,8.628175735,433.9299927,56.52968216,284.0599976,0.7874960899,398.9200134,58.61153412,404,57.23769379,408.9200134,57.14620209,413.9299927,58.35830688,418.9299927,58.8919487,284.0599976,-0.6866974831,284.0599976,-1.592054844,284.0599976,-1.064891815,
389.8399963,55.68897629,285,1.088553429,395.0700073,57.37630463,305.0700073,8.793541908,435,57.11668777,285,1.112872601,399.8399963,58.07566452,405.0700073,58.87925339,409.8399963,58.82852554,415,61.22246552,419.8399963,60.65206528,285,-0.114751339,285,-1.153778076,285,-1.209885597,
390.9200134,59.7803421,285.9299927,1.48809433,396,59.78265381,306,9.929808617,436.0599976,57.00149918,285.9299927,1.437590122,400.9200134,59.80419159,406,59.59870911,410.8999939,59.74488449,416.0599976,61.01586914,420.9200134,60.68684769,285.9299927,0.09581136703,285.9299927,-0.763812542,285.9299927,-0.8744225502,
391.8399963,59.63135147,287.0299988,2.752750397,397.0700073,60.29364777,307.0700073,11.07163715,436.9599915,59.52173996,287.0299988,1.728374958,401.8399963,61.3796463,407.0700073,60.24396515,411.9599915,60.1775322,416.9599915,63.26828766,421.8399963,62.62044907,287.0299988,1.145045757,287.0299988,-0.3789777756,287.0299988,-0.2127308846,
392.9200134,58.69564819,287.9599915,2.942928314,398,61.69628143,308,11.52166653,438.0299988,58.83581161,287.9599915,2.850720882,402.9200134,61.18339539,408,61.5451355,412.8699951,62.50130081,418.0299988,64.4355545,422.9200134,62.30304337,287.9599915,1.668515682,287.9599915,0.4268584251,287.9599915,0.3615961075,
393.8399963,60.30454254,289.0599976,4.268980026,399.0700073,62.22148895,309.0700073,11.58917713,438.9299927,60.22658157,289.0599976,4.379978657,403.8399963,61.70695496,409.0700073,62.40959167,413.9299927,64.96420288,418.9299927,63.57982635,423.8399963,66.30243683,289.0599976,1.880679607,289.0599976,1.184188843,289.0599976,1.083137035,
394.9200134,61.71567535,290,4.445318222,400,61.86749268,310,12.42218685,440,59.27200699,290,4.78230238,404.9200134,63.65335083,410,63.75341797,414.8399963,65.08820343,420,67.39666748,424.9200134,64.5803833,290,2.814873219,290,1.809951782,290,0.9856939316,
395.8399963,62.19768524,290.9299927,5.585183144,401.0700073,64.32781982,311.0700073,12.9786768,441.0599976,59.60429001,290.9299927,5.024878025,405.8399963,64.73638153,411.0599976,64.86608887,415.8999939,67.05480194,421.0700073,68.05615234,425.8399963,66.50642395,290.9299927,3.550694942,290.9299927,2.059046745,290.9299927,2.143392086,
396.9200134,63.47560883,292.0299988,6.829257011,402,64.98933411,312,13.61160374,441.9599915,59.93234634,292.0299988,6.083581448,406.9200134,65.40611267,411.9599915,65.91902924,416.9599915,67.66668701,422,68.84400177,426.9200134,67.10197449,292.0299988,4.359028339,292.0299988,3.100945473,292.0299988,2.983491421,
397.8399963,66.37097931,292.9599915,7.678042412,403.0700073,65.22900391,313.0700073,14.26940823,443.0299988,60.48366928,292.9599915,7.02946043,407.8399963,65.84129333,413.0299988,67.61292267,417.8699951,68.33585358,423.0700073,69.93573761,427.8399963,68.86084747,292.9599915,4.849167347,292.9599915,3.666678429,292.9599915,2.972646236,
398.9200134,65.42604065,294.0599976,9.319787025,404,67.4109726,314,15.259408,443.9299927,61.57635117,294.0599976,8.620744705,408.9200134,67.02550507,413.9299927,68.51122284,418.9299927,68.60607147,424,69.44547272,428.9200134,68.14446259,294.0599976,6.022352695,294.0599976,4.602546692,294.0599976,3.498941898,
399.8399963,64.91877747,295,10.06570911,405.0700073,66.19076538,315.0700073,15.10587597,445,62.47794724,295,8.912960052,409.8399963,67.26526642,415,69.33174896,419.8399963,69.77417755,425.0700073,71.85358429,429.8399963,69.78322601,295,6.865850925,295,4.938436508,295,4.462733746,
400.9200134,66.53141022,295.9299927,11.62933064,406,67.82305145,316,16.70647049,446.0599976,61.32394028,295.9299927,10.11791992,410.8999939,68.6955719,416.0599976,69.45820618,420.9200134,72.04179382,426,70.81776428,430.8999939,69.95435333,295.9299927,7.547027111,295.9299927,5.642122269,295.9299927,5.028805256,
401.8399963,67.64093018,297.0299988,12.53018284,407.0700073,69.04129028,317.0700073,17.06591797,446.9599915,61.90634537,297.0299988,11.04137611,411.9599915,66.80257416,416.9599915,70.76211548,421.8399963,72.70001221,427.0700073,70.88304138,431.9599915,69.71989441,297.0299988,9.009660721,297.0299988,6.727910042,297.0299988,5.928263187,
402.9200134,67.89319611,297.9599915,13.27019024,408,69.56695557,318,18.8178978,448.0299988,62.09119034,297.9599915,12.10588646,412.8699951,71.51315308,418.0299988,72.60874939,422.9200134,72.98358154,428,71.51654816,432.8699951,69.72436523,297.9599915,9.518400192,297.9599915,7.251046181,297.9599915,6.311770916,
403.8399963,68.3537674,299.0599976,14.41991138,409.0700073,66.98429871,319.0700073,17.93439865,448.9299927,62.31863785,299.0599976,13.41051102,413.9299927,69.91795349,418.9299927,73.10178375,423.8399963,72.61029053,429.0700073,72.57095337,433.9299927,70.89879608,299.0599976,10.40898705,299.0599976,8.048584938,299.0599976,6.489681721,
404.9200134,67.40141296,300,15.56313419,410,69.55281067,320,20.65246201,450,63.40510941,300,14.56238937,414.8399963,72.65111542,420,71.92617798,424.9200134,74.90225983,430,72.42645264,434.8399963,69.86425781,300,11.45187569,300,9.143017769,300,7.867641926,
405.8399963,68.83598328,301.0700073,16.67643356,411.0599976,68.89592743,320.9299927,19.95846939,451.0599976,62.13075638,301.0700073,16.30407715,415.8999939,72.3797226,421.0700073,73.43149567,425.8399963,73.83482361,431.0599976,71.80767059,435.8999939,69.1338501,301.0700073,13.06645203,301.0700073,9.703634262,301.0700073,8.37695694,
406.9200134,68.02983856,302,17.98372269,411.9599915,70.69784546,322.0299988,21.61419678,451.9599915,61.00365067,302,17.24484825,416.9599915,71.39633942,422,74.00075531,426.9200134,73.62779999,431.9599915,72.36474609,436.9599915,72.61989594,302,14.19303513,302,10.43031311,302,9.208538055,
407.8399963,69.61987305,303.0700073,19.96843719,413.0299988,70.69268799,322.9599915,21.6880188,453.0299988,62.40140152,303.0700073,18.93134689,417.8699951,74.79897308,423.0700073,74.17724609,427.8399963,75.25997162,433.0299988,71.70635986,437.8699951,72.19989014,303.0700073,14.47747803,303.0700073,12.29319954,303.0700073,10.67292023,
408.9200134,70.69998932,304,22.11102295,413.9299927,70.78196716,324.0599976,21.97399902,453.9299927,61.54421616,304,19.77894211,418.9299927,73.5109787,424,74.29399872,428.9200134,72.90112305,433.9299927,73.31510162,438.9299927,70.70191956,304,15.75818634,304,11.67182159,304,11.14286613,
409.8399963,68.38861847,305.0700073,23.63399506,415,71.43065643,325,22.7463913,455,61.36990738,305.0700073,21.62932396,419.8399963,74.64051819,425.0700073,73.74220276,429.8399963,74.77975464,435,72.72345734,439.8399963,69.86536407,305.0700073,17.29562569,305.0700073,13.53561401,305.0700073,12.78927231,
410.8999939,70.57469177,306,25.21609879,416.0599976,71.57077026,325.9299927,25.03197861,456.0599976,61.48906326,306,23.28222466,420.9200134,75.90737915,426,74.69660187,430.8999939,74.44496918,436.0599976,71.59914398,440.8999939,69.37184906,306,19.23559189,306,15.10067749,306,13.06488228,
411.9599915,69.47370148,307.0700073,27.21458054,416.9599915,72.25427246,327.0299988,25.67644882,456.9599915,61.11648178,307.0700073,24.83094215,421.8399963,74.76300812,427.0700073,74.9705658,431.9599915,74.71589661,436.9599915,73.53013611,441.9599915,68.88473511,307.0700073,21.2289753,307.0700073,17.48807526,307.0700073,13.73788452,
412.8699951,69.79745483,308,29.02643204,418.0299988,70.79905701,327.9599915,25.09176636,458.0299988,59.99267197,308,26.29881096,422.9200134,74.72563934,428,74.71209717,432.8699951,74.6733017,438.0299988,72.13758087,442.8699951,69.50574493,308,22.9671154,308,18.48398781,308,14.49687386,
413.9299927,70.17288971,309.0700073,30.23148346,418.9299927,73.53904724,329.0599976,26.32876205,458.9299927,60.36323929,309.0700073,29.20197868,423.8399963,75.99588776,429.0700073,76.15607452,433.9299927,74.05418396,438.9299927,71.48436737,443.9299927,67.82990265,309.0700073,23.00053406,309.0700073,19.33054161,309.0700073,15.57182121,
414.8399963,68.41642761,310,31.66334915,420,73.02735901,330,28.18291092,460,59.44904709,310,29.69880486,424.9200134,73.09991455,430,74.98107147,434.8399963,72.63622284,440,72.82219696,444.8399963,69.17357635,310,24.82266426,310,20.42178535,310,16.21065712,
415.8999939,69.41376495,311.0700073,34.16503143,421.0700073,72.82355499,331.0700073,30.2518959,461.0599976,58.8445015,311.0700073,31.55807686,425.8399963,74.05677795,431.0599976,74.66098785,435.8999939,74.56906891,441.0599976,70.79177856,445.8999939,68.22299957,311.0700073,26.90304184,311.0700073,21.74587822,311.0700073,17.81002998,
416.9599915,70.24177551,312,34.14133453,422,72.52314758,332,30.41366959,461.9599915,58.35177994,312,32.58777237,426.9200134,74.4730072,431.9599915,72.34881592,436.9599915,72.15154266,441.9599915,71.4256134,446.9599915,67.84846497,312,26.44794846,312,22.86959267,312,18.65275383,
417.8699951,70.59894562,313.0700073,36.90094757,423.0700073,71.06517792,333.0700073,30.97773361,463.0299988,57.51295853,313.0700073,33.88416672,427.8399963,74.69744873,433.0299988,73.52167511,437.8699951,72.40544891,443.0299988,71.33430481,447.8699951,67.3801651,313.0700073,28.61784363,313.0700073,23.32045937,313.0700073,20.90694046,
418.9299927,69.77084351,314,38.99013901,424,72.61934662,334,31.33045197,463.9299927,57.80080032,314,35.5318222,428.9200134,73.72913361,433.9299927,72.35791016,438.9299927,71.26842499,443.9299927,71.18906403,448.9299927,68.08050537,314,30.69323349,314,25.43583488,314,20.37734985,
419.8399963,68.35843658,315.0700073,40.50682831,425.0700073,71.19309998,335.0700073,33.80580902,465,57.75328445,315.0700073,37.97192383,429.8399963,74.02899933,435,72.87819672,439.8399963,71.29615784,445,70.6202774,449.8399963,67.45678711,315.0700073,31.35377121,315.0700073,25.87861061,315.0700073,22.43535614,
420.9200134,68.15907288,316,41.3352623,426,71.98188782,336,33.88934326,466.0599976,55.61010361,316,38.75196457,430.8999939,72.37845612,436.0599976,71.54270172,440.8999939,70.17379761,446.0599976,69.4864502,450.8999939,66.05846405,316,32.33832932,316,27.46410179,316,24.23633766,
421.8399963,70.47212982,317.0700073,45.28728867,427.0700073,71.8724823,337.0700073,35.15225601,466.9599915,55.69278336,317.0700073,40.34922409,431.9599915,73.3728714,436.9599915,70.76784515,441.9599915,71.60312653,446.9599915,71.33647919,451.9599915,66.45638275,317.0700073,35.45877075,317.0700073,29.69320488,317.0700073,24.17910576,
422.9200134,68.67784119,318,45.93922043,428,69.74889374,338,34.31323242,468.0299988,54.95621872,318,42.81071091,432.8699951,72.22939301,438.0299988,69.79547119,442.8699951,71.67350769,448.0299988,69.49034119,452.8699951,65.59583282,318,36.3433609,318,29.84443092,318,25.2127018,
423.8399963,68.82637787,319.0700073,47.37846375,429.0700073,71.38137054,339.0700073,36.02796555,468.9299927,54.48521042,319.0700073,43.42036438,433.9299927,73.24129486,438.9299927,71.72621155,443.9299927,71.16825104,448.9299927,67.80323792,453.9299927,65.64899445,319.0700073,38.83662415,319.0700073,30.97848701,319.0700073,26.2497406,
424.9200134,67.76113892,320,50.05706787,430,69.83055115,340,38.06822968,470,55.98188782,320,48.24849701,434.8399963,70.83242798,440,70.32130432,444.8399963,69.0536499,450,68.1270752,454.8399963,65.59836578,320,39.78805923,320,33.57093811,320,27.09093475,
425.8399963,66.79221344,320.9299927,52.11267471,431.0599976,68.19658661,341.0700073,38.94887543,471.0599976,54.49946213,320.9299927,48.9405899,435.8999939,72.12030029,441.0599976,68.97068787,445.8999939,68.8521347,451.0599976,66.76783752,455.8999939,63.15841293,320.9299927,41.93954849,320.9299927,35.66172791,320.9299927,30.38897705,
426.9200134,65.49175262,322.0299988,53.74616623,431.9599915,67.86338806,342,39.76584625,471.9599915,54.00483322,322.0299988,49.05840302,436.9599915,69.87853241,441.9599915,69.69124603,446.9599915,69.89082336,451.9599915,67.28585052,456.9599915,63.34393692,322.0299988,43.48624802,322.0299988,36.95133972,322.0299988,30.6263237,
427.8399963,67.47825623,322.9599915,56.21762466,433.0299988,68.51712036,343.0700073,40.35681534,473.0299988,54.80917358,322.9599915,52.09253311,437.8699951,68.66259003,443.0299988,68.08226013,447.8699951,70.36997986,453.0299988,66.72147369,457.8699951,63.32487106,322.9599915,44.77226257,322.9599915,38.01391602,322.9599915,32.52579117,
428.9200134,65.68718719,324.0599976,57.88710785,433.9299927,66.93251801,344,41.72940063,473.9299927,53.19589996,324.0599976,53.91610336,438.9299927,67.88333893,443.9299927,68.05519867,448.9299927,65.98819733,453.9299927,65.77542877,458.9299927,62.46460342,324.0599976,47.4865799,324.0599976,39.71067047,324.0599976,34.7297287,
429.8399963,64.1003418,325,57.81912231,435,65.16775513,345.0700073,41.46175766,475,53.12171173,325,56.84614944,439.8399963,66.10206604,445,68.02949524,449.8399963,68.01139832,455,64.50615692,459.8399963,62.07723618,325,48.55137634,325,40.38456726,325,35.69568634,
430.8999939,63.85687256,325.9299927,57.63639832,436.0599976,64.22983551,346,42.44050598,476.0599976,52.99993134,325.9299927,57.43388748,440.8999939,67.57798004,446.0599976,66.01628876,450.8999939,66.75989532,456.0599976,63.18893433,460.8999939,60.80981827,325.9299927,49.75321579,325.9299927,42.74272156,325.9299927,38.41716003,
431.9599915,62.77783966,327.0299988,61.58595657,436.9599915,63.76198578,347.0700073,42.79550171,476.9599915,53.58757401,327.0299988,58.73785019,441.9599915,67.19538879,446.9599915,66.55192566,451.9599915,66.60063171,456.9599915,64.10263824,461.9599915,61.29006577,327.0299988,51.05054855,327.0299988,43.48466492,327.0299988,37.3230629,
432.8699951,61.99176025,327.9599915,62.54675674,438.0299988,63.78139496,348,45.22755814,478.0299988,53.05226135,327.9599915,61.44276047,442.8699951,66.320755,448.0299988,66.10057068,452.8699951,65.32229614,458.0299988,63.67073822,462.8699951,59.38480759,327.9599915,53.19248199,327.9599915,45.11924744,327.9599915,38.54350281,
433.9299927,60.36816406,329.0599976,63.17712021,438.9299927,63.52292633,349.0700073,45.65813065,478.9299927,53.02235794,329.0599976,61.35331345,443.9299927,63.6086731,448.9299927,65.06674194,453.9299927,65.27498627,458.9299927,62.26316833,463.9299927,58.63679123,329.0599976,53.88813782,329.0599976,47.06686401,329.0599976,40.82899094,
434.8399963,61.09645844,330,62.83055496,440,63.6423111,350,46.6444664,480,52.87460709,330,61.61872482,444.8399963,66.62477112,450,65.64354706,454.8399963,64.29440308,460,60.24226379,464.8399963,58.46077347,330,55.25927734,330,49.39502716,330,40.28619003,
435.8999939,60.24176788,331.0700073,64.89749908,441.0599976,60.87480164,351.0700073,46.5691452,481.0599976,52.94221497,331.0700073,65.24110413,445.8999939,62.99295807,451.0599976,64.00815582,455.8999939,63.5393486,461.0599976,61.50666046,465.8999939,57.34972,331.0700073,58.5095253,331.0700073,51.25179291,331.0700073,43.27134323,
436.9599915,59.47501373,332,67.39938354,441.9599915,62.19410706,352,47.50658417,481.9599915,53.13661194,332,66.43937683,446.9599915,62.30244446,451.9599915,62.1115799,456.9599915,61.768116,461.9599915,61.30393982,466.9599915,57.35528183,332,60.65670395,332,52.06613922,332,43.12876511,
437.8699951,59.42447662,333.0700073,67.09289551,443.0299988,58.97132874,353.0700073,49.36860275,483.0299988,54.50764847,333.0700073,66.33751678,447.8699951,62.47676086,453.0299988,62.2733078,457.8699951,60.9284935,463.0299988,60.72249603,467.8699951,54.85433578,333.0700073,61.44604874,333.0700073,53.08978271,333.0700073,44.95201874,
438.9299927,59.35931396,334,68.85368347,443.9299927,58.60334015,354,48.81893539,483.9299927,54.69913483,334,68.75244141,448.9299927,61.59355164,453.9299927,61.64007568,458.9299927,61.67116165,463.9299927,57.48146057,468.9299927,56.05619049,334,61.46284866,334,53.95013428,334,46.40519333,
439.8399963,56.43703461,335.0700073,67.34822083,445,60.19612885,355.0700073,49.32852173,485,54.49917984,335.0700073,67.48878479,449.8399963,61.64733887,455,60.60910034,459.8399963,59.50268173,465,56.48803711,469.8399963,53.81325531,335.0700073,63.49982071,335.0700073,54.14326477,335.0700073,47.98627853,
440.8999939,55.64567566,336,69.71930695,446.0599976,56.90240479,356,49.64577103,486.0599976,54.97802353,336,69.38214111,450.8999939,59.83472443,456.0599976,59.66373444,460.8999939,59.78423691,466.0599976,57.00577545,470.8999939,53.28453064,336,65.79626465,336,55.6062088,336,48.78920364,
441.9599915,53.56666565,337.0700073,67.09955597,446.9599915,57.60321808,357.0700073,50.57212448,486.9599915,56.28660202,337.0700073,72.04018402,451.9599915,59.72399139,456.9599915,58.94036484,461.9599915,57.86567688,466.9599915,55.24549866,471.9599915,52.51545334,337.0700073,65.67293549,337.0700073,58.43199921,337.0700073,50.46894836,
442.8699951,56.19104385,338,66.80354309,448.0299988,56.92454529,358,51.12111664,488.0299988,57.06126022,338,72.02510834,452.8699951,59.02939224,458.0299988,60.0150528,462.8699951,57.59928131,468.0299988,55.07199097,472.8699951,53.50592804,338,66.87037659,338,59.26764679,338,51.32620621,
443.9299927,55.1060257,339.0700073,68.34703064,448.9299927,58.22054291,359.0700073,51.77839661,488.9299927,55.94151306,339.0700073,72.17984772,453.9299927,58.72101212,458.9299927,57.45103073,463.9299927,57.76162338,468.9299927,54.96832275,473.9299927,53.49069977,339.0700073,67.27825165,339.0700073,59.94181824,339.0700073,53.61623764,
444.8399963,53.05310822,340,70.20192719,450,54.91121674,360,52.88424301,490,56.20930862,340,71.2562027,454.8399963,56.21608353,460,57.72691727,464.8399963,55.55365753,470,56.22236633,474.8399963,52.00218964,340,68.69268036,340,59.89655304,340,54.7492218,
445.8999939,53.6496315,341.0700073,67.40476227,451.0599976,53.90119934,361.0700073,52.5627594,491.0400085,56.82223892,341.0700073,72.88895416,455.8999939,58.30177689,461.0599976,56.53141022,465.8999939,54.13628387,471.0599976,52.93466949,475.8999939,51.93627548,341.0700073,71.67752838,341.0700073,62.00067139,341.0700073,53.92206192,
446.9599915,51.01094818,342,67.19145203,451.9599915,54.6630249,362,53.78359604,491.9400024,57.39428329,342,73.36116791,456.9599915,55.82735443,461.9599915,58.69359207,466.9599915,53.63733292,471.9599915,53.48064423,476.9599915,51.58720016,342,68.76672363,342,63.72831726,342,56.35442352,
447.8699951,50.31507874,343.0700073,67.82554626,453.0299988,52.65848541,363.0700073,54.37649536,492.980011,57.2295723,343.0700073,71.74014282,457.8699951,56.55942917,463.0299988,53.57526779,467.8699951,53.49971771,473.0299988,51.70308685,477.8699951,50.41415787,343.0700073,72.90551758,343.0700073,64.08893585,343.0700073,58.04211807,
448.9299927,49.60872269,344,67.92747498,453.9299927,52.6318512,364,55.34680939,494.019989,57.70428848,344,75.80026245,458.9299927,54.00624084,463.9299927,53.58847046,468.9299927,52.70966721,473.9299927,51.47441864,478.9299927,50.99703979,344,72.66607666,344,63.95530701,344,57.64365387,
449.8399963,48.32401276,345.0700073,65.59706879,455,51.97451782,365.0700073,54.60334396,495.0700073,58.46469498,345.0700073,73.65678406,459.8399963,53.22335434,465,53.27266312,469.8399963,50.98838043,475,51.02703094,479.8399963,49.94113159,345.0700073,73.31343079,345.0700073,64.55445862,345.0700073,58.75449753,
450.8999939,48.64374924,346,65.24514771,456.0599976,49.29351807,366,53.66736984,495.9700012,58.34761429,346,75.01482391,460.8999939,52.97712708,466.0599976,50.85529327,470.8999939,51.86885071,476.0599976,50.69263458,480.8999939,50.90422821,346,72.08747101,346,66.92726898,346,59.77708817,
451.9599915,48.15234375,347.0700073,65.563591,456.9599915,49.22288513,367.0700073,55.07030869,497.0100098,58.46494675,347.0700073,72.5351944,461.9599915,51.77209091,466.9599915,50.85393143,471.9599915,50.37562561,476.9599915,51.0003891,481.9599915,51.37513733,347.0700073,71.14006042,347.0700073,66.71437836,347.0700073,60.54432297,
452.8699951,46.93392944,348,64.32172394,458.0299988,48.8640976,368,56.36092758,498.0499878,58.18579483,348,71.64190674,462.8699951,50.80187607,468.0299988,51.34008789,472.8699951,51.25744629,478.0299988,50.96243286,482.8699951,52.0599823,348,74.12510681,348,67.43494415,348,59.41409683,
453.9299927,46.84319687,349.0700073,63.06661606,458.9299927,46.94425964,369.0700073,55.68090057,498.9500122,58.55017471,349.0700073,71.00632477,463.9299927,48.88319016,468.9299927,49.6187706,473.9299927,50.19066238,478.9299927,50.3874054,483.9299927,51.47702408,349.0700073,72.32932281,349.0700073,70.80776978,349.0700073,62.54475784,
454.8399963,44.06398773,350,63.52110672,460,46.83219147,370,58.93074799,500,57.78304672,350,73.77041626,464.8399963,49.68251801,470,49.2457428,474.8399963,49.14363861,480,50.50115967,484.8399963,51.39888,350,75.0100174,350,68.02928162,350,65.44695282,
455.8999939,44.86084366,351.0700073,61.41262436,461.0599976,47.94824982,371.0700073,57.9662323,501.0400085,56.73321915,351.0700073,71.10467529,465.8999939,47.82151031,471.0599976,49.73013687,475.8999939,49.26805115,481.0599976,50.25471497,485.8999939,51.63155746,351.0700073,72.10269928,351.0700073,69.99859619,351.0700073,63.70230484,
456.9599915,43.19946289,352,61.22574234,461.9599915,44.12387848,372,58.56719208,501.9400024,57.29814529,352,71.33945465,466.9599915,47.27983093,471.9599915,48.97486877,476.9599915,48.96250153,481.9599915,50.47824097,486.9599915,52.09212875,352,72.59814453,352,69.98026276,352,63.69496536,
457.8699951,44.74887848,353.0700073,59.91840744,463.0299988,44.83982086,373.0700073,58.93214417,502.980011,57.02708817,353.0700073,71.20477295,467.8699951,46.11724854,473.0299988,46.04681396,477.8699951,49.05023193,483.0299988,50.07855988,487.8699951,51.14284897,353.0700073,73.90240479,353.0700073,69.97936249,353.0700073,62.5509758,
458.9299927,43.27448273,354,58.35295486,463.9299927,44.38598633,374,58.23685074,504.019989,56.91901016,354,69.70654297,468.9299927,45.4224205,473.9299927,47.29496002,478.9299927,48.80360794,483.9299927,48.69921112,488.9299927,51.87253952,354,73.26143646,354,71.08390808,354,65.55394745,
459.8399963,42.11410522,355.0700073,56.27867126,465,43.87582397,375.0700073,59.93704987,505.0700073,57.28271103,355.0700073,71.01275635,469.8399963,46.60087204,475,46.19879913,479.8399963,48.17406845,485,50.15774536,489.8399963,50.42731857,355.0700073,75.07492065,355.0700073,70.5034256,355.0700073,66.87464142,
460.8999939,41.60840988,356,55.86128616,466.0599976,44.57459259,376,59.31043243,505.9700012,55.82835388,356,68.15595245,470.8999939,45.28929138,476.0599976,46.73903656,480.8999939,47.19007874,486.0599976,51.11513519,490.8900146,53.56521225,356,74.85202026,356,71.72592163,356,67.41994476,
461.9599915,39.7861824,357.0700073,54.51538467,466.9599915,41.23428345,377.0700073,59.36528015,507.0100098,54.99630356,357.0700073,68.62223053,471.9599915,43.92915344,476.9599915,44.75791168,481.9599915,47.45904541,486.9599915,51.18994141,491.9400024,53.42213058,357.0700073,72.36160278,357.0700073,69.65583038,357.0700073,67.39225769,
462.8699951,38.39914322,358,54.13364792,468.0299988,41.60811615,378,60.54776001,508.0499878,54.80742645,358,68.25466919,472.8699951,44.03743362,478.0299988,45.26265717,482.8699951,48.58694077,488.0299988,51.16538239,492.980011,53.58904648,358,73.69264221,358,70.16734314,358,68.60488892,
463.9299927,39.41069412,359.0700073,52.02627182,468.9299927,40.40661621,379.0700073,59.09073639,508.9500122,54.35842514,359.0700073,68.95710754,473.9299927,44.20298386,478.9299927,46.11883163,483.9299927,48.25793839,488.9299927,52.22084808,493.8800049,53.71867371,359.0700073,72.96666718,359.0700073,72.35370636,359.0700073,68.24842834,
464.8399963,39.21719742,360,51.71363449,470,39.51296997,380,59.28205109,510,52.11549759,360,66.81153107,474.8399963,42.90648651,480,44.95022964,484.8399963,48.42542648,490,52.57154083,494.9200134,53.64422607,360,72.74344635,360,71.3299942,360,67.93463135,
465.8999939,38.1920433,361.0700073,50.84067535,471.0599976,39.83933258,381.0700073,59.79612732,511.0599976,52.80293655,361.0700073,65.33222961,475.8999939,42.7660141,481.0599976,44.32218552,485.8999939,48.75389481,491.0400085,51.86578369,495.9700012,53.448452,361.0700073,71.98355865,361.0700073,72.51091003,361.0700073,68.03511047,
466.9599915,38.44687653,362,49.90435791,471.9599915,39.13413239,382,59.46373749,511.9599915,52.00143433,362,64.85240173,476.9599915,42.27314758,481.9599915,45.23680878,486.9599915,49.85301971,491.9400024,52.1707077,496.8599854,54.1843338,362,72.51107788,362,72.01281738,362,68.82286835,
467.8699951,36.94657516,363.0700073,47.94317627,473.0299988,37.63311768,383.0700073,58.90637207,513.0300293,51.15610504,363.0700073,64.69219971,477.8699951,41.264431,483.0299988,45.12751007,487.8699951,48.94048309,492.980011,52.46035767,497.9100037,53.92434692,363.0700073,71.48904419,363.0700073,70.62931061,363.0700073,70.1789093,
468.9299927,37.3693161,364,47.11164474,473.9299927,38.06283569,384,59.05820465,513.9299927,50.01395035,364,62.07077408,478.9299927,41.89473343,483.9299927,45.21434784,488.9299927,49.15734482,494.019989,52.99699402,498.9500122,53.3925972,364,69.82646179,364,71.50597382,364,68.67947388,
469.8399963,35.35987473,365.0700073,45.85652542,475,37.43416595,385.0700073,59.09651184,515,48.47438049,365.0700073,62.22838211,479.8399963,40.70062637,485,45.6701355,489.8399963,49.89890671,495.0700073,52.22010803,499.8500061,53.4611702,365.0700073,70.63766479,365.0700073,70.2579422,365.0700073,69.83068848,
470.8999939,34.57364655,366,45.10810089,476.0599976,36.9209671,386,58.93933105,516.0599976,48.438694,366,61.50636673,480.8999939,42.61639786,486.0599976,45.44397736,490.8900146,49.47465897,495.9700012,52.42877197,500.8900146,53.12276459,366,68.3892746,366,69.84999847,366,69.59732819,
471.9599915,34.84633636,367.0700073,42.43239212,476.9599915,36.31237793,387.0700073,59.15939331,516.960022,46.94007111,367.0700073,57.76976776,481.9599915,43.03746033,486.9599915,45.61580658,491.9400024,49.86013031,497.0100098,52.64368439,501.9400024,52.65526581,367.0700073,69.21286774,367.0700073,69.17942047,367.0700073,67.40908813,
472.8699951,33.61938095,368,41.26356888,478.0299988,36.10932922,388,57.61706924,518.0300293,47.78342056,368,59.15048599,482.8699951,40.88562393,488.0299988,45.53118515,492.980011,50.31727219,498.0499878,52.03382111,502.980011,51.88101959,368,66.92827606,368,70.45874023,368,67.08206177,
473.9299927,33.22090149,369.0700073,39.18282318,478.9299927,37.32823181,389.0700073,58.42317581,518.9299927,44.99456787,369.0700073,56.65906525,483.9299927,41.6047554,488.9299927,45.84041214,493.8800049,51.07060242,498.9500122,52.71879578,503.8800049,52.14337158,369.0700073,66.55966949,369.0700073,69.95752716,369.0700073,68.87406158,
474.8399963,32.94545364,370,37.62923431,480,35.73753357,390,58.04672241,520,45.99258423,370,57.63278198,484.8399963,40.97534943,490,47.91431046,494.9200134,50.39489746,500,53.3130722,504.9200134,49.9980011,370,65.137146,370,68.57348633,370,69.48268127,
475.8999939,32.2432785,371.0700073,36.24237823,481.0599976,35.1227951,391.0599976,57.69647598,521.039978,43.67161179,371.0700073,56.3365097,485.8999939,42.39489365,491.0400085,46.74226761,495.9700012,51.63633728,501.0400085,52.50944519,505.9700012,50.9248085,371.0700073,65.79428864,371.0700073,68.85402679,371.0700073,68.94394684,
476.9599915,33.48525238,372,34.81605911,481.9599915,35.45604706,391.9599915,57.876297,521.9400024,42.26992416,372,54.27648926,486.9599915,41.25789642,491.9400024,46.04473114,496.8599854,50.58561325,501.9400024,50.80294037,506.8599854,49.70123291,372,65.15439606,372,67.25009155,372,67.8478775,
477.8699951,32.63650894,373.0700073,33.77148056,483.0299988,37.43270111,393.0299988,56.50944519,522.9799805,42.75632858,373.0700073,53.78783798,487.8699951,41.57753754,492.980011,47.16565704,497.9100037,48.36423111,502.980011,51.04348755,507.9100037,48.70192719,373.0700073,63.08713913,373.0700073,66.82003021,373.0700073,67.84489441,
478.9299927,33.10499954,374,30.95050049,483.9299927,35.35812378,393.9299927,56.4251976,524.0200195,42.4790535,374,51.41182709,488.9299927,42.03743744,494.019989,46.44161606,498.9500122,49.4317131,504.019989,51.46085358,508.9500122,48.47576523,374,61.68021011,374,65.56674194,374,66.45849609,
479.8399963,32.09054565,375.0700073,29.51364517,485,37.2745285,395,56.05386734,525.0700073,40.60271454,375.0700073,50.63501358,489.8399963,42.94667816,495.0700073,47.03137589,499.8500061,51.24893188,505.0700073,50.9003067,509.8500061,47.98545074,375.0700073,60.92805099,375.0700073,65.43441772,375.0700073,66.56591797,
480.8999939,32.97337341,376,29.50094604,486.0599976,36.71263885,396.0599976,54.09135056,525.9699707,38.48448944,376,48.49947357,490.8900146,41.72874069,495.9700012,46.75286865,500.8900146,50.19480515,505.9700012,49.59676361,510.8999939,46.88940048,376,61.05900955,376,65.55581665,376,66.57956696,
481.9599915,31.51534271,377.0700073,28.18397141,486.9599915,37.00108337,396.9599915,54.86935806,527.0100098,38.80617905,377.0700073,47.60563278,491.9400024,42.17999649,497.0100098,46.90921402,501.9400024,49.91153336,507.0100098,49.65810394,511.9599915,47.80646896,377.0700073,58.86735153,377.0700073,64.26644135,377.0700073,66.47964478,
482.8699951,30.90005112,378,26.08359146,488.0299988,37.65545654,398.0299988,54.10198212,528.0499878,38.09825516,378,45.69225693,492.980011,43.02804565,498.0499878,46.64561081,502.980011,48.64163971,508.0499878,48.24863434,512.8699951,45.32309723,378,58.4539299,378,63.27055359,378,64.42333984,
483.9299927,31.69481659,379.0700073,25.80029678,488.9299927,36.11798096,398.9299927,53.76865005,528.9500122,37.71429825,379.0700073,43.58525467,493.8800049,43.45454407,498.9500122,46.77545166,503.8800049,48.3496666,508.9500122,48.0793457,513.9299927,45.67341995,379.0700073,56.19603348,379.0700073,61.72196198,379.0700073,64.35667419,
484.8399963,32.40121078,380,24.0928688,490,35.79932404,400,52.10026932,530,35.3679924,380,42.41845322,494.9200134,43.43375015,500,45.05551529,504.9200134,47.83607864,510,46.50223541,514.8400269,43.49071884,380,54.72158051,380,60.42279816,380,64.18198395,
485.8999939,32.20866394,381.0700073,22.4622345,491.0400085,36.0406723,401.0700073,51.61924744,531.039978,35.11866379,381.0700073,40.79375076,495.9700012,42.88899994,501.0400085,47.44207382,505.9700012,47.75677872,511.0599976,46.28627014,515.9000244,43.88399124,381.0700073,54.2675705,381.0700073,59.43637848,381.0700073,62.72964859,
486.9599915,30.96952057,382,21.42676926,491.9400024,38.30627441,402,52.78065491,531.9400024,33.68582916,382,39.42777634,496.8599854,41.97169876,501.9400024,47.19348907,506.8599854,47.46230316,511.9599915,45.10112762,516.960022,43.20912933,382,53.19545364,382,58.15502167,382,61.73955154,
487.8699951,31.99150848,383.0700073,19.82698059,492.980011,37.1962204,403.0700073,51.57566452,532.9799805,34.04769135,383.0700073,38.02469635,497.9100037,43.40108109,502.980011,45.91757584,507.9100037,46.60954666,513.0300293,46.37534332,517.8699951,42.05910873,383.0700073,51.14440155,383.0700073,57.01098633,383.0700073,59.86267471,
488.9299927,32.65033722,384,18.51259232,494.019989,39.12106323,404,50.67754364,534.0200195,33.10733795,384,36.05734253,498.9500122,42.39628601,504.019989,46.53139877,508.9500122,45.2826004,513.9299927,43.69966888,518.9299927,39.91874313,384,48.30747986,384,56.81375122,384,60.07459641,
489.8399963,31.32665634,385.0700073,17.78321457,495.0700073,37.65836334,405.0700073,49.75912857,535.0700073,31.8228035,385.0700073,34.69975281,499.8500061,45.26926041,505.0700073,44.14844131,509.8500061,45.86151505,515,43.05953217,519.8400269,40.23760986,385.0700073,47.6203537,385.0700073,54.48152924,385.0700073,58.21596146,
490.8900146,34.4361763,386,16.11075211,495.9700012,37.30164337,406,49.9924469,535.9699707,31.9377327,386,33.13328552,500.8900146,42.64222336,505.9700012,44.23238373,510.8999939,44.37903976,516.0599976,42.71068573,520.8900146,39.35096741,386,45.28870773,386,53.08363342,386,58.68970871,
491.9400024,32.29536819,387.0700073,15.67264843,497.0100098,37.64498138,407.0700073,49.19180298,537.0100098,31.21285629,387.0700073,32.34094238,501.9400024,41.99513626,507.0100098,44.5970993,511.9599915,42.92140579,516.960022,41.73126221,521.9400024,39.05816269,387.0700073,44.25042343,387.0700073,52.4830246,387.0700073,56.42573166,
492.980011,33.05391312,388,13.51805592,498.0499878,37.13548279,408,48.91927719,538.0499878,30.40584946,388,30.78456306,502.980011,42.52160263,508.0499878,43.26054764,512.8699951,43.00796509,518.0300293,40.88309479,522.9799805,38.78276443,388,42.79786301,388,52.06585693,388,55.84397507,
493.8800049,33.822155,389.0700073,12.93753338,498.9500122,38.33159637,409.0700073,46.70229721,538.9500122,29.94266891,389.0700073,28.90586281,503.8800049,41.23228073,508.9500122,41.85023499,513.9299927,42.08998108,518.9299927,40.3369751,523.8800049,36.10098267,389.0700073,41.73114777,389.0700073,49.62585449,389.0700073,53.57115936,
494.9200134,31.86219788,390,11.70144749,500,38.03796387,410,47.82651901,540,28.67195892,390,27.76199532,504.9200134,40.95279694,510,41.85810852,514.8400269,41.27930069,520,39.35545349,524.9199829,35.19736099,390,39.1535759,390,48.26441193,390,52.6949501,
495.9700012,32.60105896,391.0599976,11.41830158,501.0400085,37.37171173,411.0599976,46.51348495,541.0200195,28.64050674,391.0599976,25.36575317,505.9700012,41.10025024,511.0599976,41.49610519,515.9000244,40.40987015,521.039978,37.93820953,525.9699707,35.2437706,391.0599976,38.45273209,391.0599976,45.92037201,391.0599976,50.90768433,
496.8599854,34.02417755,391.9599915,10.27221012,501.9400024,38.26750183,411.9599915,46.453022,542.0499878,27.86486816,391.9599915,24.35095596,506.8599854,40.9091835,511.9599915,39.28451538,516.960022,39.32891083,521.9400024,37.37229919,526.8599854,34.65504456,391.9599915,36.34145355,391.9599915,45.03157043,391.9599915,50.87559509,
497.9100037,34.13488388,393.0299988,9.122231483,502.980011,37.71200562,413.0299988,45.44500732,542.9400024,26.61003494,393.0299988,24.22819138,507.9100037,38.83935928,513.0300293,40.0145874,517.8699951,37.66553497,522.9799805,35.45868683,527.9099731,33.19011307,393.0299988,35.20175552,393.0299988,43.23266602,393.0299988,49.9577179,
498.9500122,34.0995903,393.9299927,8.048996925,504.019989,36.83454132,413.9299927,44.16553116,543.9699707,26.20188904,393.9299927,21.94397354,508.9500122,39.67030334,513.9299927,40.11286926,518.9299927,38.30303192,524.0200195,36.08499146,528.9500122,32.68490982,393.9299927,34.67335892,393.9299927,42.5411911,393.9299927,48.00721741,
499.8500061,33.47536087,395,7.507314682,505.0700073,35.36999512,415,44.21824646,545,26.88384247,395,21.31277657,509.8500061,39.19060516,515,39.19567108,519.8400269,38.11113358,525.0700073,34.53599548,529.8499756,31.24856186,395,32.13083649,395,40.15843201,395,47.65514374,
500.8900146,32.93858337,396.0599976,6.775606155,505.9700012,36.67327118,416.0599976,42.97315979,546.0200195,24.93178558,396.0599976,19.70952606,510.8999939,37.47185135,516.0599976,37.94626617,520.8900146,37.19772339,525.9699707,34.96728516,530.8900146,31.42664719,396.0599976,30.58345413,396.0599976,38.71363831,396.0599976,45.65352631,
501.9400024,34.72846222,396.9599915,5.944709778,507.0100098,36.32376099,416.9599915,42.76517105,547.0499878,24.50833893,396.9599915,18.53750801,511.9599915,37.10843658,516.960022,36.76251221,521.9400024,35.38883972,527.0100098,33.46240997,531.9400024,30.24703979,396.9599915,29.2447052,396.9599915,36.98744965,396.9599915,44.83304596,
502.980011,32.2179184,398.0299988,4.949290276,508.0499878,34.45158386,418.0299988,43.18296814,547.9400024,24.04100227,398.0299988,17.12004852,512.8699951,37.71616364,518.0300293,37.23794937,522.9799805,35.70468521,528.0499878,32.2263031,532.9799805,30.94620895,398.0299988,27.94029999,398.0299988,36.64798737,398.0299988,43.41335678,
503.8800049,33.32945251,398.9299927,3.969108582,508.9500122,35.16853333,418.9299927,42.80700302,548.9699707,23.32840729,398.9299927,16.39666939,513.9299927,37.38760376,518.9299927,35.3297081,523.8800049,34.68692017,528.9500122,31.9738903,533.8800049,28.58886719,398.9299927,26.94189835,398.9299927,34.95967865,398.9299927,41.48362732,
504.9200134,32.32801437,400,3.5007267,510,33.87490082,420,41.75860214,550,23.07102203,400,15.18767548,514.8400269,34.66412735,520,34.82328415,524.9199829,33.01751709,530,31.35069466,534.9199829,28.2419281,400,24.99710464,400,33.10965729,400,41.31008911,
505.9700012,32.69179916,,,511.0599976,32.89676666,421.0700073,41.93434525,551.039978,22.18772888,401.0700073,13.96038628,515.9000244,35.61066055,521.039978,34.86185074,525.9699707,33.11595917,531.039978,31.90641594,535.9699707,28.45241547,401.0700073,23.60653877,401.0700073,31.54380989,401.0700073,39.32072067,
506.8599854,31.10362244,,,511.9599915,33.14550018,422,40.8595314,551.9400024,22.01804924,402,13.22543335,516.960022,34.8647995,521.9400024,35.24205017,526.8599854,33.01618195,531.9400024,29.83264732,536.8599854,27.41543961,402,22.4138546,402,30.7990284,402,37.15862274,
507.9100037,30.9692955,,,513.0300293,32.90558624,423.0700073,40.87478638,552.9799805,22.12633133,403.0700073,11.96759987,517.8699951,34.47187042,522.9799805,33.08927536,527.9099731,32.53018951,532.9799805,29.89271736,537.9099731,26.78596115,403.0700073,20.460783,403.0700073,29.78703499,403.0700073,36.56497955,
508.9500122,30.15304565,,,513.9299927,31.86641121,424,40.78782272,554.0200195,20.69003677,404,10.7673378,518.9299927,32.30261993,524.0200195,32.27721786,528.9500122,32.51622391,534.0200195,29.02452278,538.9500122,25.81957245,404,19.72770309,404,27.81799507,404,35.34075546,
509.8500061,29.93982697,,,515,32.87813568,425.0700073,39.55582809,555.0700073,20.44904327,405.0700073,9.920927048,519.8400269,31.68799591,525.0700073,32.24905396,529.8499756,31.58468056,535.0700073,28.53552055,539.8499756,25.87985611,405.0700073,19.32747269,405.0700073,26.93483925,405.0700073,34.12751007,
510.8999939,29.73093033,,,516.0599976,31.17059898,426,39.27278137,555.9699707,20.40102386,406,9.098178864,520.8900146,31.77264023,525.9699707,31.02150917,530.8900146,29.68771172,535.9699707,28.0613575,540.8800049,25.29051208,406,17.67769623,406,25.89119911,406,32.85992813,
511.9599915,29.70345306,,,516.960022,29.38982582,427.0700073,38.69368744,557.0100098,19.54039574,407.0700073,8.229549408,521.9400024,30.98134232,527.0100098,30.87231255,531.9400024,30.09427452,537.0100098,27.05745125,541.9099731,24.94773483,407.0700073,16.22439384,407.0700073,24.02251244,407.0700073,30.90540695,
512.8699951,29.44904709,,,518.0300293,30.3537159,428,37.6146431,558.0499878,19.02441025,408,7.916668415,522.9799805,31.41641998,528.0499878,30.76133537,532.9799805,27.44127846,538.0499878,26.80262184,542.9400024,24.52906036,408,14.98807907,408,22.54961395,408,30.30389023,
513.9299927,29.24756622,,,518.9299927,29.57514763,429.0700073,38.10916519,558.9500122,19.02800751,409.0700073,7.021429539,523.8800049,30.35490036,528.9500122,29.25427818,533.8800049,28.13773918,538.9500122,25.88459587,543.9699707,23.5745163,409.0700073,14.4534626,409.0700073,21.72781563,409.0700073,28.83986282,
514.8400269,27.45108986,,,520,29.20974159,430,35.8311615,560,17.82025528,410,5.952916622,524.9199829,30.2497673,530,30.2800312,534.9199829,27.06860924,540,25.48265648,544.8499756,22.20794296,410,13.19504929,410,20.40418625,410,27.01556778,
515.9000244,28.03889084,,,521.039978,28.3435154,431.0599976,36.74331284,561.039978,17.61185837,,,525.9699707,29.0006218,531.039978,27.934412,535.9699707,26.48637009,541.0200195,24.44117737,545.8800049,22.38946533,411.0599976,11.53220367,411.0599976,18.94062996,411.0599976,26.0884552,
516.960022,27.08189774,,,521.9400024,27.38367271,431.9599915,35.80314255,561.9400024,17.20379829,,,526.8599854,29.296772,531.9400024,28.19827843,536.8599854,26.29202843,542.0499878,23.64458084,546.9099731,22.23903275,411.9599915,10.97478867,411.9599915,18.06493568,411.9599915,24.55673409,
517.8699951,27.4274559,,,522.9799805,28.43658638,433.0299988,35.21219254,562.9799805,16.21938515,,,527.9099731,28.73095322,532.9799805,28.32303047,537.9099731,26.67742348,542.9400024,22.93281174,547.9400024,20.08271027,413.0299988,9.566860199,413.0299988,17.24068832,413.0299988,23.82949066,
518.9299927,27.33790016,,,524.0200195,26.97084618,433.9299927,36.05025864,564.0200195,15.88189125,,,528.9500122,26.28999519,534.0200195,27.0074749,538.9500122,25.1939106,543.9699707,22.19137764,548.9699707,20.06145096,413.9299927,8.510948181,413.9299927,15.79904938,413.9299927,23.02141762,
519.8400269,26.71497726,,,525.0700073,25.58203316,435,34.7566452,565.0700073,16.03738403,,,529.8499756,26.92438889,535.0700073,25.92313576,539.8499756,24.4132061,545,22.15993881,549.8499756,19.83180237,415,7.406236172,415,14.26214409,415,21.41983986,
520.8900146,25.55216408,,,525.9699707,25.64248848,436.0599976,34.30648041,565.9699707,15.63574982,,,530.8900146,26.22880936,535.9699707,25.45782089,540.8800049,23.71437073,546.0200195,21.56956291,550.8900146,19.72285461,416.0599976,6.265323162,416.0599976,12.97538948,416.0599976,20.28847122,
521.9400024,24.61706161,,,527.0100098,25.18887901,436.9599915,33.71295166,567.0100098,15.80404663,,,531.9400024,24.97921944,537.0100098,25.55208778,541.9099731,24.52330971,547.0499878,21.39089394,551.9400024,19.41440201,416.9599915,5.65153265,416.9599915,12.02956009,416.9599915,18.88869476,
522.9799805,24.05678749,,,528.0499878,25.57392311,438.0299988,33.29624176,568.0499878,15.27684021,,,532.9799805,25.1223526,538.0499878,24.69842148,542.9400024,23.85809517,547.9400024,20.79934311,552.9799805,18.36532974,418.0299988,4.974135876,418.0299988,11.23729897,418.0299988,18.21001053,
523.8800049,23.48756981,,,528.9500122,23.54847145,438.9299927,32.0463562,568.9500122,14.59833717,,,533.8800049,23.69740868,538.9500122,23.78280067,543.9699707,22.85046577,548.9699707,20.60174179,553.8800049,17.90151978,418.9299927,4.286218166,418.9299927,10.24676323,418.9299927,17.30471039,
524.9199829,22.92330933,,,530,22.78115463,440,31.18640137,570,13.88429642,,,534.9199829,24.25959969,540,22.86034966,544.8499756,21.82050133,550,19.67951393,554.9199829,17.74160004,420,3.286886692,420,9.849515915,420,16.1970787,
525.9699707,22.95534897,,,531.039978,23.38524437,441.0599976,30.93096542,571.0200195,13.20872307,,,535.9699707,23.54442596,541.0200195,22.63273239,545.8800049,22.252388,551.039978,19.80652046,555.9699707,16.98182297,,,421.0700073,9.042639732,421.0700073,15.82966614,
526.8599854,23.442873,,,531.9400024,22.41537857,441.9599915,30.41195297,572.0499878,12.95713997,,,536.8599854,22.69669533,542.0499878,21.43485069,546.9099731,20.54491234,551.9400024,18.95161438,556.8599854,17.58596802,,,422,8.497437477,422,15.16777611,
527.9099731,22.20932198,,,532.9799805,22.01876068,443.0299988,29.22546768,572.9400024,13.48555374,,,537.9099731,22.92199707,542.9400024,22.36500549,547.9400024,19.87709618,552.9799805,18.85861397,557.9099731,16.58731461,,,423.0700073,7.682836533,423.0700073,14.50012016,
528.9500122,21.43638229,,,534.0200195,21.38638306,443.9299927,28.94803238,573.9699707,13.07337189,,,538.9500122,23.37560463,543.9699707,21.32141685,548.9699707,19.54009628,554.0200195,17.8027153,558.9500122,15.77455235,,,424,7.447068214,424,14.05472755,
529.8499756,21.23937416,,,535.0700073,20.64874458,445,28.96063232,575,11.36893082,,,539.8499756,21.606493,545,21.88460922,549.8499756,20.67933464,555.0700073,17.54889107,559.8499756,15.99140835,,,425.0700073,6.270317078,425.0700073,13.16314125,
530.8900146,20.64534187,,,535.9699707,20.79290771,446.0599976,28.45602036,576.0200195,11.84488106,,,540.8800049,21.17884254,546.0200195,21.01875114,550.8900146,19.90497971,555.9699707,17.20018768,560.8900146,15.4635458,,,426,5.802575111,426,12.21293259,
531.9400024,19.62651634,,,537.0100098,20.56685638,446.9599915,27.20881653,577.0499878,11.82943535,,,541.9099731,20.98516083,547.0499878,20.73150635,551.9400024,18.63335419,557.0100098,16.99019241,561.9400024,14.79433346,,,427.0700073,4.762392044,427.0700073,11.58930779,
532.9799805,20.10520554,,,538.0499878,19.73706436,448.0299988,27.40062714,577.9400024,11.73081779,,,542.9400024,20.41993332,547.9400024,19.2195282,552.9799805,17.87526894,558.0499878,17.13256454,562.9799805,14.14969921,,,428,4.274373055,428,10.9041214,
533.8800049,19.56887436,,,538.9500122,19.12624931,448.9299927,26.73258591,578.9699707,11.40678596,,,543.9699707,20.30719376,548.9699707,18.67860603,553.8800049,18.49461174,558.9500122,15.89549637,563.8800049,13.54074764,,,429.0700073,3.694349289,429.0700073,9.96254158,
534.9199829,19.04187965,,,540,19.40580559,450,25.60390091,580,10.57697105,,,544.8499756,19.3353672,550,18.66524887,554.9199829,17.81066322,560,15.57807541,564.9199829,13.67755032,,,430,3.385676384,430,10.02436829,
535.9699707,19.19342613,,,541.0200195,18.14131165,451.0599976,25.18096542,581.0200195,10.98589325,,,545.8800049,20.56782722,551.039978,18.74694633,555.9699707,17.5439167,561.039978,15.19518661,565.9699707,13.76918697,,,,,431.0599976,9.211904526,
536.8599854,18.80110168,,,542.0499878,18.37339973,451.9599915,24.60749435,582.0499878,9.991600037,,,546.9099731,19.31762314,551.9400024,18.70945549,556.8599854,16.59536362,561.9400024,15.33568001,566.8599854,12.75636387,,,,,431.9599915,8.503890991,
537.9099731,18.40203476,,,542.9400024,18.3919239,453.0299988,23.95745468,582.9400024,9.995088577,,,547.9400024,18.51993942,552.9799805,18.28138542,557.9099731,16.67273712,562.9799805,13.1524086,567.9099731,12.60368824,,,,,433.0299988,8.151578903,
538.9500122,17.99358177,,,543.9699707,18.24811172,453.9299927,23.71586609,583.9699707,9.681051254,,,548.9699707,17.61386299,554.0200195,16.54268837,558.9500122,16.12849808,564.0200195,14.08491707,568.9500122,11.67744541,,,,,433.9299927,7.518656254,
539.8499756,16.64352417,,,545,17.13599968,455,23.3427887,585,9.795204163,,,549.8499756,18.19095612,555.0700073,16.95536995,559.8499756,15.36182594,565.0700073,13.74445915,569.8499756,12.35628414,,,,,435,6.793059826,
540.8800049,17.68312645,,,546.0200195,17.18025017,456.0599976,22.55978775,586.0200195,9.156076431,,,550.8900146,18.00280952,555.9699707,16.41029549,560.8900146,14.68609047,565.9699707,13.90718842,570.8800049,11.88527012,,,,,436.0599976,6.465818882,
541.9099731,16.91058159,,,547.0499878,16.56503677,456.9599915,21.93438721,587.0499878,8.786298752,,,551.9400024,16.63178635,557.0100098,16.21642113,561.9400024,14.87285995,567.0100098,13.3705616,571.9099731,11.30008411,,,,,436.9599915,5.641667843,
542.9400024,16.52936745,,,547.9400024,15.40253067,458.0299988,21.95561218,587.9400024,8.427974701,,,552.9799805,16.94353485,558.0499878,16.49736977,562.9799805,15.13878441,568.0499878,12.40458488,572.9400024,10.97194004,,,,,438.0299988,5.088659763,
543.9699707,15.71936035,,,548.9699707,16.60703087,458.9299927,20.82516861,588.9699707,8.216924667,,,553.8800049,16.78100204,558.9500122,16.52548027,563.8800049,14.09115791,568.9500122,12.73633766,573.9699707,10.75632381,,,,,438.9299927,4.62100935,
544.8499756,14.94544601,,,550,16.65743446,460,20.63370514,590,8.034646988,,,554.9199829,16.30411148,560,15.64081955,564.9199829,14.35235596,570,12.24562263,574.8499756,10.3293581,,,,,440,4.322241306,
545.8800049,15.96333694,,,551.039978,15.40362549,461.0599976,20.95841599,591.0200195,8.621391296,,,555.9699707,15.61905479,561.039978,14.62458992,565.9699707,14.54750633,571.0200195,11.46054459,575.8800049,10.22988605,,,,,,,
546.9099731,14.87087059,,,551.9400024,15.09304428,461.9599915,20.05588913,592.0499878,7.542948246,,,556.8599854,15.52704239,561.9400024,14.67298889,566.8599854,12.70342445,572.0499878,11.72498703,576.9099731,9.485228539,,,,,,,
547.9400024,14.25993538,,,552.9799805,15.00630379,463.0299988,19.27714539,592.9400024,7.184558392,,,557.9099731,15.3578186,562.9799805,14.11598396,567.9099731,13.33063316,572.9400024,10.81712151,577.9400024,10.15509129,,,,,,,
548.9699707,14.09626961,,,554.0200195,14.27392769,463.9299927,19.56032944,593.9699707,7.794660091,,,558.9500122,14.8210144,564.0200195,14.16431999,568.9500122,12.45433998,573.9699707,11.17332077,578.9699707,9.540781975,,,,,,,
549.8499756,13.98279381,,,555.0700073,13.9766674,465,18.40177155,595,6.997876644,,,559.8499756,14.87207031,565.0700073,13.68600082,569.8499756,11.90714455,575,10.39315605,579.8499756,9.13869381,,,,,,,
550.8900146,13.64921951,,,555.9699707,13.1439724,466.0599976,17.91604996,596.0200195,6.531983852,,,560.8900146,15.06231499,565.9699707,12.88450813,570.8800049,12.95428658,576.0200195,10.7715683,580.8800049,8.747689247,,,,,,,
551.9400024,13.08824921,,,557.0100098,13.15394783,466.9599915,18.38100815,597.0499878,6.07240057,,,561.9400024,12.79631233,567.0100098,13.73555183,571.9099731,12.39645576,577.0499878,10.23230934,581.9099731,9.1652174,,,,,,,
552.9799805,13.09203148,,,558.0499878,13.31579399,468.0299988,17.84470367,597.9400024,6.399820805,,,562.9799805,13.19027138,568.0499878,12.91919708,572.9400024,11.4269886,577.9400024,9.640190125,582.9400024,8.740268707,,,,,,,
553.8800049,13.41244125,,,558.9500122,13.11795807,468.9299927,17.76862717,598.9699707,6.32887125,,,563.8800049,13.31709671,568.9500122,13.66428757,573.9699707,11.61590004,578.9699707,9.793561935,583.9699707,7.710904121,,,,,,,
554.9199829,12.23053932,,,560,12.31625366,470,17.73082733,600,5.925141811,,,564.9199829,12.4780159,570,12.78871536,574.8499756,11.28328705,580,9.617574692,584.8499756,8.122344017,,,,,,,
555.9699707,12.70295334,,,561.039978,12.17257309,471.0599976,17.45018768,601.0200195,5.27046442,,,565.9699707,12.93841553,571.0200195,12.82811356,575.8800049,11.08841324,581.0200195,8.645025253,585.8800049,7.018870354,,,,,,,
556.8599854,12.9632473,,,561.9400024,12.04656792,471.9599915,17.49285507,602.0499878,5.55620718,,,566.8599854,11.38570023,572.0499878,12.11548233,576.9099731,11.3226223,582.0499878,8.639948845,586.9099731,7.76758194,,,,,,,
557.9099731,11.81720543,,,562.9799805,11.80600929,473.0299988,16.76662064,602.9400024,5.391317844,,,567.9099731,11.87348747,572.9400024,11.55057716,577.9400024,10.36913109,582.9400024,8.95572567,587.9400024,7.083945274,,,,,,,
558.9500122,12.25237656,,,564.0200195,11.30734062,473.9299927,16.81980896,603.9699707,4.821352482,,,568.9500122,11.94877434,573.9699707,11.11766624,578.9699707,9.68608284,583.9699707,8.139862061,588.9699707,7.295550346,,,,,,,
559.8499756,11.71531487,,,565.0700073,11.1129446,475,17.17222977,605,4.530305386,,,569.8499756,11.55560875,575,9.633090973,579.8499756,9.771224976,585,8.619997978,589.8499756,7.38120079,,,,,,,
560.8900146,11.91223145,,,565.9699707,10.67011452,476.0599976,16.8553772,606.0200195,5.443623066,,,570.8800049,11.22171021,576.0200195,10.72882652,580.8800049,9.863746643,586.0200195,8.123178482,590.8800049,6.684417725,,,,,,,
561.9400024,10.94682693,,,567.0100098,11.08460808,476.9599915,17.3877449,607.0499878,4.480751514,,,571.9099731,11.10934448,577.0499878,10.57778931,581.9099731,9.348730087,587.0499878,8.003552437,591.9099731,6.471085548,,,,,,,
562.9799805,10.65540218,,,568.0499878,10.6929245,478.0299988,17.26026535,607.9400024,4.430126667,,,572.9400024,10.6564827,577.9400024,10.31946564,582.9400024,9.374528885,587.9400024,7.337485313,592.9400024,6.496702194,,,,,,,
563.8800049,10.40182686,,,568.9500122,9.785552025,478.9299927,17.03958511,608.9699707,4.219230175,,,573.9699707,9.889947891,578.9699707,10.09749413,583.9699707,9.068647385,588.9699707,7.567540169,593.9699707,5.868003845,,,,,,,
564.9199829,10.41762447,,,570,10.24192047,480,16.36332321,610,3.509392262,,,574.8499756,11.21771431,580,9.543840408,584.8499756,7.955473423,590,7.197731972,594.8499756,6.406050682,,,,,,,
565.9699707,10.07947731,,,571.0200195,10.16470623,481.0400085,16.66308594,611.0100098,3.961692333,,,575.8800049,10.37649345,581.0200195,9.557451248,585.8800049,8.291940689,591.0200195,6.927549362,595.8800049,5.848040581,,,,,,,
566.8599854,9.342340469,,,572.0499878,9.722358704,481.9400024,16.93073654,612.0200195,3.877446651,,,576.9099731,9.623275757,582.0499878,9.484708786,586.9099731,8.533935547,592.0499878,6.544504166,596.9099731,5.647064209,,,,,,,
567.9099731,9.431145668,,,572.9400024,9.751389503,482.980011,16.21173096,613.039978,3.478284359,,,577.9400024,9.812639236,582.9400024,9.534025192,587.9400024,8.465118408,592.9400024,6.582865715,597.9400024,5.596435547,,,,,,,
568.9500122,10.43253136,,,573.9699707,9.73472023,484.019989,16.34930038,614.0499878,3.674752712,,,578.9699707,9.41775322,583.9699707,9.207702637,588.9699707,7.854864597,593.9699707,6.402010918,598.9699707,5.346118927,,,,,,,
569.8499756,8.913119316,,,575,9.619824409,485.0700073,16.70861053,615.0700073,3.633949757,,,579.8499756,9.471839905,585,8.502351761,589.8499756,8.376501083,595,6.219701767,599.8499756,4.853171349,,,,,,,
570.8800049,8.884961128,,,576.0200195,8.708694458,485.9700012,16.10148621,615.9400024,3.143823147,,,580.8800049,8.881929398,586.0200195,8.079061508,590.8800049,7.011160374,596.0200195,5.609269142,600.8800049,4.845686913,,,,,,,
571.9099731,9.51994133,,,577.0499878,8.486676216,487.0100098,16.25603104,616.9500122,2.741449833,,,581.9099731,9.518009186,587.0499878,8.924915314,591.9099731,7.422980785,597.0499878,5.747735977,,,,,,,,,
572.9400024,8.961567879,,,577.9400024,8.747361183,488.0499878,16.01519394,617.9699707,2.410030842,,,582.9400024,9.211992264,587.9400024,7.828041553,592.9400024,7.476533413,597.9400024,5.911458969,,,,,,,,,
573.9699707,9.217884064,,,578.9699707,7.985157967,488.9500122,15.89401722,618.9799805,3.137732983,,,583.9699707,8.998781204,588.9699707,7.632369518,593.9699707,6.763520718,598.9699707,5.489142418,,,,,,,,,
574.8499756,8.021434784,,,580,8.323479652,490,15.60319233,620,2.726183414,,,584.8499756,8.497301102,590,7.923448086,594.8499756,7.130635738,600,5.003866196,,,,,,,,,
575.8800049,8.423113823,,,581.0200195,8.453309059,,,621.0200195,2.34870863,,,585.8800049,8.360780716,591.0200195,7.777156353,595.8800049,6.589056492,,,,,,,,,,,
576.9099731,7.812462807,,,582.0499878,7.385076523,,,622.0499878,2.203662395,,,586.9099731,8.35369873,592.0499878,7.472991467,596.9099731,6.147506237,,,,,,,,,,,
577.9400024,7.944271088,,,582.9400024,7.416049004,,,622.9400024,2.249637127,,,587.9400024,8.035480499,592.9400024,6.927998066,597.9400024,6.221963406,,,,,,,,,,,
578.9699707,7.910906792,,,583.9699707,7.209921837,,,623.9699707,1.663339138,,,588.9699707,7.602916241,593.9699707,7.759967327,598.9699707,6.564676762,,,,,,,,,,,
579.8499756,6.908226013,,,585,7.397892952,,,625,1.54088068,,,589.8499756,8.057872772,595,6.837563992,599.8499756,6.12271452,,,,,,,,,,,
580.8800049,8.461338043,,,586.0200195,7.334980965,,,626.0200195,1.723621845,,,590.8800049,7.488048077,596.0200195,6.754724979,600.8800049,6.020358562,,,,,,,,,,,
581.9099731,7.063742638,,,587.0499878,6.945326805,,,627.0499878,1.32696867,,,591.9099731,7.406372547,597.0499878,6.908921719,,,,,,,,,,,,,
582.9400024,7.020392418,,,587.9400024,6.80744648,,,627.9400024,1.617943287,,,592.9400024,6.643330097,597.9400024,6.264582157,,,,,,,,,,,,,
583.9699707,6.621338844,,,588.9699707,6.713870049,,,628.9699707,1.246950626,,,593.9699707,6.991038799,598.9699707,6.225099087,,,,,,,,,,,,,
584.8499756,6.295410156,,,590,6.537858963,,,630,0.9233059883,,,594.8499756,6.609708309,600,6.091640949,,,,,,,,,,,,,
585.8800049,7.05117321,,,591.0200195,6.20307827,,,631.0100098,0.9409127235,,,595.8800049,6.669523716,,,,,,,,,,,,,,,
586.9099731,5.917579651,,,592.0499878,5.839682579,,,632.0200195,0.6643776894,,,596.9099731,6.521584034,,,,,,,,,,,,,,,
587.9400024,6.633709908,,,592.9400024,5.578983307,,,633.039978,0.6491703987,,,597.9400024,6.263989925,,,,,,,,,,,,,,,
588.9699707,6.605134964,,,593.9699707,6.28821373,,,634.0499878,0.6441311836,,,598.9699707,6.09878397,,,,,,,,,,,,,,,
589.8499756,6.243812561,,,595,5.441785812,,,635.0700073,0.5386667252,,,599.8499756,6.441066265,,,,,,,,,,,,,,,
590.8800049,6.027265549,,,596.0200195,5.77908802,,,635.9400024,0.6200060844,,,600.8800049,6.316460133,,,,,,,,,,,,,,,
591.9099731,5.183264732,,,597.0499878,5.301316261,,,636.9500122,-0.1248373985,,,,,,,,,,,,,,,,,,,
592.9400024,5.864071846,,,597.9400024,5.573573112,,,637.9699707,0.3200950623,,,,,,,,,,,,,,,,,,,
593.9699707,5.944252968,,,598.9699707,5.413415909,,,638.9799805,-0.09969758987,,,,,,,,,,,,,,,,,,,
594.8499756,5.172567368,,,600,5.036254883,,,640,-0.1940593719,,,,,,,,,,,,,,,,,,,
595.8800049,5.892929077,,,,,,,641.0100098,-0.1925163269,,,,,,,,,,,,,,,,,,,
596.9099731,5.214549065,,,,,,,642.0200195,-0.1468119621,,,,,,,,,,,,,,,,,,,
597.9400024,5.465139389,,,,,,,643.039978,-0.4975743294,,,,,,,,,,,,,,,,,,,
598.9699707,5.405365944,,,,,,,644.0499878,-0.4880008698,,,,,,,,,,,,,,,,,,,
599.8499756,4.264530182,,,,,,,645.0700073,-0.523059845,,,,,,,,,,,,,,,,,,,
600.8800049,5.028077126,,,,,,,645.9400024,-0.6872425079,,,,,,,,,,,,,,,,,,,
,,,,,,,,646.9500122,-0.9955153465,,,,,,,,,,,,,,,,,,,
,,,,,,,,647.9699707,-1.043334961,,,,,,,,,,,,,,,,,,,
,,,,,,,,648.9799805,-1.476677418,,,,,,,,,,,,,,,,,,,
,,,,,,,,650,-0.816699028,,,,,,,,,,,,,,,,,,,

CdSe 30 sec ex335,
CdSe 30 sec ex335
Collection Time: 8/19/2022 12:55:00 PM
Operator Name  :
Scan Software Version: 1.1(132)
Parameter List :
Instrument                        Cary Eclipse
Instrument Serial Number          E08013467
Data mode                         Fluorescence
Scan mode                         Emission
X Mode                            Wavelength (nm)
Start (nm)                        345.00
Stop (nm)                         600.00
Ex. Wavelength (nm)               335.00
Ex. Slit (nm)                     5
Em. Slit (nm)                     5
Scan rate (nm/min)                600.00
Data interval (nm)                1.0000
Averaging Time (s)                0.1000
Excitation filter                 Auto
Emission filter                   Open
PMT voltage (V)                   Medium
Corrected spectra                 OFF
Method Log     :
Method Name    : Default
Date/Time stamp: 8/19/2022 12:23:21 PM
Method Modifications:
Excitation Wavelength Changed: 8/19/2022 12:28:50 PM, Old: 350.00, New: 300.00
Emission Wavelength Changed: 8/19/2022 12:28:50 PM, Old: 400.00, New: 310.00
Zero Mode Changed: 8/19/2022 12:28:52 PM, Old:OFF, New:Reading
Zero Mode Changed: 8/19/2022 12:28:52 PM, Old:Reading, New:ON
Scan mode: Changed: 8/19/2022 12:30:28 PM, Old:Emission, New:Excitation
Excitation Wavelength Changed: 8/19/2022 12:30:28 PM, Old: 300.00, New: 200.00
Emission Wavelength Changed: 8/19/2022 12:30:28 PM, Old: 310.00, New: 380.00
Stop Wavelength Changed: 8/19/2022 12:30:28 PM, Old: 600.00, New: 370.00
Zero Mode Changed: 8/19/2022 12:30:31 PM, Old:ON, New:Reading
Zero Mode Changed: 8/19/2022 12:30:31 PM, Old:Reading, New:ON
Overlayed Graphs Changed: 8/19/2022 12:31:25 PM, Old:OFF, New:ON
Zero Mode Changed: 8/19/2022 12:31:50 PM, Old:ON, New:Reading
Zero Mode Changed: 8/19/2022 12:31:50 PM, Old:Reading, New:ON
Scan mode: Changed: 8/19/2022 12:33:27 PM, Old:Excitation, New:Emission
Excitation Wavelength Changed: 8/19/2022 12:33:27 PM, Old: 200.00, New: 330.00
Emission Wavelength Changed: 8/19/2022 12:33:27 PM, Old: 380.00, New: 340.00
Stop Wavelength Changed: 8/19/2022 12:33:27 PM, Old: 370.00, New: 700.00
Zero Mode Changed: 8/19/2022 12:33:29 PM, Old:ON, New:Reading
Zero Mode Changed: 8/19/2022 12:33:29 PM, Old:Reading, New:ON
Scan mode: Changed: 8/19/2022 12:35:04 PM, Old:Emission, New:Excitation
Excitation Wavelength Changed: 8/19/2022 12:35:04 PM, Old: 330.00, New: 200.00
Emission Wavelength Changed: 8/19/2022 12:35:04 PM, Old: 340.00, New: 400.00
Stop Wavelength Changed: 8/19/2022 12:35:04 PM, Old: 700.00, New: 390.00
Zero Mode Changed: 8/19/2022 12:35:08 PM, Old:ON, New:Reading
Zero Mode Changed: 8/19/2022 12:35:08 PM, Old:Reading, New:ON
Y min Changed: 8/19/2022 12:38:08 PM, Old:     0.0000, New:   -55.0000
Zero Mode Changed: 8/19/2022 12:38:10 PM, Old:ON, New:Reading
Zero Mode Changed: 8/19/2022 12:38:10 PM, Old:Reading, New:ON
Scan mode: Changed: 8/19/2022 12:39:20 PM, Old:Excitation, New:Emission
Excitation Wavelength Changed: 8/19/2022 12:39:20 PM, Old: 200.00, New: 336.00
Emission Wavelength Changed: 8/19/2022 12:39:20 PM, Old: 400.00, New: 346.00
Stop Wavelength Changed: 8/19/2022 12:39:20 PM, Old: 390.00, New: 600.00
Zero Mode Changed: 8/19/2022 12:39:22 PM, Old:ON, New:Reading
Zero Mode Changed: 8/19/2022 12:39:22 PM, Old:Reading, New:ON
Stop Wavelength Changed: 8/19/2022 12:40:10 PM, Old: 600.00, New: 700.00
Zero Mode Changed: 8/19/2022 12:40:38 PM, Old:ON, New:Reading
Zero Mode Changed: 8/19/2022 12:40:38 PM, Old:Reading, New:ON
Y min Changed: 8/19/2022 12:42:47 PM, Old:   -55.0000, New:     0.0000
Scan mode: Changed: 8/19/2022 12:42:47 PM, Old:Emission, New:Excitation
Excitation Wavelength Changed: 8/19/2022 12:42:47 PM, Old: 336.00, New: 200.00
Emission Wavelength Changed: 8/19/2022 12:42:47 PM, Old: 346.00, New: 410.00
Stop Wavelength Changed: 8/19/2022 12:42:47 PM, Old: 700.00, New: 400.00
Zero Mode Changed: 8/19/2022 12:42:51 PM, Old:ON, New:Reading
Zero Mode Changed: 8/19/2022 12:42:51 PM, Old:Reading, New:ON
Scan mode: Changed: 8/19/2022 12:54:44 PM, Old:Excitation, New:Emission
Excitation Wavelength Changed: 8/19/2022 12:54:44 PM, Old: 200.00, New: 335.00
Emission Wavelength Changed: 8/19/2022 12:54:44 PM, Old: 410.00, New: 345.00
Stop Wavelength Changed: 8/19/2022 12:54:44 PM, Old: 400.00, New: 600.00
Zero Mode Changed: 8/19/2022 12:54:46 PM, Old:ON, New:Reading
Zero Mode Changed: 8/19/2022 12:54:46 PM, Old:Reading, New:ON
End Method Modifications

CdSe 30 sec em410,
CdSe 30 sec em410
Collection Time: 8/19/2022 12:55:47 PM
Operator Name  :
Scan Software Version: 1.1(132)
Parameter List :
Instrument                        Cary Eclipse
Instrument Serial Number          E08013467
Data mode                         Fluorescence
Scan mode                         Excitation
X Mode                            Wavelength (nm)
Start (nm)                        240.00
Stop (nm)                         400.00
Em. Wavelength (nm)               410.00
Ex. Slit (nm)                     5
Em. Slit (nm)                     5
Scan rate (nm/min)                600.00
Data interval (nm)                1.0000
Averaging Time (s)                0.1000
Excitation filter                 Auto
Emission filter                   Open
PMT voltage (V)                   Medium
Corrected spectra                 OFF
Method Log     :
Method Name    : Default
Date/Time stamp: 8/19/2022 12:23:21 PM
Method Modifications:
Excitation Wavelength Changed: 8/19/2022 12:28:50 PM, Old: 350.00, New: 300.00
Emission Wavelength Changed: 8/19/2022 12:28:50 PM, Old: 400.00, New: 310.00
Zero Mode Changed: 8/19/2022 12:28:52 PM, Old:OFF, New:Reading
Zero Mode Changed: 8/19/2022 12:28:52 PM, Old:Reading, New:ON
Scan mode: Changed: 8/19/2022 12:30:28 PM, Old:Emission, New:Excitation
Excitation Wavelength Changed: 8/19/2022 12:30:28 PM, Old: 300.00, New: 200.00
Emission Wavelength Changed: 8/19/2022 12:30:28 PM, Old: 310.00, New: 380.00
Stop Wavelength Changed: 8/19/2022 12:30:28 PM, Old: 600.00, New: 370.00
Zero Mode Changed: 8/19/2022 12:30:31 PM, Old:ON, New:Reading
Zero Mode Changed: 8/19/2022 12:30:31 PM, Old:Reading, New:ON
Overlayed Graphs Changed: 8/19/2022 12:31:25 PM, Old:OFF, New:ON
Zero Mode Changed: 8/19/2022 12:31:50 PM, Old:ON, New:Reading
Zero Mode Changed: 8/19/2022 12:31:50 PM, Old:Reading, New:ON
Scan mode: Changed: 8/19/2022 12:33:27 PM, Old:Excitation, New:Emission
Excitation Wavelength Changed: 8/19/2022 12:33:27 PM, Old: 200.00, New: 330.00
Emission Wavelength Changed: 8/19/2022 12:33:27 PM, Old: 380.00, New: 340.00
Stop Wavelength Changed: 8/19/2022 12:33:27 PM, Old: 370.00, New: 700.00
Zero Mode Changed: 8/19/2022 12:33:29 PM, Old:ON, New:Reading
Zero Mode Changed: 8/19/2022 12:33:29 PM, Old:Reading, New:ON
Scan mode: Changed: 8/19/2022 12:35:04 PM, Old:Emission, New:Excitation
Excitation Wavelength Changed: 8/19/2022 12:35:04 PM, Old: 330.00, New: 200.00
Emission Wavelength Changed: 8/19/2022 12:35:04 PM, Old: 340.00, New: 400.00
Stop Wavelength Changed: 8/19/2022 12:35:04 PM, Old: 700.00, New: 390.00
Zero Mode Changed: 8/19/2022 12:35:08 PM, Old:ON, New:Reading
Zero Mode Changed: 8/19/2022 12:35:08 PM, Old:Reading, New:ON
Y min Changed: 8/19/2022 12:38:08 PM, Old:     0.0000, New:   -55.0000
Zero Mode Changed: 8/19/2022 12:38:10 PM, Old:ON, New:Reading
Zero Mode Changed: 8/19/2022 12:38:10 PM, Old:Reading, New:ON
Scan mode: Changed: 8/19/2022 12:39:20 PM, Old:Excitation, New:Emission
Excitation Wavelength Changed: 8/19/2022 12:39:20 PM, Old: 200.00, New: 336.00
Emission Wavelength Changed: 8/19/2022 12:39:20 PM, Old: 400.00, New: 346.00
Stop Wavelength Changed: 8/19/2022 12:39:20 PM, Old: 390.00, New: 600.00
Zero Mode Changed: 8/19/2022 12:39:22 PM, Old:ON, New:Reading
Zero Mode Changed: 8/19/2022 12:39:22 PM, Old:Reading, New:ON
Stop Wavelength Changed: 8/19/2022 12:40:10 PM, Old: 600.00, New: 700.00
Zero Mode Changed: 8/19/2022 12:40:38 PM, Old:ON, New:Reading
Zero Mode Changed: 8/19/2022 12:40:38 PM, Old:Reading, New:ON
Y min Changed: 8/19/2022 12:42:47 PM, Old:   -55.0000, New:     0.0000
Scan mode: Changed: 8/19/2022 12:42:47 PM, Old:Emission, New:Excitation
Excitation Wavelength Changed: 8/19/2022 12:42:47 PM, Old: 336.00, New: 200.00
Emission Wavelength Changed: 8/19/2022 12:42:47 PM, Old: 346.00, New: 410.00
Stop Wavelength Changed: 8/19/2022 12:42:47 PM, Old: 700.00, New: 400.00
Zero Mode Changed: 8/19/2022 12:42:51 PM, Old:ON, New:Reading
Zero Mode Changed: 8/19/2022 12:42:51 PM, Old:Reading, New:ON
Scan mode: Changed: 8/19/2022 12:54:44 PM, Old:Excitation, New:Emission
Excitation Wavelength Changed: 8/19/2022 12:54:44 PM, Old: 200.00, New: 335.00
Emission Wavelength Changed: 8/19/2022 12:54:44 PM, Old: 410.00, New: 345.00
Stop Wavelength Changed: 8/19/2022 12:54:44 PM, Old: 400.00, New: 600.00
Zero Mode Changed: 8/19/2022 12:54:46 PM, Old:ON, New:Reading
Zero Mode Changed: 8/19/2022 12:54:46 PM, Old:Reading, New:ON
Scan mode: Changed: 8/19/2022 12:55:39 PM, Old:Emission, New:Excitation
Excitation Wavelength Changed: 8/19/2022 12:55:39 PM, Old: 335.00, New: 240.00
Emission Wavelength Changed: 8/19/2022 12:55:39 PM, Old: 345.00, New: 410.00
Stop Wavelength Changed: 8/19/2022 12:55:39 PM, Old: 600.00, New: 400.00
Zero Mode Changed: 8/19/2022 12:55:42 PM, Old:ON, New:Reading
Zero Mode Changed: 8/19/2022 12:55:42 PM, Old:Reading, New:ON
End Method Modifications

CdSe 30 sec ex340,
CdSe 30 sec ex340
Collection Time: 8/19/2022 12:56:30 PM
Operator Name  :
Scan Software Version: 1.1(132)
Parameter List :
Instrument                        Cary Eclipse
Instrument Serial Number          E08013467
Data mode                         Fluorescence
Scan mode                         Emission
X Mode                            Wavelength (nm)
Start (nm)                        350.00
Stop (nm)                         600.00
Ex. Wavelength (nm)               340.00
Ex. Slit (nm)                     5
Em. Slit (nm)                     5
Scan rate (nm/min)                600.00
Data interval (nm)                1.0000
Averaging Time (s)                0.1000
Excitation filter                 Auto
Emission filter                   Open
PMT voltage (V)                   Medium
Corrected spectra                 OFF
Method Log     :
Method Name    : Default
Date/Time stamp: 8/19/2022 12:23:21 PM
Method Modifications:
Excitation Wavelength Changed: 8/19/2022 12:28:50 PM, Old: 350.00, New: 300.00
Emission Wavelength Changed: 8/19/2022 12:28:50 PM, Old: 400.00, New: 310.00
Zero Mode Changed: 8/19/2022 12:28:52 PM, Old:OFF, New:Reading
Zero Mode Changed: 8/19/2022 12:28:52 PM, Old:Reading, New:ON
Scan mode: Changed: 8/19/2022 12:30:28 PM, Old:Emission, New:Excitation
Excitation Wavelength Changed: 8/19/2022 12:30:28 PM, Old: 300.00, New: 200.00
Emission Wavelength Changed: 8/19/2022 12:30:28 PM, Old: 310.00, New: 380.00
Stop Wavelength Changed: 8/19/2022 12:30:28 PM, Old: 600.00, New: 370.00
Zero Mode Changed: 8/19/2022 12:30:31 PM, Old:ON, New:Reading
Zero Mode Changed: 8/19/2022 12:30:31 PM, Old:Reading, New:ON
Overlayed Graphs Changed: 8/19/2022 12:31:25 PM, Old:OFF, New:ON
Zero Mode Changed: 8/19/2022 12:31:50 PM, Old:ON, New:Reading
Zero Mode Changed: 8/19/2022 12:31:50 PM, Old:Reading, New:ON
Scan mode: Changed: 8/19/2022 12:33:27 PM, Old:Excitation, New:Emission
Excitation Wavelength Changed: 8/19/2022 12:33:27 PM, Old: 200.00, New: 330.00
Emission Wavelength Changed: 8/19/2022 12:33:27 PM, Old: 380.00, New: 340.00
Stop Wavelength Changed: 8/19/2022 12:33:27 PM, Old: 370.00, New: 700.00
Zero Mode Changed: 8/19/2022 12:33:29 PM, Old:ON, New:Reading
Zero Mode Changed: 8/19/2022 12:33:29 PM, Old:Reading, New:ON
Scan mode: Changed: 8/19/2022 12:35:04 PM, Old:Emission, New:Excitation
Excitation Wavelength Changed: 8/19/2022 12:35:04 PM, Old: 330.00, New: 200.00
Emission Wavelength Changed: 8/19/2022 12:35:04 PM, Old: 340.00, New: 400.00
Stop Wavelength Changed: 8/19/2022 12:35:04 PM, Old: 700.00, New: 390.00
Zero Mode Changed: 8/19/2022 12:35:08 PM, Old:ON, New:Reading
Zero Mode Changed: 8/19/2022 12:35:08 PM, Old:Reading, New:ON
Y min Changed: 8/19/2022 12:38:08 PM, Old:     0.0000, New:   -55.0000
Zero Mode Changed: 8/19/2022 12:38:10 PM, Old:ON, New:Reading
Zero Mode Changed: 8/19/2022 12:38:10 PM, Old:Reading, New:ON
Scan mode: Changed: 8/19/2022 12:39:20 PM, Old:Excitation, New:Emission
Excitation Wavelength Changed: 8/19/2022 12:39:20 PM, Old: 200.00, New: 336.00
Emission Wavelength Changed: 8/19/2022 12:39:20 PM, Old: 400.00, New: 346.00
Stop Wavelength Changed: 8/19/2022 12:39:20 PM, Old: 390.00, New: 600.00
Zero Mode Changed: 8/19/2022 12:39:22 PM, Old:ON, New:Reading
Zero Mode Changed: 8/19/2022 12:39:22 PM, Old:Reading, New:ON
Stop Wavelength Changed: 8/19/2022 12:40:10 PM, Old: 600.00, New: 700.00
Zero Mode Changed: 8/19/2022 12:40:38 PM, Old:ON, New:Reading
Zero Mode Changed: 8/19/2022 12:40:38 PM, Old:Reading, New:ON
Y min Changed: 8/19/2022 12:42:47 PM, Old:   -55.0000, New:     0.0000
Scan mode: Changed: 8/19/2022 12:42:47 PM, Old:Emission, New:Excitation
Excitation Wavelength Changed: 8/19/2022 12:42:47 PM, Old: 336.00, New: 200.00
Emission Wavelength Changed: 8/19/2022 12:42:47 PM, Old: 346.00, New: 410.00
Stop Wavelength Changed: 8/19/2022 12:42:47 PM, Old: 700.00, New: 400.00
Zero Mode Changed: 8/19/2022 12:42:51 PM, Old:ON, New:Reading
Zero Mode Changed: 8/19/2022 12:42:51 PM, Old:Reading, New:ON
Scan mode: Changed: 8/19/2022 12:54:44 PM, Old:Excitation, New:Emission
Excitation Wavelength Changed: 8/19/2022 12:54:44 PM, Old: 200.00, New: 335.00
Emission Wavelength Changed: 8/19/2022 12:54:44 PM, Old: 410.00, New: 345.00
Stop Wavelength Changed: 8/19/2022 12:54:44 PM, Old: 400.00, New: 600.00
Zero Mode Changed: 8/19/2022 12:54:46 PM, Old:ON, New:Reading
Zero Mode Changed: 8/19/2022 12:54:46 PM, Old:Reading, New:ON
Scan mode: Changed: 8/19/2022 12:55:39 PM, Old:Emission, New:Excitation
Excitation Wavelength Changed: 8/19/2022 12:55:39 PM, Old: 335.00, New: 240.00
Emission Wavelength Changed: 8/19/2022 12:55:39 PM, Old: 345.00, New: 410.00
Stop Wavelength Changed: 8/19/2022 12:55:39 PM, Old: 600.00, New: 400.00
Zero Mode Changed: 8/19/2022 12:55:42 PM, Old:ON, New:Reading
Zero Mode Changed: 8/19/2022 12:55:42 PM, Old:Reading, New:ON
Scan mode: Changed: 8/19/2022 12:56:21 PM, Old:Excitation, New:Emission
Excitation Wavelength Changed: 8/19/2022 12:56:21 PM, Old: 240.00, New: 340.00
Emission Wavelength Changed: 8/19/2022 12:56:21 PM, Old: 410.00, New: 350.00
Stop Wavelength Changed: 8/19/2022 12:56:21 PM, Old: 400.00, New: 600.00
Zero Mode Changed: 8/19/2022 12:56:24 PM, Old:ON, New:Reading
Zero Mode Changed: 8/19/2022 12:56:24 PM, Old:Reading, New:ON
End Method Modifications

CdSe 30 sec em500,
CdSe 30 sec em500
Collection Time: 8/19/2022 12:58:01 PM
Operator Name  :
Scan Software Version: 1.1(132)
Parameter List :
Instrument                        Cary Eclipse
Instrument Serial Number          E08013467
Data mode                         Fluorescence
Scan mode                         Excitation
X Mode                            Wavelength (nm)
Start (nm)                        260.00
Stop (nm)                         490.00
Em. Wavelength (nm)               500.00
Ex. Slit (nm)                     5
Em. Slit (nm)                     5
Scan rate (nm/min)                600.00
Data interval (nm)                1.0000
Averaging Time (s)                0.1000
Excitation filter                 Auto
Emission filter                   Open
PMT voltage (V)                   Medium
Corrected spectra                 OFF
Method Log     :
Method Name    : Default
Date/Time stamp: 8/19/2022 12:23:21 PM
Method Modifications:
Excitation Wavelength Changed: 8/19/2022 12:28:50 PM, Old: 350.00, New: 300.00
Emission Wavelength Changed: 8/19/2022 12:28:50 PM, Old: 400.00, New: 310.00
Zero Mode Changed: 8/19/2022 12:28:52 PM, Old:OFF, New:Reading
Zero Mode Changed: 8/19/2022 12:28:52 PM, Old:Reading, New:ON
Scan mode: Changed: 8/19/2022 12:30:28 PM, Old:Emission, New:Excitation
Excitation Wavelength Changed: 8/19/2022 12:30:28 PM, Old: 300.00, New: 200.00
Emission Wavelength Changed: 8/19/2022 12:30:28 PM, Old: 310.00, New: 380.00
Stop Wavelength Changed: 8/19/2022 12:30:28 PM, Old: 600.00, New: 370.00
Zero Mode Changed: 8/19/2022 12:30:31 PM, Old:ON, New:Reading
Zero Mode Changed: 8/19/2022 12:30:31 PM, Old:Reading, New:ON
Overlayed Graphs Changed: 8/19/2022 12:31:25 PM, Old:OFF, New:ON
Zero Mode Changed: 8/19/2022 12:31:50 PM, Old:ON, New:Reading
Zero Mode Changed: 8/19/2022 12:31:50 PM, Old:Reading, New:ON
Scan mode: Changed: 8/19/2022 12:33:27 PM, Old:Excitation, New:Emission
Excitation Wavelength Changed: 8/19/2022 12:33:27 PM, Old: 200.00, New: 330.00
Emission Wavelength Changed: 8/19/2022 12:33:27 PM, Old: 380.00, New: 340.00
Stop Wavelength Changed: 8/19/2022 12:33:27 PM, Old: 370.00, New: 700.00
Zero Mode Changed: 8/19/2022 12:33:29 PM, Old:ON, New:Reading
Zero Mode Changed: 8/19/2022 12:33:29 PM, Old:Reading, New:ON
Scan mode: Changed: 8/19/2022 12:35:04 PM, Old:Emission, New:Excitation
Excitation Wavelength Changed: 8/19/2022 12:35:04 PM, Old: 330.00, New: 200.00
Emission Wavelength Changed: 8/19/2022 12:35:04 PM, Old: 340.00, New: 400.00
Stop Wavelength Changed: 8/19/2022 12:35:04 PM, Old: 700.00, New: 390.00
Zero Mode Changed: 8/19/2022 12:35:08 PM, Old:ON, New:Reading
Zero Mode Changed: 8/19/2022 12:35:08 PM, Old:Reading, New:ON
Y min Changed: 8/19/2022 12:38:08 PM, Old:     0.0000, New:   -55.0000
Zero Mode Changed: 8/19/2022 12:38:10 PM, Old:ON, New:Reading
Zero Mode Changed: 8/19/2022 12:38:10 PM, Old:Reading, New:ON
Scan mode: Changed: 8/19/2022 12:39:20 PM, Old:Excitation, New:Emission
Excitation Wavelength Changed: 8/19/2022 12:39:20 PM, Old: 200.00, New: 336.00
Emission Wavelength Changed: 8/19/2022 12:39:20 PM, Old: 400.00, New: 346.00
Stop Wavelength Changed: 8/19/2022 12:39:20 PM, Old: 390.00, New: 600.00
Zero Mode Changed: 8/19/2022 12:39:22 PM, Old:ON, New:Reading
Zero Mode Changed: 8/19/2022 12:39:22 PM, Old:Reading, New:ON
Stop Wavelength Changed: 8/19/2022 12:40:10 PM, Old: 600.00, New: 700.00
Zero Mode Changed: 8/19/2022 12:40:38 PM, Old:ON, New:Reading
Zero Mode Changed: 8/19/2022 12:40:38 PM, Old:Reading, New:ON
Y min Changed: 8/19/2022 12:42:47 PM, Old:   -55.0000, New:     0.0000
Scan mode: Changed: 8/19/2022 12:42:47 PM, Old:Emission, New:Excitation
Excitation Wavelength Changed: 8/19/2022 12:42:47 PM, Old: 336.00, New: 200.00
Emission Wavelength Changed: 8/19/2022 12:42:47 PM, Old: 346.00, New: 410.00
Stop Wavelength Changed: 8/19/2022 12:42:47 PM, Old: 700.00, New: 400.00
Zero Mode Changed: 8/19/2022 12:42:51 PM, Old:ON, New:Reading
Zero Mode Changed: 8/19/2022 12:42:51 PM, Old:Reading, New:ON
Scan mode: Changed: 8/19/2022 12:54:44 PM, Old:Excitation, New:Emission
Excitation Wavelength Changed: 8/19/2022 12:54:44 PM, Old: 200.00, New: 335.00
Emission Wavelength Changed: 8/19/2022 12:54:44 PM, Old: 410.00, New: 345.00
Stop Wavelength Changed: 8/19/2022 12:54:44 PM, Old: 400.00, New: 600.00
Zero Mode Changed: 8/19/2022 12:54:46 PM, Old:ON, New:Reading
Zero Mode Changed: 8/19/2022 12:54:46 PM, Old:Reading, New:ON
Scan mode: Changed: 8/19/2022 12:55:39 PM, Old:Emission, New:Excitation
Excitation Wavelength Changed: 8/19/2022 12:55:39 PM, Old: 335.00, New: 240.00
Emission Wavelength Changed: 8/19/2022 12:55:39 PM, Old: 345.00, New: 410.00
Stop Wavelength Changed: 8/19/2022 12:55:39 PM, Old: 600.00, New: 400.00
Zero Mode Changed: 8/19/2022 12:55:42 PM, Old:ON, New:Reading
Zero Mode Changed: 8/19/2022 12:55:42 PM, Old:Reading, New:ON
Scan mode: Changed: 8/19/2022 12:56:21 PM, Old:Excitation, New:Emission
Excitation Wavelength Changed: 8/19/2022 12:56:21 PM, Old: 240.00, New: 340.00
Emission Wavelength Changed: 8/19/2022 12:56:21 PM, Old: 410.00, New: 350.00
Stop Wavelength Changed: 8/19/2022 12:56:21 PM, Old: 400.00, New: 600.00
Zero Mode Changed: 8/19/2022 12:56:24 PM, Old:ON, New:Reading
Zero Mode Changed: 8/19/2022 12:56:24 PM, Old:Reading, New:ON
Scan mode: Changed: 8/19/2022 12:57:53 PM, Old:Emission, New:Excitation
User Delta Stop Changed: 8/19/2022 12:57:53 PM, Old: 450.00, New: 500.00
User Delta Increment Changed: 8/19/2022 12:57:53 PM, Old:  10.00, New:   0.15
Excitation Wavelength Changed: 8/19/2022 12:57:53 PM, Old: 340.00, New: 260.00
Emission Wavelength Changed: 8/19/2022 12:57:53 PM, Old: 350.00, New: 500.00
Stop Wavelength Changed: 8/19/2022 12:57:53 PM, Old: 600.00, New: 490.00
Zero Mode Changed: 8/19/2022 12:57:56 PM, Old:ON, New:Reading
Zero Mode Changed: 8/19/2022 12:57:56 PM, Old:Reading, New:ON
End Method Modifications

CdSe 30 sec ex380,
CdSe 30 sec ex380
Collection Time: 8/19/2022 12:59:00 PM
Operator Name  :
Scan Software Version: 1.1(132)
Parameter List :
Instrument                        Cary Eclipse
Instrument Serial Number          E08013467
Data mode                         Fluorescence
Scan mode                         Emission
X Mode                            Wavelength (nm)
Start (nm)                        390.00
Stop (nm)                         650.00
Ex. Wavelength (nm)               380.00
Ex. Slit (nm)                     5
Em. Slit (nm)                     5
Scan rate (nm/min)                600.00
Data interval (nm)                1.0000
Averaging Time (s)                0.1000
Excitation filter                 Auto
Emission filter                   Open
PMT voltage (V)                   Medium
Corrected spectra                 OFF
Method Log     :
Method Name    : Default
Date/Time stamp: 8/19/2022 12:23:21 PM
Method Modifications:
Excitation Wavelength Changed: 8/19/2022 12:28:50 PM, Old: 350.00, New: 300.00
Emission Wavelength Changed: 8/19/2022 12:28:50 PM, Old: 400.00, New: 310.00
Zero Mode Changed: 8/19/2022 12:28:52 PM, Old:OFF, New:Reading
Zero Mode Changed: 8/19/2022 12:28:52 PM, Old:Reading, New:ON
Scan mode: Changed: 8/19/2022 12:30:28 PM, Old:Emission, New:Excitation
Excitation Wavelength Changed: 8/19/2022 12:30:28 PM, Old: 300.00, New: 200.00
Emission Wavelength Changed: 8/19/2022 12:30:28 PM, Old: 310.00, New: 380.00
Stop Wavelength Changed: 8/19/2022 12:30:28 PM, Old: 600.00, New: 370.00
Zero Mode Changed: 8/19/2022 12:30:31 PM, Old:ON, New:Reading
Zero Mode Changed: 8/19/2022 12:30:31 PM, Old:Reading, New:ON
Overlayed Graphs Changed: 8/19/2022 12:31:25 PM, Old:OFF, New:ON
Zero Mode Changed: 8/19/2022 12:31:50 PM, Old:ON, New:Reading
Zero Mode Changed: 8/19/2022 12:31:50 PM, Old:Reading, New:ON
Scan mode: Changed: 8/19/2022 12:33:27 PM, Old:Excitation, New:Emission
Excitation Wavelength Changed: 8/19/2022 12:33:27 PM, Old: 200.00, New: 330.00
Emission Wavelength Changed: 8/19/2022 12:33:27 PM, Old: 380.00, New: 340.00
Stop Wavelength Changed: 8/19/2022 12:33:27 PM, Old: 370.00, New: 700.00
Zero Mode Changed: 8/19/2022 12:33:29 PM, Old:ON, New:Reading
Zero Mode Changed: 8/19/2022 12:33:29 PM, Old:Reading, New:ON
Scan mode: Changed: 8/19/2022 12:35:04 PM, Old:Emission, New:Excitation
Excitation Wavelength Changed: 8/19/2022 12:35:04 PM, Old: 330.00, New: 200.00
Emission Wavelength Changed: 8/19/2022 12:35:04 PM, Old: 340.00, New: 400.00
Stop Wavelength Changed: 8/19/2022 12:35:04 PM, Old: 700.00, New: 390.00
Zero Mode Changed: 8/19/2022 12:35:08 PM, Old:ON, New:Reading
Zero Mode Changed: 8/19/2022 12:35:08 PM, Old:Reading, New:ON
Y min Changed: 8/19/2022 12:38:08 PM, Old:     0.0000, New:   -55.0000
Zero Mode Changed: 8/19/2022 12:38:10 PM, Old:ON, New:Reading
Zero Mode Changed: 8/19/2022 12:38:10 PM, Old:Reading, New:ON
Scan mode: Changed: 8/19/2022 12:39:20 PM, Old:Excitation, New:Emission
Excitation Wavelength Changed: 8/19/2022 12:39:20 PM, Old: 200.00, New: 336.00
Emission Wavelength Changed: 8/19/2022 12:39:20 PM, Old: 400.00, New: 346.00
Stop Wavelength Changed: 8/19/2022 12:39:20 PM, Old: 390.00, New: 600.00
Zero Mode Changed: 8/19/2022 12:39:22 PM, Old:ON, New:Reading
Zero Mode Changed: 8/19/2022 12:39:22 PM, Old:Reading, New:ON
Stop Wavelength Changed: 8/19/2022 12:40:10 PM, Old: 600.00, New: 700.00
Zero Mode Changed: 8/19/2022 12:40:38 PM, Old:ON, New:Reading
Zero Mode Changed: 8/19/2022 12:40:38 PM, Old:Reading, New:ON
Y min Changed: 8/19/2022 12:42:47 PM, Old:   -55.0000, New:     0.0000
Scan mode: Changed: 8/19/2022 12:42:47 PM, Old:Emission, New:Excitation
Excitation Wavelength Changed: 8/19/2022 12:42:47 PM, Old: 336.00, New: 200.00
Emission Wavelength Changed: 8/19/2022 12:42:47 PM, Old: 346.00, New: 410.00
Stop Wavelength Changed: 8/19/2022 12:42:47 PM, Old: 700.00, New: 400.00
Zero Mode Changed: 8/19/2022 12:42:51 PM, Old:ON, New:Reading
Zero Mode Changed: 8/19/2022 12:42:51 PM, Old:Reading, New:ON
Scan mode: Changed: 8/19/2022 12:54:44 PM, Old:Excitation, New:Emission
Excitation Wavelength Changed: 8/19/2022 12:54:44 PM, Old: 200.00, New: 335.00
Emission Wavelength Changed: 8/19/2022 12:54:44 PM, Old: 410.00, New: 345.00
Stop Wavelength Changed: 8/19/2022 12:54:44 PM, Old: 400.00, New: 600.00
Zero Mode Changed: 8/19/2022 12:54:46 PM, Old:ON, New:Reading
Zero Mode Changed: 8/19/2022 12:54:46 PM, Old:Reading, New:ON
Scan mode: Changed: 8/19/2022 12:55:39 PM, Old:Emission, New:Excitation
Excitation Wavelength Changed: 8/19/2022 12:55:39 PM, Old: 335.00, New: 240.00
Emission Wavelength Changed: 8/19/2022 12:55:39 PM, Old: 345.00, New: 410.00
Stop Wavelength Changed: 8/19/2022 12:55:39 PM, Old: 600.00, New: 400.00
Zero Mode Changed: 8/19/2022 12:55:42 PM, Old:ON, New:Reading
Zero Mode Changed: 8/19/2022 12:55:42 PM, Old:Reading, New:ON
Scan mode: Changed: 8/19/2022 12:56:21 PM, Old:Excitation, New:Emission
Excitation Wavelength Changed: 8/19/2022 12:56:21 PM, Old: 240.00, New: 340.00
Emission Wavelength Changed: 8/19/2022 12:56:21 PM, Old: 410.00, New: 350.00
Stop Wavelength Changed: 8/19/2022 12:56:21 PM, Old: 400.00, New: 600.00
Zero Mode Changed: 8/19/2022 12:56:24 PM, Old:ON, New:Reading
Zero Mode Changed: 8/19/2022 12:56:24 PM, Old:Reading, New:ON
Scan mode: Changed: 8/19/2022 12:57:53 PM, Old:Emission, New:Excitation
User Delta Stop Changed: 8/19/2022 12:57:53 PM, Old: 450.00, New: 500.00
User Delta Increment Changed: 8/19/2022 12:57:53 PM, Old:  10.00, New:   0.15
Excitation Wavelength Changed: 8/19/2022 12:57:53 PM, Old: 340.00, New: 260.00
Emission Wavelength Changed: 8/19/2022 12:57:53 PM, Old: 350.00, New: 500.00
Stop Wavelength Changed: 8/19/2022 12:57:53 PM, Old: 600.00, New: 490.00
Zero Mode Changed: 8/19/2022 12:57:56 PM, Old:ON, New:Reading
Zero Mode Changed: 8/19/2022 12:57:56 PM, Old:Reading, New:ON
Scan mode: Changed: 8/19/2022 12:58:50 PM, Old:Excitation, New:Emission
Excitation Wavelength Changed: 8/19/2022 12:58:50 PM, Old: 260.00, New: 380.00
Emission Wavelength Changed: 8/19/2022 12:58:50 PM, Old: 500.00, New: 390.00
Stop Wavelength Changed: 8/19/2022 12:58:50 PM, Old: 490.00, New: 650.00
Zero Mode Changed: 8/19/2022 12:58:52 PM, Old:ON, New:Reading
Zero Mode Changed: 8/19/2022 12:58:52 PM, Old:Reading, New:ON
End Method Modifications

CdSe 30 sec em420,
CdSe 30 sec em420
Collection Time: 8/19/2022 12:59:55 PM
Operator Name  :
Scan Software Version: 1.1(132)
Parameter List :
Instrument                        Cary Eclipse
Instrument Serial Number          E08013467
Data mode                         Fluorescence
Scan mode                         Excitation
X Mode                            Wavelength (nm)
Start (nm)                        240.00
Stop (nm)                         410.00
Em. Wavelength (nm)               420.00
Ex. Slit (nm)                     5
Em. Slit (nm)                     5
Scan rate (nm/min)                600.00
Data interval (nm)                1.0000
Averaging Time (s)                0.1000
Excitation filter                 Auto
Emission filter                   Open
PMT voltage (V)                   Medium
Corrected spectra                 OFF
Method Log     :
Method Name    : Default
Date/Time stamp: 8/19/2022 12:23:21 PM
Method Modifications:
Excitation Wavelength Changed: 8/19/2022 12:28:50 PM, Old: 350.00, New: 300.00
Emission Wavelength Changed: 8/19/2022 12:28:50 PM, Old: 400.00, New: 310.00
Zero Mode Changed: 8/19/2022 12:28:52 PM, Old:OFF, New:Reading
Zero Mode Changed: 8/19/2022 12:28:52 PM, Old:Reading, New:ON
Scan mode: Changed: 8/19/2022 12:30:28 PM, Old:Emission, New:Excitation
Excitation Wavelength Changed: 8/19/2022 12:30:28 PM, Old: 300.00, New: 200.00
Emission Wavelength Changed: 8/19/2022 12:30:28 PM, Old: 310.00, New: 380.00
Stop Wavelength Changed: 8/19/2022 12:30:28 PM, Old: 600.00, New: 370.00
Zero Mode Changed: 8/19/2022 12:30:31 PM, Old:ON, New:Reading
Zero Mode Changed: 8/19/2022 12:30:31 PM, Old:Reading, New:ON
Overlayed Graphs Changed: 8/19/2022 12:31:25 PM, Old:OFF, New:ON
Zero Mode Changed: 8/19/2022 12:31:50 PM, Old:ON, New:Reading
Zero Mode Changed: 8/19/2022 12:31:50 PM, Old:Reading, New:ON
Scan mode: Changed: 8/19/2022 12:33:27 PM, Old:Excitation, New:Emission
Excitation Wavelength Changed: 8/19/2022 12:33:27 PM, Old: 200.00, New: 330.00
Emission Wavelength Changed: 8/19/2022 12:33:27 PM, Old: 380.00, New: 340.00
Stop Wavelength Changed: 8/19/2022 12:33:27 PM, Old: 370.00, New: 700.00
Zero Mode Changed: 8/19/2022 12:33:29 PM, Old:ON, New:Reading
Zero Mode Changed: 8/19/2022 12:33:29 PM, Old:Reading, New:ON
Scan mode: Changed: 8/19/2022 12:35:04 PM, Old:Emission, New:Excitation
Excitation Wavelength Changed: 8/19/2022 12:35:04 PM, Old: 330.00, New: 200.00
Emission Wavelength Changed: 8/19/2022 12:35:04 PM, Old: 340.00, New: 400.00
Stop Wavelength Changed: 8/19/2022 12:35:04 PM, Old: 700.00, New: 390.00
Zero Mode Changed: 8/19/2022 12:35:08 PM, Old:ON, New:Reading
Zero Mode Changed: 8/19/2022 12:35:08 PM, Old:Reading, New:ON
Y min Changed: 8/19/2022 12:38:08 PM, Old:     0.0000, New:   -55.0000
Zero Mode Changed: 8/19/2022 12:38:10 PM, Old:ON, New:Reading
Zero Mode Changed: 8/19/2022 12:38:10 PM, Old:Reading, New:ON
Scan mode: Changed: 8/19/2022 12:39:20 PM, Old:Excitation, New:Emission
Excitation Wavelength Changed: 8/19/2022 12:39:20 PM, Old: 200.00, New: 336.00
Emission Wavelength Changed: 8/19/2022 12:39:20 PM, Old: 400.00, New: 346.00
Stop Wavelength Changed: 8/19/2022 12:39:20 PM, Old: 390.00, New: 600.00
Zero Mode Changed: 8/19/2022 12:39:22 PM, Old:ON, New:Reading
Zero Mode Changed: 8/19/2022 12:39:22 PM, Old:Reading, New:ON
Stop Wavelength Changed: 8/19/2022 12:40:10 PM, Old: 600.00, New: 700.00
Zero Mode Changed: 8/19/2022 12:40:38 PM, Old:ON, New:Reading
Zero Mode Changed: 8/19/2022 12:40:38 PM, Old:Reading, New:ON
Y min Changed: 8/19/2022 12:42:47 PM, Old:   -55.0000, New:     0.0000
Scan mode: Changed: 8/19/2022 12:42:47 PM, Old:Emission, New:Excitation
Excitation Wavelength Changed: 8/19/2022 12:42:47 PM, Old: 336.00, New: 200.00
Emission Wavelength Changed: 8/19/2022 12:42:47 PM, Old: 346.00, New: 410.00
Stop Wavelength Changed: 8/19/2022 12:42:47 PM, Old: 700.00, New: 400.00
Zero Mode Changed: 8/19/2022 12:42:51 PM, Old:ON, New:Reading
Zero Mode Changed: 8/19/2022 12:42:51 PM, Old:Reading, New:ON
Scan mode: Changed: 8/19/2022 12:54:44 PM, Old:Excitation, New:Emission
Excitation Wavelength Changed: 8/19/2022 12:54:44 PM, Old: 200.00, New: 335.00
Emission Wavelength Changed: 8/19/2022 12:54:44 PM, Old: 410.00, New: 345.00
Stop Wavelength Changed: 8/19/2022 12:54:44 PM, Old: 400.00, New: 600.00
Zero Mode Changed: 8/19/2022 12:54:46 PM, Old:ON, New:Reading
Zero Mode Changed: 8/19/2022 12:54:46 PM, Old:Reading, New:ON
Scan mode: Changed: 8/19/2022 12:55:39 PM, Old:Emission, New:Excitation
Excitation Wavelength Changed: 8/19/2022 12:55:39 PM, Old: 335.00, New: 240.00
Emission Wavelength Changed: 8/19/2022 12:55:39 PM, Old: 345.00, New: 410.00
Stop Wavelength Changed: 8/19/2022 12:55:39 PM, Old: 600.00, New: 400.00
Zero Mode Changed: 8/19/2022 12:55:42 PM, Old:ON, New:Reading
Zero Mode Changed: 8/19/2022 12:55:42 PM, Old:Reading, New:ON
Scan mode: Changed: 8/19/2022 12:56:21 PM, Old:Excitation, New:Emission
Excitation Wavelength Changed: 8/19/2022 12:56:21 PM, Old: 240.00, New: 340.00
Emission Wavelength Changed: 8/19/2022 12:56:21 PM, Old: 410.00, New: 350.00
Stop Wavelength Changed: 8/19/2022 12:56:21 PM, Old: 400.00, New: 600.00
Zero Mode Changed: 8/19/2022 12:56:24 PM, Old:ON, New:Reading
Zero Mode Changed: 8/19/2022 12:56:24 PM, Old:Reading, New:ON
Scan mode: Changed: 8/19/2022 12:57:53 PM, Old:Emission, New:Excitation
User Delta Stop Changed: 8/19/2022 12:57:53 PM, Old: 450.00, New: 500.00
User Delta Increment Changed: 8/19/2022 12:57:53 PM, Old:  10.00, New:   0.15
Excitation Wavelength Changed: 8/19/2022 12:57:53 PM, Old: 340.00, New: 260.00
Emission Wavelength Changed: 8/19/2022 12:57:53 PM, Old: 350.00, New: 500.00
Stop Wavelength Changed: 8/19/2022 12:57:53 PM, Old: 600.00, New: 490.00
Zero Mode Changed: 8/19/2022 12:57:56 PM, Old:ON, New:Reading
Zero Mode Changed: 8/19/2022 12:57:56 PM, Old:Reading, New:ON
Scan mode: Changed: 8/19/2022 12:58:50 PM, Old:Excitation, New:Emission
Excitation Wavelength Changed: 8/19/2022 12:58:50 PM, Old: 260.00, New: 380.00
Emission Wavelength Changed: 8/19/2022 12:58:50 PM, Old: 500.00, New: 390.00
Stop Wavelength Changed: 8/19/2022 12:58:50 PM, Old: 490.00, New: 650.00
Zero Mode Changed: 8/19/2022 12:58:52 PM, Old:ON, New:Reading
Zero Mode Changed: 8/19/2022 12:58:52 PM, Old:Reading, New:ON
Scan mode: Changed: 8/19/2022 12:59:47 PM, Old:Emission, New:Excitation
Excitation Wavelength Changed: 8/19/2022 12:59:47 PM, Old: 380.00, New: 240.00
Emission Wavelength Changed: 8/19/2022 12:59:47 PM, Old: 390.00, New: 420.00
Stop Wavelength Changed: 8/19/2022 12:59:47 PM, Old: 650.00, New: 410.00
Zero Mode Changed: 8/19/2022 12:59:51 PM, Old:ON, New:Reading
Zero Mode Changed: 8/19/2022 12:59:51 PM, Old:Reading, New:ON
End Method Modifications

CdSe 30 sec ex345,
CdSe 30 sec ex345
Collection Time: 8/19/2022 1:00:36 PM
Operator Name  :
Scan Software Version: 1.1(132)
Parameter List :
Instrument                        Cary Eclipse
Instrument Serial Number          E08013467
Data mode                         Fluorescence
Scan mode                         Emission
X Mode                            Wavelength (nm)
Start (nm)                        355.00
Stop (nm)                         600.00
Ex. Wavelength (nm)               345.00
Ex. Slit (nm)                     5
Em. Slit (nm)                     5
Scan rate (nm/min)                600.00
Data interval (nm)                1.0000
Averaging Time (s)                0.1000
Excitation filter                 Auto
Emission filter                   Open
PMT voltage (V)                   Medium
Corrected spectra                 OFF
Method Log     :
Method Name    : Default
Date/Time stamp: 8/19/2022 12:23:21 PM
Method Modifications:
Excitation Wavelength Changed: 8/19/2022 12:28:50 PM, Old: 350.00, New: 300.00
Emission Wavelength Changed: 8/19/2022 12:28:50 PM, Old: 400.00, New: 310.00
Zero Mode Changed: 8/19/2022 12:28:52 PM, Old:OFF, New:Reading
Zero Mode Changed: 8/19/2022 12:28:52 PM, Old:Reading, New:ON
Scan mode: Changed: 8/19/2022 12:30:28 PM, Old:Emission, New:Excitation
Excitation Wavelength Changed: 8/19/2022 12:30:28 PM, Old: 300.00, New: 200.00
Emission Wavelength Changed: 8/19/2022 12:30:28 PM, Old: 310.00, New: 380.00
Stop Wavelength Changed: 8/19/2022 12:30:28 PM, Old: 600.00, New: 370.00
Zero Mode Changed: 8/19/2022 12:30:31 PM, Old:ON, New:Reading
Zero Mode Changed: 8/19/2022 12:30:31 PM, Old:Reading, New:ON
Overlayed Graphs Changed: 8/19/2022 12:31:25 PM, Old:OFF, New:ON
Zero Mode Changed: 8/19/2022 12:31:50 PM, Old:ON, New:Reading
Zero Mode Changed: 8/19/2022 12:31:50 PM, Old:Reading, New:ON
Scan mode: Changed: 8/19/2022 12:33:27 PM, Old:Excitation, New:Emission
Excitation Wavelength Changed: 8/19/2022 12:33:27 PM, Old: 200.00, New: 330.00
Emission Wavelength Changed: 8/19/2022 12:33:27 PM, Old: 380.00, New: 340.00
Stop Wavelength Changed: 8/19/2022 12:33:27 PM, Old: 370.00, New: 700.00
Zero Mode Changed: 8/19/2022 12:33:29 PM, Old:ON, New:Reading
Zero Mode Changed: 8/19/2022 12:33:29 PM, Old:Reading, New:ON
Scan mode: Changed: 8/19/2022 12:35:04 PM, Old:Emission, New:Excitation
Excitation Wavelength Changed: 8/19/2022 12:35:04 PM, Old: 330.00, New: 200.00
Emission Wavelength Changed: 8/19/2022 12:35:04 PM, Old: 340.00, New: 400.00
Stop Wavelength Changed: 8/19/2022 12:35:04 PM, Old: 700.00, New: 390.00
Zero Mode Changed: 8/19/2022 12:35:08 PM, Old:ON, New:Reading
Zero Mode Changed: 8/19/2022 12:35:08 PM, Old:Reading, New:ON
Y min Changed: 8/19/2022 12:38:08 PM, Old:     0.0000, New:   -55.0000
Zero Mode Changed: 8/19/2022 12:38:10 PM, Old:ON, New:Reading
Zero Mode Changed: 8/19/2022 12:38:10 PM, Old:Reading, New:ON
Scan mode: Changed: 8/19/2022 12:39:20 PM, Old:Excitation, New:Emission
Excitation Wavelength Changed: 8/19/2022 12:39:20 PM, Old: 200.00, New: 336.00
Emission Wavelength Changed: 8/19/2022 12:39:20 PM, Old: 400.00, New: 346.00
Stop Wavelength Changed: 8/19/2022 12:39:20 PM, Old: 390.00, New: 600.00
Zero Mode Changed: 8/19/2022 12:39:22 PM, Old:ON, New:Reading
Zero Mode Changed: 8/19/2022 12:39:22 PM, Old:Reading, New:ON
Stop Wavelength Changed: 8/19/2022 12:40:10 PM, Old: 600.00, New: 700.00
Zero Mode Changed: 8/19/2022 12:40:38 PM, Old:ON, New:Reading
Zero Mode Changed: 8/19/2022 12:40:38 PM, Old:Reading, New:ON
Y min Changed: 8/19/2022 12:42:47 PM, Old:   -55.0000, New:     0.0000
Scan mode: Changed: 8/19/2022 12:42:47 PM, Old:Emission, New:Excitation
Excitation Wavelength Changed: 8/19/2022 12:42:47 PM, Old: 336.00, New: 200.00
Emission Wavelength Changed: 8/19/2022 12:42:47 PM, Old: 346.00, New: 410.00
Stop Wavelength Changed: 8/19/2022 12:42:47 PM, Old: 700.00, New: 400.00
Zero Mode Changed: 8/19/2022 12:42:51 PM, Old:ON, New:Reading
Zero Mode Changed: 8/19/2022 12:42:51 PM, Old:Reading, New:ON
Scan mode: Changed: 8/19/2022 12:54:44 PM, Old:Excitation, New:Emission
Excitation Wavelength Changed: 8/19/2022 12:54:44 PM, Old: 200.00, New: 335.00
Emission Wavelength Changed: 8/19/2022 12:54:44 PM, Old: 410.00, New: 345.00
Stop Wavelength Changed: 8/19/2022 12:54:44 PM, Old: 400.00, New: 600.00
Zero Mode Changed: 8/19/2022 12:54:46 PM, Old:ON, New:Reading
Zero Mode Changed: 8/19/2022 12:54:46 PM, Old:Reading, New:ON
Scan mode: Changed: 8/19/2022 12:55:39 PM, Old:Emission, New:Excitation
Excitation Wavelength Changed: 8/19/2022 12:55:39 PM, Old: 335.00, New: 240.00
Emission Wavelength Changed: 8/19/2022 12:55:39 PM, Old: 345.00, New: 410.00
Stop Wavelength Changed: 8/19/2022 12:55:39 PM, Old: 600.00, New: 400.00
Zero Mode Changed: 8/19/2022 12:55:42 PM, Old:ON, New:Reading
Zero Mode Changed: 8/19/2022 12:55:42 PM, Old:Reading, New:ON
Scan mode: Changed: 8/19/2022 12:56:21 PM, Old:Excitation, New:Emission
Excitation Wavelength Changed: 8/19/2022 12:56:21 PM, Old: 240.00, New: 340.00
Emission Wavelength Changed: 8/19/2022 12:56:21 PM, Old: 410.00, New: 350.00
Stop Wavelength Changed: 8/19/2022 12:56:21 PM, Old: 400.00, New: 600.00
Zero Mode Changed: 8/19/2022 12:56:24 PM, Old:ON, New:Reading
Zero Mode Changed: 8/19/2022 12:56:24 PM, Old:Reading, New:ON
Scan mode: Changed: 8/19/2022 12:57:53 PM, Old:Emission, New:Excitation
User Delta Stop Changed: 8/19/2022 12:57:53 PM, Old: 450.00, New: 500.00
User Delta Increment Changed: 8/19/2022 12:57:53 PM, Old:  10.00, New:   0.15
Excitation Wavelength Changed: 8/19/2022 12:57:53 PM, Old: 340.00, New: 260.00
Emission Wavelength Changed: 8/19/2022 12:57:53 PM, Old: 350.00, New: 500.00
Stop Wavelength Changed: 8/19/2022 12:57:53 PM, Old: 600.00, New: 490.00
Zero Mode Changed: 8/19/2022 12:57:56 PM, Old:ON, New:Reading
Zero Mode Changed: 8/19/2022 12:57:56 PM, Old:Reading, New:ON
Scan mode: Changed: 8/19/2022 12:58:50 PM, Old:Excitation, New:Emission
Excitation Wavelength Changed: 8/19/2022 12:58:50 PM, Old: 260.00, New: 380.00
Emission Wavelength Changed: 8/19/2022 12:58:50 PM, Old: 500.00, New: 390.00
Stop Wavelength Changed: 8/19/2022 12:58:50 PM, Old: 490.00, New: 650.00
Zero Mode Changed: 8/19/2022 12:58:52 PM, Old:ON, New:Reading
Zero Mode Changed: 8/19/2022 12:58:52 PM, Old:Reading, New:ON
Scan mode: Changed: 8/19/2022 12:59:47 PM, Old:Emission, New:Excitation
Excitation Wavelength Changed: 8/19/2022 12:59:47 PM, Old: 380.00, New: 240.00
Emission Wavelength Changed: 8/19/2022 12:59:47 PM, Old: 390.00, New: 420.00
Stop Wavelength Changed: 8/19/2022 12:59:47 PM, Old: 650.00, New: 410.00
Zero Mode Changed: 8/19/2022 12:59:51 PM, Old:ON, New:Reading
Zero Mode Changed: 8/19/2022 12:59:51 PM, Old:Reading, New:ON
Scan mode: Changed: 8/19/2022 1:00:29 PM, Old:Excitation, New:Emission
Excitation Wavelength Changed: 8/19/2022 1:00:29 PM, Old: 240.00, New: 345.00
Emission Wavelength Changed: 8/19/2022 1:00:29 PM, Old: 420.00, New: 355.00
Stop Wavelength Changed: 8/19/2022 1:00:29 PM, Old: 410.00, New: 600.00
Zero Mode Changed: 8/19/2022 1:00:30 PM, Old:ON, New:Reading
Zero Mode Changed: 8/19/2022 1:00:31 PM, Old:Reading, New:ON
End Method Modifications

CdSe 30 sec ex350,
CdSe 30 sec ex350
Collection Time: 8/19/2022 1:01:21 PM
Operator Name  :
Scan Software Version: 1.1(132)
Parameter List :
Instrument                        Cary Eclipse
Instrument Serial Number          E08013467
Data mode                         Fluorescence
Scan mode                         Emission
X Mode                            Wavelength (nm)
Start (nm)                        360.00
Stop (nm)                         600.00
Ex. Wavelength (nm)               350.00
Ex. Slit (nm)                     5
Em. Slit (nm)                     5
Scan rate (nm/min)                600.00
Data interval (nm)                1.0000
Averaging Time (s)                0.1000
Excitation filter                 Auto
Emission filter                   Open
PMT voltage (V)                   Medium
Corrected spectra                 OFF
Method Log     :
Method Name    : Default
Date/Time stamp: 8/19/2022 12:23:21 PM
Method Modifications:
Excitation Wavelength Changed: 8/19/2022 12:28:50 PM, Old: 350.00, New: 300.00
Emission Wavelength Changed: 8/19/2022 12:28:50 PM, Old: 400.00, New: 310.00
Zero Mode Changed: 8/19/2022 12:28:52 PM, Old:OFF, New:Reading
Zero Mode Changed: 8/19/2022 12:28:52 PM, Old:Reading, New:ON
Scan mode: Changed: 8/19/2022 12:30:28 PM, Old:Emission, New:Excitation
Excitation Wavelength Changed: 8/19/2022 12:30:28 PM, Old: 300.00, New: 200.00
Emission Wavelength Changed: 8/19/2022 12:30:28 PM, Old: 310.00, New: 380.00
Stop Wavelength Changed: 8/19/2022 12:30:28 PM, Old: 600.00, New: 370.00
Zero Mode Changed: 8/19/2022 12:30:31 PM, Old:ON, New:Reading
Zero Mode Changed: 8/19/2022 12:30:31 PM, Old:Reading, New:ON
Overlayed Graphs Changed: 8/19/2022 12:31:25 PM, Old:OFF, New:ON
Zero Mode Changed: 8/19/2022 12:31:50 PM, Old:ON, New:Reading
Zero Mode Changed: 8/19/2022 12:31:50 PM, Old:Reading, New:ON
Scan mode: Changed: 8/19/2022 12:33:27 PM, Old:Excitation, New:Emission
Excitation Wavelength Changed: 8/19/2022 12:33:27 PM, Old: 200.00, New: 330.00
Emission Wavelength Changed: 8/19/2022 12:33:27 PM, Old: 380.00, New: 340.00
Stop Wavelength Changed: 8/19/2022 12:33:27 PM, Old: 370.00, New: 700.00
Zero Mode Changed: 8/19/2022 12:33:29 PM, Old:ON, New:Reading
Zero Mode Changed: 8/19/2022 12:33:29 PM, Old:Reading, New:ON
Scan mode: Changed: 8/19/2022 12:35:04 PM, Old:Emission, New:Excitation
Excitation Wavelength Changed: 8/19/2022 12:35:04 PM, Old: 330.00, New: 200.00
Emission Wavelength Changed: 8/19/2022 12:35:04 PM, Old: 340.00, New: 400.00
Stop Wavelength Changed: 8/19/2022 12:35:04 PM, Old: 700.00, New: 390.00
Zero Mode Changed: 8/19/2022 12:35:08 PM, Old:ON, New:Reading
Zero Mode Changed: 8/19/2022 12:35:08 PM, Old:Reading, New:ON
Y min Changed: 8/19/2022 12:38:08 PM, Old:     0.0000, New:   -55.0000
Zero Mode Changed: 8/19/2022 12:38:10 PM, Old:ON, New:Reading
Zero Mode Changed: 8/19/2022 12:38:10 PM, Old:Reading, New:ON
Scan mode: Changed: 8/19/2022 12:39:20 PM, Old:Excitation, New:Emission
Excitation Wavelength Changed: 8/19/2022 12:39:20 PM, Old: 200.00, New: 336.00
Emission Wavelength Changed: 8/19/2022 12:39:20 PM, Old: 400.00, New: 346.00
Stop Wavelength Changed: 8/19/2022 12:39:20 PM, Old: 390.00, New: 600.00
Zero Mode Changed: 8/19/2022 12:39:22 PM, Old:ON, New:Reading
Zero Mode Changed: 8/19/2022 12:39:22 PM, Old:Reading, New:ON
Stop Wavelength Changed: 8/19/2022 12:40:10 PM, Old: 600.00, New: 700.00
Zero Mode Changed: 8/19/2022 12:40:38 PM, Old:ON, New:Reading
Zero Mode Changed: 8/19/2022 12:40:38 PM, Old:Reading, New:ON
Y min Changed: 8/19/2022 12:42:47 PM, Old:   -55.0000, New:     0.0000
Scan mode: Changed: 8/19/2022 12:42:47 PM, Old:Emission, New:Excitation
Excitation Wavelength Changed: 8/19/2022 12:42:47 PM, Old: 336.00, New: 200.00
Emission Wavelength Changed: 8/19/2022 12:42:47 PM, Old: 346.00, New: 410.00
Stop Wavelength Changed: 8/19/2022 12:42:47 PM, Old: 700.00, New: 400.00
Zero Mode Changed: 8/19/2022 12:42:51 PM, Old:ON, New:Reading
Zero Mode Changed: 8/19/2022 12:42:51 PM, Old:Reading, New:ON
Scan mode: Changed: 8/19/2022 12:54:44 PM, Old:Excitation, New:Emission
Excitation Wavelength Changed: 8/19/2022 12:54:44 PM, Old: 200.00, New: 335.00
Emission Wavelength Changed: 8/19/2022 12:54:44 PM, Old: 410.00, New: 345.00
Stop Wavelength Changed: 8/19/2022 12:54:44 PM, Old: 400.00, New: 600.00
Zero Mode Changed: 8/19/2022 12:54:46 PM, Old:ON, New:Reading
Zero Mode Changed: 8/19/2022 12:54:46 PM, Old:Reading, New:ON
Scan mode: Changed: 8/19/2022 12:55:39 PM, Old:Emission, New:Excitation
Excitation Wavelength Changed: 8/19/2022 12:55:39 PM, Old: 335.00, New: 240.00
Emission Wavelength Changed: 8/19/2022 12:55:39 PM, Old: 345.00, New: 410.00
Stop Wavelength Changed: 8/19/2022 12:55:39 PM, Old: 600.00, New: 400.00
Zero Mode Changed: 8/19/2022 12:55:42 PM, Old:ON, New:Reading
Zero Mode Changed: 8/19/2022 12:55:42 PM, Old:Reading, New:ON
Scan mode: Changed: 8/19/2022 12:56:21 PM, Old:Excitation, New:Emission
Excitation Wavelength Changed: 8/19/2022 12:56:21 PM, Old: 240.00, New: 340.00
Emission Wavelength Changed: 8/19/2022 12:56:21 PM, Old: 410.00, New: 350.00
Stop Wavelength Changed: 8/19/2022 12:56:21 PM, Old: 400.00, New: 600.00
Zero Mode Changed: 8/19/2022 12:56:24 PM, Old:ON, New:Reading
Zero Mode Changed: 8/19/2022 12:56:24 PM, Old:Reading, New:ON
Scan mode: Changed: 8/19/2022 12:57:53 PM, Old:Emission, New:Excitation
User Delta Stop Changed: 8/19/2022 12:57:53 PM, Old: 450.00, New: 500.00
User Delta Increment Changed: 8/19/2022 12:57:53 PM, Old:  10.00, New:   0.15
Excitation Wavelength Changed: 8/19/2022 12:57:53 PM, Old: 340.00, New: 260.00
Emission Wavelength Changed: 8/19/2022 12:57:53 PM, Old: 350.00, New: 500.00
Stop Wavelength Changed: 8/19/2022 12:57:53 PM, Old: 600.00, New: 490.00
Zero Mode Changed: 8/19/2022 12:57:56 PM, Old:ON, New:Reading
Zero Mode Changed: 8/19/2022 12:57:56 PM, Old:Reading, New:ON
Scan mode: Changed: 8/19/2022 12:58:50 PM, Old:Excitation, New:Emission
Excitation Wavelength Changed: 8/19/2022 12:58:50 PM, Old: 260.00, New: 380.00
Emission Wavelength Changed: 8/19/2022 12:58:50 PM, Old: 500.00, New: 390.00
Stop Wavelength Changed: 8/19/2022 12:58:50 PM, Old: 490.00, New: 650.00
Zero Mode Changed: 8/19/2022 12:58:52 PM, Old:ON, New:Reading
Zero Mode Changed: 8/19/2022 12:58:52 PM, Old:Reading, New:ON
Scan mode: Changed: 8/19/2022 12:59:47 PM, Old:Emission, New:Excitation
Excitation Wavelength Changed: 8/19/2022 12:59:47 PM, Old: 380.00, New: 240.00
Emission Wavelength Changed: 8/19/2022 12:59:47 PM, Old: 390.00, New: 420.00
Stop Wavelength Changed: 8/19/2022 12:59:47 PM, Old: 650.00, New: 410.00
Zero Mode Changed: 8/19/2022 12:59:51 PM, Old:ON, New:Reading
Zero Mode Changed: 8/19/2022 12:59:51 PM, Old:Reading, New:ON
Scan mode: Changed: 8/19/2022 1:00:29 PM, Old:Excitation, New:Emission
Excitation Wavelength Changed: 8/19/2022 1:00:29 PM, Old: 240.00, New: 345.00
Emission Wavelength Changed: 8/19/2022 1:00:29 PM, Old: 420.00, New: 355.00
Stop Wavelength Changed: 8/19/2022 1:00:29 PM, Old: 410.00, New: 600.00
Zero Mode Changed: 8/19/2022 1:00:30 PM, Old:ON, New:Reading
Zero Mode Changed: 8/19/2022 1:00:31 PM, Old:Reading, New:ON
Excitation Wavelength Changed: 8/19/2022 1:01:14 PM, Old: 345.00, New: 350.00
Emission Wavelength Changed: 8/19/2022 1:01:14 PM, Old: 355.00, New: 360.00
Zero Mode Changed: 8/19/2022 1:01:16 PM, Old:ON, New:Reading
Zero Mode Changed: 8/19/2022 1:01:17 PM, Old:Reading, New:ON
End Method Modifications

CdSe 30 sec ex355,
CdSe 30 sec ex355
Collection Time: 8/19/2022 1:02:02 PM
Operator Name  :
Scan Software Version: 1.1(132)
Parameter List :
Instrument                        Cary Eclipse
Instrument Serial Number          E08013467
Data mode                         Fluorescence
Scan mode                         Emission
X Mode                            Wavelength (nm)
Start (nm)                        365.00
Stop (nm)                         600.00
Ex. Wavelength (nm)               355.00
Ex. Slit (nm)                     5
Em. Slit (nm)                     5
Scan rate (nm/min)                600.00
Data interval (nm)                1.0000
Averaging Time (s)                0.1000
Excitation filter                 Auto
Emission filter                   Open
PMT voltage (V)                   Medium
Corrected spectra                 OFF
Method Log     :
Method Name    : Default
Date/Time stamp: 8/19/2022 12:23:21 PM
Method Modifications:
Excitation Wavelength Changed: 8/19/2022 12:28:50 PM, Old: 350.00, New: 300.00
Emission Wavelength Changed: 8/19/2022 12:28:50 PM, Old: 400.00, New: 310.00
Zero Mode Changed: 8/19/2022 12:28:52 PM, Old:OFF, New:Reading
Zero Mode Changed: 8/19/2022 12:28:52 PM, Old:Reading, New:ON
Scan mode: Changed: 8/19/2022 12:30:28 PM, Old:Emission, New:Excitation
Excitation Wavelength Changed: 8/19/2022 12:30:28 PM, Old: 300.00, New: 200.00
Emission Wavelength Changed: 8/19/2022 12:30:28 PM, Old: 310.00, New: 380.00
Stop Wavelength Changed: 8/19/2022 12:30:28 PM, Old: 600.00, New: 370.00
Zero Mode Changed: 8/19/2022 12:30:31 PM, Old:ON, New:Reading
Zero Mode Changed: 8/19/2022 12:30:31 PM, Old:Reading, New:ON
Overlayed Graphs Changed: 8/19/2022 12:31:25 PM, Old:OFF, New:ON
Zero Mode Changed: 8/19/2022 12:31:50 PM, Old:ON, New:Reading
Zero Mode Changed: 8/19/2022 12:31:50 PM, Old:Reading, New:ON
Scan mode: Changed: 8/19/2022 12:33:27 PM, Old:Excitation, New:Emission
Excitation Wavelength Changed: 8/19/2022 12:33:27 PM, Old: 200.00, New: 330.00
Emission Wavelength Changed: 8/19/2022 12:33:27 PM, Old: 380.00, New: 340.00
Stop Wavelength Changed: 8/19/2022 12:33:27 PM, Old: 370.00, New: 700.00
Zero Mode Changed: 8/19/2022 12:33:29 PM, Old:ON, New:Reading
Zero Mode Changed: 8/19/2022 12:33:29 PM, Old:Reading, New:ON
Scan mode: Changed: 8/19/2022 12:35:04 PM, Old:Emission, New:Excitation
Excitation Wavelength Changed: 8/19/2022 12:35:04 PM, Old: 330.00, New: 200.00
Emission Wavelength Changed: 8/19/2022 12:35:04 PM, Old: 340.00, New: 400.00
Stop Wavelength Changed: 8/19/2022 12:35:04 PM, Old: 700.00, New: 390.00
Zero Mode Changed: 8/19/2022 12:35:08 PM, Old:ON, New:Reading
Zero Mode Changed: 8/19/2022 12:35:08 PM, Old:Reading, New:ON
Y min Changed: 8/19/2022 12:38:08 PM, Old:     0.0000, New:   -55.0000
Zero Mode Changed: 8/19/2022 12:38:10 PM, Old:ON, New:Reading
Zero Mode Changed: 8/19/2022 12:38:10 PM, Old:Reading, New:ON
Scan mode: Changed: 8/19/2022 12:39:20 PM, Old:Excitation, New:Emission
Excitation Wavelength Changed: 8/19/2022 12:39:20 PM, Old: 200.00, New: 336.00
Emission Wavelength Changed: 8/19/2022 12:39:20 PM, Old: 400.00, New: 346.00
Stop Wavelength Changed: 8/19/2022 12:39:20 PM, Old: 390.00, New: 600.00
Zero Mode Changed: 8/19/2022 12:39:22 PM, Old:ON, New:Reading
Zero Mode Changed: 8/19/2022 12:39:22 PM, Old:Reading, New:ON
Stop Wavelength Changed: 8/19/2022 12:40:10 PM, Old: 600.00, New: 700.00
Zero Mode Changed: 8/19/2022 12:40:38 PM, Old:ON, New:Reading
Zero Mode Changed: 8/19/2022 12:40:38 PM, Old:Reading, New:ON
Y min Changed: 8/19/2022 12:42:47 PM, Old:   -55.0000, New:     0.0000
Scan mode: Changed: 8/19/2022 12:42:47 PM, Old:Emission, New:Excitation
Excitation Wavelength Changed: 8/19/2022 12:42:47 PM, Old: 336.00, New: 200.00
Emission Wavelength Changed: 8/19/2022 12:42:47 PM, Old: 346.00, New: 410.00
Stop Wavelength Changed: 8/19/2022 12:42:47 PM, Old: 700.00, New: 400.00
Zero Mode Changed: 8/19/2022 12:42:51 PM, Old:ON, New:Reading
Zero Mode Changed: 8/19/2022 12:42:51 PM, Old:Reading, New:ON
Scan mode: Changed: 8/19/2022 12:54:44 PM, Old:Excitation, New:Emission
Excitation Wavelength Changed: 8/19/2022 12:54:44 PM, Old: 200.00, New: 335.00
Emission Wavelength Changed: 8/19/2022 12:54:44 PM, Old: 410.00, New: 345.00
Stop Wavelength Changed: 8/19/2022 12:54:44 PM, Old: 400.00, New: 600.00
Zero Mode Changed: 8/19/2022 12:54:46 PM, Old:ON, New:Reading
Zero Mode Changed: 8/19/2022 12:54:46 PM, Old:Reading, New:ON
Scan mode: Changed: 8/19/2022 12:55:39 PM, Old:Emission, New:Excitation
Excitation Wavelength Changed: 8/19/2022 12:55:39 PM, Old: 335.00, New: 240.00
Emission Wavelength Changed: 8/19/2022 12:55:39 PM, Old: 345.00, New: 410.00
Stop Wavelength Changed: 8/19/2022 12:55:39 PM, Old: 600.00, New: 400.00
Zero Mode Changed: 8/19/2022 12:55:42 PM, Old:ON, New:Reading
Zero Mode Changed: 8/19/2022 12:55:42 PM, Old:Reading, New:ON
Scan mode: Changed: 8/19/2022 12:56:21 PM, Old:Excitation, New:Emission
Excitation Wavelength Changed: 8/19/2022 12:56:21 PM, Old: 240.00, New: 340.00
Emission Wavelength Changed: 8/19/2022 12:56:21 PM, Old: 410.00, New: 350.00
Stop Wavelength Changed: 8/19/2022 12:56:21 PM, Old: 400.00, New: 600.00
Zero Mode Changed: 8/19/2022 12:56:24 PM, Old:ON, New:Reading
Zero Mode Changed: 8/19/2022 12:56:24 PM, Old:Reading, New:ON
Scan mode: Changed: 8/19/2022 12:57:53 PM, Old:Emission, New:Excitation
User Delta Stop Changed: 8/19/2022 12:57:53 PM, Old: 450.00, New: 500.00
User Delta Increment Changed: 8/19/2022 12:57:53 PM, Old:  10.00, New:   0.15
Excitation Wavelength Changed: 8/19/2022 12:57:53 PM, Old: 340.00, New: 260.00
Emission Wavelength Changed: 8/19/2022 12:57:53 PM, Old: 350.00, New: 500.00
Stop Wavelength Changed: 8/19/2022 12:57:53 PM, Old: 600.00, New: 490.00
Zero Mode Changed: 8/19/2022 12:57:56 PM, Old:ON, New:Reading
Zero Mode Changed: 8/19/2022 12:57:56 PM, Old:Reading, New:ON
Scan mode: Changed: 8/19/2022 12:58:50 PM, Old:Excitation, New:Emission
Excitation Wavelength Changed: 8/19/2022 12:58:50 PM, Old: 260.00, New: 380.00
Emission Wavelength Changed: 8/19/2022 12:58:50 PM, Old: 500.00, New: 390.00
Stop Wavelength Changed: 8/19/2022 12:58:50 PM, Old: 490.00, New: 650.00
Zero Mode Changed: 8/19/2022 12:58:52 PM, Old:ON, New:Reading
Zero Mode Changed: 8/19/2022 12:58:52 PM, Old:Reading, New:ON
Scan mode: Changed: 8/19/2022 12:59:47 PM, Old:Emission, New:Excitation
Excitation Wavelength Changed: 8/19/2022 12:59:47 PM, Old: 380.00, New: 240.00
Emission Wavelength Changed: 8/19/2022 12:59:47 PM, Old: 390.00, New: 420.00
Stop Wavelength Changed: 8/19/2022 12:59:47 PM, Old: 650.00, New: 410.00
Zero Mode Changed: 8/19/2022 12:59:51 PM, Old:ON, New:Reading
Zero Mode Changed: 8/19/2022 12:59:51 PM, Old:Reading, New:ON
Scan mode: Changed: 8/19/2022 1:00:29 PM, Old:Excitation, New:Emission
Excitation Wavelength Changed: 8/19/2022 1:00:29 PM, Old: 240.00, New: 345.00
Emission Wavelength Changed: 8/19/2022 1:00:29 PM, Old: 420.00, New: 355.00
Stop Wavelength Changed: 8/19/2022 1:00:29 PM, Old: 410.00, New: 600.00
Zero Mode Changed: 8/19/2022 1:00:30 PM, Old:ON, New:Reading
Zero Mode Changed: 8/19/2022 1:00:31 PM, Old:Reading, New:ON
Excitation Wavelength Changed: 8/19/2022 1:01:14 PM, Old: 345.00, New: 350.00
Emission Wavelength Changed: 8/19/2022 1:01:14 PM, Old: 355.00, New: 360.00
Zero Mode Changed: 8/19/2022 1:01:16 PM, Old:ON, New:Reading
Zero Mode Changed: 8/19/2022 1:01:17 PM, Old:Reading, New:ON
Excitation Wavelength Changed: 8/19/2022 1:01:56 PM, Old: 350.00, New: 355.00
Emission Wavelength Changed: 8/19/2022 1:01:56 PM, Old: 360.00, New: 365.00
Zero Mode Changed: 8/19/2022 1:01:58 PM, Old:ON, New:Reading
Zero Mode Changed: 8/19/2022 1:01:59 PM, Old:Reading, New:ON
End Method Modifications

CdSe 30 sec ex360,
CdSe 30 sec ex360
Collection Time: 8/19/2022 1:02:47 PM
Operator Name  :
Scan Software Version: 1.1(132)
Parameter List :
Instrument                        Cary Eclipse
Instrument Serial Number          E08013467
Data mode                         Fluorescence
Scan mode                         Emission
X Mode                            Wavelength (nm)
Start (nm)                        370.00
Stop (nm)                         600.00
Ex. Wavelength (nm)               360.00
Ex. Slit (nm)                     5
Em. Slit (nm)                     5
Scan rate (nm/min)                600.00
Data interval (nm)                1.0000
Averaging Time (s)                0.1000
Excitation filter                 Auto
Emission filter                   Open
PMT voltage (V)                   Medium
Corrected spectra                 OFF
Method Log     :
Method Name    : Default
Date/Time stamp: 8/19/2022 12:23:21 PM
Method Modifications:
Excitation Wavelength Changed: 8/19/2022 12:28:50 PM, Old: 350.00, New: 300.00
Emission Wavelength Changed: 8/19/2022 12:28:50 PM, Old: 400.00, New: 310.00
Zero Mode Changed: 8/19/2022 12:28:52 PM, Old:OFF, New:Reading
Zero Mode Changed: 8/19/2022 12:28:52 PM, Old:Reading, New:ON
Scan mode: Changed: 8/19/2022 12:30:28 PM, Old:Emission, New:Excitation
Excitation Wavelength Changed: 8/19/2022 12:30:28 PM, Old: 300.00, New: 200.00
Emission Wavelength Changed: 8/19/2022 12:30:28 PM, Old: 310.00, New: 380.00
Stop Wavelength Changed: 8/19/2022 12:30:28 PM, Old: 600.00, New: 370.00
Zero Mode Changed: 8/19/2022 12:30:31 PM, Old:ON, New:Reading
Zero Mode Changed: 8/19/2022 12:30:31 PM, Old:Reading, New:ON
Overlayed Graphs Changed: 8/19/2022 12:31:25 PM, Old:OFF, New:ON
Zero Mode Changed: 8/19/2022 12:31:50 PM, Old:ON, New:Reading
Zero Mode Changed: 8/19/2022 12:31:50 PM, Old:Reading, New:ON
Scan mode: Changed: 8/19/2022 12:33:27 PM, Old:Excitation, New:Emission
Excitation Wavelength Changed: 8/19/2022 12:33:27 PM, Old: 200.00, New: 330.00
Emission Wavelength Changed: 8/19/2022 12:33:27 PM, Old: 380.00, New: 340.00
Stop Wavelength Changed: 8/19/2022 12:33:27 PM, Old: 370.00, New: 700.00
Zero Mode Changed: 8/19/2022 12:33:29 PM, Old:ON, New:Reading
Zero Mode Changed: 8/19/2022 12:33:29 PM, Old:Reading, New:ON
Scan mode: Changed: 8/19/2022 12:35:04 PM, Old:Emission, New:Excitation
Excitation Wavelength Changed: 8/19/2022 12:35:04 PM, Old: 330.00, New: 200.00
Emission Wavelength Changed: 8/19/2022 12:35:04 PM, Old: 340.00, New: 400.00
Stop Wavelength Changed: 8/19/2022 12:35:04 PM, Old: 700.00, New: 390.00
Zero Mode Changed: 8/19/2022 12:35:08 PM, Old:ON, New:Reading
Zero Mode Changed: 8/19/2022 12:35:08 PM, Old:Reading, New:ON
Y min Changed: 8/19/2022 12:38:08 PM, Old:     0.0000, New:   -55.0000
Zero Mode Changed: 8/19/2022 12:38:10 PM, Old:ON, New:Reading
Zero Mode Changed: 8/19/2022 12:38:10 PM, Old:Reading, New:ON
Scan mode: Changed: 8/19/2022 12:39:20 PM, Old:Excitation, New:Emission
Excitation Wavelength Changed: 8/19/2022 12:39:20 PM, Old: 200.00, New: 336.00
Emission Wavelength Changed: 8/19/2022 12:39:20 PM, Old: 400.00, New: 346.00
Stop Wavelength Changed: 8/19/2022 12:39:20 PM, Old: 390.00, New: 600.00
Zero Mode Changed: 8/19/2022 12:39:22 PM, Old:ON, New:Reading
Zero Mode Changed: 8/19/2022 12:39:22 PM, Old:Reading, New:ON
Stop Wavelength Changed: 8/19/2022 12:40:10 PM, Old: 600.00, New: 700.00
Zero Mode Changed: 8/19/2022 12:40:38 PM, Old:ON, New:Reading
Zero Mode Changed: 8/19/2022 12:40:38 PM, Old:Reading, New:ON
Y min Changed: 8/19/2022 12:42:47 PM, Old:   -55.0000, New:     0.0000
Scan mode: Changed: 8/19/2022 12:42:47 PM, Old:Emission, New:Excitation
Excitation Wavelength Changed: 8/19/2022 12:42:47 PM, Old: 336.00, New: 200.00
Emission Wavelength Changed: 8/19/2022 12:42:47 PM, Old: 346.00, New: 410.00
Stop Wavelength Changed: 8/19/2022 12:42:47 PM, Old: 700.00, New: 400.00
Zero Mode Changed: 8/19/2022 12:42:51 PM, Old:ON, New:Reading
Zero Mode Changed: 8/19/2022 12:42:51 PM, Old:Reading, New:ON
Scan mode: Changed: 8/19/2022 12:54:44 PM, Old:Excitation, New:Emission
Excitation Wavelength Changed: 8/19/2022 12:54:44 PM, Old: 200.00, New: 335.00
Emission Wavelength Changed: 8/19/2022 12:54:44 PM, Old: 410.00, New: 345.00
Stop Wavelength Changed: 8/19/2022 12:54:44 PM, Old: 400.00, New: 600.00
Zero Mode Changed: 8/19/2022 12:54:46 PM, Old:ON, New:Reading
Zero Mode Changed: 8/19/2022 12:54:46 PM, Old:Reading, New:ON
Scan mode: Changed: 8/19/2022 12:55:39 PM, Old:Emission, New:Excitation
Excitation Wavelength Changed: 8/19/2022 12:55:39 PM, Old: 335.00, New: 240.00
Emission Wavelength Changed: 8/19/2022 12:55:39 PM, Old: 345.00, New: 410.00
Stop Wavelength Changed: 8/19/2022 12:55:39 PM, Old: 600.00, New: 400.00
Zero Mode Changed: 8/19/2022 12:55:42 PM, Old:ON, New:Reading
Zero Mode Changed: 8/19/2022 12:55:42 PM, Old:Reading, New:ON
Scan mode: Changed: 8/19/2022 12:56:21 PM, Old:Excitation, New:Emission
Excitation Wavelength Changed: 8/19/2022 12:56:21 PM, Old: 240.00, New: 340.00
Emission Wavelength Changed: 8/19/2022 12:56:21 PM, Old: 410.00, New: 350.00
Stop Wavelength Changed: 8/19/2022 12:56:21 PM, Old: 400.00, New: 600.00
Zero Mode Changed: 8/19/2022 12:56:24 PM, Old:ON, New:Reading
Zero Mode Changed: 8/19/2022 12:56:24 PM, Old:Reading, New:ON
Scan mode: Changed: 8/19/2022 12:57:53 PM, Old:Emission, New:Excitation
User Delta Stop Changed: 8/19/2022 12:57:53 PM, Old: 450.00, New: 500.00
User Delta Increment Changed: 8/19/2022 12:57:53 PM, Old:  10.00, New:   0.15
Excitation Wavelength Changed: 8/19/2022 12:57:53 PM, Old: 340.00, New: 260.00
Emission Wavelength Changed: 8/19/2022 12:57:53 PM, Old: 350.00, New: 500.00
Stop Wavelength Changed: 8/19/2022 12:57:53 PM, Old: 600.00, New: 490.00
Zero Mode Changed: 8/19/2022 12:57:56 PM, Old:ON, New:Reading
Zero Mode Changed: 8/19/2022 12:57:56 PM, Old:Reading, New:ON
Scan mode: Changed: 8/19/2022 12:58:50 PM, Old:Excitation, New:Emission
Excitation Wavelength Changed: 8/19/2022 12:58:50 PM, Old: 260.00, New: 380.00
Emission Wavelength Changed: 8/19/2022 12:58:50 PM, Old: 500.00, New: 390.00
Stop Wavelength Changed: 8/19/2022 12:58:50 PM, Old: 490.00, New: 650.00
Zero Mode Changed: 8/19/2022 12:58:52 PM, Old:ON, New:Reading
Zero Mode Changed: 8/19/2022 12:58:52 PM, Old:Reading, New:ON
Scan mode: Changed: 8/19/2022 12:59:47 PM, Old:Emission, New:Excitation
Excitation Wavelength Changed: 8/19/2022 12:59:47 PM, Old: 380.00, New: 240.00
Emission Wavelength Changed: 8/19/2022 12:59:47 PM, Old: 390.00, New: 420.00
Stop Wavelength Changed: 8/19/2022 12:59:47 PM, Old: 650.00, New: 410.00
Zero Mode Changed: 8/19/2022 12:59:51 PM, Old:ON, New:Reading
Zero Mode Changed: 8/19/2022 12:59:51 PM, Old:Reading, New:ON
Scan mode: Changed: 8/19/2022 1:00:29 PM, Old:Excitation, New:Emission
Excitation Wavelength Changed: 8/19/2022 1:00:29 PM, Old: 240.00, New: 345.00
Emission Wavelength Changed: 8/19/2022 1:00:29 PM, Old: 420.00, New: 355.00
Stop Wavelength Changed: 8/19/2022 1:00:29 PM, Old: 410.00, New: 600.00
Zero Mode Changed: 8/19/2022 1:00:30 PM, Old:ON, New:Reading
Zero Mode Changed: 8/19/2022 1:00:31 PM, Old:Reading, New:ON
Excitation Wavelength Changed: 8/19/2022 1:01:14 PM, Old: 345.00, New: 350.00
Emission Wavelength Changed: 8/19/2022 1:01:14 PM, Old: 355.00, New: 360.00
Zero Mode Changed: 8/19/2022 1:01:16 PM, Old:ON, New:Reading
Zero Mode Changed: 8/19/2022 1:01:17 PM, Old:Reading, New:ON
Excitation Wavelength Changed: 8/19/2022 1:01:56 PM, Old: 350.00, New: 355.00
Emission Wavelength Changed: 8/19/2022 1:01:56 PM, Old: 360.00, New: 365.00
Zero Mode Changed: 8/19/2022 1:01:58 PM, Old:ON, New:Reading
Zero Mode Changed: 8/19/2022 1:01:59 PM, Old:Reading, New:ON
Excitation Wavelength Changed: 8/19/2022 1:02:40 PM, Old: 355.00, New: 360.00
Emission Wavelength Changed: 8/19/2022 1:02:40 PM, Old: 365.00, New: 370.00
Zero Mode Changed: 8/19/2022 1:02:42 PM, Old:ON, New:Reading
Zero Mode Changed: 8/19/2022 1:02:42 PM, Old:Reading, New:ON
End Method Modifications

CdSe 30 sec ex365,
CdSe 30 sec ex365
Collection Time: 8/19/2022 1:03:27 PM
Operator Name  :
Scan Software Version: 1.1(132)
Parameter List :
Instrument                        Cary Eclipse
Instrument Serial Number          E08013467
Data mode                         Fluorescence
Scan mode                         Emission
X Mode                            Wavelength (nm)
Start (nm)                        375.00
Stop (nm)                         600.00
Ex. Wavelength (nm)               365.00
Ex. Slit (nm)                     5
Em. Slit (nm)                     5
Scan rate (nm/min)                600.00
Data interval (nm)                1.0000
Averaging Time (s)                0.1000
Excitation filter                 Auto
Emission filter                   Open
PMT voltage (V)                   Medium
Corrected spectra                 OFF
Method Log     :
Method Name    : Default
Date/Time stamp: 8/19/2022 12:23:21 PM
Method Modifications:
Excitation Wavelength Changed: 8/19/2022 12:28:50 PM, Old: 350.00, New: 300.00
Emission Wavelength Changed: 8/19/2022 12:28:50 PM, Old: 400.00, New: 310.00
Zero Mode Changed: 8/19/2022 12:28:52 PM, Old:OFF, New:Reading
Zero Mode Changed: 8/19/2022 12:28:52 PM, Old:Reading, New:ON
Scan mode: Changed: 8/19/2022 12:30:28 PM, Old:Emission, New:Excitation
Excitation Wavelength Changed: 8/19/2022 12:30:28 PM, Old: 300.00, New: 200.00
Emission Wavelength Changed: 8/19/2022 12:30:28 PM, Old: 310.00, New: 380.00
Stop Wavelength Changed: 8/19/2022 12:30:28 PM, Old: 600.00, New: 370.00
Zero Mode Changed: 8/19/2022 12:30:31 PM, Old:ON, New:Reading
Zero Mode Changed: 8/19/2022 12:30:31 PM, Old:Reading, New:ON
Overlayed Graphs Changed: 8/19/2022 12:31:25 PM, Old:OFF, New:ON
Zero Mode Changed: 8/19/2022 12:31:50 PM, Old:ON, New:Reading
Zero Mode Changed: 8/19/2022 12:31:50 PM, Old:Reading, New:ON
Scan mode: Changed: 8/19/2022 12:33:27 PM, Old:Excitation, New:Emission
Excitation Wavelength Changed: 8/19/2022 12:33:27 PM, Old: 200.00, New: 330.00
Emission Wavelength Changed: 8/19/2022 12:33:27 PM, Old: 380.00, New: 340.00
Stop Wavelength Changed: 8/19/2022 12:33:27 PM, Old: 370.00, New: 700.00
Zero Mode Changed: 8/19/2022 12:33:29 PM, Old:ON, New:Reading
Zero Mode Changed: 8/19/2022 12:33:29 PM, Old:Reading, New:ON
Scan mode: Changed: 8/19/2022 12:35:04 PM, Old:Emission, New:Excitation
Excitation Wavelength Changed: 8/19/2022 12:35:04 PM, Old: 330.00, New: 200.00
Emission Wavelength Changed: 8/19/2022 12:35:04 PM, Old: 340.00, New: 400.00
Stop Wavelength Changed: 8/19/2022 12:35:04 PM, Old: 700.00, New: 390.00
Zero Mode Changed: 8/19/2022 12:35:08 PM, Old:ON, New:Reading
Zero Mode Changed: 8/19/2022 12:35:08 PM, Old:Reading, New:ON
Y min Changed: 8/19/2022 12:38:08 PM, Old:     0.0000, New:   -55.0000
Zero Mode Changed: 8/19/2022 12:38:10 PM, Old:ON, New:Reading
Zero Mode Changed: 8/19/2022 12:38:10 PM, Old:Reading, New:ON
Scan mode: Changed: 8/19/2022 12:39:20 PM, Old:Excitation, New:Emission
Excitation Wavelength Changed: 8/19/2022 12:39:20 PM, Old: 200.00, New: 336.00
Emission Wavelength Changed: 8/19/2022 12:39:20 PM, Old: 400.00, New: 346.00
Stop Wavelength Changed: 8/19/2022 12:39:20 PM, Old: 390.00, New: 600.00
Zero Mode Changed: 8/19/2022 12:39:22 PM, Old:ON, New:Reading
Zero Mode Changed: 8/19/2022 12:39:22 PM, Old:Reading, New:ON
Stop Wavelength Changed: 8/19/2022 12:40:10 PM, Old: 600.00, New: 700.00
Zero Mode Changed: 8/19/2022 12:40:38 PM, Old:ON, New:Reading
Zero Mode Changed: 8/19/2022 12:40:38 PM, Old:Reading, New:ON
Y min Changed: 8/19/2022 12:42:47 PM, Old:   -55.0000, New:     0.0000
Scan mode: Changed: 8/19/2022 12:42:47 PM, Old:Emission, New:Excitation
Excitation Wavelength Changed: 8/19/2022 12:42:47 PM, Old: 336.00, New: 200.00
Emission Wavelength Changed: 8/19/2022 12:42:47 PM, Old: 346.00, New: 410.00
Stop Wavelength Changed: 8/19/2022 12:42:47 PM, Old: 700.00, New: 400.00
Zero Mode Changed: 8/19/2022 12:42:51 PM, Old:ON, New:Reading
Zero Mode Changed: 8/19/2022 12:42:51 PM, Old:Reading, New:ON
Scan mode: Changed: 8/19/2022 12:54:44 PM, Old:Excitation, New:Emission
Excitation Wavelength Changed: 8/19/2022 12:54:44 PM, Old: 200.00, New: 335.00
Emission Wavelength Changed: 8/19/2022 12:54:44 PM, Old: 410.00, New: 345.00
Stop Wavelength Changed: 8/19/2022 12:54:44 PM, Old: 400.00, New: 600.00
Zero Mode Changed: 8/19/2022 12:54:46 PM, Old:ON, New:Reading
Zero Mode Changed: 8/19/2022 12:54:46 PM, Old:Reading, New:ON
Scan mode: Changed: 8/19/2022 12:55:39 PM, Old:Emission, New:Excitation
Excitation Wavelength Changed: 8/19/2022 12:55:39 PM, Old: 335.00, New: 240.00
Emission Wavelength Changed: 8/19/2022 12:55:39 PM, Old: 345.00, New: 410.00
Stop Wavelength Changed: 8/19/2022 12:55:39 PM, Old: 600.00, New: 400.00
Zero Mode Changed: 8/19/2022 12:55:42 PM, Old:ON, New:Reading
Zero Mode Changed: 8/19/2022 12:55:42 PM, Old:Reading, New:ON
Scan mode: Changed: 8/19/2022 12:56:21 PM, Old:Excitation, New:Emission
Excitation Wavelength Changed: 8/19/2022 12:56:21 PM, Old: 240.00, New: 340.00
Emission Wavelength Changed: 8/19/2022 12:56:21 PM, Old: 410.00, New: 350.00
Stop Wavelength Changed: 8/19/2022 12:56:21 PM, Old: 400.00, New: 600.00
Zero Mode Changed: 8/19/2022 12:56:24 PM, Old:ON, New:Reading
Zero Mode Changed: 8/19/2022 12:56:24 PM, Old:Reading, New:ON
Scan mode: Changed: 8/19/2022 12:57:53 PM, Old:Emission, New:Excitation
User Delta Stop Changed: 8/19/2022 12:57:53 PM, Old: 450.00, New: 500.00
User Delta Increment Changed: 8/19/2022 12:57:53 PM, Old:  10.00, New:   0.15
Excitation Wavelength Changed: 8/19/2022 12:57:53 PM, Old: 340.00, New: 260.00
Emission Wavelength Changed: 8/19/2022 12:57:53 PM, Old: 350.00, New: 500.00
Stop Wavelength Changed: 8/19/2022 12:57:53 PM, Old: 600.00, New: 490.00
Zero Mode Changed: 8/19/2022 12:57:56 PM, Old:ON, New:Reading
Zero Mode Changed: 8/19/2022 12:57:56 PM, Old:Reading, New:ON
Scan mode: Changed: 8/19/2022 12:58:50 PM, Old:Excitation, New:Emission
Excitation Wavelength Changed: 8/19/2022 12:58:50 PM, Old: 260.00, New: 380.00
Emission Wavelength Changed: 8/19/2022 12:58:50 PM, Old: 500.00, New: 390.00
Stop Wavelength Changed: 8/19/2022 12:58:50 PM, Old: 490.00, New: 650.00
Zero Mode Changed: 8/19/2022 12:58:52 PM, Old:ON, New:Reading
Zero Mode Changed: 8/19/2022 12:58:52 PM, Old:Reading, New:ON
Scan mode: Changed: 8/19/2022 12:59:47 PM, Old:Emission, New:Excitation
Excitation Wavelength Changed: 8/19/2022 12:59:47 PM, Old: 380.00, New: 240.00
Emission Wavelength Changed: 8/19/2022 12:59:47 PM, Old: 390.00, New: 420.00
Stop Wavelength Changed: 8/19/2022 12:59:47 PM, Old: 650.00, New: 410.00
Zero Mode Changed: 8/19/2022 12:59:51 PM, Old:ON, New:Reading
Zero Mode Changed: 8/19/2022 12:59:51 PM, Old:Reading, New:ON
Scan mode: Changed: 8/19/2022 1:00:29 PM, Old:Excitation, New:Emission
Excitation Wavelength Changed: 8/19/2022 1:00:29 PM, Old: 240.00, New: 345.00
Emission Wavelength Changed: 8/19/2022 1:00:29 PM, Old: 420.00, New: 355.00
Stop Wavelength Changed: 8/19/2022 1:00:29 PM, Old: 410.00, New: 600.00
Zero Mode Changed: 8/19/2022 1:00:30 PM, Old:ON, New:Reading
Zero Mode Changed: 8/19/2022 1:00:31 PM, Old:Reading, New:ON
Excitation Wavelength Changed: 8/19/2022 1:01:14 PM, Old: 345.00, New: 350.00
Emission Wavelength Changed: 8/19/2022 1:01:14 PM, Old: 355.00, New: 360.00
Zero Mode Changed: 8/19/2022 1:01:16 PM, Old:ON, New:Reading
Zero Mode Changed: 8/19/2022 1:01:17 PM, Old:Reading, New:ON
Excitation Wavelength Changed: 8/19/2022 1:01:56 PM, Old: 350.00, New: 355.00
Emission Wavelength Changed: 8/19/2022 1:01:56 PM, Old: 360.00, New: 365.00
Zero Mode Changed: 8/19/2022 1:01:58 PM, Old:ON, New:Reading
Zero Mode Changed: 8/19/2022 1:01:59 PM, Old:Reading, New:ON
Excitation Wavelength Changed: 8/19/2022 1:02:40 PM, Old: 355.00, New: 360.00
Emission Wavelength Changed: 8/19/2022 1:02:40 PM, Old: 365.00, New: 370.00
Zero Mode Changed: 8/19/2022 1:02:42 PM, Old:ON, New:Reading
Zero Mode Changed: 8/19/2022 1:02:42 PM, Old:Reading, New:ON
Excitation Wavelength Changed: 8/19/2022 1:03:20 PM, Old: 360.00, New: 365.00
Emission Wavelength Changed: 8/19/2022 1:03:20 PM, Old: 370.00, New: 375.00
Zero Mode Changed: 8/19/2022 1:03:23 PM, Old:ON, New:Reading
Zero Mode Changed: 8/19/2022 1:03:23 PM, Old:Reading, New:ON
End Method Modifications

CdSe 30 sec em430,
CdSe 30 sec em430
Collection Time: 8/19/2022 1:04:20 PM
Operator Name  :
Scan Software Version: 1.1(132)
Parameter List :
Instrument                        Cary Eclipse
Instrument Serial Number          E08013467
Data mode                         Fluorescence
Scan mode                         Excitation
X Mode                            Wavelength (nm)
Start (nm)                        240.00
Stop (nm)                         420.00
Em. Wavelength (nm)               430.00
Ex. Slit (nm)                     5
Em. Slit (nm)                     5
Scan rate (nm/min)                600.00
Data interval (nm)                1.0000
Averaging Time (s)                0.1000
Excitation filter                 Auto
Emission filter                   Open
PMT voltage (V)                   Medium
Corrected spectra                 OFF
Method Log     :
Method Name    : Default
Date/Time stamp: 8/19/2022 12:23:21 PM
Method Modifications:
Excitation Wavelength Changed: 8/19/2022 12:28:50 PM, Old: 350.00, New: 300.00
Emission Wavelength Changed: 8/19/2022 12:28:50 PM, Old: 400.00, New: 310.00
Zero Mode Changed: 8/19/2022 12:28:52 PM, Old:OFF, New:Reading
Zero Mode Changed: 8/19/2022 12:28:52 PM, Old:Reading, New:ON
Scan mode: Changed: 8/19/2022 12:30:28 PM, Old:Emission, New:Excitation
Excitation Wavelength Changed: 8/19/2022 12:30:28 PM, Old: 300.00, New: 200.00
Emission Wavelength Changed: 8/19/2022 12:30:28 PM, Old: 310.00, New: 380.00
Stop Wavelength Changed: 8/19/2022 12:30:28 PM, Old: 600.00, New: 370.00
Zero Mode Changed: 8/19/2022 12:30:31 PM, Old:ON, New:Reading
Zero Mode Changed: 8/19/2022 12:30:31 PM, Old:Reading, New:ON
Overlayed Graphs Changed: 8/19/2022 12:31:25 PM, Old:OFF, New:ON
Zero Mode Changed: 8/19/2022 12:31:50 PM, Old:ON, New:Reading
Zero Mode Changed: 8/19/2022 12:31:50 PM, Old:Reading, New:ON
Scan mode: Changed: 8/19/2022 12:33:27 PM, Old:Excitation, New:Emission
Excitation Wavelength Changed: 8/19/2022 12:33:27 PM, Old: 200.00, New: 330.00
Emission Wavelength Changed: 8/19/2022 12:33:27 PM, Old: 380.00, New: 340.00
Stop Wavelength Changed: 8/19/2022 12:33:27 PM, Old: 370.00, New: 700.00
Zero Mode Changed: 8/19/2022 12:33:29 PM, Old:ON, New:Reading
Zero Mode Changed: 8/19/2022 12:33:29 PM, Old:Reading, New:ON
Scan mode: Changed: 8/19/2022 12:35:04 PM, Old:Emission, New:Excitation
Excitation Wavelength Changed: 8/19/2022 12:35:04 PM, Old: 330.00, New: 200.00
Emission Wavelength Changed: 8/19/2022 12:35:04 PM, Old: 340.00, New: 400.00
Stop Wavelength Changed: 8/19/2022 12:35:04 PM, Old: 700.00, New: 390.00
Zero Mode Changed: 8/19/2022 12:35:08 PM, Old:ON, New:Reading
Zero Mode Changed: 8/19/2022 12:35:08 PM, Old:Reading, New:ON
Y min Changed: 8/19/2022 12:38:08 PM, Old:     0.0000, New:   -55.0000
Zero Mode Changed: 8/19/2022 12:38:10 PM, Old:ON, New:Reading
Zero Mode Changed: 8/19/2022 12:38:10 PM, Old:Reading, New:ON
Scan mode: Changed: 8/19/2022 12:39:20 PM, Old:Excitation, New:Emission
Excitation Wavelength Changed: 8/19/2022 12:39:20 PM, Old: 200.00, New: 336.00
Emission Wavelength Changed: 8/19/2022 12:39:20 PM, Old: 400.00, New: 346.00
Stop Wavelength Changed: 8/19/2022 12:39:20 PM, Old: 390.00, New: 600.00
Zero Mode Changed: 8/19/2022 12:39:22 PM, Old:ON, New:Reading
Zero Mode Changed: 8/19/2022 12:39:22 PM, Old:Reading, New:ON
Stop Wavelength Changed: 8/19/2022 12:40:10 PM, Old: 600.00, New: 700.00
Zero Mode Changed: 8/19/2022 12:40:38 PM, Old:ON, New:Reading
Zero Mode Changed: 8/19/2022 12:40:38 PM, Old:Reading, New:ON
Y min Changed: 8/19/2022 12:42:47 PM, Old:   -55.0000, New:     0.0000
Scan mode: Changed: 8/19/2022 12:42:47 PM, Old:Emission, New:Excitation
Excitation Wavelength Changed: 8/19/2022 12:42:47 PM, Old: 336.00, New: 200.00
Emission Wavelength Changed: 8/19/2022 12:42:47 PM, Old: 346.00, New: 410.00
Stop Wavelength Changed: 8/19/2022 12:42:47 PM, Old: 700.00, New: 400.00
Zero Mode Changed: 8/19/2022 12:42:51 PM, Old:ON, New:Reading
Zero Mode Changed: 8/19/2022 12:42:51 PM, Old:Reading, New:ON
Scan mode: Changed: 8/19/2022 12:54:44 PM, Old:Excitation, New:Emission
Excitation Wavelength Changed: 8/19/2022 12:54:44 PM, Old: 200.00, New: 335.00
Emission Wavelength Changed: 8/19/2022 12:54:44 PM, Old: 410.00, New: 345.00
Stop Wavelength Changed: 8/19/2022 12:54:44 PM, Old: 400.00, New: 600.00
Zero Mode Changed: 8/19/2022 12:54:46 PM, Old:ON, New:Reading
Zero Mode Changed: 8/19/2022 12:54:46 PM, Old:Reading, New:ON
Scan mode: Changed: 8/19/2022 12:55:39 PM, Old:Emission, New:Excitation
Excitation Wavelength Changed: 8/19/2022 12:55:39 PM, Old: 335.00, New: 240.00
Emission Wavelength Changed: 8/19/2022 12:55:39 PM, Old: 345.00, New: 410.00
Stop Wavelength Changed: 8/19/2022 12:55:39 PM, Old: 600.00, New: 400.00
Zero Mode Changed: 8/19/2022 12:55:42 PM, Old:ON, New:Reading
Zero Mode Changed: 8/19/2022 12:55:42 PM, Old:Reading, New:ON
Scan mode: Changed: 8/19/2022 12:56:21 PM, Old:Excitation, New:Emission
Excitation Wavelength Changed: 8/19/2022 12:56:21 PM, Old: 240.00, New: 340.00
Emission Wavelength Changed: 8/19/2022 12:56:21 PM, Old: 410.00, New: 350.00
Stop Wavelength Changed: 8/19/2022 12:56:21 PM, Old: 400.00, New: 600.00
Zero Mode Changed: 8/19/2022 12:56:24 PM, Old:ON, New:Reading
Zero Mode Changed: 8/19/2022 12:56:24 PM, Old:Reading, New:ON
Scan mode: Changed: 8/19/2022 12:57:53 PM, Old:Emission, New:Excitation
User Delta Stop Changed: 8/19/2022 12:57:53 PM, Old: 450.00, New: 500.00
User Delta Increment Changed: 8/19/2022 12:57:53 PM, Old:  10.00, New:   0.15
Excitation Wavelength Changed: 8/19/2022 12:57:53 PM, Old: 340.00, New: 260.00
Emission Wavelength Changed: 8/19/2022 12:57:53 PM, Old: 350.00, New: 500.00
Stop Wavelength Changed: 8/19/2022 12:57:53 PM, Old: 600.00, New: 490.00
Zero Mode Changed: 8/19/2022 12:57:56 PM, Old:ON, New:Reading
Zero Mode Changed: 8/19/2022 12:57:56 PM, Old:Reading, New:ON
Scan mode: Changed: 8/19/2022 12:58:50 PM, Old:Excitation, New:Emission
Excitation Wavelength Changed: 8/19/2022 12:58:50 PM, Old: 260.00, New: 380.00
Emission Wavelength Changed: 8/19/2022 12:58:50 PM, Old: 500.00, New: 390.00
Stop Wavelength Changed: 8/19/2022 12:58:50 PM, Old: 490.00, New: 650.00
Zero Mode Changed: 8/19/2022 12:58:52 PM, Old:ON, New:Reading
Zero Mode Changed: 8/19/2022 12:58:52 PM, Old:Reading, New:ON
Scan mode: Changed: 8/19/2022 12:59:47 PM, Old:Emission, New:Excitation
Excitation Wavelength Changed: 8/19/2022 12:59:47 PM, Old: 380.00, New: 240.00
Emission Wavelength Changed: 8/19/2022 12:59:47 PM, Old: 390.00, New: 420.00
Stop Wavelength Changed: 8/19/2022 12:59:47 PM, Old: 650.00, New: 410.00
Zero Mode Changed: 8/19/2022 12:59:51 PM, Old:ON, New:Reading
Zero Mode Changed: 8/19/2022 12:59:51 PM, Old:Reading, New:ON
Scan mode: Changed: 8/19/2022 1:00:29 PM, Old:Excitation, New:Emission
Excitation Wavelength Changed: 8/19/2022 1:00:29 PM, Old: 240.00, New: 345.00
Emission Wavelength Changed: 8/19/2022 1:00:29 PM, Old: 420.00, New: 355.00
Stop Wavelength Changed: 8/19/2022 1:00:29 PM, Old: 410.00, New: 600.00
Zero Mode Changed: 8/19/2022 1:00:30 PM, Old:ON, New:Reading
Zero Mode Changed: 8/19/2022 1:00:31 PM, Old:Reading, New:ON
Excitation Wavelength Changed: 8/19/2022 1:01:14 PM, Old: 345.00, New: 350.00
Emission Wavelength Changed: 8/19/2022 1:01:14 PM, Old: 355.00, New: 360.00
Zero Mode Changed: 8/19/2022 1:01:16 PM, Old:ON, New:Reading
Zero Mode Changed: 8/19/2022 1:01:17 PM, Old:Reading, New:ON
Excitation Wavelength Changed: 8/19/2022 1:01:56 PM, Old: 350.00, New: 355.00
Emission Wavelength Changed: 8/19/2022 1:01:56 PM, Old: 360.00, New: 365.00
Zero Mode Changed: 8/19/2022 1:01:58 PM, Old:ON, New:Reading
Zero Mode Changed: 8/19/2022 1:01:59 PM, Old:Reading, New:ON
Excitation Wavelength Changed: 8/19/2022 1:02:40 PM, Old: 355.00, New: 360.00
Emission Wavelength Changed: 8/19/2022 1:02:40 PM, Old: 365.00, New: 370.00
Zero Mode Changed: 8/19/2022 1:02:42 PM, Old:ON, New:Reading
Zero Mode Changed: 8/19/2022 1:02:42 PM, Old:Reading, New:ON
Excitation Wavelength Changed: 8/19/2022 1:03:20 PM, Old: 360.00, New: 365.00
Emission Wavelength Changed: 8/19/2022 1:03:20 PM, Old: 370.00, New: 375.00
Zero Mode Changed: 8/19/2022 1:03:23 PM, Old:ON, New:Reading
Zero Mode Changed: 8/19/2022 1:03:23 PM, Old:Reading, New:ON
Scan mode: Changed: 8/19/2022 1:04:11 PM, Old:Emission, New:Excitation
Excitation Wavelength Changed: 8/19/2022 1:04:11 PM, Old: 365.00, New: 240.00
Emission Wavelength Changed: 8/19/2022 1:04:11 PM, Old: 375.00, New: 430.00
Stop Wavelength Changed: 8/19/2022 1:04:11 PM, Old: 600.00, New: 420.00
Zero Mode Changed: 8/19/2022 1:04:14 PM, Old:ON, New:Reading
Zero Mode Changed: 8/19/2022 1:04:14 PM, Old:Reading, New:ON
End Method Modifications

CdSe 30 sec em440,
CdSe 30 sec em440
Collection Time: 8/19/2022 1:04:58 PM
Operator Name  :
Scan Software Version: 1.1(132)
Parameter List :
Instrument                        Cary Eclipse
Instrument Serial Number          E08013467
Data mode                         Fluorescence
Scan mode                         Excitation
X Mode                            Wavelength (nm)
Start (nm)                        240.00
Stop (nm)                         430.00
Em. Wavelength (nm)               440.00
Ex. Slit (nm)                     5
Em. Slit (nm)                     5
Scan rate (nm/min)                600.00
Data interval (nm)                1.0000
Averaging Time (s)                0.1000
Excitation filter                 Auto
Emission filter                   Open
PMT voltage (V)                   Medium
Corrected spectra                 OFF
Method Log     :
Method Name    : Default
Date/Time stamp: 8/19/2022 12:23:21 PM
Method Modifications:
Excitation Wavelength Changed: 8/19/2022 12:28:50 PM, Old: 350.00, New: 300.00
Emission Wavelength Changed: 8/19/2022 12:28:50 PM, Old: 400.00, New: 310.00
Zero Mode Changed: 8/19/2022 12:28:52 PM, Old:OFF, New:Reading
Zero Mode Changed: 8/19/2022 12:28:52 PM, Old:Reading, New:ON
Scan mode: Changed: 8/19/2022 12:30:28 PM, Old:Emission, New:Excitation
Excitation Wavelength Changed: 8/19/2022 12:30:28 PM, Old: 300.00, New: 200.00
Emission Wavelength Changed: 8/19/2022 12:30:28 PM, Old: 310.00, New: 380.00
Stop Wavelength Changed: 8/19/2022 12:30:28 PM, Old: 600.00, New: 370.00
Zero Mode Changed: 8/19/2022 12:30:31 PM, Old:ON, New:Reading
Zero Mode Changed: 8/19/2022 12:30:31 PM, Old:Reading, New:ON
Overlayed Graphs Changed: 8/19/2022 12:31:25 PM, Old:OFF, New:ON
Zero Mode Changed: 8/19/2022 12:31:50 PM, Old:ON, New:Reading
Zero Mode Changed: 8/19/2022 12:31:50 PM, Old:Reading, New:ON
Scan mode: Changed: 8/19/2022 12:33:27 PM, Old:Excitation, New:Emission
Excitation Wavelength Changed: 8/19/2022 12:33:27 PM, Old: 200.00, New: 330.00
Emission Wavelength Changed: 8/19/2022 12:33:27 PM, Old: 380.00, New: 340.00
Stop Wavelength Changed: 8/19/2022 12:33:27 PM, Old: 370.00, New: 700.00
Zero Mode Changed: 8/19/2022 12:33:29 PM, Old:ON, New:Reading
Zero Mode Changed: 8/19/2022 12:33:29 PM, Old:Reading, New:ON
Scan mode: Changed: 8/19/2022 12:35:04 PM, Old:Emission, New:Excitation
Excitation Wavelength Changed: 8/19/2022 12:35:04 PM, Old: 330.00, New: 200.00
Emission Wavelength Changed: 8/19/2022 12:35:04 PM, Old: 340.00, New: 400.00
Stop Wavelength Changed: 8/19/2022 12:35:04 PM, Old: 700.00, New: 390.00
Zero Mode Changed: 8/19/2022 12:35:08 PM, Old:ON, New:Reading
Zero Mode Changed: 8/19/2022 12:35:08 PM, Old:Reading, New:ON
Y min Changed: 8/19/2022 12:38:08 PM, Old:     0.0000, New:   -55.0000
Zero Mode Changed: 8/19/2022 12:38:10 PM, Old:ON, New:Reading
Zero Mode Changed: 8/19/2022 12:38:10 PM, Old:Reading, New:ON
Scan mode: Changed: 8/19/2022 12:39:20 PM, Old:Excitation, New:Emission
Excitation Wavelength Changed: 8/19/2022 12:39:20 PM, Old: 200.00, New: 336.00
Emission Wavelength Changed: 8/19/2022 12:39:20 PM, Old: 400.00, New: 346.00
Stop Wavelength Changed: 8/19/2022 12:39:20 PM, Old: 390.00, New: 600.00
Zero Mode Changed: 8/19/2022 12:39:22 PM, Old:ON, New:Reading
Zero Mode Changed: 8/19/2022 12:39:22 PM, Old:Reading, New:ON
Stop Wavelength Changed: 8/19/2022 12:40:10 PM, Old: 600.00, New: 700.00
Zero Mode Changed: 8/19/2022 12:40:38 PM, Old:ON, New:Reading
Zero Mode Changed: 8/19/2022 12:40:38 PM, Old:Reading, New:ON
Y min Changed: 8/19/2022 12:42:47 PM, Old:   -55.0000, New:     0.0000
Scan mode: Changed: 8/19/2022 12:42:47 PM, Old:Emission, New:Excitation
Excitation Wavelength Changed: 8/19/2022 12:42:47 PM, Old: 336.00, New: 200.00
Emission Wavelength Changed: 8/19/2022 12:42:47 PM, Old: 346.00, New: 410.00
Stop Wavelength Changed: 8/19/2022 12:42:47 PM, Old: 700.00, New: 400.00
Zero Mode Changed: 8/19/2022 12:42:51 PM, Old:ON, New:Reading
Zero Mode Changed: 8/19/2022 12:42:51 PM, Old:Reading, New:ON
Scan mode: Changed: 8/19/2022 12:54:44 PM, Old:Excitation, New:Emission
Excitation Wavelength Changed: 8/19/2022 12:54:44 PM, Old: 200.00, New: 335.00
Emission Wavelength Changed: 8/19/2022 12:54:44 PM, Old: 410.00, New: 345.00
Stop Wavelength Changed: 8/19/2022 12:54:44 PM, Old: 400.00, New: 600.00
Zero Mode Changed: 8/19/2022 12:54:46 PM, Old:ON, New:Reading
Zero Mode Changed: 8/19/2022 12:54:46 PM, Old:Reading, New:ON
Scan mode: Changed: 8/19/2022 12:55:39 PM, Old:Emission, New:Excitation
Excitation Wavelength Changed: 8/19/2022 12:55:39 PM, Old: 335.00, New: 240.00
Emission Wavelength Changed: 8/19/2022 12:55:39 PM, Old: 345.00, New: 410.00
Stop Wavelength Changed: 8/19/2022 12:55:39 PM, Old: 600.00, New: 400.00
Zero Mode Changed: 8/19/2022 12:55:42 PM, Old:ON, New:Reading
Zero Mode Changed: 8/19/2022 12:55:42 PM, Old:Reading, New:ON
Scan mode: Changed: 8/19/2022 12:56:21 PM, Old:Excitation, New:Emission
Excitation Wavelength Changed: 8/19/2022 12:56:21 PM, Old: 240.00, New: 340.00
Emission Wavelength Changed: 8/19/2022 12:56:21 PM, Old: 410.00, New: 350.00
Stop Wavelength Changed: 8/19/2022 12:56:21 PM, Old: 400.00, New: 600.00
Zero Mode Changed: 8/19/2022 12:56:24 PM, Old:ON, New:Reading
Zero Mode Changed: 8/19/2022 12:56:24 PM, Old:Reading, New:ON
Scan mode: Changed: 8/19/2022 12:57:53 PM, Old:Emission, New:Excitation
User Delta Stop Changed: 8/19/2022 12:57:53 PM, Old: 450.00, New: 500.00
User Delta Increment Changed: 8/19/2022 12:57:53 PM, Old:  10.00, New:   0.15
Excitation Wavelength Changed: 8/19/2022 12:57:53 PM, Old: 340.00, New: 260.00
Emission Wavelength Changed: 8/19/2022 12:57:53 PM, Old: 350.00, New: 500.00
Stop Wavelength Changed: 8/19/2022 12:57:53 PM, Old: 600.00, New: 490.00
Zero Mode Changed: 8/19/2022 12:57:56 PM, Old:ON, New:Reading
Zero Mode Changed: 8/19/2022 12:57:56 PM, Old:Reading, New:ON
Scan mode: Changed: 8/19/2022 12:58:50 PM, Old:Excitation, New:Emission
Excitation Wavelength Changed: 8/19/2022 12:58:50 PM, Old: 260.00, New: 380.00
Emission Wavelength Changed: 8/19/2022 12:58:50 PM, Old: 500.00, New: 390.00
Stop Wavelength Changed: 8/19/2022 12:58:50 PM, Old: 490.00, New: 650.00
Zero Mode Changed: 8/19/2022 12:58:52 PM, Old:ON, New:Reading
Zero Mode Changed: 8/19/2022 12:58:52 PM, Old:Reading, New:ON
Scan mode: Changed: 8/19/2022 12:59:47 PM, Old:Emission, New:Excitation
Excitation Wavelength Changed: 8/19/2022 12:59:47 PM, Old: 380.00, New: 240.00
Emission Wavelength Changed: 8/19/2022 12:59:47 PM, Old: 390.00, New: 420.00
Stop Wavelength Changed: 8/19/2022 12:59:47 PM, Old: 650.00, New: 410.00
Zero Mode Changed: 8/19/2022 12:59:51 PM, Old:ON, New:Reading
Zero Mode Changed: 8/19/2022 12:59:51 PM, Old:Reading, New:ON
Scan mode: Changed: 8/19/2022 1:00:29 PM, Old:Excitation, New:Emission
Excitation Wavelength Changed: 8/19/2022 1:00:29 PM, Old: 240.00, New: 345.00
Emission Wavelength Changed: 8/19/2022 1:00:29 PM, Old: 420.00, New: 355.00
Stop Wavelength Changed: 8/19/2022 1:00:29 PM, Old: 410.00, New: 600.00
Zero Mode Changed: 8/19/2022 1:00:30 PM, Old:ON, New:Reading
Zero Mode Changed: 8/19/2022 1:00:31 PM, Old:Reading, New:ON
Excitation Wavelength Changed: 8/19/2022 1:01:14 PM, Old: 345.00, New: 350.00
Emission Wavelength Changed: 8/19/2022 1:01:14 PM, Old: 355.00, New: 360.00
Zero Mode Changed: 8/19/2022 1:01:16 PM, Old:ON, New:Reading
Zero Mode Changed: 8/19/2022 1:01:17 PM, Old:Reading, New:ON
Excitation Wavelength Changed: 8/19/2022 1:01:56 PM, Old: 350.00, New: 355.00
Emission Wavelength Changed: 8/19/2022 1:01:56 PM, Old: 360.00, New: 365.00
Zero Mode Changed: 8/19/2022 1:01:58 PM, Old:ON, New:Reading
Zero Mode Changed: 8/19/2022 1:01:59 PM, Old:Reading, New:ON
Excitation Wavelength Changed: 8/19/2022 1:02:40 PM, Old: 355.00, New: 360.00
Emission Wavelength Changed: 8/19/2022 1:02:40 PM, Old: 365.00, New: 370.00
Zero Mode Changed: 8/19/2022 1:02:42 PM, Old:ON, New:Reading
Zero Mode Changed: 8/19/2022 1:02:42 PM, Old:Reading, New:ON
Excitation Wavelength Changed: 8/19/2022 1:03:20 PM, Old: 360.00, New: 365.00
Emission Wavelength Changed: 8/19/2022 1:03:20 PM, Old: 370.00, New: 375.00
Zero Mode Changed: 8/19/2022 1:03:23 PM, Old:ON, New:Reading
Zero Mode Changed: 8/19/2022 1:03:23 PM, Old:Reading, New:ON
Scan mode: Changed: 8/19/2022 1:04:11 PM, Old:Emission, New:Excitation
Excitation Wavelength Changed: 8/19/2022 1:04:11 PM, Old: 365.00, New: 240.00
Emission Wavelength Changed: 8/19/2022 1:04:11 PM, Old: 375.00, New: 430.00
Stop Wavelength Changed: 8/19/2022 1:04:11 PM, Old: 600.00, New: 420.00
Zero Mode Changed: 8/19/2022 1:04:14 PM, Old:ON, New:Reading
Zero Mode Changed: 8/19/2022 1:04:14 PM, Old:Reading, New:ON
Emission Wavelength Changed: 8/19/2022 1:04:52 PM, Old: 430.00, New: 440.00
Stop Wavelength Changed: 8/19/2022 1:04:52 PM, Old: 420.00, New: 430.00
Zero Mode Changed: 8/19/2022 1:04:53 PM, Old:ON, New:Reading
Zero Mode Changed: 8/19/2022 1:04:53 PM, Old:Reading, New:ON
End Method Modifications

CdSe 30 sec em450,
CdSe 30 sec em450
Collection Time: 8/19/2022 1:05:48 PM
Operator Name  :
Scan Software Version: 1.1(132)
Parameter List :
Instrument                        Cary Eclipse
Instrument Serial Number          E08013467
Data mode                         Fluorescence
Scan mode                         Excitation
X Mode                            Wavelength (nm)
Start (nm)                        240.00
Stop (nm)                         440.00
Em. Wavelength (nm)               450.00
Ex. Slit (nm)                     5
Em. Slit (nm)                     5
Scan rate (nm/min)                600.00
Data interval (nm)                1.0000
Averaging Time (s)                0.1000
Excitation filter                 Auto
Emission filter                   Open
PMT voltage (V)                   Medium
Corrected spectra                 OFF
Method Log     :
Method Name    : Default
Date/Time stamp: 8/19/2022 12:23:21 PM
Method Modifications:
Excitation Wavelength Changed: 8/19/2022 12:28:50 PM, Old: 350.00, New: 300.00
Emission Wavelength Changed: 8/19/2022 12:28:50 PM, Old: 400.00, New: 310.00
Zero Mode Changed: 8/19/2022 12:28:52 PM, Old:OFF, New:Reading
Zero Mode Changed: 8/19/2022 12:28:52 PM, Old:Reading, New:ON
Scan mode: Changed: 8/19/2022 12:30:28 PM, Old:Emission, New:Excitation
Excitation Wavelength Changed: 8/19/2022 12:30:28 PM, Old: 300.00, New: 200.00
Emission Wavelength Changed: 8/19/2022 12:30:28 PM, Old: 310.00, New: 380.00
Stop Wavelength Changed: 8/19/2022 12:30:28 PM, Old: 600.00, New: 370.00
Zero Mode Changed: 8/19/2022 12:30:31 PM, Old:ON, New:Reading
Zero Mode Changed: 8/19/2022 12:30:31 PM, Old:Reading, New:ON
Overlayed Graphs Changed: 8/19/2022 12:31:25 PM, Old:OFF, New:ON
Zero Mode Changed: 8/19/2022 12:31:50 PM, Old:ON, New:Reading
Zero Mode Changed: 8/19/2022 12:31:50 PM, Old:Reading, New:ON
Scan mode: Changed: 8/19/2022 12:33:27 PM, Old:Excitation, New:Emission
Excitation Wavelength Changed: 8/19/2022 12:33:27 PM, Old: 200.00, New: 330.00
Emission Wavelength Changed: 8/19/2022 12:33:27 PM, Old: 380.00, New: 340.00
Stop Wavelength Changed: 8/19/2022 12:33:27 PM, Old: 370.00, New: 700.00
Zero Mode Changed: 8/19/2022 12:33:29 PM, Old:ON, New:Reading
Zero Mode Changed: 8/19/2022 12:33:29 PM, Old:Reading, New:ON
Scan mode: Changed: 8/19/2022 12:35:04 PM, Old:Emission, New:Excitation
Excitation Wavelength Changed: 8/19/2022 12:35:04 PM, Old: 330.00, New: 200.00
Emission Wavelength Changed: 8/19/2022 12:35:04 PM, Old: 340.00, New: 400.00
Stop Wavelength Changed: 8/19/2022 12:35:04 PM, Old: 700.00, New: 390.00
Zero Mode Changed: 8/19/2022 12:35:08 PM, Old:ON, New:Reading
Zero Mode Changed: 8/19/2022 12:35:08 PM, Old:Reading, New:ON
Y min Changed: 8/19/2022 12:38:08 PM, Old:     0.0000, New:   -55.0000
Zero Mode Changed: 8/19/2022 12:38:10 PM, Old:ON, New:Reading
Zero Mode Changed: 8/19/2022 12:38:10 PM, Old:Reading, New:ON
Scan mode: Changed: 8/19/2022 12:39:20 PM, Old:Excitation, New:Emission
Excitation Wavelength Changed: 8/19/2022 12:39:20 PM, Old: 200.00, New: 336.00
Emission Wavelength Changed: 8/19/2022 12:39:20 PM, Old: 400.00, New: 346.00
Stop Wavelength Changed: 8/19/2022 12:39:20 PM, Old: 390.00, New: 600.00
Zero Mode Changed: 8/19/2022 12:39:22 PM, Old:ON, New:Reading
Zero Mode Changed: 8/19/2022 12:39:22 PM, Old:Reading, New:ON
Stop Wavelength Changed: 8/19/2022 12:40:10 PM, Old: 600.00, New: 700.00
Zero Mode Changed: 8/19/2022 12:40:38 PM, Old:ON, New:Reading
Zero Mode Changed: 8/19/2022 12:40:38 PM, Old:Reading, New:ON
Y min Changed: 8/19/2022 12:42:47 PM, Old:   -55.0000, New:     0.0000
Scan mode: Changed: 8/19/2022 12:42:47 PM, Old:Emission, New:Excitation
Excitation Wavelength Changed: 8/19/2022 12:42:47 PM, Old: 336.00, New: 200.00
Emission Wavelength Changed: 8/19/2022 12:42:47 PM, Old: 346.00, New: 410.00
Stop Wavelength Changed: 8/19/2022 12:42:47 PM, Old: 700.00, New: 400.00
Zero Mode Changed: 8/19/2022 12:42:51 PM, Old:ON, New:Reading
Zero Mode Changed: 8/19/2022 12:42:51 PM, Old:Reading, New:ON
Scan mode: Changed: 8/19/2022 12:54:44 PM, Old:Excitation, New:Emission
Excitation Wavelength Changed: 8/19/2022 12:54:44 PM, Old: 200.00, New: 335.00
Emission Wavelength Changed: 8/19/2022 12:54:44 PM, Old: 410.00, New: 345.00
Stop Wavelength Changed: 8/19/2022 12:54:44 PM, Old: 400.00, New: 600.00
Zero Mode Changed: 8/19/2022 12:54:46 PM, Old:ON, New:Reading
Zero Mode Changed: 8/19/2022 12:54:46 PM, Old:Reading, New:ON
Scan mode: Changed: 8/19/2022 12:55:39 PM, Old:Emission, New:Excitation
Excitation Wavelength Changed: 8/19/2022 12:55:39 PM, Old: 335.00, New: 240.00
Emission Wavelength Changed: 8/19/2022 12:55:39 PM, Old: 345.00, New: 410.00
Stop Wavelength Changed: 8/19/2022 12:55:39 PM, Old: 600.00, New: 400.00
Zero Mode Changed: 8/19/2022 12:55:42 PM, Old:ON, New:Reading
Zero Mode Changed: 8/19/2022 12:55:42 PM, Old:Reading, New:ON
Scan mode: Changed: 8/19/2022 12:56:21 PM, Old:Excitation, New:Emission
Excitation Wavelength Changed: 8/19/2022 12:56:21 PM, Old: 240.00, New: 340.00
Emission Wavelength Changed: 8/19/2022 12:56:21 PM, Old: 410.00, New: 350.00
Stop Wavelength Changed: 8/19/2022 12:56:21 PM, Old: 400.00, New: 600.00
Zero Mode Changed: 8/19/2022 12:56:24 PM, Old:ON, New:Reading
Zero Mode Changed: 8/19/2022 12:56:24 PM, Old:Reading, New:ON
Scan mode: Changed: 8/19/2022 12:57:53 PM, Old:Emission, New:Excitation
User Delta Stop Changed: 8/19/2022 12:57:53 PM, Old: 450.00, New: 500.00
User Delta Increment Changed: 8/19/2022 12:57:53 PM, Old:  10.00, New:   0.15
Excitation Wavelength Changed: 8/19/2022 12:57:53 PM, Old: 340.00, New: 260.00
Emission Wavelength Changed: 8/19/2022 12:57:53 PM, Old: 350.00, New: 500.00
Stop Wavelength Changed: 8/19/2022 12:57:53 PM, Old: 600.00, New: 490.00
Zero Mode Changed: 8/19/2022 12:57:56 PM, Old:ON, New:Reading
Zero Mode Changed: 8/19/2022 12:57:56 PM, Old:Reading, New:ON
Scan mode: Changed: 8/19/2022 12:58:50 PM, Old:Excitation, New:Emission
Excitation Wavelength Changed: 8/19/2022 12:58:50 PM, Old: 260.00, New: 380.00
Emission Wavelength Changed: 8/19/2022 12:58:50 PM, Old: 500.00, New: 390.00
Stop Wavelength Changed: 8/19/2022 12:58:50 PM, Old: 490.00, New: 650.00
Zero Mode Changed: 8/19/2022 12:58:52 PM, Old:ON, New:Reading
Zero Mode Changed: 8/19/2022 12:58:52 PM, Old:Reading, New:ON
Scan mode: Changed: 8/19/2022 12:59:47 PM, Old:Emission, New:Excitation
Excitation Wavelength Changed: 8/19/2022 12:59:47 PM, Old: 380.00, New: 240.00
Emission Wavelength Changed: 8/19/2022 12:59:47 PM, Old: 390.00, New: 420.00
Stop Wavelength Changed: 8/19/2022 12:59:47 PM, Old: 650.00, New: 410.00
Zero Mode Changed: 8/19/2022 12:59:51 PM, Old:ON, New:Reading
Zero Mode Changed: 8/19/2022 12:59:51 PM, Old:Reading, New:ON
Scan mode: Changed: 8/19/2022 1:00:29 PM, Old:Excitation, New:Emission
Excitation Wavelength Changed: 8/19/2022 1:00:29 PM, Old: 240.00, New: 345.00
Emission Wavelength Changed: 8/19/2022 1:00:29 PM, Old: 420.00, New: 355.00
Stop Wavelength Changed: 8/19/2022 1:00:29 PM, Old: 410.00, New: 600.00
Zero Mode Changed: 8/19/2022 1:00:30 PM, Old:ON, New:Reading
Zero Mode Changed: 8/19/2022 1:00:31 PM, Old:Reading, New:ON
Excitation Wavelength Changed: 8/19/2022 1:01:14 PM, Old: 345.00, New: 350.00
Emission Wavelength Changed: 8/19/2022 1:01:14 PM, Old: 355.00, New: 360.00
Zero Mode Changed: 8/19/2022 1:01:16 PM, Old:ON, New:Reading
Zero Mode Changed: 8/19/2022 1:01:17 PM, Old:Reading, New:ON
Excitation Wavelength Changed: 8/19/2022 1:01:56 PM, Old: 350.00, New: 355.00
Emission Wavelength Changed: 8/19/2022 1:01:56 PM, Old: 360.00, New: 365.00
Zero Mode Changed: 8/19/2022 1:01:58 PM, Old:ON, New:Reading
Zero Mode Changed: 8/19/2022 1:01:59 PM, Old:Reading, New:ON
Excitation Wavelength Changed: 8/19/2022 1:02:40 PM, Old: 355.00, New: 360.00
Emission Wavelength Changed: 8/19/2022 1:02:40 PM, Old: 365.00, New: 370.00
Zero Mode Changed: 8/19/2022 1:02:42 PM, Old:ON, New:Reading
Zero Mode Changed: 8/19/2022 1:02:42 PM, Old:Reading, New:ON
Excitation Wavelength Changed: 8/19/2022 1:03:20 PM, Old: 360.00, New: 365.00
Emission Wavelength Changed: 8/19/2022 1:03:20 PM, Old: 370.00, New: 375.00
Zero Mode Changed: 8/19/2022 1:03:23 PM, Old:ON, New:Reading
Zero Mode Changed: 8/19/2022 1:03:23 PM, Old:Reading, New:ON
Scan mode: Changed: 8/19/2022 1:04:11 PM, Old:Emission, New:Excitation
Excitation Wavelength Changed: 8/19/2022 1:04:11 PM, Old: 365.00, New: 240.00
Emission Wavelength Changed: 8/19/2022 1:04:11 PM, Old: 375.00, New: 430.00
Stop Wavelength Changed: 8/19/2022 1:04:11 PM, Old: 600.00, New: 420.00
Zero Mode Changed: 8/19/2022 1:04:14 PM, Old:ON, New:Reading
Zero Mode Changed: 8/19/2022 1:04:14 PM, Old:Reading, New:ON
Emission Wavelength Changed: 8/19/2022 1:04:52 PM, Old: 430.00, New: 440.00
Stop Wavelength Changed: 8/19/2022 1:04:52 PM, Old: 420.00, New: 430.00
Zero Mode Changed: 8/19/2022 1:04:53 PM, Old:ON, New:Reading
Zero Mode Changed: 8/19/2022 1:04:53 PM, Old:Reading, New:ON
Emission Wavelength Changed: 8/19/2022 1:05:43 PM, Old: 440.00, New: 450.00
Stop Wavelength Changed: 8/19/2022 1:05:43 PM, Old: 430.00, New: 440.00
Zero Mode Changed: 8/19/2022 1:05:44 PM, Old:ON, New:Reading
Zero Mode Changed: 8/19/2022 1:05:44 PM, Old:Reading, New:ON
End Method Modifications

